# Section	Page	Header	Code	Old	New
#Section	Page	Header	Code	Old	New
BCP47	u_Extension	hc-c12	_deprecated	▷missing◁	true
BCP47	u_Extension	hc-c12	_description	▷missing◁	Best 12-hour cycle for locale (h11 or h12)
BCP47	u_Extension	hc-c24	_deprecated	▷missing◁	true
BCP47	u_Extension	hc-c24	_description	▷missing◁	Best 24-hour cycle for locale (h23 or h24)
BCP47	u_Extension	nu-tols	_deprecated	▷missing◁	false
BCP47	u_Extension	nu-tols	_description	▷missing◁	Tolong Siki digits
BCP47	u_Extension	tz-ancur	_region	▷missing◁	CW
BCP47	u_Extension	tz-aqams	_preferred	…	aqmcm
BCP47	u_Extension	tz-aqmcm	_alias	…	Antarctica/McMurdo Antarctica/South_Pole
BCP47	u_Extension	tz-clcxq	_alias	▷missing◁	America/Coyhaique
BCP47	u_Extension	tz-clcxq	_deprecated	▷missing◁	false
BCP47	u_Extension	tz-clcxq	_description	▷missing◁	Aysén Region, Chile
BCP47	u_Extension	tz-fimhq	_region	▷missing◁	AX
BCP47	u_Extension	tz-gazastrp	_region	▷missing◁	PS
BCP47	u_Extension	tz-gpmsb	_region	▷missing◁	MF
BCP47	u_Extension	tz-gpsbh	_region	▷missing◁	BL
BCP47	u_Extension	tz-hebron	_region	▷missing◁	PS
BCP47	u_Extension	tz-jeruslm	_region	▷missing◁	IL
BCP47	u_Extension	tz-nzakl	_alias	…	Pacific/Auckland NZ
#Section	Page	Header	Code	Old	New
Supplemental	Alias	language	dek-reason	▷missing◁	deprecated
Supplemental	Alias	language	dek-replacement	▷missing◁	sqm
Supplemental	Alias	language	mnk-reason	macrolanguage	▷removed◁
Supplemental	Alias	language	mnk-replacement	man	▷removed◁
Supplemental	Alias	language	nte-reason	▷missing◁	deprecated
Supplemental	Alias	language	nte-replacement	▷missing◁	eko
Supplemental	Alias	unit	million-reason	▷missing◁	deprecated
Supplemental	Alias	unit	million-replacement	▷missing◁	1e6
Supplemental	Alias	unit	part-per-million-replacement	…	part-per-1e6
Supplemental	Alias	unit	permillion-reason	▷missing◁	deprecated
Supplemental	Alias	unit	permillion-replacement	▷missing◁	part-per-1e6
Supplemental	Alias	unit	portion-per-1e9-reason	▷missing◁	deprecated
Supplemental	Alias	unit	portion-per-1e9-replacement	▷missing◁	part-per-1e9
Supplemental	Alias	unit	portion-reason	▷missing◁	deprecated
Supplemental	Alias	unit	portion-replacement	▷missing◁	part
Supplemental	IdValidity	currency	deprecated	…	… • BGL~O • … • XAD • …
Supplemental	IdValidity	currency	regular	…	…
Supplemental	IdValidity	language	deprecated	…	… • dek • … • nte • …
Supplemental	IdValidity	language	regular	…	… • del~n • … • hnm~o • … • luh~w • … • mna~s • … • ntd • … • oak • … • sja~e • … • yna~b • …
Supplemental	IdValidity	script	regular	…	… • Berf • … • Hntl • … • Sidt • … • Tayo • … • Tols • …
Supplemental	IdValidity	unit	deprecated	…	… • concentr-million • … • concentr-permillion • concentr-portion • concentr-portion-per-1e9 • … • length-100-kilometer • …
Supplemental	IdValidity	unit	regular	…	… • concentr-part • concentr-part-per-1e6 • concentr-part-per-1e9 • … • volume-cup-imperial • … • volume-fluid-ounce-metric • …
Supplemental	IdValidity	variant	regular	…	… • akhmimic • … • bohairic • … • fayyumic • … • hanoi • … • huett • … • kleinsch • … • leidentr • … • lycopol • mdcegyp • mdctrans • mesokem • … • sahidic • saigon • … • viennese • …
Supplemental	Locale	Parent	en_150	…	… • en_EE • … • en_GE • … • en_LT • en_LV • … • en_UA
Supplemental	Locale	Parent	root	…	… • suz_Sunu • …
Supplemental	Locale	DefaultContent	plain	…	… • bqi_IR • … • bua_RU • … • kek_GT • … • ku_Arab_IQ • ku_Latn • ku_Latn_TR • … • lzz_TR • … • mww_Hmnp • mww_Hmnp_US • … • oka_CA • … • pi_Latn • pi_Latn_GB • … • pms_IT • … • sgs_LT • … • suz_Deva • suz_Deva_NP • suz_Sunu_NP • …
Supplemental	WZoneMapping	Magallanes Standard Time	CL	…	America/Punta_Arenas America/Coyhaique
Supplemental	Units	Quantity	part-value	▷missing◁	portion
Supplemental	Units	Quantity	portion-value	portion	▷removed◁
Supplemental	Units	Quantity	part-status	▷missing◁	simple
Supplemental	Units	Quantity	portion-status	simple	▷removed◁
Supplemental	Units	Convert	100-kilometer-baseUnit	meter	▷removed◁
Supplemental	Units	Convert	cup-imperial-baseUnit	▷missing◁	cubic-meter
Supplemental	Units	Convert	fluid-ounce-metric-baseUnit	▷missing◁	cubic-meter
Supplemental	Units	Convert	karat-baseUnit	…	part
Supplemental	Units	Convert	part-baseUnit	▷missing◁	part
Supplemental	Units	Convert	percent-baseUnit	…	part
Supplemental	Units	Convert	permille-baseUnit	…	part
Supplemental	Units	Convert	permillion-baseUnit	portion	▷removed◁
Supplemental	Units	Convert	permyriad-baseUnit	…	part
Supplemental	Units	Convert	portion-baseUnit	portion	▷removed◁
Supplemental	Units	Convert	100-kilometer-factor	100000	▷removed◁
Supplemental	Units	Convert	cup-imperial-factor	▷missing◁	gal_imp_to_m3/16
Supplemental	Units	Convert	fluid-ounce-metric-factor	▷missing◁	0.03*0.001
Supplemental	Units	Convert	permillion-factor	1/1000000	▷removed◁
Supplemental	Units	Convert	100-kilometer-systems	metric	▷removed◁
Supplemental	Units	Convert	100-kilometer-systems	si	▷removed◁
Supplemental	Units	Convert	cup-imperial-systems	▷missing◁	uksystem
Supplemental	Units	Convert	fluid-ounce-metric-systems	▷missing◁	metric_adjacent
Supplemental	Units	Convert	part-systems	▷missing◁	metric_adjacent
Supplemental	Units	Convert	part-systems	▷missing◁	uksystem
Supplemental	Units	Convert	part-systems	▷missing◁	ussystem
Supplemental	Units	Convert	permillion-systems	metric_adjacent	▷removed◁
Supplemental	Units	Convert	permillion-systems	uksystem	▷removed◁
Supplemental	Units	Convert	permillion-systems	ussystem	▷removed◁
Supplemental	Units	Convert	portion-systems	metric_adjacent	▷removed◁
Supplemental	Units	Convert	portion-systems	uksystem	▷removed◁
Supplemental	Units	Convert	portion-systems	ussystem	▷removed◁
Supplemental	Likely	Subtag	abq	▷missing◁	abq_Cyrl_RU
Supplemental	Likely	Subtag	abq_Latn	▷missing◁	abq_Latn_TR
Supplemental	Likely	Subtag	abq_TR	▷missing◁	abq_Latn_TR
Supplemental	Likely	Subtag	aes	▷missing◁	aes_Latn_US
Supplemental	Likely	Subtag	arv	▷missing◁	arv_Latn_ET
Supplemental	Likely	Subtag	bix	▷missing◁	bix_Deva_IN
Supplemental	Likely	Subtag	bsq	…	bsq_Latn_LR
Supplemental	Likely	Subtag	cdn	▷missing◁	cdn_Deva_IN
Supplemental	Likely	Subtag	dek	dek_Latn_CM	▷removed◁
Supplemental	Likely	Subtag	dho	…	dho_Gujr_IN
Supplemental	Likely	Subtag	grr	▷missing◁	grr_Arab_DZ
Supplemental	Likely	Subtag	hnm	▷missing◁	hnm_Hans_CN
Supplemental	Likely	Subtag	kgy	…	kgy_Tibt_NP
Supplemental	Likely	Subtag	kro	▷missing◁	kro_Latn_LR
Supplemental	Likely	Subtag	ku_AM	▷missing◁	ku_Cyrl_AM
Supplemental	Likely	Subtag	ku_AZ	▷missing◁	ku_Cyrl_AZ
Supplemental	Likely	Subtag	ku_Cyrl	▷missing◁	ku_Cyrl_AM
Supplemental	Likely	Subtag	ku_GE	▷missing◁	ku_Cyrl_GE
Supplemental	Likely	Subtag	ku_IQ	▷missing◁	ku_Arab_IQ
Supplemental	Likely	Subtag	ku_IR	▷missing◁	ku_Arab_IR
Supplemental	Likely	Subtag	ku_TM	▷missing◁	ku_Cyrl_TM
Supplemental	Likely	Subtag	kwx	▷missing◁	kwx_Deva_IN
Supplemental	Likely	Subtag	luh	▷missing◁	luh_Hans_CN
Supplemental	Likely	Subtag	lzh	…	lzh_Hant_CN
Supplemental	Likely	Subtag	mey	…	mey_Arab_DZ
Supplemental	Likely	Subtag	mey_Latn	▷missing◁	mey_Latn_SN
Supplemental	Likely	Subtag	mey_SN	▷missing◁	mey_Latn_SN
Supplemental	Likely	Subtag	mku	mku_Latn_GN	▷removed◁
Supplemental	Likely	Subtag	mlq	mlq_Latn_SN	▷removed◁
Supplemental	Likely	Subtag	mnk	▷missing◁	mnk_Latn_GM
Supplemental	Likely	Subtag	mqt	▷missing◁	mqt_Latn_TH
Supplemental	Likely	Subtag	msc	msc_Latn_GN	▷removed◁
Supplemental	Likely	Subtag	mzb	▷missing◁	mzb_Arab_DZ
Supplemental	Likely	Subtag	nan_MO	▷missing◁	nan_Hant_MO
Supplemental	Likely	Subtag	nte	nte_Latn_MZ	▷removed◁
Supplemental	Likely	Subtag	nue	…	nue_Latn_CF
Supplemental	Likely	Subtag	nxk	▷missing◁	nxk_Latn_MM
Supplemental	Likely	Subtag	oyb	▷missing◁	oyb_Laoo_LA
Supplemental	Likely	Subtag	pi	…	pi_Latn_GB
Supplemental	Likely	Subtag	pi_Deva	▷missing◁	pi_Deva_IN
Supplemental	Likely	Subtag	pi_IN	▷missing◁	pi_Deva_IN
Supplemental	Likely	Subtag	pi_LK	▷missing◁	pi_Sinh_LK
Supplemental	Likely	Subtag	pi_MM	▷missing◁	pi_Mymr_MM
Supplemental	Likely	Subtag	pi_Mymr	▷missing◁	pi_Mymr_MM
Supplemental	Likely	Subtag	pi_Sinh	▷missing◁	pi_Sinh_LK
Supplemental	Likely	Subtag	pi_TH	▷missing◁	pi_Thai_TH
Supplemental	Likely	Subtag	pi_Thai	▷missing◁	pi_Thai_TH
Supplemental	Likely	Subtag	pra	pra_Khar_PK	▷removed◁
Supplemental	Likely	Subtag	sjc	▷missing◁	sjc_Hans_CN
Supplemental	Likely	Subtag	stu	▷missing◁	stu_Lana_MM
Supplemental	Likely	Subtag	stu_CN	▷missing◁	stu_Tale_CN
Supplemental	Likely	Subtag	stu_Tale	▷missing◁	stu_Tale_CN
Supplemental	Likely	Subtag	suz	…	suz_Deva_NP
Supplemental	Likely	Subtag	tcn	…	tcn_Deva_NP
Supplemental	Likely	Subtag	twm	…	twm_Tibt_IN
Supplemental	Likely	Subtag	und_Berf	▷missing◁	zag_Berf_SD
Supplemental	Likely	Subtag	und_BY	…	ru_Cyrl_BY
Supplemental	Likely	Subtag	und_Cyrl_BY	be_Cyrl_BY	▷removed◁
Supplemental	Likely	Subtag	und_Hmnp	…	mww_Hmnp_US
Supplemental	Likely	Subtag	und_Hmnp_AU	▷missing◁	hnj_Hmnp_AU
Supplemental	Likely	Subtag	und_Hmnp_FR	▷missing◁	hnj_Hmnp_FR
Supplemental	Likely	Subtag	und_Hmnp_GF	▷missing◁	hnj_Hmnp_GF
Supplemental	Likely	Subtag	und_Hmnp_LA	▷missing◁	hnj_Hmnp_LA
Supplemental	Likely	Subtag	und_Hmnp_MM	▷missing◁	hnj_Hmnp_MM
Supplemental	Likely	Subtag	und_Hmnp_SR	▷missing◁	hnj_Hmnp_SR
Supplemental	Likely	Subtag	und_Hmnp_TH	▷missing◁	hnj_Hmnp_TH
Supplemental	Likely	Subtag	und_Khar	…	pgd_Khar_PK
Supplemental	Likely	Subtag	und_Lana_MM	▷missing◁	stu_Lana_MM
Supplemental	Likely	Subtag	und_Latn_GE	ku_Latn_GE	▷removed◁
Supplemental	Likely	Subtag	und_Nshu	zhx_Nshu_CN	▷removed◁
Supplemental	Likely	Subtag	und_Sidt	▷missing◁	xsd_Sidt_TR
Supplemental	Likely	Subtag	und_Tayo	▷missing◁	tyj_Tayo_VN
Supplemental	Likely	Subtag	und_Tols	▷missing◁	kru_Tols_IN
Supplemental	Likely	Subtag	xsd	▷missing◁	xsd_Sidt_TR
Supplemental	Likely	Subtag	ynb	▷missing◁	ynb_Latn_PG
Supplemental	Likely	Subtag	zhx	zhx_Nshu_CN	▷removed◁
Supplemental	LanguageMatch	written_new	cnp-zh-distance	▷missing◁	10
Supplemental	LanguageMatch	written_new	cnp-zh-oneway	▷missing◁	true
Supplemental	LanguageMatch	written_new	csp-zh-distance	▷missing◁	10
Supplemental	LanguageMatch	written_new	csp-zh-oneway	▷missing◁	true
Supplemental	LanguageMatch	written_new	hnm-zh-distance	▷missing◁	10
Supplemental	LanguageMatch	written_new	hnm-zh-oneway	▷missing◁	true
Supplemental	LanguageMatch	written_new	luh-zh-distance	▷missing◁	10
Supplemental	LanguageMatch	written_new	luh-zh-oneway	▷missing◁	true
Supplemental	LanguageMatch	written_new	sjc-zh-distance	▷missing◁	10
Supplemental	LanguageMatch	written_new	sjc-zh-oneway	▷missing◁	true
Supplemental	LanguageInfo	AM/hy	populationPercent	…	99
Supplemental	LanguageInfo	AM/ku	writingPercent	▷missing◁	5
Supplemental	LanguageInfo	AM/ku_Cyrl	populationPercent	▷missing◁	3.3
Supplemental	LanguageInfo	AM/ru	populationPercent	▷missing◁	65
Supplemental	LanguageInfo	AZ/ku	writingPercent	▷missing◁	5
Supplemental	LanguageInfo	AZ/ku_Cyrl	populationPercent	▷missing◁	0.24
Supplemental	LanguageInfo	BY/be	populationPercent	…	26
Supplemental	LanguageInfo	BY/ru	populationPercent	…	71
Supplemental	LanguageInfo	BZ/bzj	populationPercent	▷missing◁	50
Supplemental	LanguageInfo	BZ/cab	populationPercent	▷missing◁	1.9
Supplemental	LanguageInfo	BZ/en	populationPercent	…	77
Supplemental	LanguageInfo	BZ/es	populationPercent	…	55
Supplemental	LanguageInfo	BZ/kek	populationPercent	▷missing◁	6.5
Supplemental	LanguageInfo	BZ/mop	populationPercent	▷missing◁	4
Supplemental	LanguageInfo	CN/mww	populationPercent	▷missing◁	0.017
Supplemental	LanguageInfo	CN/stu_Tale	populationPercent	▷missing◁	0
Supplemental	LanguageInfo	DZ/grr	populationPercent	▷missing◁	0.026
Supplemental	LanguageInfo	DZ/mey	populationPercent	▷missing◁	11
Supplemental	LanguageInfo	DZ/mzb	populationPercent	▷missing◁	0.36
Supplemental	LanguageInfo	EH/mey	populationPercent	▷missing◁	0.0002
Supplemental	LanguageInfo	FR/mww	populationPercent	▷missing◁	0.015
Supplemental	LanguageInfo	GB/pi	populationPercent	▷missing◁	0.0002
Supplemental	LanguageInfo	GE/ku	populationPercent	0.89	▷removed◁
Supplemental	LanguageInfo	GE/ku_Cyrl	populationPercent	▷missing◁	0.89
Supplemental	LanguageInfo	GT/acr	populationPercent	▷missing◁	1.1
Supplemental	LanguageInfo	GT/agu	populationPercent	▷missing◁	0.26
Supplemental	LanguageInfo	GT/caa	officialStatus	▷missing◁	official_regional
Supplemental	LanguageInfo	GT/caa	populationPercent	▷missing◁	0.13
Supplemental	LanguageInfo	GT/cab	populationPercent	▷missing◁	0.027
Supplemental	LanguageInfo	GT/cac	populationPercent	▷missing◁	0.43
Supplemental	LanguageInfo	GT/cak	officialStatus	▷missing◁	official_regional
Supplemental	LanguageInfo	GT/cak	populationPercent	▷missing◁	8.8
Supplemental	LanguageInfo	GT/ckz	populationPercent	▷missing◁	0.018
Supplemental	LanguageInfo	GT/en	populationPercent	▷missing◁	3.1
Supplemental	LanguageInfo	GT/es	populationPercent	…	88
Supplemental	LanguageInfo	GT/itz	populationPercent	▷missing◁	0.0091
Supplemental	LanguageInfo	GT/ixl	officialStatus	▷missing◁	official_regional
Supplemental	LanguageInfo	GT/ixl	populationPercent	▷missing◁	0.89
Supplemental	LanguageInfo	GT/jac	populationPercent	▷missing◁	0.31
Supplemental	LanguageInfo	GT/kek	populationPercent	▷missing◁	8.8
Supplemental	LanguageInfo	GT/kjb	populationPercent	▷missing◁	1.2
Supplemental	LanguageInfo	GT/knj	populationPercent	▷missing◁	0.58
Supplemental	LanguageInfo	GT/mam	populationPercent	▷missing◁	4.6
Supplemental	LanguageInfo	GT/mop	populationPercent	▷missing◁	0.018
Supplemental	LanguageInfo	GT/poc	populationPercent	▷missing◁	0.09
Supplemental	LanguageInfo	GT/poh	populationPercent	▷missing◁	1.2
Supplemental	LanguageInfo	GT/quc	populationPercent	…	8.6
Supplemental	LanguageInfo	GT/qum	populationPercent	▷missing◁	0.036
Supplemental	LanguageInfo	GT/quv	officialStatus	▷missing◁	official_regional
Supplemental	LanguageInfo	GT/quv	populationPercent	▷missing◁	0.054
Supplemental	LanguageInfo	GT/ttc	populationPercent	▷missing◁	0.027
Supplemental	LanguageInfo	GT/tzj	populationPercent	▷missing◁	0.61
Supplemental	LanguageInfo	GT/usp	officialStatus	▷missing◁	official_regional
Supplemental	LanguageInfo	GT/usp	populationPercent	▷missing◁	0.045
Supplemental	LanguageInfo	GT/xin	officialStatus	▷missing◁	official_regional
Supplemental	LanguageInfo	GT/xin	populationPercent	▷missing◁	0.027
Supplemental	LanguageInfo	HN/cab	populationPercent	▷missing◁	0.47
Supplemental	LanguageInfo	HN/es	populationPercent	…	91
Supplemental	LanguageInfo	IN/pi_Deva	populationPercent	▷missing◁	0
Supplemental	LanguageInfo	IQ/ckb	populationPercent	…	12
Supplemental	LanguageInfo	IQ/ku_Arab	populationPercent	▷missing◁	10
Supplemental	LanguageInfo	IR/ckb	populationPercent	…	0.63
Supplemental	LanguageInfo	IR/ku_Arab	populationPercent	▷missing◁	0.56
Supplemental	LanguageInfo	IR/sdh	populationPercent	…	4.5
Supplemental	LanguageInfo	IT/pms	populationPercent	…	1.1
Supplemental	LanguageInfo	LA/mww	populationPercent	▷missing◁	2.3
Supplemental	LanguageInfo	LK/pi_Sinh	populationPercent	▷missing◁	0
Supplemental	LanguageInfo	LR/bsq	populationPercent	▷missing◁	14
Supplemental	LanguageInfo	LR/bza	populationPercent	▷missing◁	2.9
Supplemental	LanguageInfo	LR/dnj	literacyPercent	▷missing◁	1
Supplemental	LanguageInfo	LR/dnj	populationPercent	▷missing◁	7.9
Supplemental	LanguageInfo	LR/grb	populationPercent	▷missing◁	9.9
Supplemental	LanguageInfo	LR/kpe	populationPercent	…	20
Supplemental	LanguageInfo	LR/kro	populationPercent	▷missing◁	10
Supplemental	LanguageInfo	LR/kss	populationPercent	▷missing◁	4.3
Supplemental	LanguageInfo	LR/lir	populationPercent	▷missing◁	74
Supplemental	LanguageInfo	LR/men	populationPercent	…	1.7
Supplemental	LanguageInfo	LR/mev	populationPercent	▷missing◁	7.2
Supplemental	LanguageInfo	LR/vai	populationPercent	…	3.8
Supplemental	LanguageInfo	MA/mey	populationPercent	▷missing◁	0.82
Supplemental	LanguageInfo	MM/pi_Mymr	populationPercent	▷missing◁	0
Supplemental	LanguageInfo	MM/stu	populationPercent	▷missing◁	0.017
Supplemental	LanguageInfo	MO/nan	populationPercent	3.7	▷removed◁
Supplemental	LanguageInfo	MO/nan_Hant	populationPercent	▷missing◁	3.7
Supplemental	LanguageInfo	MR/mey	populationPercent	▷missing◁	87
Supplemental	LanguageInfo	NP/suz	populationPercent	▷missing◁	0.13
Supplemental	LanguageInfo	RU/abq	populationPercent	▷missing◁	0.021
Supplemental	LanguageInfo	RU/bua	officialStatus	▷missing◁	official_regional
Supplemental	LanguageInfo	SN/mey	literacyPercent	10	▷removed◁
Supplemental	LanguageInfo	SN/mey	officialStatus	official_regional	▷removed◁
Supplemental	LanguageInfo	SN/mey	populationPercent	0.038	▷removed◁
Supplemental	LanguageInfo	SN/mey_Latn	literacyPercent	▷missing◁	10
Supplemental	LanguageInfo	SN/mey_Latn	officialStatus	▷missing◁	official_regional
Supplemental	LanguageInfo	SN/mey_Latn	populationPercent	▷missing◁	0.038
Supplemental	LanguageInfo	TH/mww	populationPercent	▷missing◁	0.047
Supplemental	LanguageInfo	TH/pi_Thai	populationPercent	▷missing◁	0
Supplemental	LanguageInfo	TM/ku	populationPercent	0.4	▷removed◁
Supplemental	LanguageInfo	TM/ku_Cyrl	populationPercent	▷missing◁	0.4
Supplemental	LanguageInfo	TR/abq_Latn	populationPercent	▷missing◁	0.015
Supplemental	LanguageInfo	TR/lzz	literacyPercent	▷missing◁	73
Supplemental	LanguageInfo	TR/lzz	populationPercent	…	0.025
Supplemental	LanguageInfo	US/mww	populationPercent	▷missing◁	0.068
Supplemental	LanguageInfo	US/oka	populationPercent	▷missing◁	0.0001
Supplemental	LanguageInfo	VN/mww	populationPercent	▷missing◁	1.4
Supplemental	LanguageGroup	aav	parent-child	…	…
Supplemental	LanguageGroup	afa	parent-child	…	…
Supplemental	LanguageGroup	alg	parent-child	…	… • tqw • …
Supplemental	LanguageGroup	alv	parent-child	…	… • afe • … • alf • … • bkv • bky • … • btt • … • bzy • … • uba • … • ukp • … • znd
Supplemental	LanguageGroup	aus	parent-child	…	… • ajn • … • amg • … • aoi • … • bcj • … • dgn • … • djn • … • djw • … • dyb • dyd • … • err • … • ggk • … • gma • … • gup • … • gww • … • ibd • … • ilg • … • jbw • … • jng • … • lmc • … • mfr • mhg • mph • … • nig • … • nmp • … • nuy • … • nyh • … • nyv • … • rmb • … • tiw • … • ung • urc • … • vmi • … • wil • … • wlg • … • wny • … • wrk • … • wro • wrr • … • wrz • … • wub • wux • wwr • … • xmu • … • xpz • … • xru • … • ywr • … • zma • … • zmd • zme • zmg • zmj • … • zml • zmm • zmt • … • zmy
Supplemental	LanguageGroup	awd	parent-child	…	… • auf • … • caj • …
Supplemental	LanguageGroup	bat	parent-child	…	…
Supplemental	LanguageGroup	ber	parent-child	…	…
Supplemental	LanguageGroup	bnt	parent-child	…	… • bkt • … • kcw • … • lem • … • lgz • … • lwg • … • nbd • … • xnj • xnq • … • yas • …
Supplemental	LanguageGroup	cai	parent-child	▷missing◁	jic
Supplemental	LanguageGroup	cai	parent-child	▷missing◁	myn
Supplemental	LanguageGroup	cai	parent-child	▷missing◁	omq
Supplemental	LanguageGroup	cdc	parent-child	…	aal • … • btf • … • bvw • … • ckq • … • cxh • … • glo • … • hig • … • hwo • jaf • … • kbz • … • kul • … • kvj • … • mes • … • mlw • mmf • … • tdk • … • tsh • ttr • …
Supplemental	LanguageGroup	cel	parent-child	…	…
Supplemental	LanguageGroup	cpe	parent-child	…	…
Supplemental	LanguageGroup	cpp	parent-child	…	… • tvy • …
Supplemental	LanguageGroup	cus	parent-child	…	… • bxe • … • hdy • …
Supplemental	LanguageGroup	dmn	parent-child	…	… • lda • … • mev • mnk • … • nqo • …
Supplemental	LanguageGroup	dra	parent-child	…	…
Supplemental	LanguageGroup	fiu	parent-child	…	…
Supplemental	LanguageGroup	fox	parent-child	…	… • uon • …
Supplemental	LanguageGroup	gmq	parent-child	…	…
Supplemental	LanguageGroup	gmw	parent-child	…	… • pld • …
Supplemental	LanguageGroup	grk	parent-child	…	…
Supplemental	LanguageGroup	inc	parent-child	…	… • anp • … • ksy • kvx • … • oak • odk • … • rmd • … • trl • …
Supplemental	LanguageGroup	ine	parent-child	…	…
Supplemental	LanguageGroup	ira	parent-child	…	… • xtq • …
Supplemental	LanguageGroup	khi	parent-child	…	…
Supplemental	LanguageGroup	map	parent-child	…	… • bpq • bve • … • itd • knx • … • mqg • … • vkt • … • xmm • …
Supplemental	LanguageGroup	mul	parent-child	…	… • cai • … • nai • … • sai • …
Supplemental	LanguageGroup	mun	parent-child	…	… • bfw • bix • …
Supplemental	LanguageGroup	nai	parent-child	▷missing◁	aes
Supplemental	LanguageGroup	nai	parent-child	▷missing◁	akz
Supplemental	LanguageGroup	nai	parent-child	▷missing◁	aql
Supplemental	LanguageGroup	nai	parent-child	▷missing◁	azc
Supplemental	LanguageGroup	nai	parent-child	▷missing◁	cdd
Supplemental	LanguageGroup	nai	parent-child	▷missing◁	chh
Supplemental	LanguageGroup	nai	parent-child	▷missing◁	cho
Supplemental	LanguageGroup	nai	parent-child	▷missing◁	cic
Supplemental	LanguageGroup	nai	parent-child	▷missing◁	cku
Supplemental	LanguageGroup	nai	parent-child	▷missing◁	csi
Supplemental	LanguageGroup	nai	parent-child	▷missing◁	csm
Supplemental	LanguageGroup	nai	parent-child	▷missing◁	css
Supplemental	LanguageGroup	nai	parent-child	▷missing◁	cst
Supplemental	LanguageGroup	nai	parent-child	▷missing◁	csz
Supplemental	LanguageGroup	nai	parent-child	▷missing◁	git
Supplemental	LanguageGroup	nai	parent-child	▷missing◁	hok
Supplemental	LanguageGroup	nai	parent-child	▷missing◁	iml
Supplemental	LanguageGroup	nai	parent-child	▷missing◁	iro
Supplemental	LanguageGroup	nai	parent-child	▷missing◁	kla
Supplemental	LanguageGroup	nai	parent-child	▷missing◁	krb
Supplemental	LanguageGroup	nai	parent-child	▷missing◁	kyl
Supplemental	LanguageGroup	nai	parent-child	▷missing◁	lmw
Supplemental	LanguageGroup	nai	parent-child	▷missing◁	mbe
Supplemental	LanguageGroup	nai	parent-child	▷missing◁	mik
Supplemental	LanguageGroup	nai	parent-child	▷missing◁	mjd
Supplemental	LanguageGroup	nai	parent-child	▷missing◁	mkq
Supplemental	LanguageGroup	nai	parent-child	▷missing◁	mus
Supplemental	LanguageGroup	nai	parent-child	▷missing◁	ncg
Supplemental	LanguageGroup	nai	parent-child	▷missing◁	nez
Supplemental	LanguageGroup	nai	parent-child	▷missing◁	nmu
Supplemental	LanguageGroup	nai	parent-child	▷missing◁	nol
Supplemental	LanguageGroup	nai	parent-child	▷missing◁	nrt
Supplemental	LanguageGroup	nai	parent-child	▷missing◁	nsq
Supplemental	LanguageGroup	nai	parent-child	▷missing◁	nsz
Supplemental	LanguageGroup	nai	parent-child	▷missing◁	pmw
Supplemental	LanguageGroup	nai	parent-child	▷missing◁	pwi
Supplemental	LanguageGroup	nai	parent-child	▷missing◁	sal
Supplemental	LanguageGroup	nai	parent-child	▷missing◁	sio
Supplemental	LanguageGroup	nai	parent-child	▷missing◁	sis
Supplemental	LanguageGroup	nai	parent-child	▷missing◁	skd
Supplemental	LanguageGroup	nai	parent-child	▷missing◁	sxk
Supplemental	LanguageGroup	nai	parent-child	▷missing◁	tkm
Supplemental	LanguageGroup	nai	parent-child	▷missing◁	tqn
Supplemental	LanguageGroup	nai	parent-child	▷missing◁	tsi
Supplemental	LanguageGroup	nai	parent-child	▷missing◁	uma
Supplemental	LanguageGroup	nai	parent-child	▷missing◁	vmv
Supplemental	LanguageGroup	nai	parent-child	▷missing◁	waa
Supplemental	LanguageGroup	nai	parent-child	▷missing◁	wac
Supplemental	LanguageGroup	nai	parent-child	▷missing◁	wak
Supplemental	LanguageGroup	nai	parent-child	▷missing◁	wnw
Supplemental	LanguageGroup	nai	parent-child	▷missing◁	xap
Supplemental	LanguageGroup	nai	parent-child	▷missing◁	xcy
Supplemental	LanguageGroup	nai	parent-child	▷missing◁	xnd
Supplemental	LanguageGroup	nai	parent-child	▷missing◁	yak
Supplemental	LanguageGroup	nai	parent-child	▷missing◁	yok
Supplemental	LanguageGroup	ngf	parent-child	…	… • ihp • … • kgv • … • mnz • … • ynb • …
Supplemental	LanguageGroup	nic	parent-child	…	…
Supplemental	LanguageGroup	omv	parent-child	…	… • moy • …
Supplemental	LanguageGroup	paa	parent-child	…	… • air • … • bqb • … • eiv • … • kqj • … • kwe • … • lni • … • oue • … • smz • … • srl • … • tip • … • tmj • … • xau • … • xwr • …
Supplemental	LanguageGroup	phi	parent-child	…	…
Supplemental	LanguageGroup	plf	parent-child	…	… • rmm • …
Supplemental	LanguageGroup	poz	parent-child	…	… • bew • … • bhr • bhv • … • bmm • … • bzc • coa • … • dun • … • duq • duw • … • iba • … • kkx • … • kxd • … • lbx • … • lkj • … • mhy • … • msh • mtd • … • nij • … • otd • pea • … • pku • … • skg • … • sya • tdx • … • tjg • tkg • … • twy • txy • … • xmv • xmw • …
Supplemental	LanguageGroup	pqe	parent-child	…	… • lcm • … • rrm • …
Supplemental	LanguageGroup	pqw	parent-child	…	… • bdl • … • bdx • … • bnu • … • bug • … • cml • … • dkk • … • emb • … • kjc • kjk • kkv • … • ley • … • mad • mak • mdr • … • mqj • … • psn • … • rob • … • sda • … • sko • skx • … • tln • …
Supplemental	LanguageGroup	pra	parent-child	pi	▷removed◁
Supplemental	LanguageGroup	roa	parent-child	…	…
Supplemental	LanguageGroup	sai	parent-child	▷missing◁	aap
Supplemental	LanguageGroup	sai	parent-child	▷missing◁	acs
Supplemental	LanguageGroup	sai	parent-child	▷missing◁	acu
Supplemental	LanguageGroup	sai	parent-child	▷missing◁	agr
Supplemental	LanguageGroup	sai	parent-child	▷missing◁	ake
Supplemental	LanguageGroup	sai	parent-child	▷missing◁	ako
Supplemental	LanguageGroup	sai	parent-child	▷missing◁	amc
Supplemental	LanguageGroup	sai	parent-child	▷missing◁	amr
Supplemental	LanguageGroup	sai	parent-child	▷missing◁	anb
Supplemental	LanguageGroup	sai	parent-child	▷missing◁	aoc
Supplemental	LanguageGroup	sai	parent-child	▷missing◁	apn
Supplemental	LanguageGroup	sai	parent-child	▷missing◁	apy
Supplemental	LanguageGroup	sai	parent-child	▷missing◁	aqa
Supplemental	LanguageGroup	sai	parent-child	▷missing◁	arj
Supplemental	LanguageGroup	sai	parent-child	▷missing◁	ark
Supplemental	LanguageGroup	sai	parent-child	▷missing◁	arl
Supplemental	LanguageGroup	sai	parent-child	▷missing◁	aro
Supplemental	LanguageGroup	sai	parent-child	▷missing◁	atc
Supplemental	LanguageGroup	sai	parent-child	▷missing◁	atr
Supplemental	LanguageGroup	sai	parent-child	▷missing◁	atx
Supplemental	LanguageGroup	sai	parent-child	▷missing◁	avs
Supplemental	LanguageGroup	sai	parent-child	▷missing◁	awd
Supplemental	LanguageGroup	sai	parent-child	▷missing◁	axb
Supplemental	LanguageGroup	sai	parent-child	▷missing◁	ay
Supplemental	LanguageGroup	sai	parent-child	▷missing◁	ayc
Supplemental	LanguageGroup	sai	parent-child	▷missing◁	bao
Supplemental	LanguageGroup	sai	parent-child	▷missing◁	bkq
Supplemental	LanguageGroup	sai	parent-child	▷missing◁	bor
Supplemental	LanguageGroup	sai	parent-child	▷missing◁	bsn
Supplemental	LanguageGroup	sai	parent-child	▷missing◁	cah
Supplemental	LanguageGroup	sai	parent-child	▷missing◁	cao
Supplemental	LanguageGroup	sai	parent-child	▷missing◁	car
Supplemental	LanguageGroup	sai	parent-child	▷missing◁	cav
Supplemental	LanguageGroup	sai	parent-child	▷missing◁	cax
Supplemental	LanguageGroup	sai	parent-child	▷missing◁	cba
Supplemental	LanguageGroup	sai	parent-child	▷missing◁	cbc
Supplemental	LanguageGroup	sai	parent-child	▷missing◁	cbi
Supplemental	LanguageGroup	sai	parent-child	▷missing◁	cbr
Supplemental	LanguageGroup	sai	parent-child	▷missing◁	cbs
Supplemental	LanguageGroup	sai	parent-child	▷missing◁	cbt
Supplemental	LanguageGroup	sai	parent-child	▷missing◁	cbu
Supplemental	LanguageGroup	sai	parent-child	▷missing◁	ciy
Supplemental	LanguageGroup	sai	parent-child	▷missing◁	coe
Supplemental	LanguageGroup	sai	parent-child	▷missing◁	cof
Supplemental	LanguageGroup	sai	parent-child	▷missing◁	crq
Supplemental	LanguageGroup	sai	parent-child	▷missing◁	crt
Supplemental	LanguageGroup	sai	parent-child	▷missing◁	cub
Supplemental	LanguageGroup	sai	parent-child	▷missing◁	cui
Supplemental	LanguageGroup	sai	parent-child	▷missing◁	cuo
Supplemental	LanguageGroup	sai	parent-child	▷missing◁	des
Supplemental	LanguageGroup	sai	parent-child	▷missing◁	ese
Supplemental	LanguageGroup	sai	parent-child	▷missing◁	fun
Supplemental	LanguageGroup	sai	parent-child	▷missing◁	gob
Supplemental	LanguageGroup	sai	parent-child	▷missing◁	gta
Supplemental	LanguageGroup	sai	parent-child	▷missing◁	guh
Supplemental	LanguageGroup	sai	parent-child	▷missing◁	gum
Supplemental	LanguageGroup	sai	parent-child	▷missing◁	guo
Supplemental	LanguageGroup	sai	parent-child	▷missing◁	guu
Supplemental	LanguageGroup	sai	parent-child	▷missing◁	gvc
Supplemental	LanguageGroup	sai	parent-child	▷missing◁	gvp
Supplemental	LanguageGroup	sai	parent-child	▷missing◁	hix
Supplemental	LanguageGroup	sai	parent-child	▷missing◁	hub
Supplemental	LanguageGroup	sai	parent-child	▷missing◁	hug
Supplemental	LanguageGroup	sai	parent-child	▷missing◁	iqu
Supplemental	LanguageGroup	sai	parent-child	▷missing◁	isc
Supplemental	LanguageGroup	sai	parent-child	▷missing◁	jbt
Supplemental	LanguageGroup	sai	parent-child	▷missing◁	jeb
Supplemental	LanguageGroup	sai	parent-child	▷missing◁	jiv
Supplemental	LanguageGroup	sai	parent-child	▷missing◁	jqr
Supplemental	LanguageGroup	sai	parent-child	▷missing◁	jru
Supplemental	LanguageGroup	sai	parent-child	▷missing◁	kaq
Supplemental	LanguageGroup	sai	parent-child	▷missing◁	kbb
Supplemental	LanguageGroup	sai	parent-child	▷missing◁	kbc
Supplemental	LanguageGroup	sai	parent-child	▷missing◁	knt
Supplemental	LanguageGroup	sai	parent-child	▷missing◁	kpj
Supplemental	LanguageGroup	sai	parent-child	▷missing◁	kqq
Supplemental	LanguageGroup	sai	parent-child	▷missing◁	kre
Supplemental	LanguageGroup	sai	parent-child	▷missing◁	ktx
Supplemental	LanguageGroup	sai	parent-child	▷missing◁	kui
Supplemental	LanguageGroup	sai	parent-child	▷missing◁	kwi
Supplemental	LanguageGroup	sai	parent-child	▷missing◁	mbc
Supplemental	LanguageGroup	sai	parent-child	▷missing◁	mbl
Supplemental	LanguageGroup	sai	parent-child	▷missing◁	mbn
Supplemental	LanguageGroup	sai	parent-child	▷missing◁	mca
Supplemental	LanguageGroup	sai	parent-child	▷missing◁	mcd
Supplemental	LanguageGroup	sai	parent-child	▷missing◁	mcf
Supplemental	LanguageGroup	sai	parent-child	▷missing◁	mcg
Supplemental	LanguageGroup	sai	parent-child	▷missing◁	mch
Supplemental	LanguageGroup	sai	parent-child	▷missing◁	mcl
Supplemental	LanguageGroup	sai	parent-child	▷missing◁	mmv
Supplemental	LanguageGroup	sai	parent-child	▷missing◁	moc
Supplemental	LanguageGroup	sai	parent-child	▷missing◁	mpq
Supplemental	LanguageGroup	sai	parent-child	▷missing◁	mtp
Supplemental	LanguageGroup	sai	parent-child	▷missing◁	mts
Supplemental	LanguageGroup	sai	parent-child	▷missing◁	myy
Supplemental	LanguageGroup	sai	parent-child	▷missing◁	mzo
Supplemental	LanguageGroup	sai	parent-child	▷missing◁	mzr
Supplemental	LanguageGroup	sai	parent-child	▷missing◁	nuc
Supplemental	LanguageGroup	sai	parent-child	▷missing◁	omc
Supplemental	LanguageGroup	sai	parent-child	▷missing◁	omu
Supplemental	LanguageGroup	sai	parent-child	▷missing◁	opy
Supplemental	LanguageGroup	sai	parent-child	▷missing◁	ore
Supplemental	LanguageGroup	sai	parent-child	▷missing◁	oti
Supplemental	LanguageGroup	sai	parent-child	▷missing◁	otu
Supplemental	LanguageGroup	sai	parent-child	▷missing◁	pbc
Supplemental	LanguageGroup	sai	parent-child	▷missing◁	pbh
Supplemental	LanguageGroup	sai	parent-child	▷missing◁	pcp
Supplemental	LanguageGroup	sai	parent-child	▷missing◁	pev
Supplemental	LanguageGroup	sai	parent-child	▷missing◁	pig
Supplemental	LanguageGroup	sai	parent-child	▷missing◁	pir
Supplemental	LanguageGroup	sai	parent-child	▷missing◁	plg
Supplemental	LanguageGroup	sai	parent-child	▷missing◁	pno
Supplemental	LanguageGroup	sai	parent-child	▷missing◁	pok
Supplemental	LanguageGroup	sai	parent-child	▷missing◁	puq
Supplemental	LanguageGroup	sai	parent-child	▷missing◁	pyn
Supplemental	LanguageGroup	sai	parent-child	▷missing◁	qwe
Supplemental	LanguageGroup	sai	parent-child	▷missing◁	ram
Supplemental	LanguageGroup	sai	parent-child	▷missing◁	rem
Supplemental	LanguageGroup	sai	parent-child	▷missing◁	rey
Supplemental	LanguageGroup	sai	parent-child	▷missing◁	rkb
Supplemental	LanguageGroup	sai	parent-child	▷missing◁	sey
Supplemental	LanguageGroup	sai	parent-child	▷missing◁	shb
Supplemental	LanguageGroup	sai	parent-child	▷missing◁	shp
Supplemental	LanguageGroup	sai	parent-child	▷missing◁	sik
Supplemental	LanguageGroup	sai	parent-child	▷missing◁	sni
Supplemental	LanguageGroup	sai	parent-child	▷missing◁	snn
Supplemental	LanguageGroup	sai	parent-child	▷missing◁	spc
Supplemental	LanguageGroup	sai	parent-child	▷missing◁	sri
Supplemental	LanguageGroup	sai	parent-child	▷missing◁	suy
Supplemental	LanguageGroup	sai	parent-child	▷missing◁	tav
Supplemental	LanguageGroup	sai	parent-child	▷missing◁	tba
Supplemental	LanguageGroup	sai	parent-child	▷missing◁	teb
Supplemental	LanguageGroup	sai	parent-child	▷missing◁	ten
Supplemental	LanguageGroup	sai	parent-child	▷missing◁	tna
Supplemental	LanguageGroup	sai	parent-child	▷missing◁	tnc
Supplemental	LanguageGroup	sai	parent-child	▷missing◁	tno
Supplemental	LanguageGroup	sai	parent-child	▷missing◁	tob
Supplemental	LanguageGroup	sai	parent-child	▷missing◁	tri
Supplemental	LanguageGroup	sai	parent-child	▷missing◁	ttk
Supplemental	LanguageGroup	sai	parent-child	▷missing◁	tue
Supplemental	LanguageGroup	sai	parent-child	▷missing◁	tuo
Supplemental	LanguageGroup	sai	parent-child	▷missing◁	tux
Supplemental	LanguageGroup	sai	parent-child	▷missing◁	txi
Supplemental	LanguageGroup	sai	parent-child	▷missing◁	txu
Supplemental	LanguageGroup	sai	parent-child	▷missing◁	umo
Supplemental	LanguageGroup	sai	parent-child	▷missing◁	vkm
Supplemental	LanguageGroup	sai	parent-child	▷missing◁	waw
Supplemental	LanguageGroup	sai	parent-child	▷missing◁	way
Supplemental	LanguageGroup	sai	parent-child	▷missing◁	wca
Supplemental	LanguageGroup	sai	parent-child	▷missing◁	wlv
Supplemental	LanguageGroup	sai	parent-child	▷missing◁	xav
Supplemental	LanguageGroup	sai	parent-child	▷missing◁	xer
Supplemental	LanguageGroup	sai	parent-child	▷missing◁	xkr
Supplemental	LanguageGroup	sai	parent-child	▷missing◁	xok
Supplemental	LanguageGroup	sai	parent-child	▷missing◁	xor
Supplemental	LanguageGroup	sai	parent-child	▷missing◁	xpk
Supplemental	LanguageGroup	sai	parent-child	▷missing◁	xra
Supplemental	LanguageGroup	sai	parent-child	▷missing◁	xre
Supplemental	LanguageGroup	sai	parent-child	▷missing◁	xri
Supplemental	LanguageGroup	sai	parent-child	▷missing◁	xsu
Supplemental	LanguageGroup	sai	parent-child	▷missing◁	yaa
Supplemental	LanguageGroup	sai	parent-child	▷missing◁	yad
Supplemental	LanguageGroup	sai	parent-child	▷missing◁	yar
Supplemental	LanguageGroup	sai	parent-child	▷missing◁	yme
Supplemental	LanguageGroup	sai	parent-child	▷missing◁	ynu
Supplemental	LanguageGroup	sai	parent-child	▷missing◁	yro
Supplemental	LanguageGroup	sai	parent-child	▷missing◁	yui
Supplemental	LanguageGroup	sai	parent-child	▷missing◁	yup
Supplemental	LanguageGroup	sai	parent-child	▷missing◁	ywn
Supplemental	LanguageGroup	sai	parent-child	▷missing◁	zro
Supplemental	LanguageGroup	sem	parent-child	…	… • arz • … • kcn • … • smp • … • stv • … • xdm • …
Supplemental	LanguageGroup	sit	parent-child	…	… • wuu • … • yue • …
Supplemental	LanguageGroup	sla	parent-child	…	csb • pl • pox • …
Supplemental	LanguageGroup	tai	parent-child	…	… • khb • … • pcc • … • tjl • … • zgb • zgm • zgn • zhn • zlj • … • zyg • zyj
Supplemental	LanguageGroup	tbq	parent-child	…	… • dre • … • kgy • …
Supplemental	LanguageGroup	tup	parent-child	…	… • tkf • …
Supplemental	LanguageGroup	tut	parent-child	…	…
Supplemental	LanguageGroup	ypk	parent-child	…	…
Supplemental	LanguageGroup	zhx	parent-child	…	…
Supplemental	LanguageGroup	zlw	parent-child	…	…
Supplemental	Metazone	Africa/Monrovia	1972-01-07 00:45..∞	▷missing◁	GMT
Supplemental	Metazone	Africa/Monrovia	1972-05-01 00:45..∞	GMT	▷removed◁
Supplemental	Metazone	Africa/Monrovia	-∞..1972-01-07 00:45	▷missing◁	Liberia
Supplemental	Metazone	Africa/Monrovia	-∞..1972-05-01 00:45	Liberia	▷removed◁
Supplemental	Metazone	America/Coyhaique	-∞..2025-03-20 03:00	▷missing◁	Chile
Supplemental	Metazone	Antarctica/Palmer	1982-05-01 03:00-2016-12-03 23:00	Chile	▷removed◁
Supplemental	Metazone	Antarctica/Palmer	1982-05-01 03:00-2016-12-04 03:00	▷missing◁	Chile
Supplemental	Metazone	Asia/Anadyr	2010-03-27 14:00-2011-03-26 15:00	▷missing◁	Magadan
Supplemental	Metazone	Asia/Anadyr	2010-03-27 14:00-2014-10-25 14:00	Magadan	▷removed◁
Supplemental	Metazone	Asia/Anadyr	2011-03-26 15:00..∞	▷missing◁	Kamchatka
Supplemental	Metazone	Asia/Anadyr	2014-10-25 14:00..∞	Anadyr	▷removed◁
Supplemental	Metazone	Asia/Ashgabat	1991-10-26 20:00..∞	Turkmenistan	▷removed◁
Supplemental	Metazone	Asia/Ashgabat	1992-01-18 22:00..∞	▷missing◁	Turkmenistan
Supplemental	Metazone	Asia/Ashgabat	-∞..1991-10-26 20:00	Ashkhabad	▷removed◁
Supplemental	Metazone	Asia/Ashgabat	-∞..1992-01-18 22:00	▷missing◁	Ashkhabad
Supplemental	Metazone	Asia/Baku	1991-03-30 22:00..∞	▷missing◁	Azerbaijan
Supplemental	Metazone	Asia/Baku	1991-08-29 20:00..∞	Azerbaijan	▷removed◁
Supplemental	Metazone	Asia/Baku	-∞..1991-03-30 22:00	▷missing◁	Baku
Supplemental	Metazone	Asia/Baku	-∞..1991-08-29 20:00	Baku	▷removed◁
Supplemental	Metazone	Asia/Barnaul	2016-03-26 20:00..∞	▷missing◁	Krasnoyarsk
Supplemental	Metazone	Asia/Bishkek	1991-03-30 20:00..∞	▷missing◁	Kyrgystan
Supplemental	Metazone	Asia/Bishkek	1991-08-30 20:00..∞	Kyrgystan	▷removed◁
Supplemental	Metazone	Asia/Bishkek	-∞..1991-03-30 20:00	▷missing◁	Frunze
Supplemental	Metazone	Asia/Bishkek	-∞..1991-08-30 20:00	Frunze	▷removed◁
Supplemental	Metazone	Asia/Chita	2014-10-25 16:00-2016-03-26 18:00	Irkutsk	▷removed◁
Supplemental	Metazone	Asia/Chita	2014-10-25 17:00-2016-03-26 18:00	▷missing◁	Irkutsk
Supplemental	Metazone	Asia/Famagusta	2017-10-29 01:00..∞	▷missing◁	Europe_Eastern
Supplemental	Metazone	Asia/Novosibirsk	2016-07-23 20:00..∞	▷missing◁	Krasnoyarsk
Supplemental	Metazone	Asia/Novosibirsk	-∞..2016-07-23 20:00	▷missing◁	Novosibirsk
Supplemental	Metazone	Asia/Novosibirsk	-∞..∞	Novosibirsk	▷removed◁
Supplemental	Metazone	Asia/Sakhalin	2014-10-25 15:00-2016-03-26 16:00	▷missing◁	Magadan
Supplemental	Metazone	Asia/Sakhalin	2016-04-26 16:00..∞	▷missing◁	Magadan
Supplemental	Metazone	Asia/Sakhalin	-∞..2014-10-25 15:00	▷missing◁	Sakhalin
Supplemental	Metazone	Asia/Sakhalin	-∞..∞	Sakhalin	▷removed◁
Supplemental	Metazone	Asia/Srednekolymsk	2016-04-23 16:00..∞	▷missing◁	Magadan
Supplemental	Metazone	Asia/Tashkent	1991-03-30 20:00..∞	▷missing◁	Uzbekistan
Supplemental	Metazone	Asia/Tashkent	1991-08-31 18:00..∞	Uzbekistan	▷removed◁
Supplemental	Metazone	Asia/Tashkent	-∞..1991-03-30 20:00	▷missing◁	Tashkent
Supplemental	Metazone	Asia/Tashkent	-∞..1991-08-31 18:00	Tashkent	▷removed◁
Supplemental	Metazone	Asia/Tbilisi	1991-03-30 22:00..∞	▷missing◁	Georgia
Supplemental	Metazone	Asia/Tbilisi	1991-04-08 20:00..∞	Georgia	▷removed◁
Supplemental	Metazone	Asia/Tbilisi	-∞..1991-03-30 22:00	▷missing◁	Tbilisi
Supplemental	Metazone	Asia/Tbilisi	-∞..1991-04-08 20:00	Tbilisi	▷removed◁
Supplemental	Metazone	Asia/Tomsk	2016-05-28 20:00..∞	▷missing◁	Krasnoyarsk
Supplemental	Metazone	Asia/Yerevan	1991-03-30 22:00..∞	▷missing◁	Armenia
Supplemental	Metazone	Asia/Yerevan	1991-09-22 20:00..∞	Armenia	▷removed◁
Supplemental	Metazone	Asia/Yerevan	-∞..1991-03-30 22:00	▷missing◁	Yerevan
Supplemental	Metazone	Asia/Yerevan	-∞..1991-09-22 20:00	Yerevan	▷removed◁
Supplemental	Metazone	Europe/Astrakhan	2016-03-26 23:00..∞	▷missing◁	Samara
Supplemental	Metazone	Europe/Chisinau	1990-05-05 21:00..∞	Europe_Eastern	▷removed◁
Supplemental	Metazone	Europe/Chisinau	1990-05-05 22:00..∞	▷missing◁	Europe_Eastern
Supplemental	Metazone	Europe/Chisinau	-∞..1990-05-05 21:00	Moscow	▷removed◁
Supplemental	Metazone	Europe/Chisinau	-∞..1990-05-05 22:00	▷missing◁	Moscow
Supplemental	Metazone	Europe/Istanbul	1978-06-28 21:00-1984-10-31 23:00	▷missing◁	Turkey
Supplemental	Metazone	Europe/Istanbul	1978-06-28 21:00-1985-04-19 21:00	Turkey	▷removed◁
Supplemental	Metazone	Europe/Istanbul	1984-10-31 23:00-2016-09-06 21:00	▷missing◁	Europe_Eastern
Supplemental	Metazone	Europe/Istanbul	1985-04-19 21:00-2016-09-06 21:00	Europe_Eastern	▷removed◁
Supplemental	Metazone	Europe/Kirov	2014-10-25 22:00..∞	▷missing◁	Moscow
Supplemental	Metazone	Europe/Saratov	2016-12-03 23:00..∞	▷missing◁	Samara
Supplemental	Metazone	Europe/Ulyanovsk	2016-03-26 23:00..∞	▷missing◁	Samara
Supplemental	Metazone	Europe/Volgograd	2020-12-26 22:00..∞	▷missing◁	Moscow
Supplemental	Metazone	Europe/Volgograd	-∞..2020-12-26 22:00	▷missing◁	Volgograd
Supplemental	Metazone	Europe/Volgograd	-∞..∞	Volgograd	▷removed◁
Supplemental	Metazone	hwai	deprecated	▷missing◁	false
Supplemental	Metazone	hwai	longId	▷missing◁	Hawaii
Supplemental	Metazone	metazones	Hawaii_Aleutian-001	…	America/Adak
Supplemental	Metazone	metazones	Hawaii-001	▷missing◁	Pacific/Honolulu
Supplemental	Metazone	Pacific/Honolulu	1983-10-30 11:00..∞	Hawaii_Aleutian	▷removed◁
Supplemental	Metazone	Pacific/Honolulu	-∞..1983-10-30 11:00	Alaska_Hawaii	▷removed◁
Supplemental	Metazone	Pacific/Honolulu	-∞..∞	▷missing◁	Hawaii
Supplemental	Metazone	Africa/Windhoek-std-offset	1994-03-20 22:00-2017-10-23 22:00	▷missing◁	+01
Supplemental	Metazone	Europe/Dublin-std-offset	1971-10-31 02:00..∞	▷missing◁	+00
Supplemental	Metazone	Europe/Dublin-std-offset	-∞..1971-10-31 02:00	▷missing◁	+00
Supplemental	Metazone	Africa/Windhoek-dst-offset	1994-03-20 22:00-2017-10-23 22:00	▷missing◁	+02
Supplemental	Metazone	Europe/Dublin-dst-offset	1971-10-31 02:00..∞	▷missing◁	+01
Supplemental	Metazone	Europe/Dublin-dst-offset	-∞..1971-10-31 02:00	▷missing◁	+01
Supplemental	NumberSystem	tols	digits	▷missing◁	𑷠𑷡𑷢𑷣𑷤𑷥𑷦𑷧𑷨𑷩
Supplemental	NumberSystem	tols	type	▷missing◁	numeric
Supplemental	Plural	cardinal-cv	one	▷missing◁	n = 1 @integer 1 @decimal 1.0, 1.00, 1.000, 1.0000
Supplemental	Plural	cardinal-cv	other	▷missing◁	@integer 2~17, 100, 1000, 10000, 100000, 1000000, … @decimal 0.1~0.9, 1.1~1.7, 10.0, 100.0, 1000.0, 10000.0, 100000.0, 1000000.0, …
Supplemental	Plural	cardinal-cv	zero	▷missing◁	n = 0 @integer 0 @decimal 0.0, 0.00, 0.000, 0.0000
Supplemental	Plural	cardinal-ie	one	▷missing◁	i = 1 and v = 0 @integer 1
Supplemental	Plural	cardinal-ie	other	▷missing◁	@integer 0, 2~16, 100, 1000, 10000, 100000, 1000000, … @decimal 0.0~1.5, 10.0, 100.0, 1000.0, 10000.0, 100000.0, 1000000.0, …
Supplemental	Plural	cardinal-kok	one	▷missing◁	i = 0 or n = 1 @integer 0, 1 @decimal 0.0~1.0, 0.00~0.04
Supplemental	Plural	cardinal-kok	other	▷missing◁	@integer 2~17, 100, 1000, 10000, 100000, 1000000, … @decimal 1.1~2.6, 10.0, 100.0, 1000.0, 10000.0, 100000.0, 1000000.0, …
Supplemental	Plural	cardinal-kok_Latn	one	▷missing◁	i = 0 or n = 1 @integer 0, 1 @decimal 0.0~1.0, 0.00~0.04
Supplemental	Plural	cardinal-kok_Latn	other	▷missing◁	@integer 2~17, 100, 1000, 10000, 100000, 1000000, … @decimal 1.1~2.6, 10.0, 100.0, 1000.0, 10000.0, 100000.0, 1000000.0, …
Supplemental	Plural	cardinal-sgs	few	▷missing◁	n != 2 and n % 10 = 2..9 and n % 100 != 11..19 @integer 3~9, 22~29, 32, 102, 1002, … @decimal 3.0, 4.0, 5.0, 6.0, 7.0, 8.0, 9.0, 22.0, 102.0, 1002.0, …
Supplemental	Plural	cardinal-sgs	many	▷missing◁	f != 0   @decimal 0.1~0.9, 1.1~1.7, 10.1, 100.1, 1000.1, …
Supplemental	Plural	cardinal-sgs	one	▷missing◁	n % 10 = 1 and n % 100 != 11 @integer 1, 21, 31, 41, 51, 61, 71, 81, 101, 1001, … @decimal 1.0, 21.0, 31.0, 41.0, 51.0, 61.0, 71.0, 81.0, 101.0, 1001.0, …
Supplemental	Plural	cardinal-sgs	other	▷missing◁	@integer 0, 10~20, 30, 40, 50, 60, 100, 1000, 10000, 100000, 1000000, … @decimal 0.0, 10.0, 11.0, 12.0, 13.0, 14.0, 15.0, 16.0, 100.0, 1000.0, 10000.0, 100000.0, 1000000.0, …
Supplemental	Plural	cardinal-sgs	two	▷missing◁	n = 2 @integer 2 @decimal 2.0, 2.00, 2.000, 2.0000
Supplemental	Plural	ordinal-cv	other	▷missing◁	@integer 0~15, 100, 1000, 10000, 100000, 1000000, …
Supplemental	Plural	ordinal-ie	other	▷missing◁	@integer 0~15, 100, 1000, 10000, 100000, 1000000, …
Supplemental	Plural	ordinal-kok	few	▷missing◁	n = 4 @integer 4
Supplemental	Plural	ordinal-kok	one	▷missing◁	n = 1 @integer 1
Supplemental	Plural	ordinal-kok	other	▷missing◁	@integer 0, 5~19, 100, 1000, 10000, 100000, 1000000, …
Supplemental	Plural	ordinal-kok	two	▷missing◁	n = 2,3 @integer 2, 3
Supplemental	Plural	ordinal-kok_Latn	few	▷missing◁	n = 4 @integer 4
Supplemental	Plural	ordinal-kok_Latn	one	▷missing◁	n = 1 @integer 1
Supplemental	Plural	ordinal-kok_Latn	other	▷missing◁	@integer 0, 5~19, 100, 1000, 10000, 100000, 1000000, …
Supplemental	Plural	ordinal-kok_Latn	two	▷missing◁	n = 2,3 @integer 2, 3
Supplemental	Plural	ordinal-scn	many	…	n = 11,8,80..89,800..899 @integer 8, 11, 80~89, 800~803
Supplemental	Currency	COP	Fractions-cashDigits	0	▷removed◁
Supplemental	Currency	COP	Fractions-cashRounding	0	▷removed◁
Supplemental	Currency	COP	Fractions-digits	…	0
Supplemental	Currency	HUF	Fractions-cashDigits	0	▷removed◁
Supplemental	Currency	HUF	Fractions-cashRounding	…	5
Supplemental	Currency	HUF	Fractions-digits	…	0
Supplemental	Currency	IDR	Fractions-cashDigits	0	▷removed◁
Supplemental	Currency	IDR	Fractions-cashRounding	0	▷removed◁
Supplemental	Currency	IDR	Fractions-digits	…	0
Supplemental	Currency	PKR	Fractions-cashDigits	0	▷removed◁
Supplemental	Currency	PKR	Fractions-cashRounding	0	▷removed◁
Supplemental	Currency	PKR	Fractions-digits	…	0
Supplemental	Currency	RSD	Fractions-cashDigits	▷missing◁	0
Supplemental	Currency	RSD	Fractions-cashRounding	▷missing◁	0
Supplemental	Currency	RSD	Fractions-digits	…	2
Supplemental	Currency	XAD	Fractions-digits	▷missing◁	2
Supplemental	Currency	XAD	Fractions-rounding	▷missing◁	0
Supplemental	Currency	XAU	Fractions-digits	▷missing◁	2
Supplemental	Currency	XAU	Fractions-rounding	▷missing◁	0
Supplemental	Currency	ZZ	XAD–2025-05-12..∞	▷missing◁	false
Supplemental	Calendar	buddhist	0-aliases	be	▷removed◁
Supplemental	Calendar	buddhist	0-code	…	be
Supplemental	Calendar	chinese	0-code	chinese	▷removed◁
Supplemental	Calendar	chinese	0-start	…	-2636-02-15
Supplemental	Calendar	coptic	0-code	coptic-inverse	▷removed◁
Supplemental	Calendar	coptic	0-end	284-08-28	▷removed◁
Supplemental	Calendar	coptic	1-code	…	am
Supplemental	Calendar	dangi	0-code	dangi	▷removed◁
Supplemental	Calendar	dangi	0-start	…	-2332-02-15
Supplemental	Calendar	ethiopic	0-aliases	ethiopic-amete-alem	▷removed◁
Supplemental	Calendar	ethiopic	0-aliases	mundi	▷removed◁
Supplemental	Calendar	ethiopic	0-code	…	aa
Supplemental	Calendar	ethiopic	0-end	8-08-28	▷removed◁
Supplemental	Calendar	ethiopic	0-start	▷missing◁	-5492-07-17
Supplemental	Calendar	ethiopic	1-aliases	incar	▷removed◁
Supplemental	Calendar	ethiopic	1-code	…	am
Supplemental	Calendar	ethiopic	1-start	…	8-08-27
Supplemental	Calendar	ethiopic-amete-alem	0-aliases	ethiopic-amete-alem	▷removed◁
Supplemental	Calendar	ethiopic-amete-alem	0-aliases	mundi	▷removed◁
Supplemental	Calendar	ethiopic-amete-alem	0-code	…	aa
Supplemental	Calendar	ethiopic-amete-alem	0-end	-5492-08-29	▷removed◁
Supplemental	Calendar	ethiopic-amete-alem	0-start	▷missing◁	-5492-07-17
Supplemental	Calendar	gregorian	0-aliases	…	…
Supplemental	Calendar	gregorian	0-code	…	bce
Supplemental	Calendar	gregorian	1-aliases	…	…
Supplemental	Calendar	gregorian	1-code	…	ce
Supplemental	Calendar	hebrew	0-aliases	am	▷removed◁
Supplemental	Calendar	hebrew	0-code	…	am
Supplemental	Calendar	hebrew	0-start	…	-3760-09-07
Supplemental	Calendar	indian	0-aliases	saka	▷removed◁
Supplemental	Calendar	indian	0-code	…	shaka
Supplemental	Calendar	indian	0-start	…	79-03-22
Supplemental	Calendar	islamic	0-aliases	ah	▷removed◁
Supplemental	Calendar	islamic	0-code	…	ah
Supplemental	Calendar	islamic	0-start	…	622-07-19
Supplemental	Calendar	islamic	1-code	▷missing◁	bh
Supplemental	Calendar	islamic	1-end	▷missing◁	622-07-18
Supplemental	Calendar	islamic-civil	0-aliases	ah	▷removed◁
Supplemental	Calendar	islamic-civil	0-aliases	islamicc	▷removed◁
Supplemental	Calendar	islamic-civil	0-code	…	ah
Supplemental	Calendar	islamic-civil	0-start	…	622-07-19
Supplemental	Calendar	islamic-civil	1-code	▷missing◁	bh
Supplemental	Calendar	islamic-civil	1-end	▷missing◁	622-07-18
Supplemental	Calendar	islamic-rgsa	0-aliases	ah	▷removed◁
Supplemental	Calendar	islamic-rgsa	0-code	…	ah
Supplemental	Calendar	islamic-rgsa	0-start	…	622-07-19
Supplemental	Calendar	islamic-rgsa	1-code	▷missing◁	bh
Supplemental	Calendar	islamic-rgsa	1-end	▷missing◁	622-07-18
Supplemental	Calendar	islamic-tbla	0-aliases	ah	▷removed◁
Supplemental	Calendar	islamic-tbla	0-code	…	ah
Supplemental	Calendar	islamic-tbla	0-start	…	622-07-18
Supplemental	Calendar	islamic-tbla	1-code	▷missing◁	bh
Supplemental	Calendar	islamic-tbla	1-end	▷missing◁	622-07-17
Supplemental	Calendar	islamic-umalqura	0-aliases	ah	▷removed◁
Supplemental	Calendar	islamic-umalqura	0-code	…	ah
Supplemental	Calendar	islamic-umalqura	0-start	…	622-07-19
Supplemental	Calendar	islamic-umalqura	1-code	▷missing◁	bh
Supplemental	Calendar	islamic-umalqura	1-end	▷missing◁	622-07-18
Supplemental	Calendar	japanese	232-start	…	1868-10-23
Supplemental	Calendar	japanese	233-start	…	1912-07-30
Supplemental	Calendar	japanese	235-start	…	1989-01-08
Supplemental	Calendar	japanese	236-start	…	2019-05-01
Supplemental	Calendar	persian	0-aliases	ap	▷removed◁
Supplemental	Calendar	persian	0-code	…	ap
Supplemental	Calendar	persian	0-start	…	622-03-21
Supplemental	Calendar	roc	0-aliases	before-roc	▷removed◁
Supplemental	Calendar	roc	0-code	…	broc
Supplemental	Calendar	roc	1-aliases	minguo	▷removed◁
Supplemental	WeekData	firstDay	mon	…	…
Supplemental	WeekData	firstDay	sun	…	… • IS • …
Supplemental	WeekData	hours-H-regions	H	…	… • ku_SY • …
Supplemental	WeekData	hours-H-regions	hB	…	… • ku_SY • …
Supplemental	Language	aa	territories-secondary	DJ	▷removed◁
Supplemental	Language	aa	territories-secondary	ET	▷removed◁
Supplemental	Language	ab	territories-secondary	GE	▷removed◁
Supplemental	Language	abq	scripts-secondary	▷missing◁	Latn
Supplemental	Language	abr	territories-secondary	GH	▷removed◁
Supplemental	Language	ace	territories-secondary	ID	▷removed◁
Supplemental	Language	ach	territories-secondary	UG	▷removed◁
Supplemental	Language	ada	territories-secondary	GH	▷removed◁
Supplemental	Language	ady	territories-secondary	RU	▷removed◁
Supplemental	Language	aeb	territories-secondary	TN	▷removed◁
Supplemental	Language	af	territories-secondary	NA	▷removed◁
Supplemental	Language	af	territories-secondary	ZA	▷removed◁
Supplemental	Language	ak	territories-secondary	GH	▷removed◁
Supplemental	Language	aln	territories-secondary	XK	▷removed◁
Supplemental	Language	am	territories	ET	▷removed◁
Supplemental	Language	apc	territories-secondary	IL	▷removed◁
Supplemental	Language	apc	territories-secondary	JO	▷removed◁
Supplemental	Language	apc	territories-secondary	LB	▷removed◁
Supplemental	Language	apc	territories-secondary	PS	▷removed◁
Supplemental	Language	apc	territories-secondary	SY	▷removed◁
Supplemental	Language	apc	territories-secondary	TR	▷removed◁
Supplemental	Language	apd	territories-secondary	SD	▷removed◁
Supplemental	Language	ar	territories	AE	▷removed◁
Supplemental	Language	ar	territories	BH	▷removed◁
Supplemental	Language	ar	territories	DJ	▷removed◁
Supplemental	Language	ar	territories	DZ	▷removed◁
Supplemental	Language	ar	territories	EG	▷removed◁
Supplemental	Language	ar	territories	EH	▷removed◁
Supplemental	Language	ar	territories	ER	▷removed◁
Supplemental	Language	ar	territories	IL	▷removed◁
Supplemental	Language	ar	territories	IQ	▷removed◁
Supplemental	Language	ar	territories	JO	▷removed◁
Supplemental	Language	ar	territories	KM	▷removed◁
Supplemental	Language	ar	territories	KW	▷removed◁
Supplemental	Language	ar	territories	LB	▷removed◁
Supplemental	Language	ar	territories	LY	▷removed◁
Supplemental	Language	ar	territories	MA	▷removed◁
Supplemental	Language	ar	territories	MR	▷removed◁
Supplemental	Language	ar	territories	OM	▷removed◁
Supplemental	Language	ar	territories	PS	▷removed◁
Supplemental	Language	ar	territories	QA	▷removed◁
Supplemental	Language	ar	territories	SA	▷removed◁
Supplemental	Language	ar	territories	SD	▷removed◁
Supplemental	Language	ar	territories	SO	▷removed◁
Supplemental	Language	ar	territories	SY	▷removed◁
Supplemental	Language	ar	territories	TD	▷removed◁
Supplemental	Language	ar	territories	TN	▷removed◁
Supplemental	Language	ar	territories	YE	▷removed◁
Supplemental	Language	ar	territories-secondary	IR	▷removed◁
Supplemental	Language	ar	territories-secondary	SS	▷removed◁
Supplemental	Language	arq	territories-secondary	DZ	▷removed◁
Supplemental	Language	ars	territories-secondary	SA	▷removed◁
Supplemental	Language	ary	territories-secondary	MA	▷removed◁
Supplemental	Language	arz	territories-secondary	EG	▷removed◁
Supplemental	Language	as	territories-secondary	IN	▷removed◁
Supplemental	Language	ast	territories-secondary	ES	▷removed◁
Supplemental	Language	av	territories-secondary	RU	▷removed◁
Supplemental	Language	awa	territories-secondary	IN	▷removed◁
Supplemental	Language	ay	territories	BO	▷removed◁
Supplemental	Language	az	scripts	…	…
Supplemental	Language	az	scripts-secondary	▷missing◁	Arab
Supplemental	Language	az	scripts-secondary	▷missing◁	Cyrl
Supplemental	Language	az	territories	AZ	▷removed◁
Supplemental	Language	az	territories-secondary	IQ	▷removed◁
Supplemental	Language	az	territories-secondary	IR	▷removed◁
Supplemental	Language	az	territories-secondary	RU	▷removed◁
Supplemental	Language	ba	territories-secondary	RU	▷removed◁
Supplemental	Language	bal	territories-secondary	IR	▷removed◁
Supplemental	Language	bal	territories-secondary	PK	▷removed◁
Supplemental	Language	ban	territories-secondary	ID	▷removed◁
Supplemental	Language	bar	territories-secondary	AT	▷removed◁
Supplemental	Language	bar	territories-secondary	DE	▷removed◁
Supplemental	Language	bbc	territories-secondary	ID	▷removed◁
Supplemental	Language	bci	territories-secondary	CI	▷removed◁
Supplemental	Language	be	territories	BY	▷removed◁
Supplemental	Language	bej	territories-secondary	SD	▷removed◁
Supplemental	Language	bem	territories-secondary	ZM	▷removed◁
Supplemental	Language	bew	territories-secondary	ID	▷removed◁
Supplemental	Language	bez	territories-secondary	TZ	▷removed◁
Supplemental	Language	bg	territories	BG	▷removed◁
Supplemental	Language	bgc	territories-secondary	IN	▷removed◁
Supplemental	Language	bgn	territories-secondary	PK	▷removed◁
Supplemental	Language	bhb	territories-secondary	IN	▷removed◁
Supplemental	Language	bhi	territories-secondary	IN	▷removed◁
Supplemental	Language	bho	territories-secondary	IN	▷removed◁
Supplemental	Language	bho	territories-secondary	NP	▷removed◁
Supplemental	Language	bi	territories	VU	▷removed◁
Supplemental	Language	bik	territories-secondary	PH	▷removed◁
Supplemental	Language	bin	territories-secondary	NG	▷removed◁
Supplemental	Language	bjj	territories-secondary	IN	▷removed◁
Supplemental	Language	bjn	territories-secondary	ID	▷removed◁
Supplemental	Language	bjt	territories-secondary	SN	▷removed◁
Supplemental	Language	bm	territories-secondary	ML	▷removed◁
Supplemental	Language	bn	territories	BD	▷removed◁
Supplemental	Language	bn	territories-secondary	IN	▷removed◁
Supplemental	Language	bo	territories-secondary	CN	▷removed◁
Supplemental	Language	bqi	territories-secondary	IR	▷removed◁
Supplemental	Language	brh	territories-secondary	PK	▷removed◁
Supplemental	Language	brx	territories-secondary	IN	▷removed◁
Supplemental	Language	bs	territories	BA	▷removed◁
Supplemental	Language	bsc	territories-secondary	SN	▷removed◁
Supplemental	Language	bsq	scripts	▷missing◁	Latn
Supplemental	Language	bsq	scripts-secondary	▷missing◁	Bass
Supplemental	Language	buc	territories-secondary	YT	▷removed◁
Supplemental	Language	bug	territories-secondary	ID	▷removed◁
Supplemental	Language	bum	territories-secondary	CM	▷removed◁
Supplemental	Language	ca	territories	AD	▷removed◁
Supplemental	Language	ca	territories-secondary	ES	▷removed◁
Supplemental	Language	ce	territories-secondary	RU	▷removed◁
Supplemental	Language	ceb	territories-secondary	PH	▷removed◁
Supplemental	Language	cgg	territories-secondary	UG	▷removed◁
Supplemental	Language	ch	territories	GU	▷removed◁
Supplemental	Language	chk	territories-secondary	FM	▷removed◁
Supplemental	Language	chp	territories-secondary	CA	▷removed◁
Supplemental	Language	ckb	territories-secondary	IQ	▷removed◁
Supplemental	Language	ckb	territories-secondary	IR	▷removed◁
Supplemental	Language	cop	territories-secondary	EG	▷removed◁
Supplemental	Language	crk	territories-secondary	CA	▷removed◁
Supplemental	Language	crs	territories-secondary	SC	▷removed◁
Supplemental	Language	cs	territories	CZ	▷removed◁
Supplemental	Language	cs	territories-secondary	SK	▷removed◁
Supplemental	Language	csb	territories-secondary	PL	▷removed◁
Supplemental	Language	cv	territories-secondary	RU	▷removed◁
Supplemental	Language	cy	territories-secondary	GB	▷removed◁
Supplemental	Language	da	territories	DK	▷removed◁
Supplemental	Language	da	territories-secondary	DE	▷removed◁
Supplemental	Language	dcc	territories-secondary	IN	▷removed◁
Supplemental	Language	de	territories	AT	▷removed◁
Supplemental	Language	de	territories	BE	▷removed◁
Supplemental	Language	de	territories	CH	▷removed◁
Supplemental	Language	de	territories	DE	▷removed◁
Supplemental	Language	de	territories	LI	▷removed◁
Supplemental	Language	de	territories	LU	▷removed◁
Supplemental	Language	de	territories-secondary	BR	▷removed◁
Supplemental	Language	de	territories-secondary	CZ	▷removed◁
Supplemental	Language	de	territories-secondary	DK	▷removed◁
Supplemental	Language	de	territories-secondary	FI	▷removed◁
Supplemental	Language	de	territories-secondary	FR	▷removed◁
Supplemental	Language	de	territories-secondary	GB	▷removed◁
Supplemental	Language	de	territories-secondary	HU	▷removed◁
Supplemental	Language	de	territories-secondary	KZ	▷removed◁
Supplemental	Language	de	territories-secondary	NL	▷removed◁
Supplemental	Language	de	territories-secondary	PL	▷removed◁
Supplemental	Language	de	territories-secondary	SI	▷removed◁
Supplemental	Language	de	territories-secondary	SK	▷removed◁
Supplemental	Language	de	territories-secondary	US	▷removed◁
Supplemental	Language	den	territories-secondary	CA	▷removed◁
Supplemental	Language	dgr	territories-secondary	CA	▷removed◁
Supplemental	Language	dje	territories-secondary	NE	▷removed◁
Supplemental	Language	dnj	territories-secondary	CI	▷removed◁
Supplemental	Language	doi	territories-secondary	IN	▷removed◁
Supplemental	Language	dv	territories	MV	▷removed◁
Supplemental	Language	dyo	territories-secondary	SN	▷removed◁
Supplemental	Language	dyu	territories-secondary	BF	▷removed◁
Supplemental	Language	dz	territories	BT	▷removed◁
Supplemental	Language	ee	territories-secondary	GH	▷removed◁
Supplemental	Language	ee	territories-secondary	TG	▷removed◁
Supplemental	Language	efi	territories-secondary	NG	▷removed◁
Supplemental	Language	el	territories	CY	▷removed◁
Supplemental	Language	el	territories	GR	▷removed◁
Supplemental	Language	en	territories	AG	▷removed◁
Supplemental	Language	en	territories	AI	▷removed◁
Supplemental	Language	en	territories	AS	▷removed◁
Supplemental	Language	en	territories	AU	▷removed◁
Supplemental	Language	en	territories	BB	▷removed◁
Supplemental	Language	en	territories	BI	▷removed◁
Supplemental	Language	en	territories	BM	▷removed◁
Supplemental	Language	en	territories	BS	▷removed◁
Supplemental	Language	en	territories	BW	▷removed◁
Supplemental	Language	en	territories	BZ	▷removed◁
Supplemental	Language	en	territories	CA	▷removed◁
Supplemental	Language	en	territories	CC	▷removed◁
Supplemental	Language	en	territories	CK	▷removed◁
Supplemental	Language	en	territories	CM	▷removed◁
Supplemental	Language	en	territories	CQ	▷removed◁
Supplemental	Language	en	territories	CX	▷removed◁
Supplemental	Language	en	territories	DG	▷removed◁
Supplemental	Language	en	territories	DM	▷removed◁
Supplemental	Language	en	territories	ER	▷removed◁
Supplemental	Language	en	territories	FJ	▷removed◁
Supplemental	Language	en	territories	FK	▷removed◁
Supplemental	Language	en	territories	FM	▷removed◁
Supplemental	Language	en	territories	GB	▷removed◁
Supplemental	Language	en	territories	GD	▷removed◁
Supplemental	Language	en	territories	GG	▷removed◁
Supplemental	Language	en	territories	GH	▷removed◁
Supplemental	Language	en	territories	GI	▷removed◁
Supplemental	Language	en	territories	GM	▷removed◁
Supplemental	Language	en	territories	GS	▷removed◁
Supplemental	Language	en	territories	GU	▷removed◁
Supplemental	Language	en	territories	GY	▷removed◁
Supplemental	Language	en	territories	HK	▷removed◁
Supplemental	Language	en	territories	IE	▷removed◁
Supplemental	Language	en	territories	IM	▷removed◁
Supplemental	Language	en	territories	IN	▷removed◁
Supplemental	Language	en	territories	IO	▷removed◁
Supplemental	Language	en	territories	JE	▷removed◁
Supplemental	Language	en	territories	JM	▷removed◁
Supplemental	Language	en	territories	KE	▷removed◁
Supplemental	Language	en	territories	KI	▷removed◁
Supplemental	Language	en	territories	KN	▷removed◁
Supplemental	Language	en	territories	KY	▷removed◁
Supplemental	Language	en	territories	LC	▷removed◁
Supplemental	Language	en	territories	LR	▷removed◁
Supplemental	Language	en	territories	LS	▷removed◁
Supplemental	Language	en	territories	MG	▷removed◁
Supplemental	Language	en	territories	MH	▷removed◁
Supplemental	Language	en	territories	MP	▷removed◁
Supplemental	Language	en	territories	MS	▷removed◁
Supplemental	Language	en	territories	MT	▷removed◁
Supplemental	Language	en	territories	MU	▷removed◁
Supplemental	Language	en	territories	MW	▷removed◁
Supplemental	Language	en	territories	NA	▷removed◁
Supplemental	Language	en	territories	NF	▷removed◁
Supplemental	Language	en	territories	NG	▷removed◁
Supplemental	Language	en	territories	NR	▷removed◁
Supplemental	Language	en	territories	NU	▷removed◁
Supplemental	Language	en	territories	NZ	▷removed◁
Supplemental	Language	en	territories	PG	▷removed◁
Supplemental	Language	en	territories	PH	▷removed◁
Supplemental	Language	en	territories	PK	▷removed◁
Supplemental	Language	en	territories	PN	▷removed◁
Supplemental	Language	en	territories	PR	▷removed◁
Supplemental	Language	en	territories	PW	▷removed◁
Supplemental	Language	en	territories	RW	▷removed◁
Supplemental	Language	en	territories	SB	▷removed◁
Supplemental	Language	en	territories	SC	▷removed◁
Supplemental	Language	en	territories	SD	▷removed◁
Supplemental	Language	en	territories	SG	▷removed◁
Supplemental	Language	en	territories	SH	▷removed◁
Supplemental	Language	en	territories	SL	▷removed◁
Supplemental	Language	en	territories	SS	▷removed◁
Supplemental	Language	en	territories	SX	▷removed◁
Supplemental	Language	en	territories	SZ	▷removed◁
Supplemental	Language	en	territories	TC	▷removed◁
Supplemental	Language	en	territories	TK	▷removed◁
Supplemental	Language	en	territories	TO	▷removed◁
Supplemental	Language	en	territories	TT	▷removed◁
Supplemental	Language	en	territories	TV	▷removed◁
Supplemental	Language	en	territories	TZ	▷removed◁
Supplemental	Language	en	territories	UG	▷removed◁
Supplemental	Language	en	territories	UM	▷removed◁
Supplemental	Language	en	territories	US	▷removed◁
Supplemental	Language	en	territories	VC	▷removed◁
Supplemental	Language	en	territories	VG	▷removed◁
Supplemental	Language	en	territories	VI	▷removed◁
Supplemental	Language	en	territories	VU	▷removed◁
Supplemental	Language	en	territories	WS	▷removed◁
Supplemental	Language	en	territories	ZA	▷removed◁
Supplemental	Language	en	territories	ZM	▷removed◁
Supplemental	Language	en	territories	ZW	▷removed◁
Supplemental	Language	en	territories-secondary	AC	▷removed◁
Supplemental	Language	en	territories-secondary	AE	▷removed◁
Supplemental	Language	en	territories-secondary	AR	▷removed◁
Supplemental	Language	en	territories-secondary	AT	▷removed◁
Supplemental	Language	en	territories-secondary	BA	▷removed◁
Supplemental	Language	en	territories-secondary	BD	▷removed◁
Supplemental	Language	en	territories-secondary	BE	▷removed◁
Supplemental	Language	en	territories-secondary	BG	▷removed◁
Supplemental	Language	en	territories-secondary	BR	▷removed◁
Supplemental	Language	en	territories-secondary	CH	▷removed◁
Supplemental	Language	en	territories-secondary	CL	▷removed◁
Supplemental	Language	en	territories-secondary	CY	▷removed◁
Supplemental	Language	en	territories-secondary	CZ	▷removed◁
Supplemental	Language	en	territories-secondary	DE	▷removed◁
Supplemental	Language	en	territories-secondary	DK	▷removed◁
Supplemental	Language	en	territories-secondary	DZ	▷removed◁
Supplemental	Language	en	territories-secondary	EE	▷removed◁
Supplemental	Language	en	territories-secondary	EG	▷removed◁
Supplemental	Language	en	territories-secondary	ES	▷removed◁
Supplemental	Language	en	territories-secondary	ET	▷removed◁
Supplemental	Language	en	territories-secondary	FI	▷removed◁
Supplemental	Language	en	territories-secondary	FR	▷removed◁
Supplemental	Language	en	territories-secondary	GR	▷removed◁
Supplemental	Language	en	territories-secondary	HR	▷removed◁
Supplemental	Language	en	territories-secondary	HU	▷removed◁
Supplemental	Language	en	territories-secondary	IL	▷removed◁
Supplemental	Language	en	territories-secondary	IQ	▷removed◁
Supplemental	Language	en	territories-secondary	IT	▷removed◁
Supplemental	Language	en	territories-secondary	JO	▷removed◁
Supplemental	Language	en	territories-secondary	KZ	▷removed◁
Supplemental	Language	en	territories-secondary	LB	▷removed◁
Supplemental	Language	en	territories-secondary	LK	▷removed◁
Supplemental	Language	en	territories-secondary	LT	▷removed◁
Supplemental	Language	en	territories-secondary	LU	▷removed◁
Supplemental	Language	en	territories-secondary	LV	▷removed◁
Supplemental	Language	en	territories-secondary	MA	▷removed◁
Supplemental	Language	en	territories-secondary	MO	▷removed◁
Supplemental	Language	en	territories-secondary	MV	▷removed◁
Supplemental	Language	en	territories-secondary	MX	▷removed◁
Supplemental	Language	en	territories-secondary	MY	▷removed◁
Supplemental	Language	en	territories-secondary	NL	▷removed◁
Supplemental	Language	en	territories-secondary	PL	▷removed◁
Supplemental	Language	en	territories-secondary	PT	▷removed◁
Supplemental	Language	en	territories-secondary	RO	▷removed◁
Supplemental	Language	en	territories-secondary	SE	▷removed◁
Supplemental	Language	en	territories-secondary	SI	▷removed◁
Supplemental	Language	en	territories-secondary	SK	▷removed◁
Supplemental	Language	en	territories-secondary	TA	▷removed◁
Supplemental	Language	en	territories-secondary	TH	▷removed◁
Supplemental	Language	en	territories-secondary	TR	▷removed◁
Supplemental	Language	en	territories-secondary	YE	▷removed◁
Supplemental	Language	es	territories	AR	▷removed◁
Supplemental	Language	es	territories	BO	▷removed◁
Supplemental	Language	es	territories	CL	▷removed◁
Supplemental	Language	es	territories	CO	▷removed◁
Supplemental	Language	es	territories	CR	▷removed◁
Supplemental	Language	es	territories	CU	▷removed◁
Supplemental	Language	es	territories	DO	▷removed◁
Supplemental	Language	es	territories	EA	▷removed◁
Supplemental	Language	es	territories	EC	▷removed◁
Supplemental	Language	es	territories	ES	▷removed◁
Supplemental	Language	es	territories	GQ	▷removed◁
Supplemental	Language	es	territories	GT	▷removed◁
Supplemental	Language	es	territories	HN	▷removed◁
Supplemental	Language	es	territories	IC	▷removed◁
Supplemental	Language	es	territories	MX	▷removed◁
Supplemental	Language	es	territories	NI	▷removed◁
Supplemental	Language	es	territories	PA	▷removed◁
Supplemental	Language	es	territories	PE	▷removed◁
Supplemental	Language	es	territories	PR	▷removed◁
Supplemental	Language	es	territories	PY	▷removed◁
Supplemental	Language	es	territories	SV	▷removed◁
Supplemental	Language	es	territories	UY	▷removed◁
Supplemental	Language	es	territories	VE	▷removed◁
Supplemental	Language	es	territories-secondary	AD	▷removed◁
Supplemental	Language	es	territories-secondary	BZ	▷removed◁
Supplemental	Language	es	territories-secondary	CA	▷removed◁
Supplemental	Language	es	territories-secondary	DE	▷removed◁
Supplemental	Language	es	territories-secondary	FR	▷removed◁
Supplemental	Language	es	territories-secondary	GB	▷removed◁
Supplemental	Language	es	territories-secondary	GI	▷removed◁
Supplemental	Language	es	territories-secondary	PH	▷removed◁
Supplemental	Language	es	territories-secondary	PT	▷removed◁
Supplemental	Language	es	territories-secondary	RO	▷removed◁
Supplemental	Language	es	territories-secondary	US	▷removed◁
Supplemental	Language	et	territories	EE	▷removed◁
Supplemental	Language	eu	territories-secondary	ES	▷removed◁
Supplemental	Language	fa	territories	AF	▷removed◁
Supplemental	Language	fa	territories	IR	▷removed◁
Supplemental	Language	fa	territories-secondary	PK	▷removed◁
Supplemental	Language	fan	territories-secondary	GQ	▷removed◁
Supplemental	Language	fbl	territories-secondary	PH	▷removed◁
Supplemental	Language	ff	territories-secondary	CM	▷removed◁
Supplemental	Language	ff	territories-secondary	GN	▷removed◁
Supplemental	Language	ff	territories-secondary	SN	▷removed◁
Supplemental	Language	ffm	territories-secondary	ML	▷removed◁
Supplemental	Language	fi	territories	FI	▷removed◁
Supplemental	Language	fi	territories-secondary	EE	▷removed◁
Supplemental	Language	fi	territories-secondary	SE	▷removed◁
Supplemental	Language	fil	territories	PH	▷removed◁
Supplemental	Language	fil	territories-secondary	US	▷removed◁
Supplemental	Language	fj	territories	FJ	▷removed◁
Supplemental	Language	fo	territories	FO	▷removed◁
Supplemental	Language	fon	territories-secondary	BJ	▷removed◁
Supplemental	Language	fr	territories	BE	▷removed◁
Supplemental	Language	fr	territories	BF	▷removed◁
Supplemental	Language	fr	territories	BI	▷removed◁
Supplemental	Language	fr	territories	BJ	▷removed◁
Supplemental	Language	fr	territories	BL	▷removed◁
Supplemental	Language	fr	territories	CA	▷removed◁
Supplemental	Language	fr	territories	CD	▷removed◁
Supplemental	Language	fr	territories	CF	▷removed◁
Supplemental	Language	fr	territories	CG	▷removed◁
Supplemental	Language	fr	territories	CH	▷removed◁
Supplemental	Language	fr	territories	CI	▷removed◁
Supplemental	Language	fr	territories	CM	▷removed◁
Supplemental	Language	fr	territories	DJ	▷removed◁
Supplemental	Language	fr	territories	DZ	▷removed◁
Supplemental	Language	fr	territories	FR	▷removed◁
Supplemental	Language	fr	territories	GA	▷removed◁
Supplemental	Language	fr	territories	GF	▷removed◁
Supplemental	Language	fr	territories	GN	▷removed◁
Supplemental	Language	fr	territories	GP	▷removed◁
Supplemental	Language	fr	territories	GQ	▷removed◁
Supplemental	Language	fr	territories	HT	▷removed◁
Supplemental	Language	fr	territories	KM	▷removed◁
Supplemental	Language	fr	territories	LU	▷removed◁
Supplemental	Language	fr	territories	MA	▷removed◁
Supplemental	Language	fr	territories	MC	▷removed◁
Supplemental	Language	fr	territories	MF	▷removed◁
Supplemental	Language	fr	territories	MG	▷removed◁
Supplemental	Language	fr	territories	ML	▷removed◁
Supplemental	Language	fr	territories	MQ	▷removed◁
Supplemental	Language	fr	territories	MU	▷removed◁
Supplemental	Language	fr	territories	NC	▷removed◁
Supplemental	Language	fr	territories	NE	▷removed◁
Supplemental	Language	fr	territories	PF	▷removed◁
Supplemental	Language	fr	territories	PM	▷removed◁
Supplemental	Language	fr	territories	RE	▷removed◁
Supplemental	Language	fr	territories	RW	▷removed◁
Supplemental	Language	fr	territories	SC	▷removed◁
Supplemental	Language	fr	territories	SN	▷removed◁
Supplemental	Language	fr	territories	TD	▷removed◁
Supplemental	Language	fr	territories	TG	▷removed◁
Supplemental	Language	fr	territories	TN	▷removed◁
Supplemental	Language	fr	territories	VU	▷removed◁
Supplemental	Language	fr	territories	WF	▷removed◁
Supplemental	Language	fr	territories	YT	▷removed◁
Supplemental	Language	fr	territories-secondary	AT	▷removed◁
Supplemental	Language	fr	territories-secondary	DE	▷removed◁
Supplemental	Language	fr	territories-secondary	GB	▷removed◁
Supplemental	Language	fr	territories-secondary	IT	▷removed◁
Supplemental	Language	fr	territories-secondary	LB	▷removed◁
Supplemental	Language	fr	territories-secondary	NL	▷removed◁
Supplemental	Language	fr	territories-secondary	PT	▷removed◁
Supplemental	Language	fr	territories-secondary	RO	▷removed◁
Supplemental	Language	fr	territories-secondary	ST	▷removed◁
Supplemental	Language	fr	territories-secondary	SY	▷removed◁
Supplemental	Language	fr	territories-secondary	TF	▷removed◁
Supplemental	Language	fr	territories-secondary	US	▷removed◁
Supplemental	Language	frr	territories-secondary	DE	▷removed◁
Supplemental	Language	fud	territories-secondary	WF	▷removed◁
Supplemental	Language	fuq	territories-secondary	NE	▷removed◁
Supplemental	Language	fuv	territories-secondary	NG	▷removed◁
Supplemental	Language	fvr	territories-secondary	SD	▷removed◁
Supplemental	Language	fy	territories-secondary	NL	▷removed◁
Supplemental	Language	ga	territories	IE	▷removed◁
Supplemental	Language	ga	territories-secondary	GB	▷removed◁
Supplemental	Language	gaa	territories-secondary	GH	▷removed◁
Supplemental	Language	gan	territories-secondary	CN	▷removed◁
Supplemental	Language	gbm	territories-secondary	IN	▷removed◁
Supplemental	Language	gcr	territories-secondary	GF	▷removed◁
Supplemental	Language	gd	territories-secondary	GB	▷removed◁
Supplemental	Language	gil	territories	KI	▷removed◁
Supplemental	Language	gl	territories-secondary	ES	▷removed◁
Supplemental	Language	glk	territories-secondary	IR	▷removed◁
Supplemental	Language	gn	territories	PY	▷removed◁
Supplemental	Language	gon	territories-secondary	IN	▷removed◁
Supplemental	Language	gor	territories-secondary	ID	▷removed◁
Supplemental	Language	grr	scripts	▷missing◁	Arab
Supplemental	Language	grr	scripts-secondary	▷missing◁	Tfng
Supplemental	Language	gsw	territories	CH	▷removed◁
Supplemental	Language	gsw	territories	LI	▷removed◁
Supplemental	Language	gsw	territories-secondary	DE	▷removed◁
Supplemental	Language	gu	territories-secondary	GB	▷removed◁
Supplemental	Language	gu	territories-secondary	IN	▷removed◁
Supplemental	Language	gur	territories-secondary	GH	▷removed◁
Supplemental	Language	guz	territories-secondary	KE	▷removed◁
Supplemental	Language	gv	territories	IM	▷removed◁
Supplemental	Language	gwi	territories-secondary	CA	▷removed◁
Supplemental	Language	ha	territories-secondary	NE	▷removed◁
Supplemental	Language	ha	territories-secondary	NG	▷removed◁
Supplemental	Language	hak	scripts	…	…
Supplemental	Language	hak	scripts-secondary	▷missing◁	Hant
Supplemental	Language	hak	territories	TW	▷removed◁
Supplemental	Language	hak	territories-secondary	CN	▷removed◁
Supplemental	Language	haw	territories-secondary	US	▷removed◁
Supplemental	Language	haz	territories-secondary	AF	▷removed◁
Supplemental	Language	he	territories	IL	▷removed◁
Supplemental	Language	hi	territories	IN	▷removed◁
Supplemental	Language	hi	territories-secondary	FJ	▷removed◁
Supplemental	Language	hi	territories-secondary	IN	▷removed◁
Supplemental	Language	hi	territories-secondary	ZA	▷removed◁
Supplemental	Language	hif	territories	FJ	▷removed◁
Supplemental	Language	hil	territories-secondary	PH	▷removed◁
Supplemental	Language	hnd	territories-secondary	PK	▷removed◁
Supplemental	Language	hne	territories-secondary	IN	▷removed◁
Supplemental	Language	hno	territories-secondary	PK	▷removed◁
Supplemental	Language	ho	territories	PG	▷removed◁
Supplemental	Language	hoc	territories-secondary	IN	▷removed◁
Supplemental	Language	hoj	territories-secondary	IN	▷removed◁
Supplemental	Language	hr	territories	BA	▷removed◁
Supplemental	Language	hr	territories	HR	▷removed◁
Supplemental	Language	hr	territories-secondary	AT	▷removed◁
Supplemental	Language	hr	territories-secondary	RS	▷removed◁
Supplemental	Language	hr	territories-secondary	SI	▷removed◁
Supplemental	Language	hsn	territories-secondary	CN	▷removed◁
Supplemental	Language	ht	territories	HT	▷removed◁
Supplemental	Language	hu	territories	HU	▷removed◁
Supplemental	Language	hu	territories-secondary	AT	▷removed◁
Supplemental	Language	hu	territories-secondary	RO	▷removed◁
Supplemental	Language	hu	territories-secondary	RS	▷removed◁
Supplemental	Language	hy	territories	AM	▷removed◁
Supplemental	Language	hy	territories-secondary	RU	▷removed◁
Supplemental	Language	ibb	territories-secondary	NG	▷removed◁
Supplemental	Language	id	territories	ID	▷removed◁
Supplemental	Language	ig	territories-secondary	NG	▷removed◁
Supplemental	Language	ii	territories-secondary	CN	▷removed◁
Supplemental	Language	ilo	territories-secondary	PH	▷removed◁
Supplemental	Language	inh	territories-secondary	RU	▷removed◁
Supplemental	Language	is	territories	IS	▷removed◁
Supplemental	Language	it	territories	CH	▷removed◁
Supplemental	Language	it	territories	IT	▷removed◁
Supplemental	Language	it	territories	SM	▷removed◁
Supplemental	Language	it	territories	VA	▷removed◁
Supplemental	Language	it	territories-secondary	DE	▷removed◁
Supplemental	Language	it	territories-secondary	FR	▷removed◁
Supplemental	Language	it	territories-secondary	HR	▷removed◁
Supplemental	Language	it	territories-secondary	MT	▷removed◁
Supplemental	Language	it	territories-secondary	US	▷removed◁
Supplemental	Language	iu	territories-secondary	CA	▷removed◁
Supplemental	Language	ja	territories	JP	▷removed◁
Supplemental	Language	jam	territories-secondary	JM	▷removed◁
Supplemental	Language	jv	territories-secondary	ID	▷removed◁
Supplemental	Language	ka	territories	GE	▷removed◁
Supplemental	Language	kab	territories-secondary	DZ	▷removed◁
Supplemental	Language	kam	territories-secondary	KE	▷removed◁
Supplemental	Language	kbd	territories-secondary	RU	▷removed◁
Supplemental	Language	kde	territories-secondary	TZ	▷removed◁
Supplemental	Language	kea	territories-secondary	CV	▷removed◁
Supplemental	Language	kfr	territories-secondary	IN	▷removed◁
Supplemental	Language	kfy	territories-secondary	IN	▷removed◁
Supplemental	Language	kg	territories-secondary	CD	▷removed◁
Supplemental	Language	kha	territories-secondary	IN	▷removed◁
Supplemental	Language	khn	territories-secondary	IN	▷removed◁
Supplemental	Language	ki	territories-secondary	KE	▷removed◁
Supplemental	Language	kj	territories-secondary	NA	▷removed◁
Supplemental	Language	kk	territories	KZ	▷removed◁
Supplemental	Language	kk	territories-secondary	CN	▷removed◁
Supplemental	Language	kl	territories	GL	▷removed◁
Supplemental	Language	kl	territories-secondary	DK	▷removed◁
Supplemental	Language	kln	territories-secondary	KE	▷removed◁
Supplemental	Language	km	territories	KH	▷removed◁
Supplemental	Language	kmb	territories-secondary	AO	▷removed◁
Supplemental	Language	kn	territories-secondary	IN	▷removed◁
Supplemental	Language	knf	territories-secondary	SN	▷removed◁
Supplemental	Language	knn	territories-secondary	IN	▷removed◁
Supplemental	Language	ko	territories	KP	▷removed◁
Supplemental	Language	ko	territories	KR	▷removed◁
Supplemental	Language	ko	territories-secondary	CN	▷removed◁
Supplemental	Language	ko	territories-secondary	US	▷removed◁
Supplemental	Language	koi	territories-secondary	RU	▷removed◁
Supplemental	Language	kok	territories-secondary	IN	▷removed◁
Supplemental	Language	krc	territories-secondary	RU	▷removed◁
Supplemental	Language	kri	territories-secondary	SL	▷removed◁
Supplemental	Language	kro	scripts	▷missing◁	Latn
Supplemental	Language	kru	territories-secondary	IN	▷removed◁
Supplemental	Language	ks	territories-secondary	IN	▷removed◁
Supplemental	Language	ksb	territories-secondary	TZ	▷removed◁
Supplemental	Language	ku	scripts	…	…
Supplemental	Language	ku	scripts-secondary	▷missing◁	Arab
Supplemental	Language	ku	scripts-secondary	▷missing◁	Cyrl
Supplemental	Language	ku	territories-secondary	SY	▷removed◁
Supplemental	Language	ku	territories-secondary	TR	▷removed◁
Supplemental	Language	kum	territories-secondary	RU	▷removed◁
Supplemental	Language	kv	territories-secondary	RU	▷removed◁
Supplemental	Language	kxm	territories-secondary	TH	▷removed◁
Supplemental	Language	ky	territories	KG	▷removed◁
Supplemental	Language	la	territories-secondary	VA	▷removed◁
Supplemental	Language	lah	territories-secondary	PK	▷removed◁
Supplemental	Language	laj	territories-secondary	UG	▷removed◁
Supplemental	Language	lb	territories	LU	▷removed◁
Supplemental	Language	lbe	territories-secondary	RU	▷removed◁
Supplemental	Language	lez	territories-secondary	RU	▷removed◁
Supplemental	Language	lg	territories-secondary	UG	▷removed◁
Supplemental	Language	ljp	territories-secondary	ID	▷removed◁
Supplemental	Language	lmn	territories-secondary	IN	▷removed◁
Supplemental	Language	lmo	territories-secondary	IT	▷removed◁
Supplemental	Language	ln	territories-secondary	CD	▷removed◁
Supplemental	Language	lo	territories	LA	▷removed◁
Supplemental	Language	loz	territories-secondary	ZM	▷removed◁
Supplemental	Language	lrc	territories-secondary	IR	▷removed◁
Supplemental	Language	lt	territories	LT	▷removed◁
Supplemental	Language	lt	territories-secondary	PL	▷removed◁
Supplemental	Language	lu	territories-secondary	CD	▷removed◁
Supplemental	Language	lua	territories-secondary	CD	▷removed◁
Supplemental	Language	luo	territories-secondary	KE	▷removed◁
Supplemental	Language	luy	territories-secondary	KE	▷removed◁
Supplemental	Language	luz	territories-secondary	IR	▷removed◁
Supplemental	Language	lv	territories	LV	▷removed◁
Supplemental	Language	lzh	scripts	…	Hant
Supplemental	Language	mad	territories-secondary	ID	▷removed◁
Supplemental	Language	mag	territories-secondary	IN	▷removed◁
Supplemental	Language	mai	territories-secondary	IN	▷removed◁
Supplemental	Language	mai	territories-secondary	NP	▷removed◁
Supplemental	Language	mak	territories-secondary	ID	▷removed◁
Supplemental	Language	man	territories-secondary	GM	▷removed◁
Supplemental	Language	man	territories-secondary	GN	▷removed◁
Supplemental	Language	mdf	territories-secondary	RU	▷removed◁
Supplemental	Language	mdh	territories-secondary	PH	▷removed◁
Supplemental	Language	men	territories-secondary	SL	▷removed◁
Supplemental	Language	mer	territories-secondary	KE	▷removed◁
Supplemental	Language	mey	scripts	▷missing◁	Arab
Supplemental	Language	mey	scripts-secondary	▷missing◁	Latn
Supplemental	Language	mey	territories-secondary	SN	▷removed◁
Supplemental	Language	mfa	territories-secondary	TH	▷removed◁
Supplemental	Language	mfe	territories-secondary	MU	▷removed◁
Supplemental	Language	mfv	territories-secondary	SN	▷removed◁
Supplemental	Language	mg	territories	MG	▷removed◁
Supplemental	Language	mgh	territories-secondary	MZ	▷removed◁
Supplemental	Language	mh	territories	MH	▷removed◁
Supplemental	Language	mi	territories	NZ	▷removed◁
Supplemental	Language	min	territories-secondary	ID	▷removed◁
Supplemental	Language	mk	territories	MK	▷removed◁
Supplemental	Language	ml	territories-secondary	IN	▷removed◁
Supplemental	Language	mn	territories	MN	▷removed◁
Supplemental	Language	mn	territories-secondary	CN	▷removed◁
Supplemental	Language	mni	territories-secondary	IN	▷removed◁
Supplemental	Language	mos	territories-secondary	BF	▷removed◁
Supplemental	Language	mr	territories-secondary	IN	▷removed◁
Supplemental	Language	ms	territories	BN	▷removed◁
Supplemental	Language	ms	territories	MY	▷removed◁
Supplemental	Language	ms	territories	SG	▷removed◁
Supplemental	Language	ms	territories-secondary	CC	▷removed◁
Supplemental	Language	ms	territories-secondary	ID	▷removed◁
Supplemental	Language	mt	territories	MT	▷removed◁
Supplemental	Language	mtr	territories-secondary	IN	▷removed◁
Supplemental	Language	mwk	territories-secondary	ML	▷removed◁
Supplemental	Language	mwr	territories-secondary	IN	▷removed◁
Supplemental	Language	mww	scripts	▷missing◁	Latn
Supplemental	Language	mww	scripts-secondary	▷missing◁	Hmnp
Supplemental	Language	mxc	territories-secondary	ZW	▷removed◁
Supplemental	Language	my	territories	MM	▷removed◁
Supplemental	Language	myv	territories-secondary	RU	▷removed◁
Supplemental	Language	myx	territories-secondary	UG	▷removed◁
Supplemental	Language	mzb	scripts	▷missing◁	Arab
Supplemental	Language	mzb	scripts-secondary	▷missing◁	Latn
Supplemental	Language	mzn	territories-secondary	IR	▷removed◁
Supplemental	Language	na	territories	NR	▷removed◁
Supplemental	Language	nan	scripts	…	…
Supplemental	Language	nan	scripts-secondary	▷missing◁	Hant
Supplemental	Language	nan	territories	TW	▷removed◁
Supplemental	Language	nan	territories-secondary	CN	▷removed◁
Supplemental	Language	nb	territories	NO	▷removed◁
Supplemental	Language	nb	territories	SJ	▷removed◁
Supplemental	Language	nd	territories	ZW	▷removed◁
Supplemental	Language	ndc	territories-secondary	MZ	▷removed◁
Supplemental	Language	ndc	territories-secondary	ZW	▷removed◁
Supplemental	Language	nds	territories-secondary	DE	▷removed◁
Supplemental	Language	nds	territories-secondary	NL	▷removed◁
Supplemental	Language	ne	territories	NP	▷removed◁
Supplemental	Language	ne	territories-secondary	IN	▷removed◁
Supplemental	Language	new	territories-secondary	NP	▷removed◁
Supplemental	Language	ng	territories-secondary	NA	▷removed◁
Supplemental	Language	ngl	territories-secondary	MZ	▷removed◁
Supplemental	Language	nij	territories-secondary	ID	▷removed◁
Supplemental	Language	niu	territories	NU	▷removed◁
Supplemental	Language	nl	territories	AW	▷removed◁
Supplemental	Language	nl	territories	BE	▷removed◁
Supplemental	Language	nl	territories	BQ	▷removed◁
Supplemental	Language	nl	territories	CW	▷removed◁
Supplemental	Language	nl	territories	NL	▷removed◁
Supplemental	Language	nl	territories	SR	▷removed◁
Supplemental	Language	nl	territories	SX	▷removed◁
Supplemental	Language	nl	territories-secondary	DE	▷removed◁
Supplemental	Language	nn	territories	NO	▷removed◁
Supplemental	Language	no	territories	NO	▷removed◁
Supplemental	Language	no	territories-secondary	BV	▷removed◁
Supplemental	Language	nod	territories-secondary	TH	▷removed◁
Supplemental	Language	noe	territories-secondary	IN	▷removed◁
Supplemental	Language	nr	territories-secondary	ZA	▷removed◁
Supplemental	Language	nso	territories-secondary	ZA	▷removed◁
Supplemental	Language	ny	territories	MW	▷removed◁
Supplemental	Language	ny	territories-secondary	ZM	▷removed◁
Supplemental	Language	nym	territories-secondary	TZ	▷removed◁
Supplemental	Language	nyn	territories-secondary	UG	▷removed◁
Supplemental	Language	oc	territories-secondary	ES	▷removed◁
Supplemental	Language	oc	territories-secondary	FR	▷removed◁
Supplemental	Language	om	territories-secondary	ET	▷removed◁
Supplemental	Language	or	territories-secondary	IN	▷removed◁
Supplemental	Language	os	territories-secondary	GE	▷removed◁
Supplemental	Language	pa	scripts	…	…
Supplemental	Language	pa	scripts-secondary	▷missing◁	Arab
Supplemental	Language	pa	territories-secondary	CA	▷removed◁
Supplemental	Language	pa	territories-secondary	GB	▷removed◁
Supplemental	Language	pa	territories-secondary	IN	▷removed◁
Supplemental	Language	pa	territories-secondary	PK	▷removed◁
Supplemental	Language	pag	territories-secondary	PH	▷removed◁
Supplemental	Language	pam	territories-secondary	PH	▷removed◁
Supplemental	Language	pap	territories	AW	▷removed◁
Supplemental	Language	pap	territories	CW	▷removed◁
Supplemental	Language	pap	territories-secondary	BQ	▷removed◁
Supplemental	Language	pau	territories	PW	▷removed◁
Supplemental	Language	pcm	territories-secondary	NG	▷removed◁
Supplemental	Language	pi	scripts	…	Latn
Supplemental	Language	pi	scripts-secondary	…	… • Mymr • …
Supplemental	Language	pis	territories-secondary	SB	▷removed◁
Supplemental	Language	pl	territories	PL	▷removed◁
Supplemental	Language	pl	territories-secondary	GB	▷removed◁
Supplemental	Language	pon	territories-secondary	FM	▷removed◁
Supplemental	Language	ps	territories	AF	▷removed◁
Supplemental	Language	ps	territories-secondary	PK	▷removed◁
Supplemental	Language	pt	territories	AO	▷removed◁
Supplemental	Language	pt	territories	BR	▷removed◁
Supplemental	Language	pt	territories	CV	▷removed◁
Supplemental	Language	pt	territories	GQ	▷removed◁
Supplemental	Language	pt	territories	GW	▷removed◁
Supplemental	Language	pt	territories	MO	▷removed◁
Supplemental	Language	pt	territories	MZ	▷removed◁
Supplemental	Language	pt	territories	PT	▷removed◁
Supplemental	Language	pt	territories	ST	▷removed◁
Supplemental	Language	pt	territories	TL	▷removed◁
Supplemental	Language	qu	territories	BO	▷removed◁
Supplemental	Language	qu	territories	EC	▷removed◁
Supplemental	Language	qu	territories	PE	▷removed◁
Supplemental	Language	quc	territories-secondary	GT	▷removed◁
Supplemental	Language	qug	territories-secondary	EC	▷removed◁
Supplemental	Language	raj	territories-secondary	IN	▷removed◁
Supplemental	Language	rcf	territories-secondary	RE	▷removed◁
Supplemental	Language	rej	territories-secondary	ID	▷removed◁
Supplemental	Language	rif	territories-secondary	MA	▷removed◁
Supplemental	Language	rkt	territories-secondary	BD	▷removed◁
Supplemental	Language	rkt	territories-secondary	IN	▷removed◁
Supplemental	Language	rm	territories-secondary	CH	▷removed◁
Supplemental	Language	rmt	territories-secondary	IR	▷removed◁
Supplemental	Language	rn	territories	BI	▷removed◁
Supplemental	Language	rng	territories-secondary	MZ	▷removed◁
Supplemental	Language	ro	territories	MD	▷removed◁
Supplemental	Language	ro	territories	RO	▷removed◁
Supplemental	Language	ro	territories-secondary	RS	▷removed◁
Supplemental	Language	ru	territories	BY	▷removed◁
Supplemental	Language	ru	territories	KG	▷removed◁
Supplemental	Language	ru	territories	KZ	▷removed◁
Supplemental	Language	ru	territories	RU	▷removed◁
Supplemental	Language	ru	territories	UA	▷removed◁
Supplemental	Language	ru	territories-secondary	BG	▷removed◁
Supplemental	Language	ru	territories-secondary	DE	▷removed◁
Supplemental	Language	ru	territories-secondary	EE	▷removed◁
Supplemental	Language	ru	territories-secondary	IL	▷removed◁
Supplemental	Language	ru	territories-secondary	LT	▷removed◁
Supplemental	Language	ru	territories-secondary	LV	▷removed◁
Supplemental	Language	ru	territories-secondary	PL	▷removed◁
Supplemental	Language	ru	territories-secondary	SJ	▷removed◁
Supplemental	Language	ru	territories-secondary	TJ	▷removed◁
Supplemental	Language	ru	territories-secondary	UZ	▷removed◁
Supplemental	Language	rw	territories	RW	▷removed◁
Supplemental	Language	rw	territories-secondary	UG	▷removed◁
Supplemental	Language	sa	territories-secondary	IN	▷removed◁
Supplemental	Language	sah	territories-secondary	RU	▷removed◁
Supplemental	Language	sas	territories-secondary	ID	▷removed◁
Supplemental	Language	sat	territories-secondary	IN	▷removed◁
Supplemental	Language	sav	territories-secondary	SN	▷removed◁
Supplemental	Language	sc	territories-secondary	IT	▷removed◁
Supplemental	Language	sck	territories-secondary	IN	▷removed◁
Supplemental	Language	sco	territories-secondary	GB	▷removed◁
Supplemental	Language	sd	territories-secondary	IN	▷removed◁
Supplemental	Language	sd	territories-secondary	PK	▷removed◁
Supplemental	Language	sdh	territories-secondary	IR	▷removed◁
Supplemental	Language	se	territories-secondary	NO	▷removed◁
Supplemental	Language	sef	territories-secondary	CI	▷removed◁
Supplemental	Language	seh	territories-secondary	MZ	▷removed◁
Supplemental	Language	sg	territories	CF	▷removed◁
Supplemental	Language	shi	territories-secondary	MA	▷removed◁
Supplemental	Language	shn	territories-secondary	MM	▷removed◁
Supplemental	Language	si	territories	LK	▷removed◁
Supplemental	Language	sid	territories-secondary	ET	▷removed◁
Supplemental	Language	sk	territories	SK	▷removed◁
Supplemental	Language	sk	territories-secondary	CZ	▷removed◁
Supplemental	Language	sk	territories-secondary	RS	▷removed◁
Supplemental	Language	skr	territories-secondary	PK	▷removed◁
Supplemental	Language	sl	territories	SI	▷removed◁
Supplemental	Language	sl	territories-secondary	AT	▷removed◁
Supplemental	Language	sm	territories	AS	▷removed◁
Supplemental	Language	sm	territories	WS	▷removed◁
Supplemental	Language	sm	territories-secondary	TK	▷removed◁
Supplemental	Language	sms	territories-secondary	FI	▷removed◁
Supplemental	Language	sn	territories	ZW	▷removed◁
Supplemental	Language	snf	territories-secondary	SN	▷removed◁
Supplemental	Language	snk	territories-secondary	ML	▷removed◁
Supplemental	Language	so	territories	SO	▷removed◁
Supplemental	Language	so	territories-secondary	DJ	▷removed◁
Supplemental	Language	so	territories-secondary	ET	▷removed◁
Supplemental	Language	sou	territories-secondary	TH	▷removed◁
Supplemental	Language	sq	territories	AL	▷removed◁
Supplemental	Language	sq	territories	XK	▷removed◁
Supplemental	Language	sq	territories-secondary	MK	▷removed◁
Supplemental	Language	sq	territories-secondary	RS	▷removed◁
Supplemental	Language	sr	territories	BA	▷removed◁
Supplemental	Language	sr	territories	ME	▷removed◁
Supplemental	Language	sr	territories	RS	▷removed◁
Supplemental	Language	sr	territories	XK	▷removed◁
Supplemental	Language	srn	territories-secondary	SR	▷removed◁
Supplemental	Language	srr	territories-secondary	SN	▷removed◁
Supplemental	Language	ss	territories	SZ	▷removed◁
Supplemental	Language	ss	territories-secondary	ZA	▷removed◁
Supplemental	Language	st	territories	LS	▷removed◁
Supplemental	Language	st	territories-secondary	ZA	▷removed◁
Supplemental	Language	stu	scripts	▷missing◁	Lana
Supplemental	Language	stu	scripts-secondary	▷missing◁	Tale
Supplemental	Language	su	territories-secondary	ID	▷removed◁
Supplemental	Language	suk	territories-secondary	TZ	▷removed◁
Supplemental	Language	sus	territories-secondary	GN	▷removed◁
Supplemental	Language	suz	scripts	▷missing◁	Deva
Supplemental	Language	suz	scripts-secondary	▷missing◁	Sunu
Supplemental	Language	sv	territories	AX	▷removed◁
Supplemental	Language	sv	territories	FI	▷removed◁
Supplemental	Language	sv	territories	SE	▷removed◁
Supplemental	Language	sw	territories	KE	▷removed◁
Supplemental	Language	sw	territories	TZ	▷removed◁
Supplemental	Language	sw	territories	UG	▷removed◁
Supplemental	Language	sw	territories-secondary	CD	▷removed◁
Supplemental	Language	swb	territories-secondary	YT	▷removed◁
Supplemental	Language	swv	territories-secondary	IN	▷removed◁
Supplemental	Language	syl	territories-secondary	BD	▷removed◁
Supplemental	Language	ta	territories	LK	▷removed◁
Supplemental	Language	ta	territories	SG	▷removed◁
Supplemental	Language	ta	territories-secondary	GB	▷removed◁
Supplemental	Language	ta	territories-secondary	IN	▷removed◁
Supplemental	Language	ta	territories-secondary	MY	▷removed◁
Supplemental	Language	tcy	territories-secondary	IN	▷removed◁
Supplemental	Language	te	territories-secondary	IN	▷removed◁
Supplemental	Language	tem	territories-secondary	SL	▷removed◁
Supplemental	Language	teo	territories-secondary	UG	▷removed◁
Supplemental	Language	tet	territories	TL	▷removed◁
Supplemental	Language	tg	territories	TJ	▷removed◁
Supplemental	Language	th	territories	TH	▷removed◁
Supplemental	Language	ti	territories	ER	▷removed◁
Supplemental	Language	ti	territories-secondary	ET	▷removed◁
Supplemental	Language	tig	territories-secondary	ER	▷removed◁
Supplemental	Language	tiv	territories-secondary	NG	▷removed◁
Supplemental	Language	tk	territories	TM	▷removed◁
Supplemental	Language	tk	territories-secondary	AF	▷removed◁
Supplemental	Language	tk	territories-secondary	IR	▷removed◁
Supplemental	Language	tkl	territories	TK	▷removed◁
Supplemental	Language	tly	territories-secondary	AZ	▷removed◁
Supplemental	Language	tmh	territories-secondary	NE	▷removed◁
Supplemental	Language	tn	territories	BW	▷removed◁
Supplemental	Language	tn	territories-secondary	ZA	▷removed◁
Supplemental	Language	tnr	territories-secondary	SN	▷removed◁
Supplemental	Language	to	territories	TO	▷removed◁
Supplemental	Language	toi	territories-secondary	ZM	▷removed◁
Supplemental	Language	tpi	territories	PG	▷removed◁
Supplemental	Language	tr	territories	CY	▷removed◁
Supplemental	Language	tr	territories	TR	▷removed◁
Supplemental	Language	tr	territories-secondary	DE	▷removed◁
Supplemental	Language	ts	territories-secondary	MZ	▷removed◁
Supplemental	Language	ts	territories-secondary	ZA	▷removed◁
Supplemental	Language	tsg	territories-secondary	PH	▷removed◁
Supplemental	Language	tt	territories-secondary	RU	▷removed◁
Supplemental	Language	tts	territories-secondary	TH	▷removed◁
Supplemental	Language	tum	territories-secondary	MW	▷removed◁
Supplemental	Language	tvl	territories	TV	▷removed◁
Supplemental	Language	ty	territories	PF	▷removed◁
Supplemental	Language	tyv	territories-secondary	RU	▷removed◁
Supplemental	Language	tzm	territories	MA	▷removed◁
Supplemental	Language	udm	territories-secondary	RU	▷removed◁
Supplemental	Language	ug	territories-secondary	CN	▷removed◁
Supplemental	Language	uk	territories	UA	▷removed◁
Supplemental	Language	uk	territories-secondary	RS	▷removed◁
Supplemental	Language	umb	territories-secondary	AO	▷removed◁
Supplemental	Language	und	territories-secondary	AQ	▷removed◁
Supplemental	Language	und	territories-secondary	CP	▷removed◁
Supplemental	Language	und	territories-secondary	HM	▷removed◁
Supplemental	Language	unr	territories-secondary	IN	▷removed◁
Supplemental	Language	ur	territories	PK	▷removed◁
Supplemental	Language	ur	territories-secondary	GB	▷removed◁
Supplemental	Language	ur	territories-secondary	IN	▷removed◁
Supplemental	Language	uz	territories	UZ	▷removed◁
Supplemental	Language	uz	territories-secondary	AF	▷removed◁
Supplemental	Language	ve	territories-secondary	ZA	▷removed◁
Supplemental	Language	vec	territories-secondary	BR	▷removed◁
Supplemental	Language	vec	territories-secondary	HR	▷removed◁
Supplemental	Language	vec	territories-secondary	IT	▷removed◁
Supplemental	Language	vec	territories-secondary	SI	▷removed◁
Supplemental	Language	vi	territories	VN	▷removed◁
Supplemental	Language	vi	territories-secondary	US	▷removed◁
Supplemental	Language	vls	territories-secondary	BE	▷removed◁
Supplemental	Language	vmf	territories-secondary	DE	▷removed◁
Supplemental	Language	vmw	territories-secondary	MZ	▷removed◁
Supplemental	Language	wal	territories-secondary	ET	▷removed◁
Supplemental	Language	war	territories-secondary	PH	▷removed◁
Supplemental	Language	wbq	territories-secondary	IN	▷removed◁
Supplemental	Language	wbr	territories-secondary	IN	▷removed◁
Supplemental	Language	wls	territories-secondary	WF	▷removed◁
Supplemental	Language	wni	territories	KM	▷removed◁
Supplemental	Language	wo	territories	SN	▷removed◁
Supplemental	Language	wtm	territories-secondary	IN	▷removed◁
Supplemental	Language	wuu	territories-secondary	CN	▷removed◁
Supplemental	Language	xh	territories-secondary	ZA	▷removed◁
Supplemental	Language	xnr	territories-secondary	IN	▷removed◁
Supplemental	Language	xog	territories-secondary	UG	▷removed◁
Supplemental	Language	yo	territories	NG	▷removed◁
Supplemental	Language	yue	scripts	…	…
Supplemental	Language	yue	scripts-secondary	▷missing◁	Hans
Supplemental	Language	yue	territories	MO	▷removed◁
Supplemental	Language	yue	territories-secondary	CN	▷removed◁
Supplemental	Language	yue	territories-secondary	HK	▷removed◁
Supplemental	Language	za	territories-secondary	CN	▷removed◁
Supplemental	Language	zdj	territories	KM	▷removed◁
Supplemental	Language	zgh	territories-secondary	MA	▷removed◁
Supplemental	Language	zh	scripts	…	…
Supplemental	Language	zh	scripts-secondary	…	… • Hant • …
Supplemental	Language	zh	territories	CN	▷removed◁
Supplemental	Language	zh	territories	HK	▷removed◁
Supplemental	Language	zh	territories	MO	▷removed◁
Supplemental	Language	zh	territories	SG	▷removed◁
Supplemental	Language	zh	territories	TW	▷removed◁
Supplemental	Language	zh	territories-secondary	CA	▷removed◁
Supplemental	Language	zh	territories-secondary	ID	▷removed◁
Supplemental	Language	zh	territories-secondary	MY	▷removed◁
Supplemental	Language	zh	territories-secondary	TH	▷removed◁
Supplemental	Language	zh	territories-secondary	US	▷removed◁
Supplemental	Language	zh	territories-secondary	VN	▷removed◁
Supplemental	Language	zu	territories-secondary	ZA	▷removed◁
Supplemental	Language	zza	territories-secondary	TR	▷removed◁
Supplemental	Script	variant-compound-Hntl	base	▷missing◁	Hant
Supplemental	Script	variant-compound-Hntl	base	▷missing◁	Latn
Supplemental	DayPeriod	kok	afternoon1-before	▷missing◁	16:00
Supplemental	DayPeriod	kok	afternoon1-from	▷missing◁	12:00
Supplemental	DayPeriod	kok	evening1-before	▷missing◁	20:00
Supplemental	DayPeriod	kok	evening1-from	▷missing◁	16:00
Supplemental	DayPeriod	kok	midnight-at	▷missing◁	00:00
Supplemental	DayPeriod	kok	morning1-before	▷missing◁	12:00
Supplemental	DayPeriod	kok	morning1-from	▷missing◁	04:00
Supplemental	DayPeriod	kok	night1-before	▷missing◁	04:00
Supplemental	DayPeriod	kok	night1-from	▷missing◁	20:00
Supplemental	DayPeriod	kok_Latn	afternoon1-before	▷missing◁	16:00
Supplemental	DayPeriod	kok_Latn	afternoon1-from	▷missing◁	12:00
Supplemental	DayPeriod	kok_Latn	evening1-before	▷missing◁	20:00
Supplemental	DayPeriod	kok_Latn	evening1-from	▷missing◁	16:00
Supplemental	DayPeriod	kok_Latn	midnight-at	▷missing◁	00:00
Supplemental	DayPeriod	kok_Latn	morning1-before	▷missing◁	12:00
Supplemental	DayPeriod	kok_Latn	morning1-from	▷missing◁	04:00
Supplemental	DayPeriod	kok_Latn	night1-before	▷missing◁	04:00
Supplemental	DayPeriod	kok_Latn	night1-from	▷missing◁	20:00
Supplemental	DayPeriod	scn	afternoon1-before	▷missing◁	18:00
Supplemental	DayPeriod	scn	afternoon1-from	▷missing◁	12:00
Supplemental	DayPeriod	scn	evening1-before	▷missing◁	24:00
Supplemental	DayPeriod	scn	evening1-from	▷missing◁	18:00
Supplemental	DayPeriod	scn	midnight-at	▷missing◁	00:00
Supplemental	DayPeriod	scn	morning1-before	▷missing◁	12:00
Supplemental	DayPeriod	scn	morning1-from	▷missing◁	04:00
Supplemental	DayPeriod	scn	night1-before	▷missing◁	04:00
Supplemental	DayPeriod	scn	night1-from	▷missing◁	00:00
Supplemental	DayPeriod	scn	noon-at	▷missing◁	12:00
Supplemental	DayPeriod	selection-hi_Latn	afternoon1-before	▷missing◁	16:00
Supplemental	DayPeriod	selection-hi_Latn	afternoon1-from	▷missing◁	12:00
Supplemental	DayPeriod	selection-hi_Latn	evening1-before	▷missing◁	20:00
Supplemental	DayPeriod	selection-hi_Latn	evening1-from	▷missing◁	16:00
Supplemental	DayPeriod	selection-hi_Latn	morning1-before	▷missing◁	12:00
Supplemental	DayPeriod	selection-hi_Latn	morning1-from	▷missing◁	04:00
Supplemental	DayPeriod	selection-hi_Latn	night1-before	▷missing◁	04:00
Supplemental	DayPeriod	selection-hi_Latn	night1-from	▷missing◁	20:00
Supplemental	DayPeriod	selection-kok	afternoon1-before	▷missing◁	16:00
Supplemental	DayPeriod	selection-kok	afternoon1-from	▷missing◁	12:00
Supplemental	DayPeriod	selection-kok	evening1-before	▷missing◁	20:00
Supplemental	DayPeriod	selection-kok	evening1-from	▷missing◁	16:00
Supplemental	DayPeriod	selection-kok	morning1-before	▷missing◁	12:00
Supplemental	DayPeriod	selection-kok	morning1-from	▷missing◁	04:00
Supplemental	DayPeriod	selection-kok	night1-before	▷missing◁	04:00
Supplemental	DayPeriod	selection-kok	night1-from	▷missing◁	20:00
Supplemental	DayPeriod	selection-kok_Latn	afternoon1-before	▷missing◁	16:00
Supplemental	DayPeriod	selection-kok_Latn	afternoon1-from	▷missing◁	12:00
Supplemental	DayPeriod	selection-kok_Latn	evening1-before	▷missing◁	20:00
Supplemental	DayPeriod	selection-kok_Latn	evening1-from	▷missing◁	16:00
Supplemental	DayPeriod	selection-kok_Latn	morning1-before	▷missing◁	12:00
Supplemental	DayPeriod	selection-kok_Latn	morning1-from	▷missing◁	04:00
Supplemental	DayPeriod	selection-kok_Latn	night1-before	▷missing◁	04:00
Supplemental	DayPeriod	selection-kok_Latn	night1-from	▷missing◁	20:00
Supplemental	DayPeriod	selection-scn	afternoon1-before	▷missing◁	18:00
Supplemental	DayPeriod	selection-scn	afternoon1-from	▷missing◁	12:00
Supplemental	DayPeriod	selection-scn	evening1-before	▷missing◁	24:00
Supplemental	DayPeriod	selection-scn	evening1-from	▷missing◁	18:00
Supplemental	DayPeriod	selection-scn	morning1-before	▷missing◁	12:00
Supplemental	DayPeriod	selection-scn	morning1-from	▷missing◁	04:00
Supplemental	DayPeriod	selection-scn	night1-before	▷missing◁	04:00
Supplemental	DayPeriod	selection-scn	night1-from	▷missing◁	00:00
#Section	Page	Header	Code	Old	New
Supplemental	Transform	blt→blt_FONIPA	tRule	…	… • $DIGRAPHS = [{ꪹꪸ} {ꪹꪷ} {ꪹꪱ}]; • …
Supplemental	Transform	de→ASCII	tRule	…	$AE = [Ä {A\u0308}]; • … • $OE = [Ö {O\u0308}]; • … • $UE = [Ü {U\u0308}]; • … • [ä {a\u0308}] → ae; • [ö {o\u0308}] → oe; • [ü {u\u0308}] → ue; • …
Supplemental	Transform	Gujr→Latn	tRule	…	… • ::[।-॥ઁ-ઃઅ-ઍએ-ઑઓ-નપ-રલ-ળવ-હ઼-ૅે-ૉો-્ૐૠૡ૦-૯૰];
Supplemental	Transform	Hani→Latn	tRule	…	… • [⺋㓗㔚㘶㛃㞯㦢㨗㨩㮞㮮㸅㼪䀷䀹䂝䂶䅥䌖䕙䗻䣠䲙倢偼傑刦刧刼劫劼卩卪婕媫孑尐岊崨嵥嶻巀幯截拮捷掶擮昅杢杰桀桔桝楬楶榤櫭洁滐潔疌睫碣礍竭節結絜结羯节莭蓵蜐蝍蠘蠞蠽衱袺訐詰誱讦诘踕迼鉣鍻鞊颉魝鮚鲒𠂈𠄍𠅂𠐉𠬮𠯙𡉷𡔣𡙣𡣯𡨲𡩣𡵒𡸎𡽱𢈻𢎔𢎡𢢂𢨜𢪍𢫐𢬱𢱄𢷿𢻮𣙴𣚃𣮌𣮍𣰞𣳟𤁢𥁂𥅴𥇒𥓐𥝔𥝥𥠹𥢻𥵞𥾌𦀖𦈜𦎒𦵴𦺢𦿐𧍠𧍩𧏥𧞩𧞬𧫑𧼨𧽄𧽟𧾢𧾯𨃲𨓰𨕽𨥂𩔄𩟦𩢴𩧵𩯰𩾶𪀾𪁍𪃈𪅸𪇲𪉋𪌧𪖋𫄦𬝋𬭴𬶎𮔂𰞍]→jié; • … • [⺓㙘䌁䙅䛂䳩䶸吆喓夭妖幺枖楆殀祅腰葽訞邀鴁𠕻𠣑𡆩𡝩𡢹𡣠𢆷𢆽𣨘𥹱𦔷𧍔𧷋𨓳𩑗𩜸𫍚𬘱𮭢𮲝]→yāo; • [⺔⺕㑧㒫㙨㞃㠱㡭㥍㮨㰟㲅㳵㸄㹄㻑㾵䀈䋟䐀䓽䗁䛋䜞䝸䠏䢋䤒䦇䨖䮺䰏䶓䶩伎偈兾冀剂剤劑哜嚌坖垍塈妓季寂寄峜廭彐彑徛忌悸惎懻技旡-旣暨暩曁梞檕檵洎济済漃漈濟瀱痵癠祭禝稩稷穄穊穧紀紒継繋繼纪继绩罽臮芰茍茤荠葪蓟蔇薊薺蘎蘮蘻裚覬觊計記誋諅计记跽迹际際霁霽驥骥髻鬾鯚鰶鰿鱀鱭鲚鲫鵋齌𠨕𠲹𠴫𠿉𡁪𡋚𡜱𡥞𡦊𡪱𡬄𡽉𢍇𢗂𢗹𢚁𢭄𢺼𢼷𣄯𣄱𣔽𣯅𣱗𣽍𤓑𤛄𤤋𤫝𤵀𥡴𥣩𥪫𥭋𥭌𥭜𥷙𦁳𦂑𦆡𦇧𦋋𦌗𦜸𦪱𦮯𦮼𦺶𦾲𧃞𧇯𧓓𧟜𧡉𧡯𧢾𧧃𧧟𧪇𧫜𧾽𨀶𨛉𨛑𨜒𨠨𨢵𨣧𩓮𩞊𩥉𩧱𩩛𩼄𩼚𪄵𪊆𪘥𪟝𪲛𫍪𫞦𬏟𬘧𬶨𬶭𰣬𰨦𰬀𱇵𱇺𱉽𱌗𱌸]→jì; • … • [⺙䇚䮒䲕仆噗扑撲擈攴攵潽炇陠鯆𡜵𢼹𤆝𤾣𥼜𦬙𧭎𧱹𨁏𪒢𪔿𫚙𬶴𭠙𱾾]→pū; • … • [⺝㜧㜰㬦㰛㹊䆕䆢䋐䋤䖃䟑䟠䠯䡇䢁䢲䤦䥃䶳刖妜嬳岄岳嶽恱悅悦戉抈捳月樾瀹爚玥礿禴篗籆籥籰粤粵蘥蚎蚏越跀跃躍軏鈅鉞钺閱閲阅鸑鸙黦龠𠔠𠨲𠩉𠪶𠯲𠾲𠿋𡆦𡆽𡛟𢦰𣌗𣎱𣐋𣤰𣦏𣨡𣻮𤑓𤓝𥆟𥩡𥸘𦋩𦣜𦤕𧀲𧅚𧇓𧕋𧤽𧹊𨁑𨈋𨊸𨒋𨙄𨳕𨷲𨸀𨸎𨿁𩁯𩎙𩓥𩱪𩱲𩿠𪁑𪒥𫐄𫖵𬘙𬸑𬸚𰎫𰹷𱊵𱥟]→yuè; • … • [⺯⺰㒋㟃㠼㴲㺇㺨㽄䇁䔮䡳䫢䲉丝俬凘厮厶司咝嘶噝媤廝思恖撕斯楒榹泀澌燍磃禗禠私籭糹絲緦纟缌罳蕬虒蛳蜤螄蟖蟴鉰銯鋖鐁锶颸飔騦鷥鸶鼶𠀓𠖓𡡒𢊀𢛥𢠹𢦲𣂖𣚄𤆟𤣵𥄶𥐀𥕶𥝠𥠱𥯨𦇲𦇵𦭡𦮺𦸷𦽕𧀚𧝤𨮭𩅰𩆵𩺛𪆁𪆗𪕳𪖉𬝊𰾴𱈒]→sī; • [⺱㧏㭎㼚䚗冈冮刚剛堈堽岡掆棡牨犅疘矼綱纲缸罁罓罡肛釭鋼鎠钢𠵹𡇬𢭈𢰌𣦐𤭛𦋳𦱌𫇪𫩚𫼱𮣲𰉙𰠫𱮴]→gāng; • [⺲⺴㓁㲿㳹㴏䋄䋞䒽䰣往徃徍惘暀枉棢瀇網网罒罔菵蛧蝄誷輞辋魍龬𡔞𢁶𢼟𣢫𣶈𣷪𥾼𦖉𦣩𦬣𧈿𧧜𨕿𨳠𩖩𫍬]→wǎng; • … • [⺺⺻㚜㠨㤢㥔㦽㧒㽣䁌䂊䈅䉛䋖䋭䍞䖇䘘䘱䘻䛕䜡䞝䢖䢩䤋䨒䫻䮇䮙䴁䵥俼儥喅喐喩喻噊域堉妪媀嫗寓峪嶎庽彧御忬悆惐愈慾戫昱棛棜棫櫲欎欝欲毓浴淢淯滪潏澦灪焴煜燏燠爩狱獄玉琙瘉癒矞砡硲礇礖礜禦秗稢稶穥篽籞籲緎繘罭聿肀育艈芋芌茟蒮蓣蓹蕷蜟蜮袬裕誉諭譽谕豫軉輍轝逳遇遹郁醧鈺銉鋊錥鐭钰閾阈霱預预飫饇饫馭驈驭鬰鬱鬻魊鱊鳿鴥鴧鴪鵒鷸鸒鹆鹬龥𠀛𠊏𠏚𠕦𠫣𠽵𡇺𡈨𡋬𡒃𡒊𡔴𡨣𡨿𡬊𡬞𡿥𡿯𢌻𢒰𢔥𢔬𢔴𢖡𢛨𢡎𢯮𢺴𣋉𣍛𣕃𣝑𣡉𣣎𣩺𤀝𤞞𤳕𤸒𥆉𥉑𥎐𥘄𥙿𥝍𥷞𥸤𥸪𥹔𦈸𦋢𦎘𦏜𦒑𦡭𦦩𦱀𦱂𧉣𧐄𧑐𧗪𧫊𧶠𧼫𧿷𨄯𨉗𨗝𨞓𨩬𨪎𨮔𩈕𩊇𩋉𩋤𩎹𩏟𩏴𩘤𩘳𩘻𩚄𩛪𩛭𩝗𩟑𩰪𩱌𩱱𩲾𪁀𪂉𪂵𪋉𪋮𪑆𪑌𪓊𫓾𫗇𫚪𫛣𬪧𬰸𬱳𬲆𰂏𰬟𰬻𰾆𱃲𱅫𱉍𱉰𱊭]→yù; • … • [⻃⻄㓾㕃㕧㗩㗭㘊㚀㛓㛫㛭㜎㜯㪧㬛㮩㯕㰿㱆㱤㲸㴧㶉㺣㾷㿽䁯䂀䏩䐅䐖䒊䖒䖷䙵䛊䛥䭒䳶䶋俙傒僖兮凞卥厀吸唏唽嘻噏夕奚嬆嬉屖嵠嶲巇希徆徯忚怸恓息悉悕惁惜扱扸昔晞晰晳暿曦析桸榽樨橀欷氥汐浠淅渓溪潝烯焁焈焟焬煕熄熈熙熹-熻燨爔牺犀犠犧狶琋瘜皙睎瞦硒磎礂稀穸窸粞糦緆縘繥羲翕翖肸肹膝舾莃菥蒠蜥螅螇蟋蠵西覀觹觽觿譆谿豀豨豯貕赥邜郗鄎酅醯釐釸錫鏭鑴锡隵雟餏饻鯑鵗鸂鼷𠆱𠔃𠔍𠘕𠜗𠟊𠨚𠩺𠬬𠴭𠶨𠺒𡁱𡏛𡗞𡗳𡘡𡩤𡳚𡻎𢀊𢋼𢑧𢗴𢜣𢡁𢨟𢬾𢹍𣅾𣎮𣟵𣢁𣢂𣢍𣢎𣢑𣤳𣤴𣨗𤃪𤄬𤓔𤓚𤠓𤡡𤢀𤥒𤬕𤬘𤮆𤮙𤲺𤳥𤶈𤶰𤷡𤹊𤺊𥄖𥄛𥈻𥋟𥰝𦐠𦙝𦜱𦞽𦠪𦤈𦩭𦮐𦼗𧀬𧈼𧤤𧥅𧥤𧯗𧲘𧶖𧹨𧻶𧿝𨀙𨋦𨡂𨳛𨵎𨻁𩅖𩒽𩗊𩗱𩭡𩽨𩾼𪃼𪄛𫍻𫔔𬳋𮵅𰇣𰬣𱄆𱉹𱱚𱸃𲆦𲆰𲇊]→xī; • [⻅㣤㨴㯺㰄㵎䇟䟅䤔䥜䧖䬻䭈䯡件俴健僭剑剣剱劍劎劒劔墹寋建徤擶旔栫楗榗毽洊涧渐溅漸澗濺瀳牮珔瞷磵礀箭糋繝腱臶舰艦荐葥蔪薦螹袸見覵见諓諫譼谏賎賤贱趝践踐踺轞釼鉴鋻鍳鍵鏩鐱鑑鑒鑬鑳键餞饯𠊒𢆦𣴓𣽦𤀩𤧣𤷃𥯦𥴱𥽐𦩵𦾶𧀵𧂂𧂆𧗸𧙧𨎫𨏊𨪅𨵭𨷓𩉔𩻘𪃛𪆿𪉦𪋁𪙨𪽭𬇃𬕊𬞋𬣡𮲶𮶙𮶬𰜨𰧃𰱑𰳂𰴘𰺗𰾌𰾫𱄃𱖲]→jiàn; • … • [⻉㔨㛝㣁㫲㰆㶔㷶㸢㸬㸽㻗㾱䔒䟺䡶䩀䰽俻倍偝偹備僃备孛悖惫愂憊昁梖棓焙牬犕狈狽珼琲碚禙糒背苝蓓蛽被褙誖貝贝軰輩辈邶郥鄁鋇鐾钡鞁鞴骳𠋭𠐡𠢥𡋭𢂏𢴾𢻵𣎵𣖾𣬪𤜲𤰈𤳦𤹲𤿒𦮷𦾙𧶙𩇩𩖠𩚾𪱷𫝦𫞥𬇙𬦥𱇑𱽎]→bèi; • … • [⻗㑨㒁㒜㔱㙑㝢㠘㡰㣃㦛㲾㺄㼌䣁䥏䨞与予伛俁俣偊傴匬噳圄圉宇寙屿嶼庾懙挧敔斔斞楀瑀瘐祤禹窳羽與萭蘌語语貐鄅鋙雨頨麌齬龉𠋟𠱐𡷎𡻢𢗓𢮁𣢦𣨝𤗃𤹪𥒾𥛩𦀡𦥉𦦲𦭳𦳅𧱬𨝈𨵉𩃯𩩑𩩘𩵎𪂕𪋬𫹮𮱁]→yǔ; • … • [⻚㖡㗼㥷㩎㪑㱉㸣䁆䈎䊦䎨䢡䤳䤶䥟䥡䧨䭎䭟䱒䲜业亱僷叶啘嚈墷夜嶪嶫抴捙擛擪擫晔曄曅曗曳曵枼枽業歋殗洂液澲烨燁爗璍皣瞱瞸礏腋葉謁谒邺鄓鄴鍱鎑鐷靥靨頁页餣饁馌驜鵺鸈𠀸𠄅𠟪𠱝𡀽𡁁𡛌𡛽𡽣𢉥𢢜𢪧𢬍𢱴𣎩𣐂𣚕𣩫𣰛𤝇𤝱𤳪𥌅𥠍𥮧𦀕𦂡𦠜𦤪𧎭𧔦𧗖𨂒𨉅𨼥𨽀𩉂𩐱𩑃𩘏𩱝𩼋𩼴𪋫𪍅𪑦𪒲𫥺𫩤𫩫𬑓𬒆𬰺𬲼𮳴𮴔𰉪𰎑𰓙𰚱𰾕𰾩𱇰𲍿]→yè; • … • [⻢㐷䣕䣖溤犸玛瑪码碼蚂螞遤鎷馬马鰢鷌𥧓𨰾𬮡𰛊]→mǎ; • … • [⻥㚥㤤㥚㥥㪀㬂㬰㳛㶛㷒㺞㺮㻀㼶䁩䂛䃋䄏䄨䍂䏸䐳䔡䗨䜽䢓䩒䬔䰻䱷䲣乻于亐伃余俞兪堣堬妤娛娯娱嬩崳嵎嵛愉愚扵揄於旕旟杅桙楡楰榆欤歈歟歶渔渝湡漁澞牏狳玗玙瑜璵畭盂睮硢禺窬竽籅羭腴臾舁舆艅茰萮萸蕍蘛虞蝓螸衧褕覦觎諛謣谀踰輿逾邘酑鍝隅雓雩餘馀騟骬髃魚鮽鯲鰅鱼鷠鸆𠇐𠎳𠧇𠸹𡁎𡂊𡑾𢊧𢋅𢎻𢔢𢪓𢹏𢾄𣄊𣟰𣢒𤚎𤜹𤧙𥔢𥝨𥯮𥷔𦈣𦋯𦏻𦦫𦩞𦱃𧃠𧊠𧍪𧙶𧞏𧰇𧾚𨊱𨜖𨨶𨰸𨵦𨶢𨾌𩟳𩡃𩢶𩤺𩥭𩦡𩦢𩨈𩨗𩨙𩺰𪃍𪃎𪇝𪉐𪊻𪑝𬛼𬝁𭤰𰔶𰶀𰾙𰿵𱃞𱇕𱈂𱊫]→yú; • [⻦㒟㜵㠡㭤䃵䙚䦊䮍嫋嬝嬲樢茑蔦袅裊褭鳥鸟𠒰𡘏𡝋𡝒𡠿𢶑𢸣𣟊𥤂𥾇𨽖𩖔𩭑𪅝𪈼𫽲𬡇𱊜]→niǎo; • … • [⻫⻬㖢㟓㟚㟢㩽㯦㰗䄢䅲䉻䐡䑴䓅䓫䞚䟚䡋䧵䩓䭶䭼䰇䱈䲬䳢䶒䶞亓亝俟其剘圻埼奇岐岓崎嵜帺忯愭懠掑斉斊旂旗棊棋檱櫀歧淇濝猉玂琦琪璂畦疧碁碕祁祇祈祺禥竒簱籏粸綥綦綨纃耆肵脐臍艩芪萁萕蕲藄蘄蚑蚔蚚蛴蜝蜞螧蠐褀跂踑軝釮錡锜頎颀騎騏騹骐骑鬐鬿鯕鰭鲯鳍鵸鶀麒麡齊齐𠁭𠅚𠓪𠫸𡦍𡪵𡹉𡺸𢁒𢍁𢍑𢩡𢺷𢻋𢻚𢾦𢾪𣯆𤪌𤷍𤹸𥉙𥼘𦔌𦫡𦭲𦸗𧌞𧎪𧓑𧡺𧯯𧰙𨉸𨙸𨥦𨪌𨱜𨸒𨸔𩉬𩥂𩦋𩨝𩲪𩳣𩴪𩷾𩹵𪀩𪂛𪄖𪗅𪗆𪗍𪗏𪙧𫛰𫺊𬨂𬬳𬴆𬸒𬸾𰡩𱊁𱍐𱹁]→qí; • … • [⻯⻰㚅㝫㡣㦕㰍䃧䆍䏊䙪䥢䪊䮾咙嚨屸嶐巃巄昽曨朧栊槞櫳泷湰滝漋瀧爖珑瓏癃眬矓砻礱礲窿竜笼篭籠聋聾胧茏蕯蘢蠪蠬襱豅躘鏧鑨隆霳靇驡鸗龍龒龙𠾐𡃡𡬍𡬕𢤲𢸭𣫣𤇭𤵸𤾭𥪢𥪻𥬆𥳌𥸉𦨩𦪽𧍰𧙥𨀁𨇘𨏠𨐇𨺚𩂽𩄺𩙘𩙠𩟭𩧪𪔳𪔷𪚑𪚓𪚘𪚝𪚠𫖅𫛟𫜲𬺜𰎎𰦭𰭹𰲴𰳲𰶑𰽦𱅅𱛓]→lóng; • … • [〇㖫㡵㥄㦭㪮㬡㯪㱥㲆㸳㻏㾉䄥䈊䉁䉖䉹䌢䍅䔖䕘䖅䙥䚖䠲䡼䡿䧙䨩䯍䰱䴇䴒䴫伶凌刢囹坽夌姈婈孁岺彾掕昤朎柃棂櫺欞泠淩澪灵燯爧狑玲琌瓴皊砱祾秢竛笭紷綾绫羚翎聆舲苓菱蓤蔆蕶蘦蛉衑裬詅跉軨酃醽鈴錂铃閝陵零霊霗霛霝靈駖魿鯪鲮鴒鸰鹷麢齡齢龄龗𠄖𠠢𠡭𠱠𠻠𠻱𠾥𡈍𡕮𡿡𢌔𢔁𢩗𢹝𢺰𣌟𣣋𣬹𤃩𤖦𤜙𤣘𤧘𤫩𤫲𤿅𥌼𥤜𥤞𥥋𥩔𥺙𥾂𦉢𦫃𦫊𧆺𧕅𧖜𧟙𧨈𧰻𧱢𧾇𧾮𨠎𨱋𨽲𩂙𩃞𩆒𩆚𩆮𩆻𩆼𩇄𩇎𩊂𩑊𩖊𩖵𩚹𩜁𩟃𩪥𩬔𩲩𩵀𪅋𪋳𪋾𪌏𪕌𪛈𫐉𫞠𫟑𫠂𭝋𮇤𰵚𰺊𱊪𱗟]→líng; • … • [㐌㚦㝖㞔㥴㦾㰘㹫㺿㼢䄬䇵䔟䞅䣡䧅䩟䬁䬮䮊䱌䲑䴊乁仪侇儀冝匜咦圯夷姨媐宐宜宧寲峓嶬嶷巸弬彛-彞怡恞扅拸暆柂栘桋椬椸沂沶熪狋珆瓵疑痍眙移箷簃籎羠耛胰萓蛦螔衪袘觺訑詑詒誃謻讉诒貤貽贻跠迆迤迻遗遺鏔頉頤頥顊颐飴饴鸃𠄱𠅌𠈶𠍫𠏩𠐀𠗺𠛃𠜁𠤕𠤗𠤘𠩗𠪗𠲻𠼪𡬓𡱐𡷪𡻣𢂒𢓡𢕷𢖅𢞉𢩼𢱁𣐓𣐵𣕁𣙛𣢭𣸘𤆾𤇴𤈙𤖪𤘊𤝻𥃸𥄻𥄿𥌟𥙁𥙇𥫃𥹋𦚟𦟧𦡫𧓗𧡇𧣟𧣬𧦧𧳁𧷅𨛯𨜽𨠑𨠶𨣬𨳷𩓧𩔦𩖹𩖾𩗑𩚇𩛮𩤒𩸨𩼨𪀓𪐔𪘬𫍟𬤦𬭰𬱪𰵥𰶁𱇧𱇬𱉌𱌷𲍇]→yí; • … • [㐜㤽㦞㵞㿧䌧䓓䲖仇俦儔嚋嬦帱幬怞惆愁懤栦椆燽畴疇皗稠筹籌紬絒綢绸菗薵裯讎讐踌躊酧酬醻雔雠𠝽𠷎𠹝𠼡𠾉𡕐𡕪𣀓𣕾𣪐𣫐𤳝𤳠𤽯𤾊𤾦𥏈𥡀𥲅𦡴𦭸𧮻𨤷𩗡𩽀𩾂𪇘𪫷𫝩𬊍𬣱𬸍]→chóu; • … • [㐩㓝㣜㼛䣆䤯侀刑型娙形洐滎硎荥行邢郉鈃鉶銒鋞钘铏陉陘饧𠀦𡶭𣸝𤬐𤶲𦈨𦈵𧊞𧊽𧗦𩩋𫰛𮰿]→xíng; • … • [㐱㪛㱽䂧䑐䠴䪴䪾䫬屒弫抮昣枕畛疹眕稹紾縥缜聄萙袗裖診诊軫轸駗鬒黰𠘱𠠹𠬓𢏈𣬻𣱽𤷌𥅘𥌃𥖘𧠝𧤛𨏤𩒀𩒈𩬖𪑳𪠟𫖫𫖬𬘝𬹕𱅇]→zhěn; • [㐲㞭㯂㶡㻖䈆䒫䲦代侢叇垈埭岱帒带帯帶廗待怠戴曃柋殆瀻玳瑇甙簤紿緿绐艜蚮袋襶貸贷蹛軑軚軩轪迨霴靆骀鴏黛黱𠯈𠰺𠷂𡧹𢄔𢎌𣇨𣫹𤮼𤸊𥿝𦄂𦙯𧊇𧑔𨊺𨓞𨟲𨥶𨽿𩃠𩃷𪐝𬶌𮷗𰏼𰘀𰰏𰸚𱳪]→dài; • … • [㐸㜞㟻㯠䈴䊴䑶䥅䪈䵖䵛伣俔倩傔儙刋堑塹壍嬱嵌悓慊棈椠槧欠歉皘篏篟綪縴芡茜蒨蔳輤鰜𢂺𢃘𣢖𣹥𧚫𧮽𨰂𬘬𮲁𰊢𰌆𰬮𰺉]→qiàn; • [㐹㑊㑜㑥㓷㔴㖂㘁㘈㙪㙯㚤㛕㛳㜋㜒㝣㡫㡼㢞㣇㣻㦉㦤㱅㱞㱲㲼㳑㴁㴒㵝㵩㶠㹭㽈䄁䄩䄿䆿䇩䇼䉨䋚䋵䌻䎈䓃䓈䓹䔬䕍䖁䖊䖌䗑䗟䗷䘝䘸䝘䝯䢃䣧䦴䬥䭂䭞䭿䯆䰯䴬䵝乂义亄亦亿伇伿佚佾俋億兿刈劓劮勚勩匇呓呭呹唈囈圛坄垼埶埸墿奕嫕嬑嬟寱屹峄嶧帟帠幆廙异弈弋役忆怈怿悒悥意憶懌懿抑挹掜撎敡斁易晹曀曎杙枍枻栧栺棭榏槸檍欥欭歝殔殪殹毅泆浂浥浳湙溢潩澺瀷炈焲熠熤熼燚燡燱獈玴異疫痬瘗瘞瘱癔益睪瞖硛秇穓竩縊繶繹绎缢羛義羿翊翌翳翼耴肄肊膉臆艗艺芅苅萟蓺薏藙藝蘙虉蛡蜴螠衵袣裔裛褹襼訲訳詍詣誼譯議讛议译诣谊豙豛豷貖賹贀跇軼轶逸邑醳醷釴鈠鎰鐿镒镱陭隿霬靾饐駅驛驿骮鮨鯣鶂鶃鶍鷁鷊鷧鷾鹝鹢黓齸𠂆𠍳𠓋𠚮𠡔𠡝𠥦𠨾𠩫𠬤𠲚𠲺𠶷𠽜𡄻𡉛𡊁𡊶𡍡𡥁𡾾𢀁𢂗𢂼𢄅𢇙𢇚𢇸𢈶𢍰𢎀𢎃𢎉𢏗𢓀𢖫𢖴𢖺𢗎𢘽𢡃𢨳𢩮𣎅𣚘𣡊𣤪𣦌𣧄𣨟𣫙𣶫𣷩𣿉𤑹𤣨𤣮𤤺𤥿𤧕𤬩𤴧𤶛𤷅𤸸𤻂𤼌𥃠𥅓𥍴𥒵𥘒𥘠𥜃𥜥𥟘𥡪𥥌𥥴𥩖𥫝𥱃𥸊𥾐𥿹𦌩𦎝𦏸𦓻𦔜𦔥𦘳𦙨𦠉𦥱𦨇𦭥𦶂𧃟𧅖𧆦𧈻𧊣𧊤𧋏𧑌𧙡𧢂𧬇𧱊𧱏𧷥𧺎𧺝𧾰𨋯𨜶𨣠𨦯𨱁𨹝𨻊𨻏𨽹𩂒𩂹𩈭𩋌𩍖𩎭𩎷𩘧𩚂𩟉𩣞𩧭𩪟𩪣𩳇𩴜𩴮𩷍𩷘𩾘𩾢𪀕𪁛𪎈𪐘𪒕𪕶𪗷𪹀𪽷𫄷𫍙𬟁𬤞𬥵𬬩𬲳𬳀𬷼𭣧𮩞𮬜𮳜𰉣𰑸𰞇𰳵𰵔𰵖𰷠𰷪𰼅𱉷𱊄𱊈𱊦𱊰𱌽]→yì; • … • [㑇㑳㤘㥮㼙㾭䈙䋓䎻䛆䩜䶇伷僽冑呪咒咮噣宙昼晝甃皱皺籀籒籕粙紂縐纣绉胄荮葤詋詶酎駎驟骤𠊣𢃸𢓟𢷗𢼲𣆔𣻱𤏲𥀙𥣙𥲝𦁖𦂈𦅸𧛸𧭍𩊄𩋰𩍌𩍧𩗪𩧨𪇞𬡎𬰤]→zhòu; • … • [㑉㑛㓘㔄㕖㜚㝛㨞㪩㬘㯈㴋㴑㴼䃤䅇䎘䏋䑿䔎䛾䥔傃僳嗉塐塑夙嫊宿愫愬憟梀榡樎樕橚殐泝洬涑溯溸潚潥玊珟璛碿簌粛粟素縤肃肅膆莤蔌藗觫訴謖诉谡趚蹜速遡遬鋉餗驌骕鱐鷫鹔𡎮𡖯𢎎𢖏𢚑𢢒𣝝𣫎𣯼𣶘𣿈𤌂𤛝𤠚𤡃𤢂𤢘𤤐𤥔𤭴𤸮𦌉𦌊𧀌𧐁𧐒𧐴𧜦𧞺𧥆𧩝𧼭𧽷𨱈𩐫𩐼𩘰𩘹𩙨𩝥𩳒𪁽𪄑𪅄𪋝𪌔𪍛𪐮𪖶𫂙𫗧𫾃𬒕𬚄𬣷𰗹𰢄𱇿]→sù; • … • [㑎㛴㺁䜀䜧匘垴堖嫐恼悩惱獶獿瑙碯脑脳腦𠊦𠡷𡍍𡿺𢅈𢉵𣭺𤊲𤋫𤷻𥀮𥒢𦗮𧩣𧳦𧴙𨱵𩛋𩤘𩩀𩫺𩬷𬆛𮵑𰡻]→nǎo; • [㑏㝉㤖㫂㹥㺛㾻㿾䇠䇡䍆䎷䐢䘄䝒䝬䪒䬡䭖伫佇住助坾墸壴嵀杼柱柷樦殶注炷疰眝砫祝祩竚筑筯箸篫簗紵紸纻羜翥苎莇著蛀註貯贮跓軴迬鉒鋳鑄铸霔馵駐驻麆𠩈𠴦𡤗𡱱𡸌𡻠𢚻𢥃𢩄𣥼𤋰𤎧𤕞𤳯𤾄𥩣𥯸𥵟𥹍𦙴𧈚𨆄𨈫𨙔𨭅𩶂𪊹𪚹𬣣𮷍𰬇𰮙𰽯𱄼]→zhù; • … • [㑘㝏㠹㾏㿍䇒䛺䯰䰺䱄䲸丯介借吤堺屆届岕庎徣悈戒楐犗玠琾界畍疥砎芥蚧蛶衸褯誡诫鎅骱魪𠓢𠷟𡗦𡗲𡵚𣬫𤘦𤙩𧜅𧞔𧣋𨐑𨵠𩡺𩧦𪑹𪙏𫜯𬶇𮭡𰾛]→jiè; • [㑙㥈㦶㩸㩹㫼㬪㲲㲳㷸䞇䠟䫕䳀䴑叠喋垤堞峌嵽幉恎惵戜挕揲昳曡楪殜氎牃牒瓞畳疂疉疊眣碟絰绖耊耋胅臷艓苵蜨蝶褋詄諜谍趃蹀迭镻鰈鲽𠗛𠗨𠠯𠲷𡅥𡇓𡱷𡹭𡺑𡼄𢎆𢲼𢶣𣈍𣛻𣡟𣧈𣨂𤖒𤗨𤚊𤴍𥈖𥉺𥑇𥶺𥷕𦁜𦄔𦈅𧍱𨄌𨈈𨐁𨓊𨭓𨳺𨴗𨸅𨻗𨾤𩋞𩻵𪀒𪑧𫬟𫶇𬇇𬰳𰵙𰸈𱉚]→dié; • … • [㑣㘓㞩㦨㳕䆾䍀䑌䦨䪍䰐儖兰厱囒婪岚嵐幱惏懢拦攔斓斕栏欄欗澜瀾灆灡燣燷璼礷篮籃籣繿葻蓝藍蘭褴襕襤襴襽譋讕谰躝钄镧闌阑韊𠓖𠼖𡮻𢅡𢉧𢊓𢛓𣋣𥌻𥗽𥜓𦧼𧼖𨅏𨅬𨊔𨬒𨷻𩈵𩔵𪇖𪢌𪢠𫔱𫞨𫣉𫷌𬉠𬒗𬜥𬞕𬸡𮆏𮳎𰆚𰏟𰾳𱁽𱁾𱆅𲪙]→lán; • … • [㑦㒧㔏㕸㗚㘑㟳㠣㡂㤡㤦㧰㬏㮚㯤㱹㺡㻎㻺㼖㽁㽝㾐㿛㿨䃯䅄䇐䊪䍥䍽䓞䔁䔉䕻䘈䚕䟏䟐䡃䤙䥶䬅䬆䮋䮥䰛䰜䲞䴡䶘丽例俐俪傈儮儷凓利力励勵历厉厤厯厲吏呖唎唳嚦囇坜塛壢娳婯屴岦巁悧悷慄戾搮攊攦攭暦曆曞朸枥栃栎栗栛棙檪櫔櫟櫪欐歴歷沥沴涖溧濿瀝爄爏犡猁珕瑮瓅瓑瓥疠疬痢癘癧皪盭砅砺砾磿礪礫礰禲秝立笠篥粒粝糲綟脷苈苙茘荔莅莉蒚蒞藶蚸蛎蛠蜧蝷蠇蠣觻詈讈赲跞躒轢轣轹郦酈鉝鎘隶-隸雳靂靋鬁鱱鱳鳨鴗鷅麗麜𠌯𠘞𠘟𠛦𠝄𠞉𠞤𠠏𠠝𠠵𠢠𠩵𠪄𠪺𠫌𡤌𡫯𡮰𡯄𡳸𡸉𡾒𡿋𢍼𢡑𢤆𢤩𢨨𢩑𢸀𢻠𣀥𣌅𣌜𣟌𣦯𣧿𣫧𣲒𤁼𤃀𤄽𤇃𤔨𤖢𤘃𤜜𤟑𤠫𤡿𤩮𤳓𤹇𤹈𤻤𤼚𥁟𥉆𥌤𥌮𥌿𥓃𥝢𥠲𥨻𥬭𥶗𥷅𥷗𥽗𦃊𦅺𦇔𦍠𦘊𦜏𦠓𦪾𧄻𧉲𧒈𧓽𧔝𧘫𧙉𧢝𧧋𧯏𧰡𧲡𧴠𧽲𨃙𨇗𨊛𨍫𨏬𨘸𨜼𨞺𨟑𨢌𨪹𨬑𨷦𨽻𩄞𩅩𩆝𩗅𩗭𩘟𩘡𩙖𩞨𩣫𩧃𩧸𩪸𩯺𩰲𩱇𩴣𩶘𩽏𪅼𪓀𪖍𪗁𪙺𪙽𪫡𪲔𪵱𫁡𫄫𫎱𫛽𫟫𫟷𫥳𫥵𫪃𫵷𬍛𬦣𮯸𮷨𰓬𰤕𰦦𰴗𰴢𰷴𰽝𱃚]→lì; • … • [㑮㨡㮯䊐䮝䰟䴷堚忶梡浑渾珲琿繉轋餛馄魂鼲𣝂𣨿𦟲𨋨𨏂𩧰𪌽𫝈𬹉𬹋𱌏]→hún; • [㑰㑹㜇㞧㤬㥣㨤㨹㩨㬩㱱㻅䂕䅏䌇䕇䛛䜋䤧䧥䩈䫭会僡儶匯卉哕喙嘒噦嚖圚嬒孈寭屶屷彗彙彚徻恚恵惠慧憓晦暳會槥橞檅櫘殨汇泋浍湏滙潓澮濊烩燴獩璤璯瘣瞺硊秽穢篲絵繢繪绘缋翙翽芔荟蔧蕙薈薉藱蟪詯誨諱譓譿讳诲賄贿鏸鐬闠阓靧頮顪颒餯𠍗𠧩𠽡𠿔𡏁𡜦𡥋𡹯𢄣𢅫𢊇𢕺𢟾𢻔𣋘𣨶𤆳𤜋𤞃𤸁𥀠𥔯𥱵𥴯𦂆𦒎𦡖𧏧𧖢𧧾𧬨𧭾𨊢𨍹𨗥𨘇𨘲𨵘𩆁𩇻𩒏𩒳𩔁𪊂𪑅𪔊𫖃𫰢𬜨𬣪𬣬𬣰𬤉𬤝𬤭𬨐𬭬𰗆𰛦𰽷𰾶𱂤𱄄]→huì; • … • [㑵㒈㢨㨔㪋㲦㵄㺝䎯䏷䓿䕿䗣䛞䧲䫲䮧傼垾屽岾悍憾扞捍撖撼旱晘暵汉汗涆漢瀚焊熯猂皔睅翰莟菡蘫蛿蜭螒譀釬銲鋎閈闬雗頷顄颔馯駻鶾𠢇𠹄𡁀𡣔𡷛𡻡𢀵𢃗𢄜𢇞𢎘𢔔𢧦𣐺𣒷𤀉𤌐𤳉𤿧𥇌𥉰𦋣𦒅𧂃𧰪𨁄𨛎𨢈𨸗𩎒𩕠𩖺𩗤𩞿𩭥𩹑𩹼𩾝𫘛𫘣𬣸𬬧𬭍𰶆𱂰𱅠𱉋𱉶𱼞]→hàn; • [㑶㙾㚛㣟㤸㦦㭡㰥㸍䀌䈪䊠䐼䓇䜁䧍䨳䬣䮎䲪䵱係匸卌呬咥嚱墍屃屭忥怬恄慀戏戱戲椞欯滊潟澙熂犔盻矽磶禊稧系細綌繫细绤舃舄蕮虩衋覤赩趇郤釳闟阋隙隟霼餼饩鬩黖𠤴𠦌𠦜𡃢𡘐𡙋𡜧𡝧𡦎𡶯𢤋𢧽𢭁𣚔𣢓𣣉𣤢𣳦𤄎𤌷𤡬𥈜𥋁𥎃𥪦𥮬𥰥𥻥𥿭𦃝𦞝𦷲𧂙𧈅𧈍𧉁𧎵𧚃𧤟𧦁𧧹𧪢𧬈𧬊𧯈𧯊𧱲𧹶𧹽𨐛𨰿𨷘𩊿𩍆𩎥𩛹𩦇𩿛𪅲𪵣𪸕𫻁𬟪𰿻𱃱]→xì; • … • [㑺㒞㕙㖥㝦㴫㻒㽙䇹䐃䕑䜭䝍俊儁呁埈寯峻懏捃攈攟晙棞浚濬焌燇珺畯竣箘箟葰蜠郡陖餕馂駿骏鵔鵕鵘𠨢𢹲𤮪𥇘𥚂𥜮𥡣𦴌𦵼𧥺𧯖𨌘𨛐𨲄𨶊𪍁𪕞𬣝𮱠𱉾𱉿]→jùn; • … • [㒆㓼㔑㞿㡿㥡㽚䀸䟷䠠䤲䮻䰡䳵傺勅勑叱啻彳恜慗憏懘抶敕斥杘湁灻炽烾熾痓痸瘈瘛硳翄翅翤翨腟赤趩跮遫鉓銐雴飭饎饬鶒鷘𠞩𠡠𠧚𠧵𠮟𠻟𡚨𡣀𢂝𢜳𢨒𣐃𣙰𣚩𣤩𤆍𤡏𤰠𤸪𥛚𥱻𦂋𦎚𦏿𦔫𦘪𦤸𦥊𧤍𧩼𧺠𧺧𧺿𧼪𨂰𨔤𨧳𨨬𩥲𩷧𩾕𩿪𪀦𪅍𪅙𪆵𪉄𪉅𪉗𫛶𬤘𬴇𰒒𰸛𲎅]→chì; • … • [㒓㛥㣛㣵㧺㭼㯓㳠㹺㿹䂿䈋䈳䍇䍝䎓䑜䑽䓠䜚䳴䵬䶀䶁嚺崉拓挞搨撻榻橽毾涾澾濌狧禢誻譶踏蹋躢遝錔闒闥闼阘鞜鞳鮙𠉂𠴲𠷍𢃕𢺉𣗶𣝋𣥂𣥷𣯚𤄥𤒻𤛣𤠐𤠟𤿽𥗓𦍒𦐇𦑇𦑲𦑶𦧛𦧞𦧟𦧥𦧱𦨎𦪙𦶑𦾽𧌏𧔣𧖆𧮑𨃚𨆰𨌭𨔯𨙎𨰏𨵝𩋅𩌇𩌉𩌐𩌘𩎽𪂌𪔕𪘁𪹹𬤕𬤪𮹝𰤨𰵸𰾓]→tà; • … • [㒖㼴偶吘呕嘔耦腢蕅藕𠙶𠴰𣢨𤵎𥐂𥧆𥻑𧖼𧪓𪊪𬉼𬸁𮯵]→ǒu; • … • [㒵㒻㡌㧌㪞㫯㴘㺺㿞䀤䋃䓮䡚䫉冃冐冒媢帽愗懋暓柕楙毷瑁皃眊瞀耄芼茂萺蝐袤覒貌貿贸鄚鄮𠤝𢂹𢅉𢘅𢝌𢯾𢽢𣊃𣔺𣨇𣯀𣴟𣴼𤥰𤲰𥈆𥟪𦀸𦼪𧠊𨩩𩛨𩫁𩿂𪃑𫄜𫤸𬆾𬥈𬪍𲌰]→mào; • … • [㓂㰯䍍䳹冦叩宼寇扣敂滱瞉窛筘簆蔲蔻釦鷇𡠆𢚫𢟭𣻎𣿟𥊧𥲃𦴎𦶲𧥣𩀠𪄺𪇄𫃜𬆮𬬪𬸬]→kòu; • … • [㓄㣀㮳㯢㴨㼉䀕䊶䏖䝩䟴䨯䲴䳲侲圳塦挋振揕敶朕栚甽眹紖絼纼誫賑赈酖鋴鎭鎮镇阵陣震鴆鸩𣃵𣏖𣒅𥤤𨌑𨳌𨸬𩄛𩊡𩊨𩑘𩒪𩾺𪁧𪐲𫍨𰬛𰿦𱊙]→zhèn; • … • [㓈䗒並併倂偋傡垪寎并幷庰摒栤病竝誁靐鮩𠊧𢆩𢊜𢔧𣰜𥖬𦡻𦿅𨆱𨋲𩬝𩮟𬣲𬦴]→bìng; • [㓉㖪㗲㘞㦎㦜㦯㨯㩇㯉㸌㺢䁨䂄䄀䉟䐸䨥䬉䰥䱛俰咟嚯嚿奯惑或捇掝旤曤楇檴沎湱濩瀖獲癨眓矆矐祸禍穫耯臛艧获蒦藿蠖謋貨货鑊镬閄霍靃𠙞𠯐𠵾𡄴𡓘𡪞𡿿𢃎𢛯𢝇𢞕𣄸𣉒𣤨𤁹𤊴𤏘𤐰𥇙𥊮𥒠𥙨𥝂𥽥𦑌𦒧𦞦𧆑𧤴𧯆𧯱𨐶𨘌𨙀𩆀𩞺𩟨𩟸𩪭𪒩𫩥𫯥𫽇𬀥𬩎𬮘𬮨𮬟𰵼𰺨]→huò; • [㓋㔶㯯䇨䔈共羾莻貢贡𠌕𠞖𡔕𡟫𥧡𦩼𪄌𫝪𬊎𬠈𰱀𱖭]→gòng; • … • [㓓㽖䔜䛁䶲侽南喃娚抩暔枏柟楠男畘莮萳諵遖难難𢪈𤌔𤱣𤽲𦶈𧇙𧕴𨴌𨴘𨵴𩹞𫺷]→nán; • [㓖㘠㘩㙄㡀㢰㢶㢸㧙㪤㮿㯇㱸㳼㻫㿫䀣䁹䄶䉾䊧䋔䎵䏶䕗䖩䟆䟤䠋䧗䩛䪐䫁䬛䮡䯗佖咇哔嗶坒堛壁奰妼婢嬖币幣幤庇庳廦弊弻弼彃必怭怶愊愎敝斃枈柲梐毕毖毙湢滗滭潷濞煏熚狴獘獙珌璧畀畁畢疪痹痺皕睤碧禆笓筚箅箆篦篳粊綼縪繴罼腷臂苾荜萆萞蓖蓽蔽薜蜌袐裨襅襞襣觱詖诐貱賁贔赑跸蹕躃躄避邲鄨鄪鉍鏎鐴铋閇閉閟闭陛鞸韠飶饆馝駜驆髀髲魓鮅鷝鷩鼊𠈺𠋯𠓷𠡂𠦈𠨘𠩿𠮃𠽩𡚁𡛗𡠚𡻞𡽶𢁽𢅩𢐦𢖬𢘍𢲾𢴩𣁉𣁢𣋹𣘥𣝍𣢠𣥣𣦇𣦢𣩩𣭤𣮐𣯴𤂀𤅹𤐙𤗚𤙞𤜻𤠺𤡝𤢣𤵘𤹝𤻖𥆯𥈗𥛘𥟗𥢦𥳆𥴬𥷑𦂖𦑞𦔆𦠞𦤫𦯛𦰙𦱔𧏻𧒀𧓄𧥑𧫤𧲜𧳠𨋥𨋩𨐨𨚍𨚓𨠔𨵰𨸼𩉫𩊰𩑻𩪖𩪧𩲢𪋜𪍪𪏺𫄞𫎳𫖒𫗣𫚑𫜁𫼫𫽳𬙝𬠃𬥶𬭽𬳃𮤲𮩛𮲰𰃻𰋾𰛡𰞲𰬎𰬤𰻳𱁴𱂅𱅈𱌉]→bì; • [㓚㕬䂵䍔䐵䢼䰸䲲䳍供公功匑匔厷塨宫宮工幊弓恭愩攻杛熕碽糼肱蚣觥觵躬躳髸龏龔龚𠇒𡚑𢁠𢖷𤅐𤱨𥫋𥸲𦄜𦊫𦔸𦞗𦞨𦬘𧆷𧎡𧘏𨉫𨊧𨋝𨋷𨒱𨴛𩃙𩐣𩛘𪏠𪏢𫺌𮭥𰑟𱍁]→gōng; • … • [㓥䞶䠀劏嘡汤湯羰耥薚蝪蹚鏜鐋铴镗鞺鼞𢴳𦳝𨲗𰰢]→tāng; • … • [㓮㚋㢯㹦䂏䘟䳂凋刁刟叼奝弴彫殦汈琱瞗碉簓虭蛁貂雕鮉鯛鲷鳭鵰鼦𠚥𠚻𠶰𥮐𦨣𦶌𦸔𧘨𧘩𨸓𩀜𩾗𫛲𬡍𬭕𱉈]→diāo; • … • [㓲㾫偏囨媥犏篇翩鍂鶣𢉞𢐃𧡤𨲜𬸜]→piān; • [㓳㫝䃅䍕䐎䧑仾低啲埞堤奃彽氐滴磾羝袛趆鍉镝隄鞮𠍪𠽰𡄷𡛜𡰖𣅥𣚌𣲢𤞈𥾬𥿄𩉱𩑾𫔂𬲮]→dī; • … • [㓵㔩㖾㗁㟧㠋㣂㦍㧖㩵㮙㷈䆓䑥䑪䛖䝈䞩䣞䫷䳬偔僫匎卾厄呃呝咢咹噩垩堊堨堮姶屵岋峉崿廅恶悪惡愕戹扼搤搹擜櫮歞歺湂琧砐砨硆礘腭苊萼蕚蚅蝁覨詻諤讍谔豟軛軶轭遌遏遻鄂鈪鍔鑩锷閼阨阸頞顎颚餓餩饿魥鰐鱷鳄鶚鹗齃齶𠥕𠥜𠰜𠱥𠱫𡀾𡅡𡪑𡪗𡴯𡾙𢃲𢨡𢼚𣢛𣤲𣦵𤂷𤎣𤡾𤪄𤭼𤸱𤹺𥋙𥑾𥓈𥔲𥯳𦊪𦛅𧊜𧌄𧍬𧠞𧨟𧭪𧼎𨂁𨃃𨌧𨤕𨸷𨺨𩇠𩉴𩊢𩋊𩐰𩕟𩕬𩖀𩚬𩨮𩪤𩸇𩸋𩸖𩽹𪀝𪅴𪘊𪘐𪙯𫫇𰲸𰵤𰽞𱂨𱃽𱈚𱩽]→è; • [㓶㗫㛍㤲㥦㹤㼤㾀㾜䟙䤿切匧厒妾怯悏惬愜挈朅洯淁穕窃竊笡箧篋籡緁藒蛪踥郄鍥鐑锲鯜𠁠𠩂𠲵𡂠𡐤𡝍𢲶𢺅𣠺𤴼𤷾𥪵𥿚𦆍𦼰𦿋𧑨𧚪𧫕𧻘𧻧𨄊𨉪𨖰𩣴𪑗𪙌𫺁𫺂𮰾𰬡𰬶𱞝]→qiè; • … • [㓺㔋㡨㦰㭴䌑䌠䓸䔐䘋䛓䶢䶬兼冿囏坚堅奸姦姧尖幵惤戋戔搛椷椾樫櫼歼殱殲湔瀐瀸煎熞熸牋犍猏玪瑊监監睷碊礛笺箋篯緘縑缄缣肩艰艱菅菺葌蒹蕑蕳虃覸豜豣鐧鑯間间鞬鞯韀韉餰馢鰹鲣鳒鳽鵳鶼鹣麉𠫘𠼤𠿏𡄑𡬵𢃬𢐆𢦺𢨿𢳚𣘖𣘷𣚙𣝕𣮏𣽖𤍖𤪋𥊇𥌈𥡝𦋰𦏔𦣨𦽇𧂢𧢖𧤨𧥈𧲨𨔥𨳡𨳿𨴾𩅼𩆷𩇏𩋋𩌯𩍎𩛧𩱃𪏊𪐻𪒹𪟎𫈉𫛚𫪄𫽐𬃦𬊗𬰱𬳆𬺍𰀢𰞤𰠛𰧔𰯲𰱇𰿈𱊋𲍯]→jiān; • … • [㔃㔢㟲㤜㩱㭈㭾㰐㲄㵐㷾㸕㹟㻕䀗䁷䇶䏐䏣䐘䖼䘿䙠䝌䞷䠇䡈䣤䦆䦼亅倔傕决刔劂勪匷厥嚼孒孓屫崛嶥弡彏憠憰戄抉挗捔掘攫斍桷橛橜欔欮殌氒決泬灍焳熦爑爝爴爵獗玃玦玨珏瑴疦瘚矍矡砄絕絶绝臄芵蕝蕨虳蚗蟨蟩覐覚覺觉觖觼訣譎诀谲貜赽趉趹蹶蹷躩逫鈌鐍鐝钁镢駃鴂鴃鶌鷢龣𠀔𠄌𠄑𠊬𠎮𠜾𠢤𠨊𠫃𠶸𡈅𡚠𡲗𡳾𡾜𢁪𢎹𢏷𢔱𢖦𢨏𢩯𣅡𣖬𣬎𤛦𤞴𤟎𤹋𤼗𥆌𥏘𥕲𥛯𥤘𥾮𦁐𦏅𦓐𦛲𦠒𦪘𧍕𧗫𧝃𧣸𧤼𧥎𧮫𧱝𧺐𧽸𧾵𧿺𨊿𨏹𨬐𨰜𨼎𨼱𩊺𩍷𩏺𩓻𩧏𩧡𩪗𩰨𪁠𪈴𪖜𪚅𫈵𫔎𫘝𫛞𫞝𫦌𫦳𬺖𱉔𱊧𱱱]→jué; • … • [㔉㵭䘢䰞丶主劚嘱囑宔拄斸渚濐煑煮瞩矚罜詝陼麈𠰍𡺐𢁼𣔯𤆼𤲑𥋛𦅷𦉐𧉞𩒊𩨻𪋰𬙅𬣞𮳢]→zhǔ; • … • [㔓㨵㳨㶕䄯䅐䉍䚊䟰䭠䮿䵡䵤䶠俭倹儉减剪劗囝堿弿彅戩戬拣挸捡揀揃撿暕枧柬梘检検檢減湕瀽瑐睑瞼硷碱礆笕筧简簡籛絸繭翦茧藆蠒裥襇襉襺詃謇謭譾谫趼蹇鐗锏鬋鰎鹸鹻鹼𠍚𠏇𠐻𠹟𠽱𡄓𡅶𡑯𡭭𡾰𢆞𢍫𢩀𢵈𣜭𣠷𣥞𣳲𤄒𥀹𥍀𥍹𥢇𥳒𥳟𥳷𦁲𦂇𦢣𦺍𦺘𧀇𧅆𧬫𧮈𨢑𨣇𨤄𨰓𩉍𩟗𩽜𪒫𫀨𫊱𫍿𫗚𬘖𬤯𬰣𬲕𬴏𰉱𰝗]→jiǎn; • [㔕㗊㗱㘍㙫㠍㠎㡮㤂㥛㧀㭲㲺㴔㴕㻷㽺㾊䁒䐕䚐䞘䟌䣢䩯䲯䳭亟亼亽伋佶偮卙即卽及叝吉堲塉姞嫉岌嶯庴彶忣急愱戢揤极棘楫極槉橶檝殛汲湒潗濈焏狤疾瘠皀皍笈箿籍級级耤膌艥蒺蕀蕺藉螏襋觙谻趌踖蹐躤輯轚辑郆銡鍓鏶集雦雧霵鶺鷑鹡𠑃𠓞𠗏𠦫𠨠𠫷𠯉𠶻𠹋𠿠𡁰𡃃𡅺𡦪𡹪𢃺𢉗𢏞𢰒𢱣𣏡𣖷𣘐𣛔𣜇𣣝𣳃𣹜𤊵𤎗𤠎𤷉𤺷𤿠𥈂𥊬𥋥𥒡𥕂𥖙𥠋𦎢𦝖𦠾𦩧𦵾𦶍𦺩𦺴𧉆𧉍𧎿𧤏𧥄𧧩𧩦𧪠𧮭𧽑𨂢𨋉𨤹𨦮𨪏𨸚𩀖𩦤𩴃𪂺𪄸𬤅𰺟𰽲𱉼𱊢𱏅]→jí; • … • [㔜䟦䮂䳊叐坺墢妭抜拔炦犮癹胈茇菝詙跋軷颰魃鼥𢇷𥎱𦳺𧺡𧺺𩊤𩖽𩙥𫐈𱅄]→bá; • … • [㔠㰨㰰䠍傄呷煆疨瞎虲虾蝦谺閕颬鰕𠽫𣢗𤗭𥁆𧇍𧦎𧪕𧯋𨳉𩮂𫚥𰿩𱃕]→xiā; • … • [㔰㶇䬖䬝䯒姮恆恒桁横橫烆珩胻蘅衡鑅鴴鵆鸻𠔲𠧿𡧦𣕲𤮏𥞧𦶙𧝒𩙯𪏓]→héng; • … • [㔽㞁㵸㿑㿢崾曜熎燿獟矅穾窔筄纅耀艞药葯薬藥袎要覞詏讑鑰钥靿鷂鹞鼼𠍩𠟋𠹑𡶂𢅹𢝍𢺇𤂼𤄶𤒝𤾫𥁒𥃺𥌺𥤹𥪯𥬓𦇬𦡱𦤋𧇠𧢢𩑴𩯛𩳔𪖐𬌮𬺟𰶏]→yào; • [㔾㰹㲔㷿㸝㺤㾾㿌䂅䄳䆎䉳䊱䩂䯭䯹䵌仙仚佡僊僲先嘕奾嬐孅屳廯忺憸掀攕暹杴枮氙珗祆秈籼繊纎纖纤苮莶薟褼襳跹蹮躚酰銛鍁铦锨韯韱馦鮮鱻鲜鶱𠏓𠏡𠫄𢒆𢕖𢖎𢫿𢹚𣑹𣔙𣞘𣮾𣰷𤈷𥑻𥟕𥬍𦒜𦧐𦸊𧫹𧱀𧸂𨁅𨇤𨚾𩈖𪄏𪄷𪫺𫏨𫰰𬸣𱈜]→xiān; • [㕁㩁㰌㱋㱿㲉㴶㹱㾡䇎䍳䦬䧿䲵却卻埆塙墧崅悫愨慤搉榷燩琷皵硞确碏確碻礐礭趞闋闕阕雀鵲鹊𠞗𠳞𡇱𡉉𢠬𣒗𣛵𣤇𣪹𤣅𤷽𤿋𤿩𤿵𥀎𥕹𥗙𥜵𥩢𧢩𧢭𨞩𨢜𨴊𨴒𨵗𩤈𪏈𪏨𪖀𪫸𬒈𬮯𮸧𰉩𳈆]→què; • [㕄㡳㡶㫑㮹㲛䅩䇛䛗䤠䳅凪劧只咫址坁夂帋徵怾恉扺抧指旨枳止汦沚洔淽疻砋祉紙纸芷藢衹襧訨趾軹轵酯阯黹𠮡𠼠𡙑𡱔𢇨𢛍𢰙𢷸𢽃𢽗𢾫𣔐𣖌𣚠𣲵𤶓𤸓𥒗𥔊𦐖𦰘𧊙𧛢𧜚𧝉𧠴𧸅𧸕𨎌𨬚𨰛𨵂𩬺𪑜𫍶𫟞𰽠𱉙𱼷]→zhǐ; • [㕅㪴㮖㿓䀫䕛䛟䩡唊圿忦恝戛戞扴荚莢蛱蛺裌跲郏郟鋏铗頬頰颊餄鴶鵊𡊠𢫢𥇗𥑔𥞦𥞵𦎱𦧮𦸘𦺧𦽤𧿵𨒇𩉡𩚲𩛩𩠃𪇷𪈟𫛥𬡒𰇕𰵢𱉥]→jiá; • … • [㕈㠖㠯㫊㰝㰻䉝䝝䧧䭲䰙乙以佁倚偯崺已庡扆攺敼旑旖椅檥矣礒笖舣艤苡苢蚁螘蟻裿踦輢轙逘酏釔鈘鉯钇顗鳦齮𠮙𠯋𡼎𢙇𢦕𢷔𤝳𥏜𥑴𥫜𥰧𦮸𧔮𩛆𩠂𩡖𩡣𩾠𪐣𪘃𪙴𫐎𫖮𬺈𭩚𮰸𰲹𰹵𱉇]→yǐ; • [㕉㕎㝓㤩䆟䙐䶗克刻勀勊堁娔客尅恪愙氪溘碦礊緙缂艐課课锞騍骒𠛳𠡜𠡤𠢹𠩧𠪒𠪟𠳭𠶲𠷄𡞢𡱼𢩏𢾩𣩄𣲊𣹇𤛗𥊉𥔽𥦨𥯚𧈗𧛾𧜡𧠋𩭽𩰻𩱘𪃭𮯙𱿣]→kè; • … • [㕕㪱㬇㹖㼫䀓䆠䍺䒛䠉䯘唤喚喛奂奐宦嵈幻患愌换換擐梙槵浣涣渙漶澣烉焕煥瑍痪瘓睆肒藧豢逭鯇鯶鰀鲩𠺐𠻍𡅱𡅻𡷗𤡟𤢁𤴯𤽅𤽕𥈉𥏇𥠅𦌦𦝝𧚁𧴊𨜌𮝹𲍗]→huàn; • … • [㕟䕚䙆䙌䙡䯣䰎匮喟嘳媿嬇尯愦愧憒樻欳溃潰瞆篑簣籄聩聭聵腃蒉蕢謉鐀鑎餽饋馈𠣠𠿥𣧼𤆂𤏜𥏙𧂠𧄑𧑋𧝷𧷛𨡺𨣈𪡞𫍷𫝬𭫀𰷨𱆃]→kuì; • … • [㕡㗿㥺㪃㪉㭱㮝㮫㹇㿥䃒䅂䒩䕣䞦䢔䫘䮤䶅何劾合咊和哬啝姀峆惒敆曷柇核楁毼河涸渮澕熆狢皬盇盉盍盒礉禾秴篕籺粭紇纥翮荷菏萂蚵螛覈訸詥貈郃鉌鑉闔阂阖鞨頜颌饸魺鲄鶡鹖麧齕龁龢𠘢𠚔𠧕𠰓𠳇𠶹𠻙𡇞𡇶𢄍𣏷𣲲𣿌𤈧𤖱𥝖𥝸𥞄𥞍𥟃𥻉𥽶𦃔𦇸𦒏𦛘𦛜𦳬𦼵𧇎𧇮𧊬𧝳𧪞𧭳𧮵𨋟𨍇𨜱𨜴𨨛𨴢𩅢𩌡𩩲𪈊𪘹𪡛𫓼𫠁𬌗𮳆𰇡𰵝𰵣𰽬𱋇]→hé; • … • [㕣㚧㢂㫃㭺䁙䄋䌪䍾䎦䗺䣍䤷䲓䶮乵俨偃儼兖兗匽厣厴噞夵奄嵃巘巚弇愝戭扊抁掩揜曮棪椼檿沇渰渷演琰甗眼縯罨萒蝘衍裺褗躽遃郾酓隒顩魇魘鰋鶠黡黤黭黶鼴鼹齞齴龑𠆲𠍛𠻤𡙶𡹶𢅠𢇘𢈂𢯼𢸴𢾑𣃧𣃳𣄉𣄑𣝎𣼠𤂠𤗎𤟇𤫣𤯇𤸹𥀬𥃿𥍻𥜒𥣘𥤴𥯃𦁙𦏹𦖈𦧡𧊔𧞣𧠦𧥜𧽉𧽞𧾤𨀅𨁹𨂪𨃰𨒄𨟹𨠭𨺥𩗷𩻖𪒝𪒠𪗙𪗤𪠏𪡋𪩘𫚢𫜮𫾁𬙁𬙂𬥺𬸘𮴼𰎹𰖈𰗜𰳹𱂫𱌫]→yǎn; • [㕤㛏㞗㟈㤹㥢㧨㭝㷕㺫䊵䎿䜪䟵䣇䤛俅叴唒囚崷巯巰扏梂殏毬求汓泅浗渞湭煪犰玌球璆皳盚紌絿肍莍虬虯蛷蝤裘觓觩訄訅賕赇逎逑遒酋醔釚釻銶鮂鯄鰽鼽𠗈𡲚𢈝𢘄𢛃𢦎𣧝𣭳𤕾𤞰𥥽𥭑𦬖𦰪𧔭𧣕𧤕𧺤𧻱𨒊𨟽𨱇𨲒𨺧𩒮𩔕𩗕𩵍𩾁𫚧𫟲𬘕𬱓𮉠𰬗𱇠]→qiú; • … • [㕲㟆㠏㦊㭉䔢䱻䴳䶤华姡搳撶滑猾磆華蕐螖譁釪釫鋘鏵铧驊骅鷨𠳂𢼤𤁪𥉄𥢮𦧠𦽊𧑍𧨋𧽌𩤉𪉊𫺆𫼧𬈾𬬨𬭌𮬡𰵻𰽗𱋎]→huá; • … • [㕹㘺䇅䣹乏伐傠垡姂栰橃浌疺瞂笩筏罚罰罸茷藅閥阀𠞵𤇰𥩱𦪑𨀳𨋺𫭨𭩰]→fá; • [㕺㚠㩋㪣㲖㹲㺒䌃䎄䨭䬘䴛侾呺哓嘐嘵嚣嚻囂婋宯宵庨彇憢揱枭枵梟櫹歊毊消潇瀟灱灲焇猇獢痚痟硝硣穘窙箫簘簫綃绡翛膮萧萷蕭藃虈虓蟂蟏蟰蠨踃逍銷销霄驍骁髇髐魈鴞鴵鷍鸮𠈬𠑪𠹎𡟣𡣾𡯩𡷸𡼚𢓮𢙒𢪶𢭦𢸳𣕇𣠎𤎻𤑳𤞚𤠖𤡔𤣠𤺃𥆔𦏷𦐺𦟞𧄤𧳍𧵱𨊅𨴹𨶅𩋍𩙚𩙮𩧓𩫂𩫳𩱴𩾒𩾓𩾾𪁎𪮋𪵑𫋇𫔲𬷽𰘩𰡊𰮝𱅮]→xiāo; • … • [㖇㧫䋩䎟䎠䮘侕儿児兒唲峏栭洏粫而聏胹荋袻輀轜陑隭髵鮞鲕鴯鸸𡦕𣩚𤽓𥅡𦓓𦓔𨎪𩰴𩱊𪕨𪭧𮝵𰺚]→ér; • [㖊㜄㡄㨚㰬㵌㽦䋸䖲䘩䙉偱噚寻尋峋巡廵循恂揗攳旬杊栒桪樳毥洵浔潯灥燅燖珣璕畃紃荀荨蟳詢询鄩馴鱏鱘鲟𣌨𣖼𤃺𤛧𤿟𥒘𥙣𥳍𥾡𦅀𦅑𦠅𦳣𧾝𧾠𧾩𨀴𨼔𩖰𪀠𪀽𫊻𫞅𫭯𬊈𬍤𬘓𬩽𰕁𱈓]→xún; • … • [㖒㡗㣢䅠䔶䚣䛱䨑䬫䬾䱱偍厗啼嗁崹徲惿提漽瑅碮禵稊綈緹绨缇罤苐荑蕛蝭褆謕趧蹄蹏遆醍銻鍗題题騠鮷鯷鳀鴺鵜鶗鶙鷤鹈𡰎𣄍𣖅𣖸𣸒𣹲𤗘𤚢𤟥𤟾𤭌𥉘𥳳𥶛𦌢𦻀𧀠𧀰𧋘𧔩𧙣𧡨𨠏𨪉𨴼𩋣𩛑𩛶𩝊𩿷𫘨𫛴𫛸𬲻𬶕𬶤𰨖𱉩𱊕]→tí; • … • [㖣䞬䟝綉透𣛾𧺢𨔙]→tòu; • [㖤㟏㟔㮀㶰㼨䈄䎏䗙䤴䥁䨡䶃函凾含咁唅圅娢寒崡嵅晗梒浛涵澏焓琀甝筨肣虷蜬邗邯鋡韓韩魽鿰𠗴𠤮𠤾𠥴𠦊𠲒𠿑𡇜𢔈𣘞𣢟𣵷𤬯𤭙𥀐𥆡𦜆𦞞𦥖𦺦𧃙𧑚𩄙𩦊𫒶𬉧𰾅]→hán; • … • [㖵㗆㠷㦴㭘㵧㷴䈓䐙䗘䘁䛿䨣䪂䪺䫦佮匌呄嗝塥愅挌搿敋格槅櫊滆獦膈臵茖葛蛒裓觡諽輵轕镉閣閤阁隔革鞈鞷韐韚騔骼鬲鮯𠲱𠹓𢆜𢓜𢡍𢧧𢩓𢯹𢼛𣭝𤠇𤩲𥉅𥢸𥴩𥺊𦑜𧈌𧈑𧈖𧊧𧿩𨍮𨏚𨏴𨐥𨞛𨼣𩎎𩢛𩨀𩹺𩹿𩼙𪄎𪌣𫚗𫠅𬤑𬤒𬨍𬮤𮝺𱂆𱋓𱗋𱤗]→gé; • … • [㖸㰒㶅㿱䋉䱑乴噱壆学學岤峃嶨斈泶澩燢穴茓袕觷踅雤鷽鸴𢯳𢼺𥀣𦥯𧉢𧸗𰃮𰉽𰴣]→xué; • … • [㖽㟙㣱㳻㺓䇥䕉䕪䯔䰹䶦则則唶啧嘖嫧帻幘択择擇樍歵沢泎泽溭澤皟瞔矠礋笮箦簀舴蔶蠌襗諎謮責賾责赜迮鸅齚齰𠟻𡸦𣛸𣤈𣼦𣿐𤖓𤝢𤢟𤾀𥍱𥎍𥼃𦔈𦟜𧶷𨕠𨖊𩂖𩄾𩌪𩔳𪌟𪪴𫋷𫖴𫜬𬺉𰌇𰦰𰲵𱉟𱌬]→zé; • … • [㗇㘡㽠䖎䖖䘥䛅䪗䫗侠俠匣叚峡峽敮暇柙炠烚狎狭狹珨瑕硖硤碬磍祫筪縀縖翈舝舺蕸赮轄辖遐鍜鎋陜陿霞騢魻鶷黠𠢆𠩘𡈮𢈙𢈤𢑓𢘉𢚌𢝅𢻗𣹱𤙇𤪆𤪍𥯾𥰶𦦕𦵯𦾏𧆥𧔂𧕱𨲑𩉾𩎲𩏓𩐀𩝛𪗾𪘘𫨆𬘻𬭪𬯅𰅻𰺡𰾤𱅞𱇟𱊟𲂆]→xiá; • … • [㗌㗧㘉㛿㜱㝂㣥㨁㨖㴛㿃䄺䆈䇧䉅䉜䎺䏯䐭䑇䓌䕌䘭䚦䚳䝰䞃䡹䥍䦯䩢䬹䭁䱃䱥䲀乿俧偫傂儨制劕厔垁墆娡寘峙崻帙帜幟庢庤廌彘徏徝志忮憄懥懫扻挃挚掷搱摯擲擳旘晊智柣栉桎梽楖櫍櫛治洷滍滞滯潌瀄炙熫狾猘瓆畤疐痔痣礩祑秩秲秷稚稺穉窒筫紩緻置翐膣至致芖蛭螲袟袠製覟觗觯觶誌豑豒豸貭質贄质贽跱踬躓軽輊轾迣郅銍鋕鑕铚锧阤陟隲雉駤騭騺驇骘鯯鴙鷙鸷鿵𠊤𠊷𠋤𠍜𠓶𠘖𠚅𡀹𡂒𡍶𡏚𡑘𡖧𡠗𡠹𡮞𡽆𢄢𢄱𢅁𢊁𢍧𢐂𢕞𢖇𢖿𢙺𢚨𢡒𢧤𢯶𢴠𢴧𢻙𣗻𣥰𣨋𤆒𤓕𤖞𤛱𤞂𤞌𤦄𤦮𤧜𤴛𤴟𤴢𤿙𥇕𥍭𥎹𥏄𥏊𥏰𥏷𥒓𥠈𥠽𥣮𥭡𥴒𥹩𥿮𦃘𦛧𦜋𦟔𦤻𦥎-𦥐𦭮𦯯𧙁𧠫𧣭𧣾𧤡𧨰𧫡𧸲𨁷𨃯𨆧𨎉𨑨𨒉𨖹𨟊𨡐𨧵𨫔𨻆𨿛𩊝𩊴𩋩𩧄𩷓𩹈𩻼𪁊𪁓𪁩𪏀𪗻𫐋𫔵𫘠𫞢𫟬𫪪𬃊𬘽𬢌𬣛𬺁𮉢𰊂𰑬𰓜𰛤𰧉𰬫𰵧𱀑𱃸𱅊𱇹𱉛]→zhì; • … • [㗔㩃㩷㪠䀒䇂䉦䙴䞿仟佥僉兛千圱圲奷婜孯岍悭愆慳扦拪掔搴撁攐攑攓杄檶櫏欦汘汧牵牽瓩竏签箞簽籤粁臤芊茾蚈褰諐謙谦谸迁遷釺鈆鉛钎铅阡雃韆顅騫骞鬜鬝鵮鹐𠑲𠔺𠠃𠬾𢃥𢋔𢌍𢍱𢜩𢧥𣘝𣟋𣢬𣢲𤠿𤿷𥏥𥜴𥱺𥲢𦖎𧘜𧛓𧟑𧢞𧮮𧲀𧽐𨐋𨐩𨓲𨝍𨦄𨨘𩋆𩨓𩪢𪇇𪉻𫓪𫖶𫣛𫽥𰀡𰔲𰗬𰾑𱁶𱆀𱆁]→qiān; • … • [㗗㽡䥯卑悲揹杯桮椑盃碑藣鵯鹎𢃍𣬍𤵛𤷁𤿾𥏓𥶓𦈧𦈶𦩖𧼠𩔹𰱯]→bēi; • [㗘㟑㩧㩭㪍㬍㬧㴾㶿㹀㼎㼟㼣䂍䊿䌟䍸䑈䗚䙏䞳䟛䢌䢪䥬䪇䪬䬪䭯䮀䯋䰊䳁䵗䶈亳仢伯侼僰勃博嚗帛愽懪挬搏欂浡淿渤煿牔犦犻狛猼瓝瓟礡礴秡箔簙肑胉脖膊舶艊苩葧蔔袯袹襏襮豰踣郣鈸鉑鋍鎛鑮钹铂镈餺馎馛馞駁駮驳髆髉鲌鵓鹁𠧛𠮭𠷺𠸳𡋯𢐾𢠺𢣞𢩞𢫯𢺽𣋵𣛓𣧧𣭷𣽡𤃵𤒔𤗺𤚽𤶋𤾝𥜖𥭖𥴮𥹸𦃙𦈞𦋉𦤚𦤣𦯉𦰬𦼭𦽮𧇚𧟱𨈩𨍭𨏫𩃶𩄿𩌏𩍿𩏯𩓐𩗀𩗒𩗓𩙦𩟕𩣡𩱚𩷚𩽛𪌰𪍡𪙍𫗈𬮁𬹇𬺏𰾀𱃳𱅐𱅓]→bó; • … • [㗜嗅岫峀溴珛琇璓秀繍繡绣螑袖褎褏銹鏥鏽锈齅𢓵𤚯𧙏𪁮𫔊𰬩𲇙]→xiù; • … • [㗤䃚䙯䛤䟟䠞䥄䥘促噈媨憱猝瘄瘯簇縬脨蔟誎趗踧蹙蹴蹵醋顣鼀𠑯𠛙𡄱𡞜𢄧𢈠𢪃𤗁𤠽𥪱𥷼𥻒𥾛𦈚𦟠𦠁𧼜𪓡𪓰𪕝𪚯𫖹𫜟𫠀𬣹𱋾]→cù; • [㗥㾧䟯䦢䯺廓懖扩拡括挄擴桰濶筈萿葀蛞闊阔霩鞟鞹韕頢髺鬠𠚳𠠎𡎒𡻙𢠛𤫵𥕏𦧍𦧔𨓈𨨱𨶐𩋻𪗽𫘽𬺄𱨸]→kuò; • … • [㗬㦋㪥㾴䐒䵙䶥偧吒哳喳奓扎抯挓揸摣柤査楂樝渣皶皻觰譇齄齇𠭯𠯩𠽣𢄄𤹡𥡧𥹁𦟰𦳏𧩫𧬅𩮎𪗭𪗵𬣾𬤜𬺀𰶄𱨙]→zhā; • [㗰㼻䉘䕺䳷丛从叢婃孮従徖從悰慒樷欉淙漎潀潨灇爜琮藂誴賨賩𠂥𠕁𠙂𠢛𠤰𡅇𡦷𡵷𢃏𣃗𣊷𤄓𥵫𦇱𧐱𧓏𨒀𩯍𫓽𫟡𫩛𬎧𬟺𰛏𰷥]→cóng; • … • [㗻㳡㿆呙咼啯嘓埚堝墎崞彉彍濄瘑聒蝈蟈郭鈛鍋锅𡓣𣁯𣂄𣒌𣽅𣽰𥂣𦗒𦘌𦬗𨽏𩫏𩰬𩰭𪆹𪈃𫓨𫪀𬏮𭚦]→guō; • … • [㘅㘋㛾㡉㢺㭹㮭㯗㰊㳄㳭㵪䕔䝨䦥䲗伭咸唌啣妶娴娹婱嫌嫺嫻弦憪挦撏涎湺澖甉痫癇癎瞯礥稴絃胘舷藖蚿蛝衔衘誸諴賢贒贤輱醎銜閑閒闲鷳鷴鷼鹇鹹麙𠓌𠛑𠷢𠿢𡫹𡰲𡿤𢅮𢎙𢐐𢖋𢛆𢮂𣊺𤉌𥲋𥻧𦎵𦑘𦠹𦱁𦽭𧂞𧈁𧼏𨺘𩝈𩤥𩤦𩦂𩱆𪂶𪔩𫍯𬑗𬜾𮬣𰑥𰛵𰣯𰥨𰧇𰬈]→xián; • … • [㘇㝐㣑㭜㲓㲨㺎㼸䇀䇯䈶䘬䠜䡆䡥䤊䩸媶嫆嬫容峵嵘嵤嶸巆戎搈搑曧栄榕榮榵毧溶瀜烿熔爃狨瑢穁絨縙绒羢肜茙茸荣蓉蝾融螎蠑褣鎔镕駥髶𠞕𣮪𣯏𣯐𥎂𥑳𥨳𥬪𥼬𦗋𦗨𧎣𨉴𨉷𨲟𩍉𩎂𩮠𪃾𫞡𰽽𱅉]→róng; • … • [㘗㠊㭕㸖㻃䈌䒧䒼䓚䓛䖦䢗䧢伹佉匤区區坥屈岖岨岴嶇憈抾敺曲浀祛筁粬紶胠蛆蛐袪覰覻詘誳诎趋趨躯軀镼阹駆駈驅驱髷魼鰸鱋麯麴麹黢𡱅𡳆𢌷𢴮𢼰𣮈𥬔𥶶𥺷𥽧𦛕𦛱𦸶𧌑𧐅𧠢𧾶𨄅𨧱𨱊𨸟𩖷𩣹𩪍𪌬𪛃𪨰𫍮𫛵𬘛𬶬𰕅𰴜𰴞𱇜𱋐]→qū; • … • [㘤䘎剜塆壪婠帵弯彎湾潫灣蜿豌𠝪𠠪𡇿𡤶𢺯𣡩𧯡𨂺𨈊𨉝𩅦𮱐𱁞]→wān; • … • [㘬㘭㜜㜩㠗㥿䐿䜒䫨䮯傲坳垇墺奡奥奧嫯岙岰嶴慠懊扷拗擙澳薁鏊隩驁骜鿫𢕟𢳆𤺾𥑑𩑍𩕀𩟇𩼈𬣦𬤡𱖎]→ào; • [㘱㨏㳩㴂㵅䆱䑙坍怹摊擹攤滩灘痑瘫癱舑貪贪𠫶𣢌𣵢𣸙𣼚𣽯𦙇𦧏𦧴𦨸𦸁𦼎𬈁𰰆𱮜]→tān; • … • [㘸塟奘弉脏臓臟葬銺𤞛𧕨𨌄𬨋𮷚𱣹]→zàng; • … • [㙂㟋㠚㬣㳔䇏䨴䨺䬈䯟兊兌兑对対對怼憝憞懟濧瀩碓祋綐薱襨譈譵鐓队陮隊𠏮𠜑𠫨𡁨𡷋𡼻𣝉𤄛𤮩𥹲𦡷𦶏𨹅𩄮𩅆𩅥𩅲𩈁𩊭𩐌𪒛𪒡𫢘𬀮𬤣𰰱𰳸𰺃𱁒𱂍]→duì; • … • [㙈㙤㰺丅下乤吓嚇圷夏夓懗梺疜睱罅鎼鏬𡏘𡨄𡺷𢗄𢩹𤟝𥻴𧈄𧪹𧫒𨩽𨻲𨽯𩄗𪄂𬅢𬤀]→xià; • … • [㙓㙺䕫䖯䟸䤆䧶䳫喹夔奎巙戣揆晆暌楏楑櫆犪睽葵藈蘷虁蝰躨逵鄈鍨鍷頄頯馗騤骙魁𠊾𡌤𢌳𤵮𥜶𦝢𧍜𧡦𨾎𨾗𩕜𩠮𩲅𩲷𩵉𩹍𪆴𫛼𬸮𰊛𰾥𱂬]→kuí; • [㙙㴳䡁儱垄垅壟壠拢攏竉篢陇隴龓𢘙𢤱𪐖𫢒𬕂𬧢𰩅]→lǒng; • … • [㙥䵪棍璭睔睴謴𠞬𡻨𧬪𧸫𫬙𬑆𬤆𬤖]→gùn; • … • [㙴㬄㸥䀡䊲䠨䱿䴼刬忏懴懺摲硟羼韂顫颤𢺟𤗻𤪮𤮭𤼋𥊓𧠛𨇦𨳂𩟶𰓼𱟫]→chàn; • … • [㙹㠓㩚䀄䇇䉚䑃䑅䒐䗈䙦䙩䟥䤓䥰䰒䲛䴌䴿䵆儚冡幪懞曚朦橗檬氋溕濛甍甿盟瞢矇矒礞艨莔萌蒙蕄蘉虻蝱鄳鄸霿靀顭饛鯍鸏鹲鼆𠐁𠐧𡚔𢄐𢟼𢤘𢿂𣊔𣞑𣰥𤼁𥄁𥌯𥌱𥣛𥭮𦆟𦊽𦢧𦫰𦱋𦳶𦴔𦷹𦿏𧀆𧁊𧂛𧂡𧞑𧭊𧲍𨞫𨢊𨢠𨣘𨨸𨼿𩄖𩟞𩦺𩴲𩶡𫑡𬴌𰰡𰱉𱄈𱈛𱋮𲎈]→méng; • [㙻㢆㶣㺥䂁䜛䡲䣑䤫䧯䫮僝儃儳劖嚵壥婵嬋孱巉廛棎欃毚湹潹潺澶瀍瀺煘獑磛禅禪緾纏纒缠艬蝉蟬蟾誗讒谗躔鄽酁鋋鑱镡镵饞馋𡎻𢥋𢽝𣔵𣤱𤸦𦝟𧐲𧓋𧕃𧥓𧨗𧴃𧾡𨬖𨮻𨷭𨽊𩮏𩽝𪏁𪏂𪏋𪏦𪓄𪖎𪗂𪚃𫔏𫥎𮣴𰡔𰵭]→chán; • … • [㚐套𣨔𣺮𬘺]→tào; • [㚒㨛㪎㴸㶒䠾晱炶煔熌睒覢閃闪陕陝鿃𠿞𡟨𢒉𢒹𢿈𣪶𤇄𤊼𥄘𥈚𧧵𧴭𨹈𨹊𩆤𩆫𪯋𬊦𰓔𰛛𰛩]→shǎn; • [㚓䂾𢅭𧝝𧵭𨦂]→lǎi; • … • [㚙㹢䂟䕒䴥乫伽佳傢加嘉埉夹夾家抸拁枷梜毠泇浃浹犌猳珈痂笳糘耞腵茄葭袈豭貑跏迦鉫鉿鎵镓麚鿼𠷉𠺢𡩚𡭘𡶥𣪇𣮫𤟚𤠙𥝿𥡮𥹌𦎮𦣯𧉪𧦤𨔗𨔣𩊏𩶛𪐓𪔟𫛤𬂩𰉥]→jiā; • … • [㚡㞆㞛㞦㦸㨈㴉䍤䢳丮几妀嵴己幾戟挤掎撠擠泲犱穖脊虮蟣魕魢鱾麂𠮯𠱨𢓄𢜭𤜝𤜾𥪼𥾊𧾾𨄐𨒴𨳋𩉢𩯋𪂍𫅅𬓠]→jǐ; • … • [㚯㜦枔襑鐔𤫨𩖣𫠇]→xín; • … • [㛁㠮㧸䍬䥋䦕匉嘭怦恲抨梈漰烹砰硑磞軯閛𡼜𢏳𢼩𢽩𤘾𦚝𦯰𨑎𨠟𨺀𩱀𬳴𰹽𰿬]→pēng; • … • [㛑㣓㻮㽩䛹儏摻澯灿燦璨粲薒謲𡛝𣶡𣻬𤅒𥹛𩯞𪆶𬤄]→càn; • … • [㛘䄸䎅䞟䣪䣮䨰䪖䪙䯙岶敀昢洦烞珀破砶粕蒪迫醗釙魄𠾌𢶉𣍸𣬚𤖼𥗟𥵜𦍁𦐦𦑀𦑵𦒟𦥭𦥲𦾕𦿍𧴤𨂩𨑝𩊀𩔈𬱭]→pò; • … • [㛦㧛㨫㩜㰖䌫囕壈嬾孄孏懒懶揽擥攬榄欖浨漤灠爦纜缆罱覧覽览醂顲𠓭𡒄𡓔𡽳𤑸𤣟𥦝𧮤𨎹𨣸𩟺𫝮𫶊𮰽𰈆𰌙𰜐]→lǎn; • … • [㛨墏抢搶繈繦羟羥襁鏹𢐩𥇉𥓌𥶑𫄶𫗳𰊈]→qiǎng; • … • [㛪㢛㦔㬫㰽㷔㷳㷼䂩䛳䜩䞁䢭䨄䳛䳡䳺䴏䶫偐傿厌厭咽唁喭嚥堰墕妟姲嬊嬿宴彥彦掞敥晏暥曕曣椻溎滟灎灔灧灩烻焔焰焱熖燄燕爓牪猒砚硯艳艶艷葕覎觃觾諺讌讞谚谳豓豔贋贗赝軅酀酽醶醼釅隁雁餍饜騐験騴驗驠验鬳鳫鴈鴳鷃鷰𡚇𢇈𢔂𢜰𣃾𣄝𣡕𤅊𤜵𤬝𦁏𦑎𦖧𧩅𨁍𨡎𨡣𨪶𨴣𨶁𨻂𨻳𩃀𩒖𩜽𩩶𩪴𩳢𩸞𪁡𪑈𪙊𫍫𫑷𫘫𫛩𬸧𮭨𮱒𮳖𮹜𰟘𱅬]→yàn; • … • [㛶䐺䗊䜖傝僋叹嘆埮探歎湠炭碳舕賧𣁗𣞔𣴽𧥞𨂞𩤞𪉧𬤂]→tàn; • … • [㛺㞄㫨㸩䀂䅖䢿侒垵媕安峖庵桉氨痷盦盫腤菴萻葊蓭誝諳谙鞌鞍韽馣鵪鶕鹌𠽪𡯏𢰍𣚖𧩸𧫥𧫧𧮍𩽾𪁟𪘒𬸝𱊣𱏋]→ān; • … • [㛼㮑偛叉嗏扠挿插揷杈疀肞臿艖銟鍤锸餷馇𠝞𠞊𡋨𡵌𢔣𢘹𢭅𣆗𤜫𤜯𤳵𤵾𦑈𦝥𦦘𦦜𦦱𨀸𨙳𨪺𩝟𪘾𫟿𬤌]→chā; • [㜃㜻㪝㱨㶑㼑僆堜媡恋戀楝殓殮浰湅潋澰瀲炼煉瑓練纞练萰錬鍊鏈链鰊𠋖𠒵𡆕𡟤𣞰𣟺𣿊𤒦𤗛𤹨𥽸𦣸𧍴𧡴𧸘𧽫𫌫𫎨𫔀𫢪𬋃𬶠𮸀𰛲𱬏]→liàn; • … • [㜓㩉㾑㿯䃮䵣剳匒呾妲怛沓溚炟燵畗畣笪答羍荙薘蟽詚躂达迏迖迚逹達鎉鐽靼鞑韃龖龘𠉤𡈐𢘇𢛁𢝉𣸉𤝰𤨑𥉌𦂀𦑻𦪭𦬹𩏒𩟐𩠅𩣯𩭣𫟼𬊉𬜔𰲻𰾬𱍂]→dá; • … • [㜗䉔䟃䱗傪参-叅喰嬠湌爘飡餐驂骖𠫭𡞋𥢽𦪜𦪫𩝖𩟒𫎺𫢺𬢳𮬞]→cān; • … • [㜡㞱㥖䈡䐋䐫䓗䗓䡯䢨匆囪囱忩怱悤暰枞棇樅樬漗焧熜瑽璁瞛篵緫繱聡聦聪聰苁茐葱蓯蔥蟌鍯鏦騘驄骢𡟟𡹸𢊕𢐔𢔩𤧚𥍷𥎋𥡬𦇎𦗜𦝰𨂴𨍉𨑪𨑹𨡮𨦱𨱸𨲧𩬼𪻐𫓩𮴨𰥒𰭁𰾊]→cōng; • [㜣㲯㸐㾆䔳䕼䖄䫇䳿呥嘫然燃繎肰蚦蚺衻袇袡髥髯𠊌𠤀𠯍𡖝𢓒𣰦𤙼𤡮𤱋𥳚𦫉𪓘𪓚𪚮𫜳𬊾𬙇𬝴𰚪𱍄]→rán; • [㜤㞋㮟䚓捻撚撵攆涊淰焾碾簐跈蹍蹨躎輦辇𠕟𠗋𠣇𡰫𣐏𤁥𦭁𨇍𨋚𨴞𩉄𩊫𪑮𬧑𬨅𬲫]→niǎn; • … • [㜨㾍䍲䘅䯮孻摨熋腉𪌞]→nái; • [㜮㱫䃹嚂滥濫烂燗爁爛爤瓓糷鑭𢒞𢹙𤂺𤃨𥗺𧸦𨣨𩉀𫱕𬊶𬎑𬒇𬞫𬥾𰈓𰫖𰼏]→làn; • … • [㜷㟜㣆㸏䉲䊳䌕䍘䕳䕷䛧䤍䥸䴢冞弥彌戂擟攠瀰爢猕獼瓕祢禰糜縻蒾蘼袮詸謎谜迷醚醾醿釄镾靡鸍麊麋麛𠞧𡄣𡇒𡝠𡬐𡾱𢇲𤦀𥇆𥇎𥈕𥎖𥭫𥮜𥵨𥹄𥽰𥿫𦖬𦗕𦞟𦟂𦰴𧠟𨒲𨢥𨣾𨧮𩔢𩞇𩸹𪋗𪋢𪎗𪓬𪕈𰼑𱌅𲄀𲍰]→mí; • … • [㝗㟍㢃㱢㾿䆡䡙䯖䱶勆嫏廊斏桹榔欴狼琅瑯硠稂筤艆蓈蜋螂躴郎郒郞鋃鎯锒駺鿶𢽂𥍫𥧫𦵧𨞿𨱍𩛡𩷕𪁜𫗨𬸏]→láng; • [㝘䗤喁揘顒颙鰫𧲤𧺸𨦡𩔔𩤛𪅟𫚦]→yóng; • … • [㝟㮘㲠䅦䭷兞堥旄枆毛氂渵牦犛矛罞茅茆蝥蟊軞酕錨锚髦髳鶜𡹰𣬵𣭮𣹪𤛖𤝄𥎟𧍟𧐟𧒚𧓿𧔨𨈥𨥨𨦜𩬞𩭾𫓴𬨁]→máo; • [㝠䄙䆩䊅䫤䳟冥名嫇明暝朙榠洺溟猽眀眳瞑茗蓂螟覭鄍銘铭鳴鸣𥌏𥹆𥿨𦡉𧱴𪗸𬢒𬣮𱊂]→míng; • … • [㞂㱣㾼㿉俀僓腿蹆骽𡯵𰂜]→tuǐ; • … • [㞓㞚㣬䀙䁈䁉䅤䌌䏅䏌䏠䒗䔾䙄䚉䚍䟄䢀䫔䰴呮咠唭噐器夡契弃忔憇憩摖暣栔棄槭欫气気氣汔汽泣洓湆湇炁甈盵矵砌碛碶磜磧磩罊芞葺蟿訖讫迄鼜𠊔𠴹𡍪𡢖𡹓𡹩𡻧𡻰𡽼𢍆𢔆𢔠𢜱𢞒𢢖𢢞𢺵𣔘𣫱𣾤𤺗𤼅𥀻𥄜𥉻𥌁𥓾𥷇𥽳𦈦𦘸𦙊𦚊𦛰𦡹𦧉𦧯𦩣𦪊𧇜𧘧𧙞𧚨𧡘𧻕𧼕𧽓𨁐𨊰𨑤𨒅𨵆𩧌𩨘𪔪𬢐𬮩]→qì; • … • [㞥䅾䤁䨙䲋岑涔笒𣡎𦊃𨁊𨥣𨱼𩅨𩅮𩻛𬱣𱈔]→cén; • … • [㞾㪒㹸䘦䘽䛏䝚伲倪坭埿婗尼屔怩棿泥淣猊秜籾聣腝臡蚭蜺觬貎跜輗郳铌霓鯢鲵麑齯𠆵𠽬𡎿𣢞𣭙𤦤𦤽𦦃𨋗𩚯𩩢𩱄𩸦𩸧𩾆𫐐𫠜𮯴𰯋]→ní; • … • [㟅㦹㬕䁑䖹䬗佯劷垟崵崸徉扬揚敭旸昜暘杨楊氜洋炀烊煬玚珜疡瘍眻禓羊羏蛘諹輰鍚鐊钖阦阳陽霷颺飏鰑鴹鸉𠃓𡩶𡹕𢏙𢽕𣉚𤞢𤢮𥂸𥒞𥬴𥳜𦍕𦍹𦭵𦼴𨋽𨒫𩋬𩤟𩴨𪕫𫚊𫵵𬐠𬭏𰧰𰵌𱁱𱉯𱉴𱸖]→yáng; • … • [㟝㯁䣙䫊培毰裴裵賠赔锫阫陪駍𣬆𣯱𤗏𦸪𧳏𧴥𨓿𨛬𩑢]→péi; • [㟞㺘㻵䋎䗃䘺䪌䱠佔偡占嶘战戦戰栈桟棧湛站綻绽菚蘸虥虦覱譧輚轏驏𡁳𡓦𢈽𢤚𢧐𣳤𤖆𤜇𧀡𧂁𧙭𧝑𧮺𧸪𨇩𨼈𨼮𩆯𩥇𩨍𩰃𪗦𪘪𬘜𬥿𬸵𰊅𰲠𰲳𰹼𰺞𱔯]→zhàn; • … • [㟶㥳㹉䖠䦾䬧䱲䲮䳒䳣元円原厡厵员員园圆圎園圓垣塬妧媴嫄援杬榞榬橼櫞沅湲源溒爰猨猿獂笎緣縁缘羱茒蒝薗蚖蝝蝯螈袁謜貟贠轅辕邍邧酛鈨鎱騵魭鶢鶰黿鼋𠝳𠩠𢆀𢗯𢷻𤬌𥰟𦍼𦿂𧉗𧔞𧳭𧻚𨕗𨸘𨻣𩉯𩍻𩰵𪄁𪔅𪕀𫗟𫘪𫛫𮷸𰵺𱇐𱊒𱠸𲍉]→yuán; • … • [㟺㡞㥪㲎㺏䄛䝏䣚䫫䮫䱾偻僂剅喽嘍娄婁廔慺楼樓溇漊熡耧耬艛蒌蔞蝼螻謱軁遱鞻髅髏𠞭𠳴𡇭𣫻𤋏𤠋𤬏𦎹𧁾𧢃𧰃𧷡𨻻𩏝𩨇𪣻𫍴𫐷𫦉𫷹𰏜𰭚𰰑𰴚𰶬𱁺𱈆]→lóu; • … • [㠐㬭㰾䂃䶷叫呌嘂嘦噍噭嬓峤嶠徼挍敎教斠滘漖潐獥珓皭窌窖藠訆譥趭較轎轿较酵醮釂𠘣𡥈𡬋𢒾𢕪𢥚𢼫𤕝𤫷𥘊𥡤𥦢𦮁𧺜𧾐𨎬𨡃𨲭𩊔𩯘𩱞𪖄𫌯𬮄𰵊]→jiào; • [㠙㩝㬔䝥䧫儫嗥嘷噑嚎壕椃毜毫濠獆獋獔竓籇蚝蠔諕譹豪貉𠚃𠢕𡐒𣘫𤀃𤢭𨂜𨒑𨚙𨼍𩐮𩖸𩫕𬤫𱸡𱺮]→háo; • … • [㠜㥾㦐㲻㵫䁥䘌䵑䵒匿堄嫟嬺屰惄愵昵暱氼溺眤睨縌胒腻膩誽迡逆𠱘𠸺𡎳𡞭𡣁𡫸𡬗𢚮𢛜𢦱𣘗𣲷𥄽𥇄𥺜𦮾𧈞𧏾𧖷𧵼𧺰𨺙𨽦𩈢𩺝𩺱𪏵𪐌𪙛𬘸𬶪𰬳𰵵]→nì; • … • [㠺㲚㸺䤬乷刹剎唦杀桬榝樧殺毮沙煞猀痧砂硰粆紗纱莎蔱裟鎩铩魦鯊鯋鲨𡺧𢅑𢩖𢶌𢼵𣉜𣛶𣡽𣲓𣲡𣶤𣻑𤍁𤑣𦀛𦕉𦭉𦱵𧋊𨪍𩊮𩮫𩵮𪄅𪌮𫚌𬂮𬡕𬮪𬸌𭰒𰰵𰾈𰿳𱋘]→shā; • [㠾㾓䡝䥉䨊冤剈囦嬽寃悁惌棩淵渁渆渊渕灁眢箢葾蒬蜎蜵裷駌鳶鴛鵷鸢鸳鹓鼘鼝𡈒𡈛𡢊𡣬𡷡𢍈𢏮𢱽𣹠𥿎𨀮𨓯𨖳𩛟𩝸𪔗𪔙𰺑𱉧]→yuān; • [㠿㰣㽧㿳䅔䆅䎩䖪䣎䰵乲兹咨嗞姕姿孜孳孶崰嵫栥椔淄湽滋澬玆璾禌秶稵粢紎緇缁茊茲葘觜諮谘貲資赀资赼趑趦輜輺辎鄑鈭錙鍿鎡锱镃頾頿髭鯔鰦鲻鶅鼒齍龇𠀢𡗈𡙛𡸟𢱆𣚀𣚁𣣊𣥨𣯃𣳩𥀖𥕁𥚉𥻍𥼩𥼻𦖺𦺱𧀗𧕓𧛏𧣤𧥕𧹌𧿞𨀥𨍢𨚖𨝳𨩲𩄚𩜊𪅵𪑿𪕊𪗉𪗋𪗐𫚤𫞚𰨳𱊎𱌘𱌙𱰭𱳞𱹼]→zī; • … • [㡕䁐䓨䣐䦫䧹䪯䴍偀啨嘤嚶婴媖嫈嬰孆孾应応愥應撄攖朠桜樱櫻渶煐珱瑛璎瓔甇甖碤礯緓纓绬缨罂罃罌膺英莺蘡蝧蠳褮譍譻賏軈鍈鑍锳霙韺鴬鶑鶧鶯鷪鷹鸎鸚鹦鹰𠠜𠮳𠸄𡎘𢄋𤜉𤣎𤭫𥌽𥌾𥍼𥐑𦔃𦦿𦭬𧓀𧕄𧢛𧮆𧯀𨍞𨟙𨵛𩄪𩹅𪧀𫝭𬢯𬤚𬸕𮐨𮹘𰌀𰡢𰢤𰳗𱩂𲂻]→yīng; • [㡖䃥䚒䭚噇幢床牀𠳹𦔛𧬧𨧖𩃕𩞆𩪘𪁱𬸐]→chuáng; • … • [㡲㵹㶎㿪䝠䥧䦡䭴䴉䴋䴟圜嬛寏寰峘桓洹澴狟环環瓛糫絙綄繯缳羦荁萈萑豲貆轘郇鉮鍰鐶锾镮闤阛雈鬟鹮𠟼𡄤𡍦𡘍𡩂𡱌𢟿𤩽𦣴𦻃𦼉𨕹𩍡𩑖𩙽𩡧𪊥𪍺𪣒𫄠𫜅𬘫𭈮𱢡]→huán; • … • [㡾㦑㦓㪇㬗㺌㽉䁂䃱䃸䉯䏹䐄䙹䤼䦘䧟䧮䨘䨷䱤䵇䶟僩僴县咞哯垷壏姭娊娨宪岘峴憲撊晛橌涀瀗献獻现現県睍粯糮絤綫線縣线缐羡羨腺臔臽苋莧蜆誢豏鋧錎限陥陷霰餡馅麲鼸𠚆𠜎𠯟𡐖𡒓𡞣𢋮𢕭𢖝𢚀𣆕𤁦𤑃𤟅𥓒𥙆𥦶𥰳𥻇𥽏𦋈𦩢𧠒𧻒𧾨𨍒𨏥𨐊𨖱𨘙𨘞𨵬𨸄𩤊𩦹𩧩𪎉𪭾𪾢𬀪𬖑𬖮𬘟𬭣𬮵𮳏𮸠𰂋𰂎𰉚𰊑𰹾𰽢𱇻]→xiàn; • … • [㢈㢑㿗䀃䅪尵弚穨蘈蹪隤頹頺頽颓魋𡷜𢉭𢊮𢟴𤗴𤸉𤻊𥢢𥶐𧝋𧮓𨆨𨗞𨘃𨽟𩓬𩘺𩙬𪨇𫵒𬓼𬤱𬯎𮱣𰣶𰲁𰸞]→tuí; • … • [㢔㷓㹅䙕䰌偬傯总惣愡捴揔搃摠燪総縂總蓗鏓𥠡𨍈𨎢𩭤𬭥𮳳𰬥𰬰𰺔𰾱]→zǒng; • … • [㢧㢾㪻㯞䄅䌸䖭䚈䡓䳪倦劵勌奆巻慻桊淃狷獧眷睊睠絭絹縳绢罥羂蔨鄄隽雋飬餋𠔉𠢚𡘰𡡀𢍏𢎥𣙢𣚓𣜨𣬋𣬏𤲨𤺻𥁠𥆞𥱽𦦽𦳽𦼱𧭦𧯦𨆈𨤑𩏹𰭔𰶍]→juàn; • … • [㣌㣣㪨䄠䚲䡪䥇䦂䦅䱇䱉䴮傓僐剡善墠墡嬗嶦扇擅敾椫樿歚汕潬灗疝磰繕缮膳蟮蟺訕謆譱讪贍赡赸鄯釤銏鐥饍騸骟鱓鱔鳝𠚹𠫹𢕻𢩢𢫔𣓒𣩧𤮜𤺪𥔱𥰢𥸣𦍸𦘹𦶋𧎥𧭽𧷶𩟋𩦐𪍶𫍸𫟶𫮃𬶛𬹎𱇞𱋆𱖒]→shàn; • … • [㣝䯳䯷倯凇娀崧嵩庺忪憽松枀枩柗梥檧淞濍硹菘蜙鍶鬆𢓣𢔋𢤄𣚜𣽫𤾥𧊕𧌻𨠤𨱛𨱿𩃭𪀚𬲪𱉣𲆩]→sōng; • [㣞䐾凙剫喥夺奪敓敚痥踱鈬鐸铎鮵𢜬𢼠𤢕𧩧𨀟𨍏𩍜𩑒𪃒𪞝𫛻𬤏𰺕𱁳𱂠]→duó; • [㣠㫦㹗䀞䈱䑬䤾夲嫍幍弢慆掏搯槄涛滔濤焘瑫絛縚縧绦詜謟轁鞱韜韬飸饕𠇏𠓝𠗆𠚜𠞞𠬢𡺫𤘸𤙎𦍷𦺰𨌨𩎢𩏾𩥅𩹴𬣥𮶃𮷝𰵽𱅣]→tāo; • … • [㣶㮵䦓䩇䱳䶨噡惉旃旜枬栴毡氈氊沾瞻粘薝蛅詀詹譫讝谵趈邅閚霑飦饘驙魙鱣鳣鸇鹯龪𠌲𠟧𡅹𡕁𡭞𢧗𣢤𣮿𤘇𥙡𥶕𦧚𦪣𧋱𧒝𧮪𧽆𧾍𨊈𩉗𩔣𩼼𪃋𪉜𪏉𪡏𫗞𫗴𫘰𰵨𱂷𱌵]→zhān; • … • [㣾㤞䒲䓭䟕䡨䶪侘奼姹岔差汊紁詫诧𣍏𤞠𤳅𥃀𧠈𧫗𧶵𨆇𩴳𪑂𪑨𬺕𮵿]→chà; • … • [㤎䔅仡割咯哥圪彁戈戓戨搁擱歌滒牫牱犵疙肐胳袼謌鎶鴐鴚鴿鸽鿔𠛊𠯫𠸲𠺝𡟍𢎄𤇞𤜊𤭻𦨜𧎺𧗶𨝆𨟶𨾓𩢅𩾷𪀁𪀉𪃿𬤐𬸂𬸠𱉕]→gē; • … • [㤨㧬㫒㭟㺬㼦䂬䡗䱋巩廾拱拲栱汞珙輁鞏𢀜𢸁𤨶𤬳𥧂𥨐𦈩𦓳𨋑𨣂𩌌𫋐𬨆𰺄]→gǒng; • … • [㤷䘶䣻佄哻嫨憨歛蚶谽酣頇顸馠鼾𠵸𡬖𣝽𣢅𣢺𤞶𤸕𧭻𧮰𧮳𧵊𧹣𩈣𫠐𬥴𰙎]→hān; • … • [㥜㦣㷉䊊䗽䘙䙿䜜䡺䪋䬑䭳䮹䲁䵳为位卫叞味喂墛媦尉慰懀未渭為煟熭爲犚猬璏畏硙碨緭罻胃苿菋蔚藯蘶蜼蝟螱衛衞褽謂讆讏谓躗躛軎轊鏏霨餧餵饖魏鮇鳚𠹤𡔱𡶎𢉝𢍚𢙓𢣘𢲴𣈎𣩪𣽴𤀷𤜂𤻅𥉖𥧙𥶽𦝛𦠻𦩝𦪒𦳢𧍫𧒭𧔥𧕞𧲝𧳪𧴖𧸽𨃄𨚘𨢉𨾂𩑵𩗜𩤸𩨅𩲄𩹂𪂄𪑐𫐕𫗪𫗭𬣀𮶔𰳚𰹲𱇛𱈃]→wèi; • [㥠㰭㽳䇓䈝䏏䱬吁嘘噓墟媭嬃幁戌揟旴晇楈欨欻歔湑疞盱窢縃繻胥蕦虗虚虛蝑裇訏諝譃谞鑐需須頊须顼驉鬚魆魖𠧰𠾫𢄼𢖳𢨁𢨰𢩕𣅤𣚏𣰃𤚉𤟠𤡣𥈈𥕰𥮪𥳗𦄼𦅏𦈡𦘼𦪡𦰰𦰲𦲰𧆜𧙆𧟬𧪮𨂠𨅑𨞣𨬗𨼋𩂉𩑕𩒇𩒧𩓣𩖕𩾊𪆛𪙫𫷈𬘳𬣙𰩧𰿂𱅧𱙧𲀄]→xū; • … • [㥵䅙䅱䚠䛰䧰䫟俒倱圂慁掍混溷焝觨諢诨𡇯𣣞𦞢𦡵𦵣𧣢𨂱𨡫𩇇𩏖𫖲𬑕]→hùn; • … • [㦃㯆㹌㹽䐮䑎䤘䥀䩶䵐丳产冁剗剷啴嘽囅嵼幝摌斺旵浐滻灛燀產産簅繟蒇蕆諂譂讇谄辴鏟铲閳闡阐骣𠁷𠋷𠐩𠑆𠑑𠑡𠹖𡍌𡶴𢁧𢱟𢷹𣃘𤚍𤯥𦆀𦈎𦢙𦸰𧈪𧬦𨄉𨇝𨔢𨩪𨪑𨲵𨼒𩝚𩥮𪙞𫞣𫟠𬊤𬡻𬤛𬳲𬺅𰗡𰸎𱋴𱐙]→chǎn; • … • [㦅䪓爹褺跌𬡓]→diē; • … • [㦼灀𥲚𬘾]→shuàng; • … • [㧓㶽䏦䒷䫚䯄䯏刮劀栝歄煱瓜緺胍趏踻銽颪颳騧鴰鸹𠛒𠜵𠟗𠯑𠵯𡜁𥄼𥈓𧿼𨵃𩢍𩻎𬅥𬱠𬳷𮉨]→guā; • … • [㧥㫫㬎㭠㶍㿅䗾䘆䚚䜢䢾䥪䧋冼尟尠崄嶮幰搟攇显櫶毨灦烍燹狝猃獫獮玁禒筅箲藓蘚蚬譣赻跣銑鍌险険險韅顕顯𠠁𡗏𡸃𡽗𡾮𢁗𢥌𢷑𣕎𣟲𣭡𤓤𤞤𤼂𥜲𦭶𧕇𧖙𨙡𩏩𩨡𩶤𫷉𬃫𮸗𰝟𰝤𲍏]→xiǎn; • [㧦㯀㳙䀏䃠䍗䍻䝮䧎䩙䩰怰昡楥楦泫渲炫琄眩眴碹絢縼繏绚蔙衒袨讂贙鉉鏇铉镟鞙颴𠵷𢂄𢳄𤂿𥌭𦈝𦛔𧾆𨁁𨊼𨹆𩃚𩉥𩋢𩋫𩑹𪍧𬱽𰬵𰷮]→xuàn; • … • [㧽㽽䍛䓢僱凅固堌崓崮故梏棝牿痼祻稒錮锢雇顧顾鯝鲴𣪸𩴡𮸹𱐏]→gù; • … • [㨕㵬㶈㹚㼆㿘䁝䃷䊔䑉䕦䤰僌営塋嬴攍楹櫿溁溋滢潆濙濚濴瀅瀛瀠瀯瀴灐灜熒營瑩盁盈籝籯縈茔荧莹萤-萦萾蓥藀蛍蝇蝿螢蠅覮謍贏赢迎鎣𡃅𡺡𢥏𣲜𤟣𤹜𦖽𦝚𧅋𧕍𧭓𨜏𩸥𩻷𫶕𬈜𬎆𰜳𰝅𰥞𰪣𰴯𲁖]→yíng; • … • [㨢㱟䫠䯱丕伓伾劈噼坯悂憵批披抷旇炋狉砒磇礔礕秛秠紕纰翍耚豾邳鈚鈹鉟銔錃錍霹駓髬魾鮍𠜱𠡄𠹦𡛡𡲮𢓖𢞗𢱧𢻹𢾱𣢋𣬮𣬼𤬭𤱍𤿎𤿐𦀘𧧺𧪫𨤽𨧦𩣚𪄆𪉔𬬫𬭃𬱰𬳵𰽧𰽸𰾎𱇝]→pī; • … • [㨷㬐㬜㯲㱈㴆㶦㶳䀆䆮䋮䑤䗯䝲䫴䶖伒僸凚劤劲勁唫噤嚍墐壗妗嬧寖搢晉晋枃歏殣浕浸溍濅濜烬煡燼琎瑨璡璶祲禁縉缙荩藎覲觐賮贐赆近进進靳齽𠞱𠞾𠢱𠢵𠬶𠾤𠾬𡋤𡢳𡥧𡺽𢉅𢙿𢬶𢱷𢽖𣓏𤄼𤘡𤧫𤵞𥧲𦎷𦧈𦽔𧔷𩖗𫩺𫪽𬺔𰷧]→jìn; • [㨽㳪㵨㿙䏘䑀䑄䠘䡟䤨䴙僻嚊媲嫓屁揊淠潎澼甓疈睥稫譬辟釽闢鷿鸊𠪮𠯔𠯭𢾇𣹚𣹮𤂃𤖿𤘤𤚪𦤢𧾑𨐴𨵡𨵩𨸆𨺤𩜰𪇊𪖞𪛎𬨌𬨔𬸯𰿾]→pì; • … • [㩰㭂㳅㽱㽲䀊䘨䚩䥞佼侥僥儌剿劋孂徺恔憿挢捁搅摷撟撹攪敫敽敿晈暞曒湫湬灚烄煍燞狡璬皎皦矫矯笅絞繳纐绞缴脚腳臫蟜角譑賋踋鉸铰隦餃饺鱎𠕧𠜅𠞰𡙎𢀌𢄺𢅎𢯴𢻟𣁹𣏑𣧦𣩓𤃭𤉧𤶀𤶳𥂨𥃤𥅟𥇟𥉒𥏹𥳴𦗵𧂈𧎙𧎸𨇕𨖵𨝰𨶟𨶪𨺹𫊸𫍤𫽊𬭻𰕈𱇩]→jiǎo; • … • [㩾㾽䄌坠墜娷惴桘甀畷硾礈笍綴縋缀缒膇諈贅赘轛醊錣鑆餟𡑻𢊅𣝸𣦬𤺅𥟒𦥻𧿲𨪗𨺵𩛵𩜀𬳂𮣵𰵶]→zhuì; • … • [㪈䁛䈐䌆䐴䝿䞈䠩䳏刽刿劊劌匱嶡撌攰昋柜桂桧椢槶檜櫃猤癐瞶禬筀簂蓕襘貴贵跪鞼鱖鱥鳜𠐽𠪑𡗤𡧭𡬂𢠿𣄜𣦦𣧎𤡱𤱺𤱾𤲉𤶊𤻿𤿡𥎛𥜏𧡫𧹑𧻜𨇙𨋡𨲿𩉝𩍨𩏐𩏡𩔆𩪁𩳝𪏤𫂆𫋻𫢔𬭢𮬝𰔋𰧻𰸊𱁹𱉤]→guì; • … • [㪡䡷勓忾愒愾欬炌炏烗鎎𡳂𢢚𤉫𤐩𤻜𥎆𩫀]→kài; • … • [㪹䅹塿嵝嶁搂摟甊篓簍𡗆𡰌𢈢𥕍𧯨𪍣𪩇𬖠𰋖𰢦𱋡]→lǒu; • [㪽㮦䂹䅴䈗䖛䞆䞽䣔䵀乺唢嗩惢所暛溑溹琐琑瑣璅索褨鎈鎍鎖鎻鏁锁𠋲𠝿𠞯𠩄𡩡𡱳𢚭𢱡𢱢𤸴𤺫𥔭𥰼𦅊𦵫𧎫𧎳𧛻𧴪𧴲𨻈𨻨𩋝𩌆𩌈𩘝𩙭𩪈𩮛𩹳𪍔𪍟𪍨𫔅𫠦𫦁𫼶𬭲𭕆𰬱]→suǒ; • … • [㫔㮓亘亙揯搄茛𠄣𥃩𨒼]→gèn; • … • [㫱䈒䊖戁揇湳煵腩蝻赧𡆤𡆱𡆲𦝧𧹞𨠹𨦳𩈑𩈶]→nǎn; • … • [㫸䃈䕸䥛䦈喈喼嗟堦媘嫅接掲揭擑椄湝煯疖痎癤皆秸稭脻菨蝔街謯阶階鞂鶛𠙤𣶏𤭧𤮌𥷫𦁉𦈰𦝨𧞝𩘅𩩰𪉚𫍹𬶀𱊐]→jiē; • … • [㬠䵘晒曬閷𧜁𨢦𩂃𩂝𩴇𬓸]→shài; • … • [㭌䋷䏬䗋䥐䱕侔劺恈洠牟眸瞴繆缪蛑謀谋踎鉾鍪鴾麰𠥨𢃱𣫬𥿵𦭷𧎄𨴍𩢫𩶢𮮇𱉲]→móu; • … • [㭭㸭㺴㿬䰾丷仈八叭哵夿岜峇巴巼扒捌朳柭玐疤笆粑羓芭蚆豝釛釟魞鲃鿱𠛋𠵺𡚭𢠭𢻷𤜱𤣸𤤒𦓧𧎱𧲧𨊹𩚥𩠀𩡩𫓥𫜨𰹻𰽖]→bā; • … • [㯚䌈他嚃塌她它榙溻牠祂褟趿铊闧𡌩𢞠𦈖𦭟𦱆𧪦𬣢]→tā; • … • [㰞㷰㺈䇪䜉䧝侙吃哧喫嗤噄妛媸彨彲摛攡瓻痴癡眵瞝笞粚絺胵蚩螭訵誺魑鴟鵄鸱黐齝𡼁𣣷𤡢𥄇𥭘𦆤𦐉𦞲𧩚𧩴𧪡𧴁𨒬𩤖𩶅𪌹𫄨𫍧𬤓𬸈𱌯]→chī; • … • [㰱㰼㵤䈉䝊䬊倽厦唼啑喢嗄帹廈歃箑翜翣萐閯霎𠍽𠚺𢇗𣓉𣣮𣣺𤟃𥈊𦔯𦔰𦩿𦾚𧏫𧲌𧳛𧻵𨖷𨘉𬉇𰭢]→shà; • … • [㱩㸿㾄䓯䙱䢱䪅䫳䮷凟匵嬻椟櫝殰毒涜渎瀆牍牘犊犢独獨瓄皾蝳裻読讀讟读豄贕錖鑟韇韣韥騳髑黩黷𠉩𠠔𠠠𢝂𢷺𣰬𤚚𥀲𥑯𥓍𥖿𦌷𦏕𦺇𧁿𧐰𧛔𧾥𨂭𨍛𨽍𩞾𩧈𪍹𪥿𪻨𫧿𮏺𮙋𰃿𰅥𰤫𰤬𰶔𰷸𱁷𱂋𱄿]→dú; • … • [㱳㶬㷬㷵㹮䁼䁿䏞䒬䘃䬴䮬䱅䳮䴲劰唜嗼圽塻墨妺嫼寞帓帞昩暯末枺歾歿殁沫湐漠瀎爅獏瘼皌眜眽眿瞐瞙砞礳秣粖絈纆耱茉莈莫蓦蛨蟔貃貊貘銆鏌镆陌靺驀魩默黙𠆮𠇱𠡞𠢓𠬛𡈗𡊉𡻟𢄏𢊗𢐖𢗿𣧣𣶊𤣻𤿖𥄕𥕓𥙎𥞪𥬎𥱹𥽘𦅔𦔭𦥦𦫕𦮅𧕤𧕥𧠓𧥟𧰱𧻙𧼟𧿴𩃁𩄻𩌧𩐻𩑦𩑷𩢖𩢷𩥔𩿣𪍇𪍤𪏟𪒂𪒇𬙊𬱕𬹍𮹅𱇚𱊓𱋊𱚯𲎉]→mò; • … • [㲜㷋㽎㽑䃪䉡䊤䕊倓坛墰墵壇壜婒惔憛昙曇榃檀潭燂痰磹罈罎藫覃談譚譠谈谭貚郯醈醰錟锬顃餤𠻪𡅄𡊨𢅀𢇧𢇰𤐔𥩒𥰨𥹠𥼟𥼮𦗡𧂇𧣁𧣹𧰘𧽼𨝸𩖖𩠽𩡄𩡝𩪺𪍵𫟢𰶉𱃿]→tán; • … • [㳫䭕儧儹噆寁揝撍攅攒攢昝桚趱趲𢄤𣸄𨖋𨘄𰃆]→zǎn; • … • [㴙㷢䋾䕢䛽䱹厏拃搩眨砟苲踷鮓鮺鲊鲝𤈩𥀈𥀉𦂉𦑯𧨿𨂵𨅓𩻢𩼫𬘲𬶣𱚝]→zhǎ; • … • [㵱㹾殍皫瞟篻縹醥顠𣋳𦭼𪅃𱂺]→piǎo; • … • [㵾䋜䡖儬凊庆慶掅櫦殸濪碃磬箐綮罄謦靘𡄔𤭩𥱨𩇝𩇟𪷍𮲲𮴕𲰍]→qìng; • [㶚䃻䆉䇑䎬䎱䩗䩻䶕坝垻壩弝欛灞爸矲罢罷耙覇跁霸鮊鲅𤜕𥝧𦫙𧿏𩃴𩨜𩹏𩽷𫁂𫔆𬶻𰦜]→bà; • … • [㶤㷅䎐䏚吵巐炒焣煼眧麨𦙧𧧠𩈎𩱈𩱦𪍑𪎊𬊂𱆍𱋕𱋜𱋢]→chǎo; • [㶶㺜䢉侬儂农哝噥檂欁浓濃燶禯秾穠脓膿蕽襛農辳醲𥂒𨑊𨲳𩅽𩇔𩟊𪆯𪒬𪺻𫇽𫍦𫔖𫯒𬂰𬪩𬴩𬹖𰧾𰳺]→nóng; • … • [㷷卷呟埍帣捲臇菤錈锩𡫂𢋄𤎱𦊌𧕲𨹵𩏗𩜇𩠉𬣤]→juǎn; • [㷻㹳㻍䉑䍢䓊䦜䫓䮏吳吴吾呉唔娪峿无梧毋洖浯無珸璑祦禑芜茣莁蕪蜈蟱譕郚铻鯃鵐鷡鹀鼯𠘻𡷤𢃀𢋹𢓲𣟒𤭑𥕻𥭠𥲐𦥁𦨳𦷽𧳎𨼊𨿏𩒾𩳌𩶭𩻚𫁲𰲫𱖫]→wú; • … • [㸇䂎䌣䰖籫繤纂纉纘缵𥎝𦆈𦙉𨰭𬖃𬮃𰬹𰾦𱆈]→zuǎn; • [㸊䄤䓶䚅䲚唻櫴濑瀨瀬癞癩睐睞籁籟藾襰賚賴赉赖頼顂鵣𠘝𡂖𡃄𡓒𦆋𨇆𩳆𪈈𪡺𫪁𬋍𰘳𰱾𱈖]→lài; • … • [㸘䛃䯛万卍卐忨捥杤澫瞣脕腕萬薍蟃贃贎輐鋄錽鎫𠣉𡆅𢀗𢯲𣥃𤧩𥆶𥝄𦂔𦙵𦲯𦽞𧹗𨞼𩈬𩢄𫓸𬇕𮲚𰺇𲥂]→wàn; • … • [㸰㸱㼠㾃䍫䡐䪑䭾䰿佗坨堶岮柁槖橐沱沲狏砣砤碢紽袉跎迱酡陀陁馱駄駝駞騨驒驮驼鮀鴕鸵鼉鼍鼧𡩆𡹬𢏜𢑠𢩻𣶦𤝛𤤩𤱡𥓿𥞒𦑑𦚐𧔳𧕦𧣖𧤓𧧉𧿶𨈷𨹔𩃰𩃱𩉺𩎼𩢊𩿽𪘕𪘗𪨹𫍡𫘞𫟤𬠷𬴎𬶍𰦿𰬉𱅛𱖰𱶻]→tuó; • … • [㹁䝶䣼䭪俍凉墚梁椋樑涼粮粱糧綡良輬辌鿄鿌𡑆𡮎𤙝𥛫𨄈𨎛𨵶𩘁𩞯𫟅𬴀]→liáng; • [㹒圃圑普暜朴樸檏氆浦溥烳諩譜谱蹼鐠镨𥐚𥛟𩑀]→pǔ; • … • [㻓棷棸箃緅菆諏诹邹郰鄒鄹陬騶驺鯫鲰黀齱齺𠂑𣙻𣠏𥋜𥶈𨃘𨜗𨽁𮉪𱌭𱌶]→zōu; • … • [㻿䑕䝪䞖属屬暏暑曙潻癙糬署薥薯藷蜀蠴襡襩鱪鱰鸀黍鼠鼡𡤽𡱆𢋂𣀻𤻃𥍝𥣋𦺪𧄔𧑓𧒑𧜭𨽉𫉄𫿗]→shǔ; • … • [㼕㽆噹当澢珰璫當筜簹艡蟷裆襠鐺铛𡰨𤔶𤗾𤢎𥢷𦗴𦼲𨎴𩟈𩼉𪇁𪠽𬠅𭰎]→dāng; • … • [䀍䘓䳚墈崁看瞰矙磡衎闞阚𡶪𢙮𣊟𥍓𧯰𨒞𪉯𰥊]→kàn; • … • [䁅䏵勐懜懵猛獴瓾艋蜢蠓錳锰鯭𡬆𢕙𣓝𤯻𤱴𤾬𥂂𥋝𧓨𩕱𰥭𱌆]→měng; • … • [䁗䒓凯凱剀剴嘅垲塏嵦恺愷慨暟楷蒈輆鍇鎧铠锴闓闿颽𠢲𢋝𥃣𥏪𬀱𬨇𬱼𮸛]→kǎi; • … • [䁸乪嚢囊欜蠰譨饢馕鬞𦗳𦣘𧖒]→náng; • … • [䃊䄔䅓䢹举咀弆挙擧椇榉榘櫸欅沮矩筥聥舉莒蒟襷踽齟龃𡕖𡢒𢤫𢯺𣌬𥄷𥈋𥯔𥴧𦇙𦞇𧺹]→jǔ; • … • [䃺䭩䯢劘嚤嚩嚰嫫嬷尛庅摩摹擵模橅磨糢膜藦蘑謨謩谟饃饝馍髍魔魹麽𠻚𡠜𡡉𡾉𣻕𤋂𤹴𥂓𦟟𨆽𨟖𨰞𨱱𩞁𩟠𬂠𬳔𭴊𰈶]→mó; • … • [䄪䉆屌扚𠄏𢁕𢄦𢆴𦄋𧜣𬘞𮵮]→diǎo; • [䄭䄹䬯哖年秊秥鮎鯰鲇鲶鵇黏𠫺𦷙𨚶𩽴𪐇]→nián; • … • [䄻䛌䛬䬞匋咷啕桃梼檮洮淘祹綯绹萄蜪裪迯逃醄鋾錭陶鞀鞉饀駣騊鼗𡍒𢔇𣰺𤚟𤴻𤵟𥰜𨡒𩘿𩙧𩛽𪌼𫘦𬤁𬳊𰵜𰾏𱅏]→táo; • … • [䅍䦐䵺侹圢娗挺梃涏烶珽町甼脡艇誔铤頲颋𠕊𠘋𡈼𡔛𢽄𣄿𣉡𤱹𥫙𨁗𨳑𨳝𨸁𩑙𩒞𪊶]→tǐng; • … • [䅮䢢賶𱮷]→càng; • … • [䆪䎕叿吽呍哄嚝揈渹灴烘焢硡薨訇谾軣輷轟轰鍧𠐿𠹅𢝁𤃫𤟼𥓰𥔀𥕗𦐳𦑟𦑠𦒃𦕠𨋮𨌁𨎗𩐠𩒼𩓅𩖉𩗄𩘇𩙛𪈘𫐒𫩕𬱥𮷛𰺆𰾡𱖀]→hōng; • … • [䉄䬋塄崚棱楞碐稜薐輘𥈮𦼊𧼔𨈓𩩡]→léng; • … • [䉵䧘僎啭囀堟撰灷瑑篆篹籑腞蒃襈譔賺赚饌馔𠊩𠨎𡢀𢐎𣂵𣚢𤂤𤩄𤪪𥛥𦁆𦧸𧂍𧸖𩔊𩳏𩻝𬤥𬥼𬱛𰷬]→zhuàn; • … • [䋪妸妿娿婀屙痾𠥍𡹣𥑺𪴯𬮰]→ē; • … • [䌡䪆体挮躰軆骵體鮧𡥩𣈡𣉆]→tǐ; • [䌤䌳䏉䗐䙾䴓呞失尸屍师師施浉湤湿溮溼濕狮獅瑡絁葹蒒蓍虱蝨褷襹詩诗邿酾釶鉇鉈鍦鯴鰤鲺鳲鳾鶳鸤𠇳𠓤𠷇𡂓𡟕𡠋𢀕𢧏𢺿𢻫𢼉𢼊𣁒𣤘𤹌𥍸𥛨𥜰𦌿𦒈𧍀𧜂𧠜𧠡𧩹𩒂𩥐𩬭𪀔𪓻𪓿𫀌𫄟𫚕𬕄𬡔𰰳𰳼𰾢]→shī; • [䌵䕽䘚䟉䠱䥮䮱孎曯欘泏灟炢烛燭爥瘃窋竹竺笁笜築舳茿蠋蠾躅逐钃鱁𠮌𠷅𡎺𡠟𡧨𢲿𣃁𣚚𣤁𣵸𣽆𥞏𥾅𦬸𧏿𧑏𨅛𨞕𨲈𩞈𩲠𩲬𩳥𩶄𪹳𭲫𰾽𱈏]→zhú; • … • [䍟䝋倊昮猔疭瘲碂粽糉糭縦縱纵錝𠏭𠡻𣀒𤡆𦖸𩋯𩤗]→zòng; • … • [䎫凔创刱剏剙創怆愴𥈄𨜾𬥳]→chuàng; • … • [䒌命椧詺𡥸𦫭𧟠𪂤]→mìng; • … • [䔪䗮䫪塽慡樉漺爽縔鏯𠗾𡑽𥡠𥱶𦄍𦆌𧴅]→shuǎng; • … • [䖏䙘储儲処杵椘楚楮檚濋璴础礎褚齭齼𠧖𢕓𤻇𧎷𨼪𩂫𪓐𫜭𬺓𱊬𲈼]→chǔ; • … • [䗼䠝䵫勋勛勲勳嚑坃埙塤壎壦曛焄熏燻爋獯矄纁臐蔒薫薰蘍醺駨𡑎𡺕𤑕𦘶𧰣𩪱𫄸𱪿𲆫]→xūn; • … • [䛄䛇䩩盶远逺遠鋺𠒜𡯱𩌑𩐘𩔃𫍠𮷣]→yuǎn; • … • [䜏䴱乇仛侂咃圫托扡拕拖挩捝杔汑沰涶脫脱莌袥託讬飥饦驝魠𠈁𠰹𠴻𢄿𢩷𢸨𤣯𧦭𨉋𨒙𨞌𩟰𩢵𩧐𪌂𫚛𫜒𰶇𱇏𱘲]→tuō; • … • [䜝䵯疃𢣎𤱝]→tuǎn; • … • [䝎䵊䵎湍煓猯貒𧰄𪏖𬤬]→tuān; • … • [䞪䥒勥匞匠夅嵹弜弶彊摾櫤洚滰犟糡糨絳绛袶謽酱醤醬降𠼢𡲣𢘸𣚦𣨣𣩴𥞜𨯞𩝽𩴒𩷄𩷭𪀘𫮬𱽿]→jiàng; • … • [䞴佋啁妱巶招昭皽盄窼釗鉊鍣钊駋𡖎𢗈𣋍𤍒𤿘𥏨𦗔𦺓𨱻𬬲𬬿𬭡]→zhāo; • … • [䟖摥烫燙趟𨉱𬦅𱿫]→tàng; • … • [䡽躜鑽钻𡉺𣀶𣪁𨉖𩎑𭄛𰿆𰿰]→zuān; • … • [䣊䣣党挡擋攩欓灙譡讜谠黨𡗍𣗋𣺼𤣞𥤗𧅗𩽳𫀮𫽮𬣭]→dǎng; • … • [䤸攥鑚]→zuàn; • … • [䥫僣蛈銕鐡鐵铁驖鴩𢶋𬴋]→tiě; • [䦝剨劐吙嚄攉耠豁鍃锪騞𨷮𩭳𬴃]→huō; • … • [䨟䯉䵷劸嗗娲媧屲挖搲攨洼溛漥畖穵窊窪蛙鼃𠴺𡁌𡚟𣢉𤬿𤮰𥤺𦞭𧧊𨩶𩨚𩩤𩿺𱌃𱗉]→wā; • … • [䫈䫖墋夦硶碜磣贂趻踸醦鍖𥔪𧿒𨣔𫮅𮠳𰾘]→chěn; • … • [䭇倻噎掖暍椰潱蠮𧏽𧒐𨶮𨸌𩜺𱛹]→yē; • … • [䵰䵼伤傷商墒慯殇殤滳漡熵蔏螪觞觴謪鬺𠼬𤎘𤳈𥏫𧶜𨢩𨶼𪄲𫹽𬀷𬲰𱆌𱊥]→shāng; • … • [仓仺伧倉傖嵢沧滄濸獊舱艙苍蒼螥鶬鸧𠥐𤚬𦾝𩀞𩕹𩝞𪺷𰃷]→cāng; • … • [偨呲疵縒蠀趀跐骴髊齹𡃸𡰾𢫴𣜁𦍧𦑺𦒁𧏗𧠥𨒮𩨨𬢉𬺎]→cī; • … • [剽彯慓旚犥缥翲螵飃飄飘魒𠷻𡢱𡣋𧌠𧽤𨮬𩗏𩙒𪋖𬸤]→piāo; • [劶口𢼃𤘘𨙫𨥴𬣚]→kǒu; • … • [咋𠷿𫝜]→zǎ; • … • [哈铪𨉣𬢇]→hā; • … • [噁枙砈頋騀鵈𣄰𣘨𧙃𨵌𩒰𱅗]→ě; • … • [垧扄晌賞贘赏鑜𧡮𩞃𩞧𱄇]→shǎng; • … • [宽寛寬臗鑧髋髖𣎑𥦀]→kuān; • … • [慐]→gong; • … • [扛摃𢴦𫽙]→káng; • … • [搓撮瑳磋蹉遳醝𢤎𣨎𤠝𥭭𥰭𩯉𪒙𬘷]→cuō; • … • [死𣣑𬠐𱎠]→sǐ; • … • [短𢭃𢷖𣠭𧶲]→duǎn; • … • [走赱鯐龰𧌗𨑿𬦩]→zǒu; • … • [鮘]→dai; • … • [𢬫𥆑𦕢𬣻]→tìng; • … • [𧨾]→shán; • …
Supplemental	Transform	Latin↔︎NumericPinyin	tRule	…	… • ($tone) ( [i o n u {on} {ng}]) → $2 &Pinyin-NumericPinyin($1); • …
