#LCode	English Name	Script	Locale Level	Path Level	STStatus	Bailey	Section	Page	Header	Code	ST Link
as	Assamese	Bangla	modern	modern	n/a	null	Locale Display Names	Keys	va	va-posix-core	https://st.unicode.org/v#/as//3b207cec4cf7a37c
en	English	Latin	modern	moderate	n/a	{0} – {1}	Date & Time	Gregorian	Formats - Intervals - Range	non-numeric	https://st.unicode.org/v#/en//1df870e2f136df54
fil	Filipino	Latin	modern	moderate	n/a	Kumanan sa ika-{0} kanan.	Miscellaneous	Minimal Pairs	Ordinal	one	https://st.unicode.org/v#/fil//5ebe132520280dd2
lv	Latvian	Latin	modern	moderate	n/a	y. 'g'. ddd. MMMM	Date & Time	Gregorian	Formats - Flexible - Date Formats	yMMMMddd	https://st.unicode.org/v#/lv//7e794182e68e2c55
mk	Macedonian	Cyrillic	modern	moderate	n/a	{0} – {1}	Date & Time	Generic	Formats - Intervals - Range	numeric	https://st.unicode.org/v#/mk//7dd6e0170bb598cd
mk	Macedonian	Cyrillic	modern	moderate	n/a	MMM y 'г'. G	Date & Time	Gregorian	Formats - Flexible - Date Formats	GyMMMM	https://st.unicode.org/v#/mk//75be2c5885156280
mk	Macedonian	Cyrillic	modern	moderate	n/a	d MMM y 'г'. G	Date & Time	Gregorian	Formats - Flexible - Date Formats	GyMMMMd	https://st.unicode.org/v#/mk//241e8d953124cebd
mk	Macedonian	Cyrillic	modern	moderate	n/a	ddd MMM y 'г'. G	Date & Time	Gregorian	Formats - Flexible - Date Formats	GyMMMMddd	https://st.unicode.org/v#/mk//6a12bc655d5ce185
mk	Macedonian	Cyrillic	modern	moderate	n/a	d MMM y 'г'.	Date & Time	Gregorian	Formats - Flexible - Date Formats	yMMMddd	https://st.unicode.org/v#/mk//16f54ebfeff8b128
mk	Macedonian	Cyrillic	modern	moderate	n/a	E, ddd MMM y	Date & Time	Gregorian	Formats - Flexible - Date Formats	yMMMEddd	https://st.unicode.org/v#/mk//2c2aa65c7fed7860
mk	Macedonian	Cyrillic	modern	basic	n/a	d MMMM y	Date & Time	Gregorian	Formats - Flexible - Date Formats	yMMMMd	https://st.unicode.org/v#/mk//4fe1298242362b2b
mk	Macedonian	Cyrillic	modern	moderate	n/a	ddd MMMM y	Date & Time	Gregorian	Formats - Flexible - Date Formats	yMMMMddd	https://st.unicode.org/v#/mk//7e794182e68e2c55
mk	Macedonian	Cyrillic	modern	basic	n/a	E, d MMMM y	Date & Time	Gregorian	Formats - Flexible - Date Formats	yMMMMEd	https://st.unicode.org/v#/mk//67d70e4c34bba1a3
mk	Macedonian	Cyrillic	modern	moderate	n/a	E, ddd MMMM y	Date & Time	Gregorian	Formats - Flexible - Date Formats	yMMMMEddd	https://st.unicode.org/v#/mk//e64a74b2ab0f7bc
mk	Macedonian	Cyrillic	modern	moderate	n/a	{0} – {1}	Date & Time	Gregorian	Formats - Intervals - Range	non-numeric	https://st.unicode.org/v#/mk//1df870e2f136df54
mr	Marathi	Devanagari	modern	moderate	n/a	{0} रोजी	Date & Time	Generic	DayOfMonth - abbreviated - Formatting	one	https://st.unicode.org/v#/mr//672227d63171d492
mr	Marathi	Devanagari	modern	moderate	n/a	{0} रोजी	Date & Time	Generic	DayOfMonth - abbreviated - Formatting	two	https://st.unicode.org/v#/mr//1e2f38a02ca8e787
mr	Marathi	Devanagari	modern	moderate	n/a	{0} रोजी	Date & Time	Generic	DayOfMonth - abbreviated - Formatting	few	https://st.unicode.org/v#/mr//df83cb456b29d66
mr	Marathi	Devanagari	modern	moderate	n/a	{0} रोजी	Date & Time	Generic	DayOfMonth - abbreviated - Formatting	other	https://st.unicode.org/v#/mr//700cf0f8a246e004
mr	Marathi	Devanagari	modern	moderate	n/a	MMMM ddd	Date & Time	Gregorian	Formats - Flexible - Date Formats	MMMMddd	https://st.unicode.org/v#/mr//7cf3368cd635d6c8
mr	Marathi	Devanagari	modern	moderate	n/a	MMMM d, E	Date & Time	Gregorian	Formats - Flexible - Date Formats	MMMMEd	https://st.unicode.org/v#/mr//1a4d65abf8d05b0d
mr	Marathi	Devanagari	modern	moderate	n/a	MMMM ddd, E	Date & Time	Gregorian	Formats - Flexible - Date Formats	MMMMEddd	https://st.unicode.org/v#/mr//7696ab9f172ec45f
mr	Marathi	Devanagari	modern	moderate	n/a	{0} – {1}	Date & Time	Gregorian	Formats - Intervals - Range	mixed	https://st.unicode.org/v#/mr//2f55fb8565f389c5
mr	Marathi	Devanagari	modern	moderate	n/a	{0} – {1}	Date & Time	Gregorian	Formats - Intervals - Range	non-numeric	https://st.unicode.org/v#/mr//1df870e2f136df54
mr	Marathi	Devanagari	modern	moderate	n/a	{0} – {1}	Date & Time	Gregorian	Formats - Intervals - Range	numeric	https://st.unicode.org/v#/mr//580075dda1720cdf
mr	Marathi	Devanagari	modern	modern	n/a	मुठीचे जाळे	Characters	Objects2	tool	🪍 -name	https://st.unicode.org/v#/mr//c5f9a6f91ad98d1
ne	Nepali	Devanagari	modern	moderate	n/a	-	Date & Time	Gregorian	Formats - Numeric - separator	Date	https://st.unicode.org/v#/ne//32c0b5a15f23273d
nn	Norwegian Nynorsk	Latin	modern	modern	n/a	region for tilleggsdata	Locale Display Names	Keys	rg	rg	https://st.unicode.org/v#/nn//193155faeb7c7707
nn	Norwegian Nynorsk	Latin	modern	modern	n/a	transformer	Locale Display Names	Keys	t	t	https://st.unicode.org/v#/nn//32fe23c53b471d74
nn	Norwegian Nynorsk	Latin	modern	modern	n/a	privat transformasjon	Locale Display Names	Keys	x0	x0	https://st.unicode.org/v#/nn//3f29e0ccb349d9a4
nn	Norwegian Nynorsk	Latin	modern	moderate	n/a	gregoriansk	Locale Display Names	Keys	calendar	calendar-iso8601-core	https://st.unicode.org/v#/nn//3eff3daf771ed8dc
nn	Norwegian Nynorsk	Latin	modern	modern	n/a	valuta	Locale Display Names	Keys	colReorder	colReorder-currency-core	https://st.unicode.org/v#/nn//30e9b54a7d4bbd01
nn	Norwegian Nynorsk	Latin	modern	modern	n/a	symbol	Locale Display Names	Keys	colReorder	colReorder-symbol-core	https://st.unicode.org/v#/nn//7b5aeb5078167ada
nn	Norwegian Nynorsk	Latin	modern	modern	n/a	japansk gannen-nummerering for det første året	Locale Display Names	Keys	numbers	numbers-jpanyear-core	https://st.unicode.org/v#/nn//315c7532109cbe2
nn	Norwegian Nynorsk	Latin	modern	modern	n/a	POSIX-variant	Locale Display Names	Keys	va	va-posix-core	https://st.unicode.org/v#/nn//3b207cec4cf7a37c
so	Somali	Latin	modern	modern	n/a	null	Locale Display Names	Keys	m0	m0-ungegn	https://st.unicode.org/v#/so//5c712766cd69c0dd
sr_Latn	Serbian (Latin)	Latin	modern	modern	n/a	null	Locale Display Names	Languages (O-S)	P	Piedmontese ► pms	https://st.unicode.org/v#/sr_Latn//1d32bce097d36219
sr_Latn	Serbian (Latin)	Latin	modern	modern	n/a	null	Locale Display Names	Keys	colReorder	colReorder	https://st.unicode.org/v#/sr_Latn//717c7818b29ac1ab
sr_Latn	Serbian (Latin)	Latin	modern	modern	n/a	null	Locale Display Names	Keys	d0	d0	https://st.unicode.org/v#/sr_Latn//2bdbe6e13ef4cd1a
sr_Latn	Serbian (Latin)	Latin	modern	modern	n/a	null	Locale Display Names	Keys	dx	dx	https://st.unicode.org/v#/sr_Latn//362aadc24babbe0f
sr_Latn	Serbian (Latin)	Latin	modern	modern	n/a	null	Locale Display Names	Keys	First Day of Week	fw	https://st.unicode.org/v#/sr_Latn//ec91fbfe457f969
sr_Latn	Serbian (Latin)	Latin	modern	modern	n/a	null	Locale Display Names	Keys	h0	h0	https://st.unicode.org/v#/sr_Latn//64ad43e20f71f98e
sr_Latn	Serbian (Latin)	Latin	modern	modern	n/a	null	Locale Display Names	Keys	i0	i0	https://st.unicode.org/v#/sr_Latn//5a4c3824225e98f2
sr_Latn	Serbian (Latin)	Latin	modern	modern	n/a	null	Locale Display Names	Keys	k0	k0	https://st.unicode.org/v#/sr_Latn//3b94ace91b42bdd5
sr_Latn	Serbian (Latin)	Latin	modern	modern	n/a	null	Locale Display Names	Keys	kv	kv	https://st.unicode.org/v#/sr_Latn//6ed9dd771e761e66
sr_Latn	Serbian (Latin)	Latin	modern	modern	n/a	null	Locale Display Names	Keys	m0	m0	https://st.unicode.org/v#/sr_Latn//44355bc353fdf153
sr_Latn	Serbian (Latin)	Latin	modern	modern	n/a	null	Locale Display Names	Keys	mu	mu	https://st.unicode.org/v#/sr_Latn//24aa883ff2f5badc
sr_Latn	Serbian (Latin)	Latin	modern	modern	n/a	null	Locale Display Names	Keys	rg	rg	https://st.unicode.org/v#/sr_Latn//193155faeb7c7707
sr_Latn	Serbian (Latin)	Latin	modern	modern	n/a	null	Locale Display Names	Keys	s0	s0	https://st.unicode.org/v#/sr_Latn//46b380f727397a9e
sr_Latn	Serbian (Latin)	Latin	modern	modern	n/a	null	Locale Display Names	Keys	sd	sd	https://st.unicode.org/v#/sr_Latn//7927fd4d5a0f1577
sr_Latn	Serbian (Latin)	Latin	modern	modern	n/a	null	Locale Display Names	Keys	t	t	https://st.unicode.org/v#/sr_Latn//32fe23c53b471d74
sr_Latn	Serbian (Latin)	Latin	modern	modern	n/a	null	Locale Display Names	Keys	t0	t0	https://st.unicode.org/v#/sr_Latn//5990a115b0ab52e1
sr_Latn	Serbian (Latin)	Latin	modern	modern	n/a	null	Locale Display Names	Keys	x0	x0	https://st.unicode.org/v#/sr_Latn//3f29e0ccb349d9a4
sr_Latn	Serbian (Latin)	Latin	modern	modern	n/a	null	Locale Display Names	Keys	calendar	calendar-indian-core	https://st.unicode.org/v#/sr_Latn//9d951275d5796e2
sr_Latn	Serbian (Latin)	Latin	modern	modern	n/a	null	Locale Display Names	Keys	calendar	calendar-islamic-rgsa-core	https://st.unicode.org/v#/sr_Latn//2a269dd1ee5dd92
sr_Latn	Serbian (Latin)	Latin	modern	moderate	n/a	null	Locale Display Names	Keys	calendar	calendar-iso8601-core	https://st.unicode.org/v#/sr_Latn//3eff3daf771ed8dc
sr_Latn	Serbian (Latin)	Latin	modern	modern	n/a	null	Locale Display Names	Keys	colCaseFirst	colCaseFirst-lower-core	https://st.unicode.org/v#/sr_Latn//6c981acf55b7cf03
sr_Latn	Serbian (Latin)	Latin	modern	modern	n/a	null	Locale Display Names	Keys	colCaseFirst	colCaseFirst-no-core	https://st.unicode.org/v#/sr_Latn//20742a1ce8523993
sr_Latn	Serbian (Latin)	Latin	modern	modern	n/a	null	Locale Display Names	Keys	colCaseFirst	colCaseFirst-upper-core	https://st.unicode.org/v#/sr_Latn//3da9d13ddf9974a6
sr_Latn	Serbian (Latin)	Latin	modern	modern	n/a	null	Locale Display Names	Keys	collation	collation-emoji-core	https://st.unicode.org/v#/sr_Latn//48846c447f91811d
sr_Latn	Serbian (Latin)	Latin	modern	modern	n/a	null	Locale Display Names	Keys	collation	collation-eor-core	https://st.unicode.org/v#/sr_Latn//66ee830985c3efbb
sr_Latn	Serbian (Latin)	Latin	modern	modern	n/a	null	Locale Display Names	Keys	collation	collation-searchjl-core	https://st.unicode.org/v#/sr_Latn//23acdb173de8ee0b
sr_Latn	Serbian (Latin)	Latin	modern	modern	n/a	null	Locale Display Names	Keys	colReorder	colReorder-currency-core	https://st.unicode.org/v#/sr_Latn//30e9b54a7d4bbd01
sr_Latn	Serbian (Latin)	Latin	modern	modern	n/a	null	Locale Display Names	Keys	colReorder	colReorder-digit-core	https://st.unicode.org/v#/sr_Latn//ff7f9030beda163
sr_Latn	Serbian (Latin)	Latin	modern	modern	n/a	null	Locale Display Names	Keys	colReorder	colReorder-punct-core	https://st.unicode.org/v#/sr_Latn//47a7fd5dbd378a25
sr_Latn	Serbian (Latin)	Latin	modern	modern	n/a	null	Locale Display Names	Keys	colReorder	colReorder-space-core	https://st.unicode.org/v#/sr_Latn//6d4766e4c39f0574
sr_Latn	Serbian (Latin)	Latin	modern	modern	n/a	null	Locale Display Names	Keys	colReorder	colReorder-symbol-core	https://st.unicode.org/v#/sr_Latn//7b5aeb5078167ada
sr_Latn	Serbian (Latin)	Latin	modern	modern	n/a	null	Locale Display Names	Keys	colStrength	colStrength-identical-core	https://st.unicode.org/v#/sr_Latn//33d85a10f305934e
sr_Latn	Serbian (Latin)	Latin	modern	modern	n/a	null	Locale Display Names	Keys	colStrength	colStrength-primary-core	https://st.unicode.org/v#/sr_Latn//1e43208306ca60ac
sr_Latn	Serbian (Latin)	Latin	modern	modern	n/a	null	Locale Display Names	Keys	colStrength	colStrength-quaternary-core	https://st.unicode.org/v#/sr_Latn//3998107aed23b30b
sr_Latn	Serbian (Latin)	Latin	modern	modern	n/a	null	Locale Display Names	Keys	colStrength	colStrength-secondary-core	https://st.unicode.org/v#/sr_Latn//e1158d675bf67d2
sr_Latn	Serbian (Latin)	Latin	modern	modern	n/a	null	Locale Display Names	Keys	colStrength	colStrength-tertiary-core	https://st.unicode.org/v#/sr_Latn//41d6a19574a6ed48
sr_Latn	Serbian (Latin)	Latin	modern	modern	n/a	null	Locale Display Names	Keys	kv	kv-currency-core	https://st.unicode.org/v#/sr_Latn//405427b85217b4a5
sr_Latn	Serbian (Latin)	Latin	modern	modern	n/a	null	Locale Display Names	Keys	kv	kv-punct-core	https://st.unicode.org/v#/sr_Latn//666073bce97e7b41
sr_Latn	Serbian (Latin)	Latin	modern	modern	n/a	null	Locale Display Names	Keys	kv	kv-space-core	https://st.unicode.org/v#/sr_Latn//57e09a1155c8ce11
sr_Latn	Serbian (Latin)	Latin	modern	modern	n/a	null	Locale Display Names	Keys	kv	kv-symbol-core	https://st.unicode.org/v#/sr_Latn//6b0a15e429a0087d
sr_Latn	Serbian (Latin)	Latin	modern	modern	n/a	null	Locale Display Names	Keys	numbers	numbers-arabext-core	https://st.unicode.org/v#/sr_Latn//6135cd1377a20c99
sr_Latn	Serbian (Latin)	Latin	modern	modern	n/a	null	Locale Display Names	Keys	numbers	numbers-armnlow-core	https://st.unicode.org/v#/sr_Latn//6e8f587e66f727b4
sr_Latn	Serbian (Latin)	Latin	modern	modern	n/a	null	Locale Display Names	Keys	numbers	numbers-finance-core	https://st.unicode.org/v#/sr_Latn//98964c07e1fba98
sr_Latn	Serbian (Latin)	Latin	modern	modern	n/a	null	Locale Display Names	Keys	numbers	numbers-fullwide-core	https://st.unicode.org/v#/sr_Latn//7a4aeba9b7cca8e5
sr_Latn	Serbian (Latin)	Latin	modern	modern	n/a	null	Locale Display Names	Keys	numbers	numbers-greklow-core	https://st.unicode.org/v#/sr_Latn//5c06f60b3ebf5b6e
sr_Latn	Serbian (Latin)	Latin	modern	modern	n/a	null	Locale Display Names	Keys	numbers	numbers-hanidays-core	https://st.unicode.org/v#/sr_Latn//2c39a2cfaef04ff
sr_Latn	Serbian (Latin)	Latin	modern	modern	n/a	null	Locale Display Names	Keys	numbers	numbers-hanidec-core	https://st.unicode.org/v#/sr_Latn//6e496295ca0a34c2
sr_Latn	Serbian (Latin)	Latin	modern	modern	n/a	null	Locale Display Names	Keys	numbers	numbers-hansfin-core	https://st.unicode.org/v#/sr_Latn//79d80c71dcc2dbf2
sr_Latn	Serbian (Latin)	Latin	modern	modern	n/a	null	Locale Display Names	Keys	numbers	numbers-hantfin-core	https://st.unicode.org/v#/sr_Latn//7ebb38dd69628beb
sr_Latn	Serbian (Latin)	Latin	modern	modern	n/a	null	Locale Display Names	Keys	numbers	numbers-jpanfin-core	https://st.unicode.org/v#/sr_Latn//5834f38d354e5eae
sr_Latn	Serbian (Latin)	Latin	modern	modern	n/a	null	Locale Display Names	Keys	numbers	numbers-jpanyear-core	https://st.unicode.org/v#/sr_Latn//315c7532109cbe2
sr_Latn	Serbian (Latin)	Latin	modern	modern	n/a	null	Locale Display Names	Keys	numbers	numbers-lanatham-core	https://st.unicode.org/v#/sr_Latn//19e473cca5c3210e
sr_Latn	Serbian (Latin)	Latin	modern	modern	n/a	null	Locale Display Names	Keys	numbers	numbers-mathbold-core	https://st.unicode.org/v#/sr_Latn//690c42a9df071dfc
sr_Latn	Serbian (Latin)	Latin	modern	modern	n/a	null	Locale Display Names	Keys	numbers	numbers-mathdbl-core	https://st.unicode.org/v#/sr_Latn//6bcb163dd054f3b
sr_Latn	Serbian (Latin)	Latin	modern	modern	n/a	null	Locale Display Names	Keys	numbers	numbers-mathmono-core	https://st.unicode.org/v#/sr_Latn//4d47a97baaa18c22
sr_Latn	Serbian (Latin)	Latin	modern	modern	n/a	null	Locale Display Names	Keys	numbers	numbers-mathsanb-core	https://st.unicode.org/v#/sr_Latn//602d5ce486ed2591
sr_Latn	Serbian (Latin)	Latin	modern	modern	n/a	null	Locale Display Names	Keys	numbers	numbers-mathsans-core	https://st.unicode.org/v#/sr_Latn//5a33adb82bbda30a
sr_Latn	Serbian (Latin)	Latin	modern	modern	n/a	null	Locale Display Names	Keys	numbers	numbers-mymrepka-core	https://st.unicode.org/v#/sr_Latn//13d692f2518df8ce
sr_Latn	Serbian (Latin)	Latin	modern	modern	n/a	null	Locale Display Names	Keys	numbers	numbers-mymrpao-core	https://st.unicode.org/v#/sr_Latn//5cbe2c9b2dff4db6
sr_Latn	Serbian (Latin)	Latin	modern	modern	n/a	null	Locale Display Names	Keys	numbers	numbers-mymrshan-core	https://st.unicode.org/v#/sr_Latn//184e22812104840b
sr_Latn	Serbian (Latin)	Latin	modern	modern	n/a	null	Locale Display Names	Keys	numbers	numbers-mymrtlng-core	https://st.unicode.org/v#/sr_Latn//6d3dc1e6c17d70da
sr_Latn	Serbian (Latin)	Latin	modern	modern	n/a	null	Locale Display Names	Keys	numbers	numbers-native-core	https://st.unicode.org/v#/sr_Latn//565bfe1a8daf9fab
sr_Latn	Serbian (Latin)	Latin	modern	modern	n/a	null	Locale Display Names	Keys	numbers	numbers-outlined-core	https://st.unicode.org/v#/sr_Latn//1a1e2deea8e08ddc
sr_Latn	Serbian (Latin)	Latin	modern	modern	n/a	null	Locale Display Names	Keys	numbers	numbers-roman-core	https://st.unicode.org/v#/sr_Latn//1b8ef3a124f1f0f4
sr_Latn	Serbian (Latin)	Latin	modern	modern	n/a	null	Locale Display Names	Keys	numbers	numbers-romanlow-core	https://st.unicode.org/v#/sr_Latn//1dedfa7fb2dbc3f4
sr_Latn	Serbian (Latin)	Latin	modern	modern	n/a	null	Locale Display Names	Keys	numbers	numbers-segment-core	https://st.unicode.org/v#/sr_Latn//37e06cb7205af98f
sr_Latn	Serbian (Latin)	Latin	modern	modern	n/a	null	Locale Display Names	Keys	numbers	numbers-tamldec-core	https://st.unicode.org/v#/sr_Latn//50a8057684dec419
sr_Latn	Serbian (Latin)	Latin	modern	modern	n/a	null	Locale Display Names	Keys	numbers	numbers-traditional-core	https://st.unicode.org/v#/sr_Latn//5ce4d1d91e739ec4
sr_Latn	Serbian (Latin)	Latin	modern	modern	n/a	null	Locale Display Names	Keys	t0	t0-und	https://st.unicode.org/v#/sr_Latn//174de6255f6f69ad
sr_Latn	Serbian (Latin)	Latin	modern	modern	n/a	null	Locale Display Names	Keys	va	va-posix-core	https://st.unicode.org/v#/sr_Latn//3b207cec4cf7a37c
sr_Latn	Serbian (Latin)	Latin	modern	moderate	n/a	[	Core Data	Alphabetic Information	Symbols	Nested Bracked Replacement: (	https://st.unicode.org/v#/sr_Latn//5f07aaec0572deb9
sr_Latn	Serbian (Latin)	Latin	modern	moderate	n/a	［	Core Data	Alphabetic Information	Symbols	Nested Bracked Replacement: （	https://st.unicode.org/v#/sr_Latn//6b3f9432b6084428
sr_Latn	Serbian (Latin)	Latin	modern	moderate	n/a	]	Core Data	Alphabetic Information	Symbols	Nested Bracked Replacement: )	https://st.unicode.org/v#/sr_Latn//cca9090168552a5
sr_Latn	Serbian (Latin)	Latin	modern	moderate	n/a	］	Core Data	Alphabetic Information	Symbols	Nested Bracked Replacement: ）	https://st.unicode.org/v#/sr_Latn//1fead4f36824848a
sr_Latn	Serbian (Latin)	Latin	modern	moderate	n/a	null	Date & Time	Generic	DayOfMonth - abbreviated - Formatting	other	https://st.unicode.org/v#/sr_Latn//700cf0f8a246e004
sr_Latn	Serbian (Latin)	Latin	modern	moderate	n/a	.	Date & Time	Generic	Formats - Numeric - separator	Date	https://st.unicode.org/v#/sr_Latn//373513a7ce47d340
sr_Latn	Serbian (Latin)	Latin	modern	moderate	n/a	:	Date & Time	Generic	Formats - Numeric - separator	Time	https://st.unicode.org/v#/sr_Latn//701f41ee72af59ed
sr_Latn	Serbian (Latin)	Latin	modern	moderate	n/a	G y MMM ddd	Date & Time	Generic	Formats - Flexible - Date Formats	GyMMMddd	https://st.unicode.org/v#/sr_Latn//5be00b5b9132f781
sr_Latn	Serbian (Latin)	Latin	modern	moderate	n/a	G y MMM ddd, E	Date & Time	Generic	Formats - Flexible - Date Formats	GyMMMEddd	https://st.unicode.org/v#/sr_Latn//603a79a6eac89f6a
sr_Latn	Serbian (Latin)	Latin	modern	moderate	n/a	MMM ddd	Date & Time	Generic	Formats - Flexible - Date Formats	MMMddd	https://st.unicode.org/v#/sr_Latn//2f89b98fe16795c5
sr_Latn	Serbian (Latin)	Latin	modern	moderate	n/a	MMM ddd, E	Date & Time	Generic	Formats - Flexible - Date Formats	MMMEddd	https://st.unicode.org/v#/sr_Latn//4fa24a77126102f9
sr_Latn	Serbian (Latin)	Latin	modern	moderate	n/a	MMMM ddd	Date & Time	Generic	Formats - Flexible - Date Formats	MMMMddd	https://st.unicode.org/v#/sr_Latn//400d5ffdcdaedd09
sr_Latn	Serbian (Latin)	Latin	modern	moderate	n/a	G y MMM ddd	Date & Time	Generic	Formats - Flexible - Date Formats	yyyyMMMddd	https://st.unicode.org/v#/sr_Latn//4e149fb9e38c193f
sr_Latn	Serbian (Latin)	Latin	modern	moderate	n/a	G y MMM ddd, E	Date & Time	Generic	Formats - Flexible - Date Formats	yyyyMMMEddd	https://st.unicode.org/v#/sr_Latn//6a4e46bfa8add33d
sr_Latn	Serbian (Latin)	Latin	modern	moderate	n/a	{0} – {1}	Date & Time	Generic	Formats - Intervals - Range	mixed	https://st.unicode.org/v#/sr_Latn//58efca47ccdca539
sr_Latn	Serbian (Latin)	Latin	modern	moderate	n/a	{0}–{1}	Date & Time	Generic	Formats - Intervals - Range	non-numeric	https://st.unicode.org/v#/sr_Latn//5aa5aae3b3752ad9
sr_Latn	Serbian (Latin)	Latin	modern	moderate	n/a	{0}–{1}	Date & Time	Generic	Formats - Intervals - Range	numeric	https://st.unicode.org/v#/sr_Latn//7dd6e0170bb598cd
sr_Latn	Serbian (Latin)	Latin	modern	moderate	n/a	MMMM d–d	Date & Time	Generic	Formats - Intervals - Date Formats	MMMMd/d	https://st.unicode.org/v#/sr_Latn//17d16777286b2000
sr_Latn	Serbian (Latin)	Latin	modern	moderate	n/a	MMMM d – MMMM d	Date & Time	Generic	Formats - Intervals - Date Formats	MMMMd/M	https://st.unicode.org/v#/sr_Latn//2cdabb3e33d3f8c1
sr_Latn	Serbian (Latin)	Latin	modern	moderate	n/a	null	Date & Time	Gregorian	DayOfMonth - abbreviated - Formatting	other	https://st.unicode.org/v#/sr_Latn//552b78d8dcc72e80
sr_Latn	Serbian (Latin)	Latin	modern	moderate	n/a	G y MMM ddd	Date & Time	Gregorian	Formats - Flexible - Date Formats	GyMMMddd	https://st.unicode.org/v#/sr_Latn//1448633d3d7929b4
sr_Latn	Serbian (Latin)	Latin	modern	moderate	n/a	G y MMM ddd, E	Date & Time	Gregorian	Formats - Flexible - Date Formats	GyMMMEddd	https://st.unicode.org/v#/sr_Latn//279bb5a21f5b3965
sr_Latn	Serbian (Latin)	Latin	modern	moderate	n/a	G y MMMM	Date & Time	Gregorian	Formats - Flexible - Date Formats	GyMMMM	https://st.unicode.org/v#/sr_Latn//75be2c5885156280
sr_Latn	Serbian (Latin)	Latin	modern	moderate	n/a	G y MMMM d	Date & Time	Gregorian	Formats - Flexible - Date Formats	GyMMMMd	https://st.unicode.org/v#/sr_Latn//241e8d953124cebd
sr_Latn	Serbian (Latin)	Latin	modern	moderate	n/a	G y MMMM ddd	Date & Time	Gregorian	Formats - Flexible - Date Formats	GyMMMMddd	https://st.unicode.org/v#/sr_Latn//6a12bc655d5ce185
sr_Latn	Serbian (Latin)	Latin	modern	moderate	n/a	G y MMMM d, E	Date & Time	Gregorian	Formats - Flexible - Date Formats	GyMMMMEd	https://st.unicode.org/v#/sr_Latn//69bf5c84dce4f246
sr_Latn	Serbian (Latin)	Latin	modern	moderate	n/a	G y MMMM ddd, E	Date & Time	Gregorian	Formats - Flexible - Date Formats	GyMMMMEddd	https://st.unicode.org/v#/sr_Latn//6d64c47a2b76e9fb
sr_Latn	Serbian (Latin)	Latin	modern	moderate	n/a	MMM ddd	Date & Time	Gregorian	Formats - Flexible - Date Formats	MMMddd	https://st.unicode.org/v#/sr_Latn//20c0a8816bd67ef6
sr_Latn	Serbian (Latin)	Latin	modern	moderate	n/a	MMM ddd, E	Date & Time	Gregorian	Formats - Flexible - Date Formats	MMMEddd	https://st.unicode.org/v#/sr_Latn//54e1190a95f49538
sr_Latn	Serbian (Latin)	Latin	modern	moderate	n/a	MMMM ddd	Date & Time	Gregorian	Formats - Flexible - Date Formats	MMMMddd	https://st.unicode.org/v#/sr_Latn//7cf3368cd635d6c8
sr_Latn	Serbian (Latin)	Latin	modern	moderate	n/a	MMMM ddd, E	Date & Time	Gregorian	Formats - Flexible - Date Formats	MMMMEddd	https://st.unicode.org/v#/sr_Latn//7696ab9f172ec45f
sr_Latn	Serbian (Latin)	Latin	modern	moderate	n/a	y MMM ddd	Date & Time	Gregorian	Formats - Flexible - Date Formats	yMMMddd	https://st.unicode.org/v#/sr_Latn//16f54ebfeff8b128
sr_Latn	Serbian (Latin)	Latin	modern	moderate	n/a	y MMM ddd, E	Date & Time	Gregorian	Formats - Flexible - Date Formats	yMMMEddd	https://st.unicode.org/v#/sr_Latn//2c2aa65c7fed7860
sr_Latn	Serbian (Latin)	Latin	modern	basic	n/a	y MMMM d	Date & Time	Gregorian	Formats - Flexible - Date Formats	yMMMMd	https://st.unicode.org/v#/sr_Latn//4fe1298242362b2b
sr_Latn	Serbian (Latin)	Latin	modern	moderate	n/a	y MMMM ddd	Date & Time	Gregorian	Formats - Flexible - Date Formats	yMMMMddd	https://st.unicode.org/v#/sr_Latn//7e794182e68e2c55
sr_Latn	Serbian (Latin)	Latin	modern	basic	n/a	y MMMM d, E	Date & Time	Gregorian	Formats - Flexible - Date Formats	yMMMMEd	https://st.unicode.org/v#/sr_Latn//67d70e4c34bba1a3
sr_Latn	Serbian (Latin)	Latin	modern	moderate	n/a	y MMMM ddd, E	Date & Time	Gregorian	Formats - Flexible - Date Formats	yMMMMEddd	https://st.unicode.org/v#/sr_Latn//e64a74b2ab0f7bc
sr_Latn	Serbian (Latin)	Latin	modern	moderate	n/a	{0} {1}	Date & Time	Gregorian	Formats - Flexible - Append	Date-Timezone	https://st.unicode.org/v#/sr_Latn//7fa71371abb195ab
sr_Latn	Serbian (Latin)	Latin	modern	moderate	n/a	{1} {0}	Date & Time	Gregorian	Formats - Flexible - Append	Day-Of-Week	https://st.unicode.org/v#/sr_Latn//107872cff5810356
sr_Latn	Serbian (Latin)	Latin	modern	moderate	n/a	{1} {0}	Date & Time	Gregorian	Formats - Flexible - Append	Era	https://st.unicode.org/v#/sr_Latn//658623b519e4419f
sr_Latn	Serbian (Latin)	Latin	modern	moderate	n/a	{1} {0}	Date & Time	Gregorian	Formats - Flexible - Append	Time-Day-Of-Week	https://st.unicode.org/v#/sr_Latn//2b39c621a5f7495b
sr_Latn	Serbian (Latin)	Latin	modern	moderate	n/a	MMMM d–d	Date & Time	Gregorian	Formats - Intervals - Date Formats	MMMMd/d	https://st.unicode.org/v#/sr_Latn//d9bdb15b05e77dd
sr_Latn	Serbian (Latin)	Latin	modern	moderate	n/a	MMMM d – MMMM d	Date & Time	Gregorian	Formats - Intervals - Date Formats	MMMMd/M	https://st.unicode.org/v#/sr_Latn//40b2d0873cab224b
sr_Latn	Serbian (Latin)	Latin	modern	modern	n/a	G y MMM ddd	Date & Time	Islamic	Formats - Flexible - Date Formats	GyMMMddd	https://st.unicode.org/v#/sr_Latn//7e72e8787c488822
sr_Latn	Serbian (Latin)	Latin	modern	modern	n/a	G y MMM ddd, E	Date & Time	Islamic	Formats - Flexible - Date Formats	GyMMMEddd	https://st.unicode.org/v#/sr_Latn//30c45549a162fd7e
sr_Latn	Serbian (Latin)	Latin	modern	modern	n/a	dd.MMM	Date & Time	Islamic	Formats - Flexible - Date Formats	MMMdd	https://st.unicode.org/v#/sr_Latn//7f069f9d352b8fc9
sr_Latn	Serbian (Latin)	Latin	modern	modern	n/a	MMM ddd	Date & Time	Islamic	Formats - Flexible - Date Formats	MMMddd	https://st.unicode.org/v#/sr_Latn//3476d3aefabafdcb
sr_Latn	Serbian (Latin)	Latin	modern	modern	n/a	MMM ddd, E	Date & Time	Islamic	Formats - Flexible - Date Formats	MMMEddd	https://st.unicode.org/v#/sr_Latn//30e81e60ecbe5298
sr_Latn	Serbian (Latin)	Latin	modern	modern	n/a	MMMM ddd	Date & Time	Islamic	Formats - Flexible - Date Formats	MMMMddd	https://st.unicode.org/v#/sr_Latn//5816df85aa1067f4
sr_Latn	Serbian (Latin)	Latin	modern	modern	n/a	G y MMM ddd	Date & Time	Islamic	Formats - Flexible - Date Formats	yyyyMMMddd	https://st.unicode.org/v#/sr_Latn//24f56cf106a892f7
sr_Latn	Serbian (Latin)	Latin	modern	modern	n/a	G y MMM ddd, E	Date & Time	Islamic	Formats - Flexible - Date Formats	yyyyMMMEddd	https://st.unicode.org/v#/sr_Latn//43edfe9fbf091168
sr_Latn	Serbian (Latin)	Latin	modern	basic	n/a	UTC{0}	Timezones	Timezone Display Patterns	null	GMT Format-utc	https://st.unicode.org/v#/sr_Latn//3a87a42ed8f4d4b1
sr_Latn	Serbian (Latin)	Latin	modern	moderate	n/a	UTC+?	Timezones	Timezone Display Patterns	null	GMT Unknown Format-utc	https://st.unicode.org/v#/sr_Latn//52c764ac12208d73
sr_Latn	Serbian (Latin)	Latin	modern	moderate	n/a	{0}/{1}	Timezones	Timezone Display Patterns	null	Dual Standard/Daylight Format	https://st.unicode.org/v#/sr_Latn//617abc8969d51a65
sr_Latn	Serbian (Latin)	Latin	modern	basic	n/a	UTC	Timezones	Overrides	Etc/UTC	standard-short	https://st.unicode.org/v#/sr_Latn//4c4fea4c1e106866
sr_Latn	Serbian (Latin)	Latin	modern	moderate	n/a	null	Timezones	Europe	British	generic-long	https://st.unicode.org/v#/sr_Latn//7ef2abe841a36d8f
sr_Latn	Serbian (Latin)	Latin	modern	moderate	n/a	null	Timezones	North America	Greenland	generic-long	https://st.unicode.org/v#/sr_Latn//5c7eda744df5015
sr_Latn	Serbian (Latin)	Latin	modern	moderate	n/a	null	Timezones	North America	Greenland	standard-long	https://st.unicode.org/v#/sr_Latn//e7fa2bb6fc547b
sr_Latn	Serbian (Latin)	Latin	modern	moderate	n/a	null	Timezones	North America	Greenland	daylight-long	https://st.unicode.org/v#/sr_Latn//bc0978dac24a00a
sr_Latn	Serbian (Latin)	Latin	modern	moderate	n/a	null	Timezones	Europe	Irish	generic-long	https://st.unicode.org/v#/sr_Latn//70585efb69c44015
sr_Latn	Serbian (Latin)	Latin	modern	moderate	n/a	null	Timezones	Eastern Asia	Urumqi	standard-long	https://st.unicode.org/v#/sr_Latn//6cc40a7f1a8cb19c
sr_Latn	Serbian (Latin)	Latin	modern	modern	n/a	E18-006	Characters	Travel & Places 2	transport-water	🛙 –keywords	https://st.unicode.org/v#/sr_Latn//20261b9c9f04556b
sr_Latn	Serbian (Latin)	Latin	modern	modern	n/a	E18-006	Characters	Travel & Places 2	transport-water	🛙 -name	https://st.unicode.org/v#/sr_Latn//181dc207aac39fb8
sr_Latn	Serbian (Latin)	Latin	modern	modern	n/a	E18-007	Characters	Travel & Places 2	sky & weather	🪋 –keywords	https://st.unicode.org/v#/sr_Latn//15ae039960fb3771
sr_Latn	Serbian (Latin)	Latin	modern	modern	n/a	E18-007	Characters	Travel & Places 2	sky & weather	🪋 -name	https://st.unicode.org/v#/sr_Latn//f1bdab4dcdf1e4f
sr_Latn	Serbian (Latin)	Latin	modern	modern	n/a	E18-008	Characters	Objects2	writing	🪌 –keywords	https://st.unicode.org/v#/sr_Latn//4977243479693549
sr_Latn	Serbian (Latin)	Latin	modern	modern	n/a	E18-008	Characters	Objects2	writing	🪌 -name	https://st.unicode.org/v#/sr_Latn//7c4d8804274b0ab
sr_Latn	Serbian (Latin)	Latin	modern	modern	n/a	E18-009	Characters	Objects2	tool	🪍 –keywords	https://st.unicode.org/v#/sr_Latn//6b502bc74f7dfe3c
sr_Latn	Serbian (Latin)	Latin	modern	modern	n/a	E18-009	Characters	Objects2	tool	🪍 -name	https://st.unicode.org/v#/sr_Latn//c5f9a6f91ad98d1
sr_Latn	Serbian (Latin)	Latin	modern	modern	n/a	E18-004	Characters	Animals & Nature	animal-bug	🫌 –keywords	https://st.unicode.org/v#/sr_Latn//59cb2941b338d57f
sr_Latn	Serbian (Latin)	Latin	modern	modern	n/a	E18-004	Characters	Animals & Nature	animal-bug	🫌 -name	https://st.unicode.org/v#/sr_Latn//7b553c15d2c6e687
sr_Latn	Serbian (Latin)	Latin	modern	modern	n/a	E18-005	Characters	Food & Drink	food-vegetable	🫝 –keywords	https://st.unicode.org/v#/sr_Latn//e89f0311012142a
sr_Latn	Serbian (Latin)	Latin	modern	modern	n/a	E18-005	Characters	Food & Drink	food-vegetable	🫝 -name	https://st.unicode.org/v#/sr_Latn//67392a4fbba1d7e0
sr_Latn	Serbian (Latin)	Latin	modern	modern	n/a	E18-001	Characters	Smileys & Emotion	face-smiling	🫫 –keywords	https://st.unicode.org/v#/sr_Latn//563990ffb0101cca
sr_Latn	Serbian (Latin)	Latin	modern	modern	n/a	E18-001	Characters	Smileys & Emotion	face-smiling	🫫 -name	https://st.unicode.org/v#/sr_Latn//42e8830260876de3
sr_Latn	Serbian (Latin)	Latin	modern	modern	n/a	E18-002	Characters	People & Body	hand-fingers-closed	🫹 –keywords	https://st.unicode.org/v#/sr_Latn//5446564699bcd829
sr_Latn	Serbian (Latin)	Latin	modern	modern	n/a	E18-002	Characters	People & Body	hand-fingers-closed	🫹 -name	https://st.unicode.org/v#/sr_Latn//4bd5b2f3300a92cc
sr_Latn	Serbian (Latin)	Latin	modern	modern	n/a	E18-003	Characters	People & Body	hand-fingers-closed	🫺 –keywords	https://st.unicode.org/v#/sr_Latn//33cf47d67123bcd7
sr_Latn	Serbian (Latin)	Latin	modern	modern	n/a	E18-003	Characters	People & Body	hand-fingers-closed	🫺 -name	https://st.unicode.org/v#/sr_Latn//270f46c1104a2dc4
sr_Latn	Serbian (Latin)	Latin	modern	modern	n/a	Uključeno	Locale Display Names	Keys	Type Values	no	https://st.unicode.org/v#/sr_Latn//2f3689b454e651ff
sr_Latn	Serbian (Latin)	Latin	modern	modern	n/a	Isključeno	Locale Display Names	Keys	Type Values	yes	https://st.unicode.org/v#/sr_Latn//acf3f6d6ab8b155
sr_Latn	Serbian (Latin)	Latin	modern	moderate	n/a	.	Date & Time	Gregorian	Formats - Numeric - separator	Date	https://st.unicode.org/v#/sr_Latn//32c0b5a15f23273d
sr_Latn	Serbian (Latin)	Latin	modern	moderate	n/a	:	Date & Time	Gregorian	Formats - Numeric - separator	Time	https://st.unicode.org/v#/sr_Latn//6d623c0a4cbfd3e4
sr_Latn	Serbian (Latin)	Latin	modern	moderate	n/a	{0} – {1}	Date & Time	Gregorian	Formats - Intervals - Range	mixed	https://st.unicode.org/v#/sr_Latn//2f55fb8565f389c5
sr_Latn	Serbian (Latin)	Latin	modern	moderate	n/a	{0}–{1}	Date & Time	Gregorian	Formats - Intervals - Range	non-numeric	https://st.unicode.org/v#/sr_Latn//1df870e2f136df54
sr_Latn	Serbian (Latin)	Latin	modern	moderate	n/a	{0}–{1}	Date & Time	Gregorian	Formats - Intervals - Range	numeric	https://st.unicode.org/v#/sr_Latn//580075dda1720cdf
sw	Swahili	Latin	modern	moderate	n/a	MMM ddd	Date & Time	Generic	Formats - Flexible - Date Formats	MMMddd	https://st.unicode.org/v#/sw//2f89b98fe16795c5
sw	Swahili	Latin	modern	moderate	n/a	MMM ddd, E	Date & Time	Generic	Formats - Flexible - Date Formats	MMMEddd	https://st.unicode.org/v#/sw//4fa24a77126102f9
sw	Swahili	Latin	modern	moderate	n/a	MMMM ddd	Date & Time	Generic	Formats - Flexible - Date Formats	MMMMddd	https://st.unicode.org/v#/sw//400d5ffdcdaedd09
sw	Swahili	Latin	modern	moderate	n/a	G y MMM ddd, E	Date & Time	Generic	Formats - Flexible - Date Formats	yyyyMMMEddd	https://st.unicode.org/v#/sw//6a4e46bfa8add33d
sw	Swahili	Latin	modern	moderate	n/a	MMMM d – MMMM d	Date & Time	Generic	Formats - Intervals - Date Formats	MMMMd/M	https://st.unicode.org/v#/sw//2cdabb3e33d3f8c1
sw	Swahili	Latin	modern	moderate	n/a	G ddd MMM y	Date & Time	Gregorian	Formats - Flexible - Date Formats	GyMMMddd	https://st.unicode.org/v#/sw//1448633d3d7929b4
sw	Swahili	Latin	modern	moderate	n/a	E, ddd, MMM y G	Date & Time	Gregorian	Formats - Flexible - Date Formats	GyMMMEddd	https://st.unicode.org/v#/sw//279bb5a21f5b3965
sw	Swahili	Latin	modern	moderate	n/a	G y MMMM	Date & Time	Gregorian	Formats - Flexible - Date Formats	GyMMMM	https://st.unicode.org/v#/sw//75be2c5885156280
sw	Swahili	Latin	modern	moderate	n/a	G y MMMM d	Date & Time	Gregorian	Formats - Flexible - Date Formats	GyMMMMd	https://st.unicode.org/v#/sw//241e8d953124cebd
sw	Swahili	Latin	modern	moderate	n/a	G y MMMM ddd	Date & Time	Gregorian	Formats - Flexible - Date Formats	GyMMMMddd	https://st.unicode.org/v#/sw//6a12bc655d5ce185
sw	Swahili	Latin	modern	moderate	n/a	G y MMMM d, E	Date & Time	Gregorian	Formats - Flexible - Date Formats	GyMMMMEd	https://st.unicode.org/v#/sw//69bf5c84dce4f246
sw	Swahili	Latin	modern	moderate	n/a	G y MMMM ddd, E	Date & Time	Gregorian	Formats - Flexible - Date Formats	GyMMMMEddd	https://st.unicode.org/v#/sw//6d64c47a2b76e9fb
sw	Swahili	Latin	modern	moderate	n/a	MMM ddd	Date & Time	Gregorian	Formats - Flexible - Date Formats	MMMddd	https://st.unicode.org/v#/sw//20c0a8816bd67ef6
sw	Swahili	Latin	modern	moderate	n/a	MMMM ddd	Date & Time	Gregorian	Formats - Flexible - Date Formats	MMMMddd	https://st.unicode.org/v#/sw//7cf3368cd635d6c8
sw	Swahili	Latin	modern	moderate	n/a	y MMM ddd	Date & Time	Gregorian	Formats - Flexible - Date Formats	yMMMddd	https://st.unicode.org/v#/sw//16f54ebfeff8b128
sw	Swahili	Latin	modern	moderate	n/a	y MMM ddd, E	Date & Time	Gregorian	Formats - Flexible - Date Formats	yMMMEddd	https://st.unicode.org/v#/sw//2c2aa65c7fed7860
sw	Swahili	Latin	modern	basic	n/a	y MMMM d	Date & Time	Gregorian	Formats - Flexible - Date Formats	yMMMMd	https://st.unicode.org/v#/sw//4fe1298242362b2b
sw	Swahili	Latin	modern	moderate	n/a	y MMMM ddd	Date & Time	Gregorian	Formats - Flexible - Date Formats	yMMMMddd	https://st.unicode.org/v#/sw//7e794182e68e2c55
sw	Swahili	Latin	modern	basic	n/a	y MMMM d, E	Date & Time	Gregorian	Formats - Flexible - Date Formats	yMMMMEd	https://st.unicode.org/v#/sw//67d70e4c34bba1a3
sw	Swahili	Latin	modern	moderate	n/a	y MMMM ddd, E	Date & Time	Gregorian	Formats - Flexible - Date Formats	yMMMMEddd	https://st.unicode.org/v#/sw//e64a74b2ab0f7bc
sw	Swahili	Latin	modern	moderate	n/a	{0} – {1}	Date & Time	Gregorian	Formats - Intervals - Range	non-numeric	https://st.unicode.org/v#/sw//1df870e2f136df54
sw	Swahili	Latin	modern	moderate	n/a	MMMM d–d	Date & Time	Gregorian	Formats - Intervals - Date Formats	MMMMd/d	https://st.unicode.org/v#/sw//d9bdb15b05e77dd
sw	Swahili	Latin	modern	moderate	n/a	MMMM d – MMMM d	Date & Time	Gregorian	Formats - Intervals - Date Formats	MMMMd/M	https://st.unicode.org/v#/sw//40b2d0873cab224b
sw	Swahili	Latin	modern	modern	n/a	wavu wenye kishikizo	Characters	Objects2	tool	🪍 -name	https://st.unicode.org/v#/sw//c5f9a6f91ad98d1
sw	Swahili	Latin	modern	modern	n/a	barakoa | dukuduku | fichua | kumeguka | kuvunjika | mageuzi | ukakamavu	Characters	Smileys & Emotion	face-smiling	🫫 –keywords	https://st.unicode.org/v#/sw//563990ffb0101cca
tg	Tajik	Cyrillic	moderate	moderate	n/a	null	Locale Display Names	Keys	calendar	calendar-iso8601-core	https://st.unicode.org/v#/tg//3eff3daf771ed8dc
tg	Tajik	Cyrillic	moderate	moderate	n/a	[	Core Data	Alphabetic Information	Symbols	Nested Bracked Replacement: (	https://st.unicode.org/v#/tg//5f07aaec0572deb9
tg	Tajik	Cyrillic	moderate	moderate	n/a	［	Core Data	Alphabetic Information	Symbols	Nested Bracked Replacement: （	https://st.unicode.org/v#/tg//6b3f9432b6084428
tg	Tajik	Cyrillic	moderate	moderate	n/a	]	Core Data	Alphabetic Information	Symbols	Nested Bracked Replacement: )	https://st.unicode.org/v#/tg//cca9090168552a5
tg	Tajik	Cyrillic	moderate	moderate	n/a	］	Core Data	Alphabetic Information	Symbols	Nested Bracked Replacement: ）	https://st.unicode.org/v#/tg//1fead4f36824848a
tg	Tajik	Cyrillic	moderate	moderate	n/a	null	Date & Time	Generic	DayOfMonth - abbreviated - Formatting	other	https://st.unicode.org/v#/tg//700cf0f8a246e004
tg	Tajik	Cyrillic	moderate	moderate	n/a	:	Date & Time	Generic	Formats - Numeric - separator	Time	https://st.unicode.org/v#/tg//701f41ee72af59ed
tg	Tajik	Cyrillic	moderate	moderate	n/a	G y MMM ddd	Date & Time	Generic	Formats - Flexible - Date Formats	GyMMMddd	https://st.unicode.org/v#/tg//5be00b5b9132f781
tg	Tajik	Cyrillic	moderate	moderate	n/a	G y MMM ddd, E	Date & Time	Generic	Formats - Flexible - Date Formats	GyMMMEddd	https://st.unicode.org/v#/tg//603a79a6eac89f6a
tg	Tajik	Cyrillic	moderate	moderate	n/a	MMM ddd	Date & Time	Generic	Formats - Flexible - Date Formats	MMMddd	https://st.unicode.org/v#/tg//2f89b98fe16795c5
tg	Tajik	Cyrillic	moderate	moderate	n/a	MMM ddd, E	Date & Time	Generic	Formats - Flexible - Date Formats	MMMEddd	https://st.unicode.org/v#/tg//4fa24a77126102f9
tg	Tajik	Cyrillic	moderate	moderate	n/a	MMMM ddd	Date & Time	Generic	Formats - Flexible - Date Formats	MMMMddd	https://st.unicode.org/v#/tg//400d5ffdcdaedd09
tg	Tajik	Cyrillic	moderate	moderate	n/a	G y MMM ddd	Date & Time	Generic	Formats - Flexible - Date Formats	yyyyMMMddd	https://st.unicode.org/v#/tg//4e149fb9e38c193f
tg	Tajik	Cyrillic	moderate	moderate	n/a	G y MMM ddd, E	Date & Time	Generic	Formats - Flexible - Date Formats	yyyyMMMEddd	https://st.unicode.org/v#/tg//6a4e46bfa8add33d
tg	Tajik	Cyrillic	moderate	moderate	n/a	{0} – {1}	Date & Time	Generic	Formats - Intervals - Range	mixed	https://st.unicode.org/v#/tg//58efca47ccdca539
tg	Tajik	Cyrillic	moderate	moderate	n/a	{0} – {1}	Date & Time	Generic	Formats - Intervals - Range	non-numeric	https://st.unicode.org/v#/tg//5aa5aae3b3752ad9
tg	Tajik	Cyrillic	moderate	moderate	n/a	{0} – {1}	Date & Time	Generic	Formats - Intervals - Range	numeric	https://st.unicode.org/v#/tg//7dd6e0170bb598cd
tg	Tajik	Cyrillic	moderate	moderate	n/a	MMMM d–d	Date & Time	Generic	Formats - Intervals - Date Formats	MMMMd/d	https://st.unicode.org/v#/tg//17d16777286b2000
tg	Tajik	Cyrillic	moderate	moderate	n/a	MMMM d – MMMM d	Date & Time	Generic	Formats - Intervals - Date Formats	MMMMd/M	https://st.unicode.org/v#/tg//2cdabb3e33d3f8c1
tg	Tajik	Cyrillic	moderate	moderate	n/a	null	Date & Time	Gregorian	DayOfMonth - abbreviated - Formatting	other	https://st.unicode.org/v#/tg//552b78d8dcc72e80
tg	Tajik	Cyrillic	moderate	moderate	n/a	G y MMM ddd	Date & Time	Gregorian	Formats - Flexible - Date Formats	GyMMMddd	https://st.unicode.org/v#/tg//1448633d3d7929b4
tg	Tajik	Cyrillic	moderate	moderate	n/a	G y MMM ddd, E	Date & Time	Gregorian	Formats - Flexible - Date Formats	GyMMMEddd	https://st.unicode.org/v#/tg//279bb5a21f5b3965
tg	Tajik	Cyrillic	moderate	moderate	n/a	G y MMMM	Date & Time	Gregorian	Formats - Flexible - Date Formats	GyMMMM	https://st.unicode.org/v#/tg//75be2c5885156280
tg	Tajik	Cyrillic	moderate	moderate	n/a	G y MMMM d	Date & Time	Gregorian	Formats - Flexible - Date Formats	GyMMMMd	https://st.unicode.org/v#/tg//241e8d953124cebd
tg	Tajik	Cyrillic	moderate	moderate	n/a	G y MMMM ddd	Date & Time	Gregorian	Formats - Flexible - Date Formats	GyMMMMddd	https://st.unicode.org/v#/tg//6a12bc655d5ce185
tg	Tajik	Cyrillic	moderate	moderate	n/a	G y MMMM d, E	Date & Time	Gregorian	Formats - Flexible - Date Formats	GyMMMMEd	https://st.unicode.org/v#/tg//69bf5c84dce4f246
tg	Tajik	Cyrillic	moderate	moderate	n/a	G y MMMM ddd, E	Date & Time	Gregorian	Formats - Flexible - Date Formats	GyMMMMEddd	https://st.unicode.org/v#/tg//6d64c47a2b76e9fb
tg	Tajik	Cyrillic	moderate	moderate	n/a	MMM ddd	Date & Time	Gregorian	Formats - Flexible - Date Formats	MMMddd	https://st.unicode.org/v#/tg//20c0a8816bd67ef6
tg	Tajik	Cyrillic	moderate	moderate	n/a	MMM ddd, E	Date & Time	Gregorian	Formats - Flexible - Date Formats	MMMEddd	https://st.unicode.org/v#/tg//54e1190a95f49538
tg	Tajik	Cyrillic	moderate	moderate	n/a	MMMM ddd	Date & Time	Gregorian	Formats - Flexible - Date Formats	MMMMddd	https://st.unicode.org/v#/tg//7cf3368cd635d6c8
tg	Tajik	Cyrillic	moderate	moderate	n/a	MMMM d, E	Date & Time	Gregorian	Formats - Flexible - Date Formats	MMMMEd	https://st.unicode.org/v#/tg//1a4d65abf8d05b0d
tg	Tajik	Cyrillic	moderate	moderate	n/a	MMMM ddd, E	Date & Time	Gregorian	Formats - Flexible - Date Formats	MMMMEddd	https://st.unicode.org/v#/tg//7696ab9f172ec45f
tg	Tajik	Cyrillic	moderate	moderate	n/a	'ҳафтаи' W, MMMM	Date & Time	Gregorian	Formats - Flexible - Date Formats	MMMMW-one	https://st.unicode.org/v#/tg//1ec76a162df4783a
tg	Tajik	Cyrillic	moderate	moderate	n/a	y MMM ddd	Date & Time	Gregorian	Formats - Flexible - Date Formats	yMMMddd	https://st.unicode.org/v#/tg//16f54ebfeff8b128
tg	Tajik	Cyrillic	moderate	moderate	n/a	y MMM ddd, E	Date & Time	Gregorian	Formats - Flexible - Date Formats	yMMMEddd	https://st.unicode.org/v#/tg//2c2aa65c7fed7860
tg	Tajik	Cyrillic	moderate	basic	n/a	y MMMM d	Date & Time	Gregorian	Formats - Flexible - Date Formats	yMMMMd	https://st.unicode.org/v#/tg//4fe1298242362b2b
tg	Tajik	Cyrillic	moderate	moderate	n/a	y MMMM ddd	Date & Time	Gregorian	Formats - Flexible - Date Formats	yMMMMddd	https://st.unicode.org/v#/tg//7e794182e68e2c55
tg	Tajik	Cyrillic	moderate	basic	n/a	y MMMM d, E	Date & Time	Gregorian	Formats - Flexible - Date Formats	yMMMMEd	https://st.unicode.org/v#/tg//67d70e4c34bba1a3
tg	Tajik	Cyrillic	moderate	moderate	n/a	y MMMM ddd, E	Date & Time	Gregorian	Formats - Flexible - Date Formats	yMMMMEddd	https://st.unicode.org/v#/tg//e64a74b2ab0f7bc
tg	Tajik	Cyrillic	moderate	moderate	n/a	'ҳафтаи' w, Y	Date & Time	Gregorian	Formats - Flexible - Date Formats	yw-one	https://st.unicode.org/v#/tg//5e964b6a3482902a
tg	Tajik	Cyrillic	moderate	moderate	n/a	{0} {1}	Date & Time	Gregorian	Formats - Flexible - Append	Date-Timezone	https://st.unicode.org/v#/tg//7fa71371abb195ab
tg	Tajik	Cyrillic	moderate	moderate	n/a	{1} {0}	Date & Time	Gregorian	Formats - Flexible - Append	Day-Of-Week	https://st.unicode.org/v#/tg//107872cff5810356
tg	Tajik	Cyrillic	moderate	moderate	n/a	{1} {0}	Date & Time	Gregorian	Formats - Flexible - Append	Era	https://st.unicode.org/v#/tg//658623b519e4419f
tg	Tajik	Cyrillic	moderate	moderate	n/a	{1} {0}	Date & Time	Gregorian	Formats - Flexible - Append	Time-Day-Of-Week	https://st.unicode.org/v#/tg//2b39c621a5f7495b
tg	Tajik	Cyrillic	moderate	moderate	n/a	MMMM d–d	Date & Time	Gregorian	Formats - Intervals - Date Formats	MMMMd/d	https://st.unicode.org/v#/tg//d9bdb15b05e77dd
tg	Tajik	Cyrillic	moderate	moderate	n/a	MMMM d – MMMM d	Date & Time	Gregorian	Formats - Intervals - Date Formats	MMMMd/M	https://st.unicode.org/v#/tg//40b2d0873cab224b
tg	Tajik	Cyrillic	moderate	basic	n/a	UTC{0}	Timezones	Timezone Display Patterns	null	GMT Format-utc	https://st.unicode.org/v#/tg//3a87a42ed8f4d4b1
tg	Tajik	Cyrillic	moderate	moderate	n/a	UTC+?	Timezones	Timezone Display Patterns	null	GMT Unknown Format-utc	https://st.unicode.org/v#/tg//52c764ac12208d73
tg	Tajik	Cyrillic	moderate	moderate	n/a	{0}/{1}	Timezones	Timezone Display Patterns	null	Dual Standard/Daylight Format	https://st.unicode.org/v#/tg//617abc8969d51a65
tg	Tajik	Cyrillic	moderate	basic	n/a	UTC	Timezones	Overrides	Etc/UTC	standard-short	https://st.unicode.org/v#/tg//4c4fea4c1e106866
tg	Tajik	Cyrillic	moderate	moderate	n/a	Acre	Timezones	South America	Acre	generic-long	https://st.unicode.org/v#/tg//6e1533dc1ac65c19
tg	Tajik	Cyrillic	moderate	moderate	n/a	null	Timezones	South America	Acre	standard-long	https://st.unicode.org/v#/tg//602de040f42264a3
tg	Tajik	Cyrillic	moderate	moderate	n/a	null	Timezones	South America	Acre	daylight-long	https://st.unicode.org/v#/tg//25fda076cbcef668
tg	Tajik	Cyrillic	moderate	moderate	n/a	null	Timezones	Europe	British	generic-long	https://st.unicode.org/v#/tg//7ef2abe841a36d8f
tg	Tajik	Cyrillic	moderate	moderate	n/a	null	Timezones	North America	Greenland	generic-long	https://st.unicode.org/v#/tg//5c7eda744df5015
tg	Tajik	Cyrillic	moderate	moderate	n/a	null	Timezones	North America	Greenland	standard-long	https://st.unicode.org/v#/tg//e7fa2bb6fc547b
tg	Tajik	Cyrillic	moderate	moderate	n/a	null	Timezones	North America	Greenland	daylight-long	https://st.unicode.org/v#/tg//bc0978dac24a00a
tg	Tajik	Cyrillic	moderate	moderate	n/a	null	Timezones	Europe	Irish	generic-long	https://st.unicode.org/v#/tg//70585efb69c44015
tg	Tajik	Cyrillic	moderate	moderate	n/a	null	Timezones	Russia	Kamchatka	generic-long	https://st.unicode.org/v#/tg//80f10fa3875ca1f
tg	Tajik	Cyrillic	moderate	moderate	n/a	null	Timezones	Russia	Kamchatka	standard-long	https://st.unicode.org/v#/tg//6d9557805df1ce79
tg	Tajik	Cyrillic	moderate	moderate	n/a	null	Timezones	Russia	Kamchatka	daylight-long	https://st.unicode.org/v#/tg//671f4c949ee9411e
tg	Tajik	Cyrillic	moderate	moderate	n/a	null	Timezones	Russia	Samara	generic-long	https://st.unicode.org/v#/tg//362608a83f1871d2
tg	Tajik	Cyrillic	moderate	moderate	n/a	null	Timezones	Russia	Samara	standard-long	https://st.unicode.org/v#/tg//1565e15a7312e4d5
tg	Tajik	Cyrillic	moderate	moderate	n/a	null	Timezones	Russia	Samara	daylight-long	https://st.unicode.org/v#/tg//346a1199678bd8a7
tg	Tajik	Cyrillic	moderate	moderate	n/a	null	Timezones	Western Asia	Turkey	generic-long	https://st.unicode.org/v#/tg//68d13963fcc3d7d7
tg	Tajik	Cyrillic	moderate	moderate	n/a	null	Timezones	Western Asia	Turkey	standard-long	https://st.unicode.org/v#/tg//341b226a27cc10ea
tg	Tajik	Cyrillic	moderate	moderate	n/a	null	Timezones	Western Asia	Turkey	daylight-long	https://st.unicode.org/v#/tg//5f1aba00354d8de2
tg	Tajik	Cyrillic	moderate	moderate	n/a	null	Timezones	Eastern Asia	Urumqi	standard-long	https://st.unicode.org/v#/tg//6cc40a7f1a8cb19c
tg	Tajik	Cyrillic	moderate	moderate	n/a	0 ҳзр'.'	Numbers	Compact Decimal Formatting	Long Formats 	4-digits-long-one	https://st.unicode.org/v#/tg//2667ff976b17c1a0
tg	Tajik	Cyrillic	moderate	moderate	n/a	0 млн'.'	Numbers	Compact Decimal Formatting	Long Formats 	7-digits-long-one	https://st.unicode.org/v#/tg//f04c4f019f4276e
tg	Tajik	Cyrillic	moderate	moderate	n/a	0 млрд'.'	Numbers	Compact Decimal Formatting	Long Formats 	10-digits-long-one	https://st.unicode.org/v#/tg//22fb59ee30d2cb7
tg	Tajik	Cyrillic	moderate	moderate	n/a	0 трлн'.'	Numbers	Compact Decimal Formatting	Long Formats 	13-digits-long-one	https://st.unicode.org/v#/tg//57906f009a437d67
tg	Tajik	Cyrillic	moderate	moderate	n/a	0 ҳзр'.'	Numbers	Compact Decimal Formatting	Short Formats 	4-digits-short-one	https://st.unicode.org/v#/tg//1fa80a0950724236
tg	Tajik	Cyrillic	moderate	moderate	n/a	0 млн'.'	Numbers	Compact Decimal Formatting	Short Formats 	7-digits-short-one	https://st.unicode.org/v#/tg//1139c2015e8c8227
tg	Tajik	Cyrillic	moderate	moderate	n/a	0 млрд'.'	Numbers	Compact Decimal Formatting	Short Formats 	10-digits-short-one	https://st.unicode.org/v#/tg//5adf16db99e818e
tg	Tajik	Cyrillic	moderate	moderate	n/a	0 трлн'.'	Numbers	Compact Decimal Formatting	Short Formats 	13-digits-short-one	https://st.unicode.org/v#/tg//41764b7a50edfb83
tg	Tajik	Cyrillic	moderate	moderate	n/a	0 ҳзр'.' ¤	Numbers	Compact Decimal Formatting	Short Currency 	4-digits-short-one	https://st.unicode.org/v#/tg//5825fdcd5f32c291
tg	Tajik	Cyrillic	moderate	moderate	n/a	00 ҳзр'.' ¤	Numbers	Compact Decimal Formatting	Short Currency 	5-digits-short-one	https://st.unicode.org/v#/tg//4846a01a46664e5f
tg	Tajik	Cyrillic	moderate	moderate	n/a	000 ҳзр'.' ¤	Numbers	Compact Decimal Formatting	Short Currency 	6-digits-short-one	https://st.unicode.org/v#/tg//8c603ab4b7debd9
tg	Tajik	Cyrillic	moderate	moderate	n/a	0 млн'.' ¤	Numbers	Compact Decimal Formatting	Short Currency 	7-digits-short-one	https://st.unicode.org/v#/tg//6ececfcb96e2cda8
tg	Tajik	Cyrillic	moderate	moderate	n/a	00 млн'.' ¤	Numbers	Compact Decimal Formatting	Short Currency 	8-digits-short-one	https://st.unicode.org/v#/tg//581fdd56485770ef
tg	Tajik	Cyrillic	moderate	moderate	n/a	000 млн'.' ¤	Numbers	Compact Decimal Formatting	Short Currency 	9-digits-short-one	https://st.unicode.org/v#/tg//76dcd8fde3f4fc49
tg	Tajik	Cyrillic	moderate	moderate	n/a	0 млрд'.' ¤	Numbers	Compact Decimal Formatting	Short Currency 	10-digits-short-one	https://st.unicode.org/v#/tg//25c68f50dbcb3dcf
tg	Tajik	Cyrillic	moderate	moderate	n/a	00 млрд'.' ¤	Numbers	Compact Decimal Formatting	Short Currency 	11-digits-short-one	https://st.unicode.org/v#/tg//24df51af8d7b431d
tg	Tajik	Cyrillic	moderate	moderate	n/a	000 млрд'.' ¤	Numbers	Compact Decimal Formatting	Short Currency 	12-digits-short-one	https://st.unicode.org/v#/tg//57be61ba25da1b2c
tg	Tajik	Cyrillic	moderate	moderate	n/a	0 трлн'.' ¤	Numbers	Compact Decimal Formatting	Short Currency 	13-digits-short-one	https://st.unicode.org/v#/tg//47e87b093d9817b5
tg	Tajik	Cyrillic	moderate	moderate	n/a	00 трлн'.' ¤	Numbers	Compact Decimal Formatting	Short Currency 	14-digits-short-one	https://st.unicode.org/v#/tg//2f54b308c8cbe23a
tg	Tajik	Cyrillic	moderate	moderate	n/a	000 трлн'.' ¤	Numbers	Compact Decimal Formatting	Short Currency 	15-digits-short-one	https://st.unicode.org/v#/tg//720166794eb8b123
tg	Tajik	Cyrillic	moderate	moderate	n/a	{0} {1}	Numbers	Number Formatting Patterns	Currency Unit Patterns 	currencies-one	https://st.unicode.org/v#/tg//49cf846af4916d32
tg	Tajik	Cyrillic	moderate	moderate	n/a	дирҳами АМА	Currencies	Western Asia (C)	Western Asia: United Arab Emirates	AED-name-one	https://st.unicode.org/v#/tg//685b834a47d080d
tg	Tajik	Cyrillic	moderate	moderate	n/a	афғонии Афғонистон	Currencies	Southern Asia (C)	Southern Asia: Afghanistan	AFN-name-one	https://st.unicode.org/v#/tg//4fc9189675fa7e9a
tg	Tajik	Cyrillic	moderate	moderate	n/a	леки албанӣ	Currencies	Southern/Eastern Europe	Southern Europe: Albania	ALL-name-one	https://st.unicode.org/v#/tg//32adb935a43a4705
tg	Tajik	Cyrillic	moderate	moderate	n/a	драми Арманистон	Currencies	Western Asia (C)	Western Asia: Armenia	AMD-name-one	https://st.unicode.org/v#/tg//7f17e5372d756067
tg	Tajik	Cyrillic	moderate	moderate	n/a	гулдени Антилии Нидерланд	Currencies	North America (C)	Caribbean: Netherlands Antilles: ANG (old)	ANG-name-one	https://st.unicode.org/v#/tg//1ea1030005e0b8a6
tg	Tajik	Cyrillic	moderate	moderate	n/a	кванзаи Ангола	Currencies	Middle Africa	Middle Africa: Angola	AOA-name-one	https://st.unicode.org/v#/tg//f64a9e4e6bc50b3
tg	Tajik	Cyrillic	moderate	moderate	n/a	песои Аргентина	Currencies	South America (C)	South America: Argentina	ARS-name-one	https://st.unicode.org/v#/tg//70a2549e75225e15
tg	Tajik	Cyrillic	moderate	moderate	n/a	доллари Австралия	Currencies	Oceania (C)	Australasia: Australia	AUD-name-one	https://st.unicode.org/v#/tg//59a8d091cb3b8fec
tg	Tajik	Cyrillic	moderate	moderate	n/a	флорини Арубан	Currencies	North America (C)	Caribbean: Aruba	AWG-name-one	https://st.unicode.org/v#/tg//19de0cc16f9aed71
tg	Tajik	Cyrillic	moderate	moderate	n/a	манати Озарбойҷон	Currencies	Western Asia (C)	Western Asia: Azerbaijan	AZN-name-one	https://st.unicode.org/v#/tg//2e1b4633be05ea9
tg	Tajik	Cyrillic	moderate	moderate	n/a	Маркаҳои конвертатсияшавандаи Босния-Герсеговина	Currencies	Southern/Eastern Europe	Southern Europe: Bosnia & Herzegovina	BAM-name-one	https://st.unicode.org/v#/tg//6656fc9ba67866b7
tg	Tajik	Cyrillic	moderate	moderate	n/a	доллари Барбад	Currencies	North America (C)	Caribbean: Barbados	BBD-name-one	https://st.unicode.org/v#/tg//17f4212ee7a814ca
tg	Tajik	Cyrillic	moderate	moderate	n/a	такаси Бангладеши	Currencies	Southern Asia (C)	Southern Asia: Bangladesh	BDT-name-one	https://st.unicode.org/v#/tg//f1c21eccc0576a
tg	Tajik	Cyrillic	moderate	moderate	n/a	леви Болгария	Currencies	Southern/Eastern Europe	Eastern Europe: Bulgaria: BGN (old)	BGN-name-one	https://st.unicode.org/v#/tg//5c150a364a0116b1
tg	Tajik	Cyrillic	moderate	moderate	n/a	динори Баҳрайн	Currencies	Western Asia (C)	Western Asia: Bahrain	BHD-name-one	https://st.unicode.org/v#/tg//1fd61848e7d8cccd
tg	Tajik	Cyrillic	moderate	moderate	n/a	франки Бурунди	Currencies	Eastern Africa	Eastern Africa: Burundi	BIF-name-one	https://st.unicode.org/v#/tg//5bfa7e812bd80bd7
tg	Tajik	Cyrillic	moderate	moderate	n/a	доллари Бермуд	Currencies	North America (C)	Northern America: Bermuda	BMD-name-one	https://st.unicode.org/v#/tg//16a337a837347a8f
tg	Tajik	Cyrillic	moderate	moderate	n/a	доллари Бруней	Currencies	Southeast Asia (C)	Southeast Asia: Brunei	BND-name-one	https://st.unicode.org/v#/tg//7bc51d6fb130df29
tg	Tajik	Cyrillic	moderate	moderate	n/a	боливянои Боливия	Currencies	South America (C)	South America: Bolivia	BOB-name-one	https://st.unicode.org/v#/tg//538c629769b0bfd1
tg	Tajik	Cyrillic	moderate	moderate	n/a	реали бразилиягӣ	Currencies	South America (C)	South America: Brazil	BRL-name-one	https://st.unicode.org/v#/tg//9cb733c228e7de2
tg	Tajik	Cyrillic	moderate	moderate	n/a	доллари Багама	Currencies	North America (C)	Caribbean: Bahamas	BSD-name-one	https://st.unicode.org/v#/tg//758f263a61188813
tg	Tajik	Cyrillic	moderate	moderate	n/a	нгултруми Бутан	Currencies	Southern Asia (C)	Southern Asia: Bhutan	BTN-name-one	https://st.unicode.org/v#/tg//32b3e6e968c5cb5c
tg	Tajik	Cyrillic	moderate	moderate	n/a	пулаи Ботсвана	Currencies	Southern Africa	Southern Africa: Botswana	BWP-name-one	https://st.unicode.org/v#/tg//37074d2c9e52d256
tg	Tajik	Cyrillic	moderate	moderate	n/a	рубли Беларус	Currencies	Southern/Eastern Europe	Eastern Europe: Belarus	BYN-name-one	https://st.unicode.org/v#/tg//74779865b65c4c05
tg	Tajik	Cyrillic	moderate	moderate	n/a	доллари Белиз	Currencies	North America (C)	Central America: Belize	BZD-name-one	https://st.unicode.org/v#/tg//ed0f537bd64f807
tg	Tajik	Cyrillic	moderate	moderate	n/a	доллари Канада	Currencies	North America (C)	Northern America: Canada	CAD-name-one	https://st.unicode.org/v#/tg//28f9d954c0818b1f
tg	Tajik	Cyrillic	moderate	moderate	n/a	франки Конго	Currencies	Middle Africa	Middle Africa: Congo - Kinshasa	CDF-name-one	https://st.unicode.org/v#/tg//6c795d1b6dba5871
tg	Tajik	Cyrillic	moderate	moderate	n/a	франки Швейтсария	Currencies	Northern/Western Europe	Western Europe: Switzerland	CHF-name-one	https://st.unicode.org/v#/tg//27563721bb1a8b66
tg	Tajik	Cyrillic	moderate	moderate	n/a	песои Чили	Currencies	South America (C)	South America: Chile	CLP-name-one	https://st.unicode.org/v#/tg//1b84138a9ba93beb
tg	Tajik	Cyrillic	moderate	moderate	n/a	юани Хитой (офшорӣ)	Currencies	Eastern Asia (C)	Eastern Asia: China: CNH (offshore)	CNH-name-one	https://st.unicode.org/v#/tg//33614e4fbb0dde2f
tg	Tajik	Cyrillic	moderate	moderate	n/a	иенаи хитоӣ	Currencies	Eastern Asia (C)	Eastern Asia: China	CNY-name-one	https://st.unicode.org/v#/tg//78bbb62447fe781
tg	Tajik	Cyrillic	moderate	moderate	n/a	песои Колумбия	Currencies	South America (C)	South America: Colombia	COP-name-one	https://st.unicode.org/v#/tg//58591d2ea8cea9c4
tg	Tajik	Cyrillic	moderate	moderate	n/a	Колони Коста-Рика	Currencies	North America (C)	Central America: Costa Rica	CRC-name-one	https://st.unicode.org/v#/tg//7b5127ee13ef5a1d
tg	Tajik	Cyrillic	moderate	moderate	n/a	песои конвертшавандаи Куба	Currencies	North America (C)	Caribbean: Cuba: CUC (old)	CUC-name-one	https://st.unicode.org/v#/tg//27e3d2dfb0183194
tg	Tajik	Cyrillic	moderate	moderate	n/a	песои Куба	Currencies	North America (C)	Caribbean: Cuba	CUP-name-one	https://st.unicode.org/v#/tg//29cf1e90466075e1
tg	Tajik	Cyrillic	moderate	moderate	n/a	эскудои Кабо Верде	Currencies	Western Africa	Western Africa: Cape Verde	CVE-name-one	https://st.unicode.org/v#/tg//4928a9585004cd84
tg	Tajik	Cyrillic	moderate	moderate	n/a	крони Чехия	Currencies	Southern/Eastern Europe	Eastern Europe: Czechia	CZK-name-one	https://st.unicode.org/v#/tg//57cc4ef0958f5229
tg	Tajik	Cyrillic	moderate	moderate	n/a	франки Ҷибутӣ	Currencies	Eastern Africa	Eastern Africa: Djibouti	DJF-name-one	https://st.unicode.org/v#/tg//f66e9ac3113b2d3
tg	Tajik	Cyrillic	moderate	moderate	n/a	крони Дания	Currencies	Northern/Western Europe	Northern Europe: Denmark	DKK-name-one	https://st.unicode.org/v#/tg//2b079cec617c2102
tg	Tajik	Cyrillic	moderate	moderate	n/a	песои Доминикан	Currencies	North America (C)	Caribbean: Dominican Republic	DOP-name-one	https://st.unicode.org/v#/tg//bd380664d067ddc
tg	Tajik	Cyrillic	moderate	moderate	n/a	динори Алҷазоир	Currencies	Northern Africa	Northern Africa: Algeria	DZD-name-one	https://st.unicode.org/v#/tg//3210e9e68a571d4
tg	Tajik	Cyrillic	moderate	moderate	n/a	фунти мисрӣ	Currencies	Northern Africa	Northern Africa: Egypt	EGP-name-one	https://st.unicode.org/v#/tg//63613a358aa88475
tg	Tajik	Cyrillic	moderate	moderate	n/a	накфаи Эритрея	Currencies	Eastern Africa	Eastern Africa: Eritrea	ERN-name-one	https://st.unicode.org/v#/tg//3f9423f30fadd056
tg	Tajik	Cyrillic	moderate	moderate	n/a	бирри Эфиопия	Currencies	Eastern Africa	Eastern Africa: Ethiopia	ETB-name-one	https://st.unicode.org/v#/tg//9dcde8f9d97a02d
tg	Tajik	Cyrillic	moderate	moderate	n/a	евро	Currencies	Unknown Region (C)	Unknown Region: EUR	EUR-name-one	https://st.unicode.org/v#/tg//587701992d6f6a8d
tg	Tajik	Cyrillic	moderate	moderate	n/a	доллари Фиҷи	Currencies	Oceania (C)	Melanesia: Fiji	FJD-name-one	https://st.unicode.org/v#/tg//1b03fc9c77fd2bd0
tg	Tajik	Cyrillic	moderate	moderate	n/a	фунти Ҷазираҳои Фолкленд	Currencies	South America (C)	South America: Falkland Islands	FKP-name-one	https://st.unicode.org/v#/tg//7167d44b1db45b26
tg	Tajik	Cyrillic	moderate	moderate	n/a	фунт стерлинги британӣ	Currencies	Northern/Western Europe	Northern Europe: United Kingdom	GBP-name-one	https://st.unicode.org/v#/tg//64ba6ca6424327e1
tg	Tajik	Cyrillic	moderate	moderate	n/a	лариси гурҷӣ	Currencies	Western Asia (C)	Western Asia: Georgia	GEL-name-one	https://st.unicode.org/v#/tg//6b9b6df9f340d137
tg	Tajik	Cyrillic	moderate	moderate	n/a	седи Гана	Currencies	Western Africa	Western Africa: Ghana	GHS-name-one	https://st.unicode.org/v#/tg//4d0d34f079d357c2
tg	Tajik	Cyrillic	moderate	moderate	n/a	фунти Гибралтар	Currencies	Southern/Eastern Europe	Southern Europe: Gibraltar	GIP-name-one	https://st.unicode.org/v#/tg//14c72a29ffc0f24b
tg	Tajik	Cyrillic	moderate	moderate	n/a	даласи Гамбия	Currencies	Western Africa	Western Africa: Gambia	GMD-name-one	https://st.unicode.org/v#/tg//13c34ae8d3e7be19
tg	Tajik	Cyrillic	moderate	moderate	n/a	франки Гвинея	Currencies	Western Africa	Western Africa: Guinea	GNF-name-one	https://st.unicode.org/v#/tg//864424c1fbd6fe8
tg	Tajik	Cyrillic	moderate	moderate	n/a	кветзали Гватемала	Currencies	North America (C)	Central America: Guatemala	GTQ-name-one	https://st.unicode.org/v#/tg//e60a264720135c1
tg	Tajik	Cyrillic	moderate	moderate	n/a	доллари Гайана	Currencies	South America (C)	South America: Guyana	GYD-name-one	https://st.unicode.org/v#/tg//4ddf21453acab30a
tg	Tajik	Cyrillic	moderate	moderate	n/a	доллари Гонконг	Currencies	Eastern Asia (C)	Eastern Asia: Hong Kong SAR China	HKD-name-one	https://st.unicode.org/v#/tg//52c878dbc6dd1a44
tg	Tajik	Cyrillic	moderate	moderate	n/a	лемпираи Гондурас	Currencies	North America (C)	Central America: Honduras	HNL-name-one	https://st.unicode.org/v#/tg//3ab0a594bf2c7c8d
tg	Tajik	Cyrillic	moderate	moderate	n/a	кунаи Хорватия	Currencies	Southern/Eastern Europe	Southern Europe: Croatia: HRK (old)	HRK-name-one	https://st.unicode.org/v#/tg//183aff91b593f28d
tg	Tajik	Cyrillic	moderate	moderate	n/a	гурди Ҳаити	Currencies	North America (C)	Caribbean: Haiti	HTG-name-one	https://st.unicode.org/v#/tg//3953b748806c63d4
tg	Tajik	Cyrillic	moderate	moderate	n/a	форинти Венгрия	Currencies	Southern/Eastern Europe	Eastern Europe: Hungary	HUF-name-one	https://st.unicode.org/v#/tg//5ec18022cd91bcce
tg	Tajik	Cyrillic	moderate	moderate	n/a	рупияи Индонезия	Currencies	Southeast Asia (C)	Southeast Asia: Indonesia	IDR-name-one	https://st.unicode.org/v#/tg//493a476cc2d3fd59
tg	Tajik	Cyrillic	moderate	moderate	n/a	шекелҳои нави Исроил	Currencies	Western Asia (C)	Western Asia: Israel	ILS-name-one	https://st.unicode.org/v#/tg//232a75e0ecb37019
tg	Tajik	Cyrillic	moderate	moderate	n/a	рупияи ҳиндустонӣ	Currencies	Southern Asia (C)	Southern Asia: India	INR-name-one	https://st.unicode.org/v#/tg//3d794fb60215ba8
tg	Tajik	Cyrillic	moderate	moderate	n/a	динори Ироқ	Currencies	Western Asia (C)	Western Asia: Iraq	IQD-name-one	https://st.unicode.org/v#/tg//3c1922ff0ee37783
tg	Tajik	Cyrillic	moderate	moderate	n/a	риёли Эрон	Currencies	Southern Asia (C)	Southern Asia: Iran	IRR-name-one	https://st.unicode.org/v#/tg//2bbd095600fe1b97
tg	Tajik	Cyrillic	moderate	moderate	n/a	кронури Исландия	Currencies	Northern/Western Europe	Northern Europe: Iceland	ISK-name-one	https://st.unicode.org/v#/tg//350484aef3f487c2
tg	Tajik	Cyrillic	moderate	moderate	n/a	доллари Ямайка	Currencies	North America (C)	Caribbean: Jamaica	JMD-name-one	https://st.unicode.org/v#/tg//72a07528dddac03f
tg	Tajik	Cyrillic	moderate	moderate	n/a	динори Иордания	Currencies	Western Asia (C)	Western Asia: Jordan	JOD-name-one	https://st.unicode.org/v#/tg//44b4ff658246e6fb
tg	Tajik	Cyrillic	moderate	moderate	n/a	иенаи японӣ	Currencies	Eastern Asia (C)	Eastern Asia: Japan	JPY-name-one	https://st.unicode.org/v#/tg//52154e3c65e5566a
tg	Tajik	Cyrillic	moderate	moderate	n/a	шиллинги Кения	Currencies	Eastern Africa	Eastern Africa: Kenya	KES-name-one	https://st.unicode.org/v#/tg//65af3a4779cd5b67
tg	Tajik	Cyrillic	moderate	moderate	n/a	соми Қирғизистон	Currencies	Central Asia (C)	Central Asia: Kyrgyzstan	KGS-name-one	https://st.unicode.org/v#/tg//733e01210318f710
tg	Tajik	Cyrillic	moderate	moderate	n/a	риэли Камбоҷа	Currencies	Southeast Asia (C)	Southeast Asia: Cambodia	KHR-name-one	https://st.unicode.org/v#/tg//36e2e5c8347dd152
tg	Tajik	Cyrillic	moderate	moderate	n/a	франки Комория	Currencies	Eastern Africa	Eastern Africa: Comoros	KMF-name-one	https://st.unicode.org/v#/tg//4677995df24514e1
tg	Tajik	Cyrillic	moderate	moderate	n/a	вони Кореяи Шимолӣ	Currencies	Eastern Asia (C)	Eastern Asia: North Korea	KPW-name-one	https://st.unicode.org/v#/tg//6145e120de604e9f
tg	Tajik	Cyrillic	moderate	moderate	n/a	вони Кореяи Ҷанубӣ	Currencies	Eastern Asia (C)	Eastern Asia: South Korea	KRW-name-one	https://st.unicode.org/v#/tg//7e55df86d118dfc8
tg	Tajik	Cyrillic	moderate	moderate	n/a	динори Кувайт	Currencies	Western Asia (C)	Western Asia: Kuwait	KWD-name-one	https://st.unicode.org/v#/tg//7e3a87997132fc
tg	Tajik	Cyrillic	moderate	moderate	n/a	доллари Ҷазираҳои Кайман	Currencies	North America (C)	Caribbean: Cayman Islands	KYD-name-one	https://st.unicode.org/v#/tg//ad406cc2d69112
tg	Tajik	Cyrillic	moderate	moderate	n/a	тангаи Казокистон	Currencies	Central Asia (C)	Central Asia: Kazakhstan	KZT-name-one	https://st.unicode.org/v#/tg//7270ceed75e9e4ba
tg	Tajik	Cyrillic	moderate	moderate	n/a	кипи Лаос	Currencies	Southeast Asia (C)	Southeast Asia: Laos	LAK-name-one	https://st.unicode.org/v#/tg//5bf072388470b913
tg	Tajik	Cyrillic	moderate	moderate	n/a	фунти Лубнон	Currencies	Western Asia (C)	Western Asia: Lebanon	LBP-name-one	https://st.unicode.org/v#/tg//59764b2fd7c23874
tg	Tajik	Cyrillic	moderate	moderate	n/a	рупи Шри-Ланка	Currencies	Southern Asia (C)	Southern Asia: Sri Lanka	LKR-name-one	https://st.unicode.org/v#/tg//d3d70b791f25873
tg	Tajik	Cyrillic	moderate	moderate	n/a	доллари Либерия	Currencies	Western Africa	Western Africa: Liberia	LRD-name-one	https://st.unicode.org/v#/tg//7ac06fbf9e2ef83f
tg	Tajik	Cyrillic	moderate	moderate	n/a	лотиси Лесото	Currencies	Southern Africa	Southern Africa: Lesotho	LSL-name-one	https://st.unicode.org/v#/tg//5b2f89143722a9fd
tg	Tajik	Cyrillic	moderate	moderate	n/a	динори Либия	Currencies	Northern Africa	Northern Africa: Libya	LYD-name-one	https://st.unicode.org/v#/tg//7a7ca7ff64f6082d
tg	Tajik	Cyrillic	moderate	moderate	n/a	дирхами Марокаш	Currencies	Northern Africa	Northern Africa: Morocco	MAD-name-one	https://st.unicode.org/v#/tg//41d133035df12908
tg	Tajik	Cyrillic	moderate	moderate	n/a	лейи Молдова	Currencies	Southern/Eastern Europe	Eastern Europe: Moldova	MDL-name-one	https://st.unicode.org/v#/tg//3bbe0250bdb1aac1
tg	Tajik	Cyrillic	moderate	moderate	n/a	ариарии Малагасий	Currencies	Eastern Africa	Eastern Africa: Madagascar	MGA-name-one	https://st.unicode.org/v#/tg//4343ef2c3c0dd7f7
tg	Tajik	Cyrillic	moderate	moderate	n/a	денори Македония	Currencies	Southern/Eastern Europe	Southern Europe: North Macedonia	MKD-name-one	https://st.unicode.org/v#/tg//5ae3cf12b958b257
tg	Tajik	Cyrillic	moderate	moderate	n/a	киати Мянмар	Currencies	Southeast Asia (C)	Southeast Asia: Myanmar (Burma)	MMK-name-one	https://st.unicode.org/v#/tg//66f028a81381346a
tg	Tajik	Cyrillic	moderate	moderate	n/a	тугрики Муғулистон	Currencies	Eastern Asia (C)	Eastern Asia: Mongolia	MNT-name-one	https://st.unicode.org/v#/tg//664b5967d31fd393
tg	Tajik	Cyrillic	moderate	moderate	n/a	патакаи Макао	Currencies	Eastern Asia (C)	Eastern Asia: Macao SAR China	MOP-name-one	https://st.unicode.org/v#/tg//763d9c7600b37a97
tg	Tajik	Cyrillic	moderate	moderate	n/a	Огуияи Мавритания	Currencies	Western Africa	Western Africa: Mauritania	MRU-name-one	https://st.unicode.org/v#/tg//7223c93798f71812
tg	Tajik	Cyrillic	moderate	moderate	n/a	рупияи Маврикий	Currencies	Eastern Africa	Eastern Africa: Mauritius	MUR-name-one	https://st.unicode.org/v#/tg//5060751abe547639
tg	Tajik	Cyrillic	moderate	moderate	n/a	руфияи Малдив	Currencies	Southern Asia (C)	Southern Asia: Maldives	MVR-name-one	https://st.unicode.org/v#/tg//457e8c5e1bf0f8df
tg	Tajik	Cyrillic	moderate	moderate	n/a	квачаи Малавия	Currencies	Eastern Africa	Eastern Africa: Malawi	MWK-name-one	https://st.unicode.org/v#/tg//5e629b155cad38b6
tg	Tajik	Cyrillic	moderate	moderate	n/a	песои Мексика	Currencies	North America (C)	Central America: Mexico	MXN-name-one	https://st.unicode.org/v#/tg//4f3d5c5e87555937
tg	Tajik	Cyrillic	moderate	moderate	n/a	ринггити Малайзия	Currencies	Southeast Asia (C)	Southeast Asia: Malaysia	MYR-name-one	https://st.unicode.org/v#/tg//e03dbc995bfe51e
tg	Tajik	Cyrillic	moderate	moderate	n/a	метикали Мозамбик	Currencies	Eastern Africa	Eastern Africa: Mozambique	MZN-name-one	https://st.unicode.org/v#/tg//1aea73ab211acaf0
tg	Tajik	Cyrillic	moderate	moderate	n/a	доллари Намибия	Currencies	Southern Africa	Southern Africa: Namibia	NAD-name-one	https://st.unicode.org/v#/tg//46052def0228a4f7
tg	Tajik	Cyrillic	moderate	moderate	n/a	Найраи Нигерия	Currencies	Western Africa	Western Africa: Nigeria	NGN-name-one	https://st.unicode.org/v#/tg//6f9af1088c46c80f
tg	Tajik	Cyrillic	moderate	moderate	n/a	кордобаи Никарагуа	Currencies	North America (C)	Central America: Nicaragua	NIO-name-one	https://st.unicode.org/v#/tg//710d4dd04628a90b
tg	Tajik	Cyrillic	moderate	moderate	n/a	кронаи Норвегия	Currencies	Northern/Western Europe	Northern Europe: Norway	NOK-name-one	https://st.unicode.org/v#/tg//520040b2c5973be4
tg	Tajik	Cyrillic	moderate	moderate	n/a	рупияи Непал	Currencies	Southern Asia (C)	Southern Asia: Nepal	NPR-name-one	https://st.unicode.org/v#/tg//3507067cabdc6c08
tg	Tajik	Cyrillic	moderate	moderate	n/a	доллари Зеландияи Нав	Currencies	Oceania (C)	Australasia: New Zealand	NZD-name-one	https://st.unicode.org/v#/tg//75f674238b1ac8a3
tg	Tajik	Cyrillic	moderate	moderate	n/a	риёли Уммон	Currencies	Western Asia (C)	Western Asia: Oman	OMR-name-one	https://st.unicode.org/v#/tg//53214c910e6a5f5f
tg	Tajik	Cyrillic	moderate	moderate	n/a	балбоаи Панама	Currencies	North America (C)	Central America: Panama	PAB-name-one	https://st.unicode.org/v#/tg//58de9d530f5ced8a
tg	Tajik	Cyrillic	moderate	moderate	n/a	соли Перу	Currencies	South America (C)	South America: Peru	PEN-name-one	https://st.unicode.org/v#/tg//7e5820616cf19a4f
tg	Tajik	Cyrillic	moderate	moderate	n/a	кинаи Гвинеяи Папуа	Currencies	Oceania (C)	Melanesia: Papua New Guinea	PGK-name-one	https://st.unicode.org/v#/tg//7cc5b284ddfdf740
tg	Tajik	Cyrillic	moderate	moderate	n/a	песои Филиппин	Currencies	Southeast Asia (C)	Southeast Asia: Philippines	PHP-name-one	https://st.unicode.org/v#/tg//56fb6c0d50762ef1
tg	Tajik	Cyrillic	moderate	moderate	n/a	рупияи Покистон	Currencies	Southern Asia (C)	Southern Asia: Pakistan	PKR-name-one	https://st.unicode.org/v#/tg//6ffe004fa4ebaff1
tg	Tajik	Cyrillic	moderate	moderate	n/a	злотии Польша	Currencies	Southern/Eastern Europe	Eastern Europe: Poland	PLN-name-one	https://st.unicode.org/v#/tg//32b5bc2eb357ddc8
tg	Tajik	Cyrillic	moderate	moderate	n/a	гуарании Парагвай	Currencies	South America (C)	South America: Paraguay	PYG-name-one	https://st.unicode.org/v#/tg//5a20744b8998e336
tg	Tajik	Cyrillic	moderate	moderate	n/a	риёли Қатар	Currencies	Western Asia (C)	Western Asia: Qatar	QAR-name-one	https://st.unicode.org/v#/tg//74cf939e369d0a03
tg	Tajik	Cyrillic	moderate	moderate	n/a	лейи Руминия	Currencies	Southern/Eastern Europe	Eastern Europe: Romania	RON-name-one	https://st.unicode.org/v#/tg//7679689ffb1dc063
tg	Tajik	Cyrillic	moderate	moderate	n/a	динори Сербия	Currencies	Southern/Eastern Europe	Southern Europe: Serbia	RSD-name-one	https://st.unicode.org/v#/tg//215270ec7e4bf2a4
tg	Tajik	Cyrillic	moderate	moderate	n/a	рубли русӣ	Currencies	Southern/Eastern Europe	Eastern Europe: Russia	RUB-name-one	https://st.unicode.org/v#/tg//c73fb7c71831786
tg	Tajik	Cyrillic	moderate	moderate	n/a	франки Руанда	Currencies	Eastern Africa	Eastern Africa: Rwanda	RWF-name-one	https://st.unicode.org/v#/tg//54316d28d7d3fbe4
tg	Tajik	Cyrillic	moderate	moderate	n/a	риёли Саудӣ	Currencies	Western Asia (C)	Western Asia: Saudi Arabia	SAR-name-one	https://st.unicode.org/v#/tg//2df5ddd117a97e3b
tg	Tajik	Cyrillic	moderate	moderate	n/a	доллари Ҷазираҳои Соломон	Currencies	Oceania (C)	Melanesia: Solomon Islands	SBD-name-one	https://st.unicode.org/v#/tg//537ad5eb220e0dd9
tg	Tajik	Cyrillic	moderate	moderate	n/a	рупии Сейшел	Currencies	Eastern Africa	Eastern Africa: Seychelles	SCR-name-one	https://st.unicode.org/v#/tg//ce7f676e4475736
tg	Tajik	Cyrillic	moderate	moderate	n/a	фунти Судон	Currencies	Northern Africa	Northern Africa: Sudan	SDG-name-one	https://st.unicode.org/v#/tg//46e0c17fba78b239
tg	Tajik	Cyrillic	moderate	moderate	n/a	крони шведӣ	Currencies	Northern/Western Europe	Northern Europe: Sweden	SEK-name-one	https://st.unicode.org/v#/tg//4980d19020097c2
tg	Tajik	Cyrillic	moderate	moderate	n/a	доллари Сингапур	Currencies	Southeast Asia (C)	Southeast Asia: Singapore	SGD-name-one	https://st.unicode.org/v#/tg//2c83ef33aed20403
tg	Tajik	Cyrillic	moderate	moderate	n/a	фунти Сент Елена	Currencies	Western Africa	Western Africa: St. Helena, Ascension & Tristan da Cunha	SHP-name-one	https://st.unicode.org/v#/tg//7e23d1bdde7c0674
tg	Tajik	Cyrillic	moderate	moderate	n/a	леони Серра-Леоне	Currencies	Western Africa	Western Africa: Sierra Leone	SLE-name-one	https://st.unicode.org/v#/tg//1a2b5bee83093524
tg	Tajik	Cyrillic	moderate	moderate	n/a	леони Серра-Леоне (1964—2022)	Currencies	Western Africa	Western Africa: Sierra Leone: SLL (old)	SLL-name-one	https://st.unicode.org/v#/tg//208985c6135fb58e
tg	Tajik	Cyrillic	moderate	moderate	n/a	шиллинги Сомали	Currencies	Eastern Africa	Eastern Africa: Somalia	SOS-name-one	https://st.unicode.org/v#/tg//52c96957933c76fc
tg	Tajik	Cyrillic	moderate	moderate	n/a	доллари Суринам	Currencies	South America (C)	South America: Suriname	SRD-name-one	https://st.unicode.org/v#/tg//4727ff6279539520
tg	Tajik	Cyrillic	moderate	moderate	n/a	фунти Судони Ҷанубӣ	Currencies	Eastern Africa	Eastern Africa: South Sudan	SSP-name-one	https://st.unicode.org/v#/tg//2c8e5cdf80615dcb
tg	Tajik	Cyrillic	moderate	moderate	n/a	добраи Сан-Томе ва Принсипи	Currencies	Middle Africa	Middle Africa: São Tomé & Príncipe	STN-name-one	https://st.unicode.org/v#/tg//45e20bc552dc6e07
tg	Tajik	Cyrillic	moderate	moderate	n/a	фунти Сурия	Currencies	Western Asia (C)	Western Asia: Syria	SYP-name-one	https://st.unicode.org/v#/tg//60d810e3a0f92fd4
tg	Tajik	Cyrillic	moderate	moderate	n/a	эмалангени Свази	Currencies	Southern Africa	Southern Africa: Eswatini	SZL-name-one	https://st.unicode.org/v#/tg//62e40ada1562a24b
tg	Tajik	Cyrillic	moderate	moderate	n/a	бати Таиланд	Currencies	Southeast Asia (C)	Southeast Asia: Thailand	THB-name-one	https://st.unicode.org/v#/tg//57270abfa6ef8880
tg	Tajik	Cyrillic	moderate	moderate	n/a	сомонии Тоҷикистон	Currencies	Central Asia (C)	Central Asia: Tajikistan	TJS-name-one	https://st.unicode.org/v#/tg//33dcd98d19806e0e
tg	Tajik	Cyrillic	moderate	moderate	n/a	манати Туркманистон	Currencies	Central Asia (C)	Central Asia: Turkmenistan	TMT-name-one	https://st.unicode.org/v#/tg//5ea953e22e2c4acf
tg	Tajik	Cyrillic	moderate	moderate	n/a	динори Тунис	Currencies	Northern Africa	Northern Africa: Tunisia	TND-name-one	https://st.unicode.org/v#/tg//7e45be4d5972a113
tg	Tajik	Cyrillic	moderate	moderate	n/a	паангаи Тонга	Currencies	Oceania (C)	Polynesia: Tonga	TOP-name-one	https://st.unicode.org/v#/tg//42d737b0f069ce76
tg	Tajik	Cyrillic	moderate	moderate	n/a	лираи Туркия	Currencies	Western Asia (C)	Western Asia: Türkiye	TRY-name-one	https://st.unicode.org/v#/tg//5d18f2fa6c6af4b9
tg	Tajik	Cyrillic	moderate	moderate	n/a	доллари Тринидад ва Тобаго	Currencies	North America (C)	Caribbean: Trinidad & Tobago	TTD-name-one	https://st.unicode.org/v#/tg//90523e4bb5c4ecc
tg	Tajik	Cyrillic	moderate	moderate	n/a	доллари нави Тайван	Currencies	Eastern Asia (C)	Eastern Asia: Taiwan	TWD-name-one	https://st.unicode.org/v#/tg//291f33b4359fc241
tg	Tajik	Cyrillic	moderate	moderate	n/a	шиллинги Танзания	Currencies	Eastern Africa	Eastern Africa: Tanzania	TZS-name-one	https://st.unicode.org/v#/tg//3d5ceb9c5993b258
tg	Tajik	Cyrillic	moderate	moderate	n/a	гривнаи украинӣ	Currencies	Southern/Eastern Europe	Eastern Europe: Ukraine	UAH-name-one	https://st.unicode.org/v#/tg//5176e2e394ed52e4
tg	Tajik	Cyrillic	moderate	moderate	n/a	шиллинги Уганда	Currencies	Eastern Africa	Eastern Africa: Uganda	UGX-name-one	https://st.unicode.org/v#/tg//207ae489a697282e
tg	Tajik	Cyrillic	moderate	moderate	n/a	доллари ИМА	Currencies	North America (C)	Northern America: United States	USD-name-one	https://st.unicode.org/v#/tg//1106aecc3b7d11c4
tg	Tajik	Cyrillic	moderate	moderate	n/a	песои Уругвай	Currencies	South America (C)	South America: Uruguay	UYU-name-one	https://st.unicode.org/v#/tg//e886a25ad1d836f
tg	Tajik	Cyrillic	moderate	moderate	n/a	сўми Ӯзбекистон	Currencies	Central Asia (C)	Central Asia: Uzbekistan	UZS-name-one	https://st.unicode.org/v#/tg//298aec195805b20e
tg	Tajik	Cyrillic	moderate	moderate	n/a	боливари Венесуэла	Currencies	South America (C)	South America: Venezuela	VES-name-one	https://st.unicode.org/v#/tg//4885f5a8d44ce0c5
tg	Tajik	Cyrillic	moderate	moderate	n/a	донги Ветнам	Currencies	Southeast Asia (C)	Southeast Asia: Vietnam	VND-name-one	https://st.unicode.org/v#/tg//635d638d5f2d15c8
tg	Tajik	Cyrillic	moderate	moderate	n/a	ватуи Вануату	Currencies	Oceania (C)	Melanesia: Vanuatu	VUV-name-one	https://st.unicode.org/v#/tg//1d66a1082b1c1b08
tg	Tajik	Cyrillic	moderate	moderate	n/a	талаи Самоа	Currencies	Oceania (C)	Polynesia: Samoa	WST-name-one	https://st.unicode.org/v#/tg//5f1e6216d5da368c
tg	Tajik	Cyrillic	moderate	moderate	n/a	франки CFA Африқои Марказӣ	Currencies	Middle Africa	Middle Africa: Cameroon	XAF-name-one	https://st.unicode.org/v#/tg//56b4cdee1f90b495
tg	Tajik	Cyrillic	moderate	moderate	n/a	доллари Кариби Шарқӣ	Currencies	North America (C)	Caribbean: St. Lucia	XCD-name-one	https://st.unicode.org/v#/tg//563407f9c5ad752f
tg	Tajik	Cyrillic	moderate	moderate	n/a	гулдени Кариб	Currencies	North America (C)	Caribbean: Curaçao	XCG-name-one	https://st.unicode.org/v#/tg//6582bf32ffbbb903
tg	Tajik	Cyrillic	moderate	moderate	n/a	франки Африқои Ғарбӣ	Currencies	Western Africa	Western Africa: Côte d’Ivoire	XOF-name-one	https://st.unicode.org/v#/tg//5b8c4727984f102
tg	Tajik	Cyrillic	moderate	moderate	n/a	франки CFP	Currencies	Oceania (C)	Melanesia: New Caledonia	XPF-name-one	https://st.unicode.org/v#/tg//16c36188191dd237
tg	Tajik	Cyrillic	moderate	moderate	n/a	(асъори номаълум)	Currencies	Unknown Region (C)	Unknown Region: XXX	XXX-name-one	https://st.unicode.org/v#/tg//1716d55a529bfde5
tg	Tajik	Cyrillic	moderate	moderate	n/a	риали Яман	Currencies	Western Asia (C)	Western Asia: Yemen	YER-name-one	https://st.unicode.org/v#/tg//410ddad4d156c2f
tg	Tajik	Cyrillic	moderate	moderate	n/a	рэнди Африқои Ҷанубӣ	Currencies	Southern Africa	Southern Africa: South Africa	ZAR-name-one	https://st.unicode.org/v#/tg//6e17888d72cd9b92
tg	Tajik	Cyrillic	moderate	moderate	n/a	квачаи Замбия	Currencies	Eastern Africa	Eastern Africa: Zambia	ZMW-name-one	https://st.unicode.org/v#/tg//3c04248ffbafb5fa
tg	Tajik	Cyrillic	moderate	moderate	n/a	тиллоии Зимбабве	Currencies	Eastern Africa	Eastern Africa: Zimbabwe	ZWG-name-one	https://st.unicode.org/v#/tg//41cdc22e8246299b
tg	Tajik	Cyrillic	moderate	moderate	n/a	.	Date & Time	Generic	Formats - Numeric - separator	Date	https://st.unicode.org/v#/tg//373513a7ce47d340
tg	Tajik	Cyrillic	moderate	moderate	n/a	/	Date & Time	Gregorian	Formats - Numeric - separator	Date	https://st.unicode.org/v#/tg//32c0b5a15f23273d
tg	Tajik	Cyrillic	moderate	moderate	n/a	:	Date & Time	Gregorian	Formats - Numeric - separator	Time	https://st.unicode.org/v#/tg//6d623c0a4cbfd3e4
tg	Tajik	Cyrillic	moderate	moderate	n/a	{0} – {1}	Date & Time	Gregorian	Formats - Intervals - Range	mixed	https://st.unicode.org/v#/tg//2f55fb8565f389c5
tg	Tajik	Cyrillic	moderate	moderate	n/a	{0} – {1}	Date & Time	Gregorian	Formats - Intervals - Range	non-numeric	https://st.unicode.org/v#/tg//1df870e2f136df54
tg	Tajik	Cyrillic	moderate	moderate	n/a	{0} – {1}	Date & Time	Gregorian	Formats - Intervals - Range	numeric	https://st.unicode.org/v#/tg//580075dda1720cdf
to	Tongan	Latin	moderate	moderate	n/a	AED	Currencies	Western Asia (C)	Western Asia: United Arab Emirates	AED-name	https://st.unicode.org/v#/to//17d4e6f6de04303
to	Tongan	Latin	moderate	moderate	n/a	AED	Currencies	Western Asia (C)	Western Asia: United Arab Emirates	AED-name-other	https://st.unicode.org/v#/to//fc25f99c4635c72
to	Tongan	Latin	moderate	moderate	n/a	AFN	Currencies	Southern Asia (C)	Southern Asia: Afghanistan	AFN-name	https://st.unicode.org/v#/to//2143c475bfc49789
to	Tongan	Latin	moderate	moderate	n/a	AFN	Currencies	Southern Asia (C)	Southern Asia: Afghanistan	AFN-name-other	https://st.unicode.org/v#/to//273f773c35b87f71
to	Tongan	Latin	moderate	moderate	n/a	ALL	Currencies	Southern/Eastern Europe	Southern Europe: Albania	ALL-name	https://st.unicode.org/v#/to//1ce68db09f27168e
to	Tongan	Latin	moderate	moderate	n/a	ALL	Currencies	Southern/Eastern Europe	Southern Europe: Albania	ALL-name-other	https://st.unicode.org/v#/to//f6bed620b8beb7e
to	Tongan	Latin	moderate	moderate	n/a	AMD	Currencies	Western Asia (C)	Western Asia: Armenia	AMD-name	https://st.unicode.org/v#/to//18297165f42739ce
to	Tongan	Latin	moderate	moderate	n/a	AMD	Currencies	Western Asia (C)	Western Asia: Armenia	AMD-name-other	https://st.unicode.org/v#/to//248acb20005694b7
to	Tongan	Latin	moderate	moderate	n/a	ANG	Currencies	North America (C)	Caribbean: Netherlands Antilles: ANG (old)	ANG-name	https://st.unicode.org/v#/to//2fa097bfd08b05c6
to	Tongan	Latin	moderate	moderate	n/a	ANG	Currencies	North America (C)	Caribbean: Netherlands Antilles: ANG (old)	ANG-name-other	https://st.unicode.org/v#/to//584d29f39cc09fd6
to	Tongan	Latin	moderate	moderate	n/a	AOA	Currencies	Middle Africa	Middle Africa: Angola	AOA-name	https://st.unicode.org/v#/to//72351897bd713ef8
to	Tongan	Latin	moderate	moderate	n/a	AOA	Currencies	Middle Africa	Middle Africa: Angola	AOA-name-other	https://st.unicode.org/v#/to//5c5497e75f927e58
to	Tongan	Latin	moderate	moderate	n/a	ARS	Currencies	South America (C)	South America: Argentina	ARS-name	https://st.unicode.org/v#/to//29cc40c679e6357d
to	Tongan	Latin	moderate	moderate	n/a	ARS	Currencies	South America (C)	South America: Argentina	ARS-name-other	https://st.unicode.org/v#/to//5a22a27bff0bee86
to	Tongan	Latin	moderate	moderate	n/a	AWG	Currencies	North America (C)	Caribbean: Aruba	AWG-name	https://st.unicode.org/v#/to//3baefce3ed4a8693
to	Tongan	Latin	moderate	moderate	n/a	AWG	Currencies	North America (C)	Caribbean: Aruba	AWG-name-other	https://st.unicode.org/v#/to//5b9bb059570cff3
to	Tongan	Latin	moderate	moderate	n/a	AZN	Currencies	Western Asia (C)	Western Asia: Azerbaijan	AZN-name	https://st.unicode.org/v#/to//77b8c3e5586e1df9
to	Tongan	Latin	moderate	moderate	n/a	AZN	Currencies	Western Asia (C)	Western Asia: Azerbaijan	AZN-name-other	https://st.unicode.org/v#/to//12c8763115f6781b
to	Tongan	Latin	moderate	moderate	n/a	BAM	Currencies	Southern/Eastern Europe	Southern Europe: Bosnia & Herzegovina	BAM-name	https://st.unicode.org/v#/to//668f69fe857aa10e
to	Tongan	Latin	moderate	moderate	n/a	BAM	Currencies	Southern/Eastern Europe	Southern Europe: Bosnia & Herzegovina	BAM-name-other	https://st.unicode.org/v#/to//7059c57c6108edb4
to	Tongan	Latin	moderate	moderate	n/a	BBD	Currencies	North America (C)	Caribbean: Barbados	BBD-name	https://st.unicode.org/v#/to//5dd10a514bc04e9c
to	Tongan	Latin	moderate	moderate	n/a	BBD	Currencies	North America (C)	Caribbean: Barbados	BBD-name-other	https://st.unicode.org/v#/to//7f567380852f32f7
to	Tongan	Latin	moderate	moderate	n/a	BDT	Currencies	Southern Asia (C)	Southern Asia: Bangladesh	BDT-name	https://st.unicode.org/v#/to//6f73dc5b8778679
to	Tongan	Latin	moderate	moderate	n/a	BDT	Currencies	Southern Asia (C)	Southern Asia: Bangladesh	BDT-name-other	https://st.unicode.org/v#/to//7e800c0e24faa0b
to	Tongan	Latin	moderate	moderate	n/a	BGN	Currencies	Southern/Eastern Europe	Eastern Europe: Bulgaria: BGN (old)	BGN-name	https://st.unicode.org/v#/to//2a5738a06188dd09
to	Tongan	Latin	moderate	moderate	n/a	BGN	Currencies	Southern/Eastern Europe	Eastern Europe: Bulgaria: BGN (old)	BGN-name-other	https://st.unicode.org/v#/to//788350364fd22b46
to	Tongan	Latin	moderate	moderate	n/a	BHD	Currencies	Western Asia (C)	Western Asia: Bahrain	BHD-name	https://st.unicode.org/v#/to//6070425d4ecbab7d
to	Tongan	Latin	moderate	moderate	n/a	BHD	Currencies	Western Asia (C)	Western Asia: Bahrain	BHD-name-other	https://st.unicode.org/v#/to//5064a041f0381f43
to	Tongan	Latin	moderate	moderate	n/a	BIF	Currencies	Eastern Africa	Eastern Africa: Burundi	BIF-name	https://st.unicode.org/v#/to//62f6c9b0b2b720ee
to	Tongan	Latin	moderate	moderate	n/a	BIF	Currencies	Eastern Africa	Eastern Africa: Burundi	BIF-name-other	https://st.unicode.org/v#/to//7cd00a0b5471d2e0
to	Tongan	Latin	moderate	moderate	n/a	BMD	Currencies	North America (C)	Northern America: Bermuda	BMD-name	https://st.unicode.org/v#/to//56ef76ba1eaadf80
to	Tongan	Latin	moderate	moderate	n/a	BMD	Currencies	North America (C)	Northern America: Bermuda	BMD-name-other	https://st.unicode.org/v#/to//3a3ec1a0f4d3300b
to	Tongan	Latin	moderate	moderate	n/a	BND	Currencies	Southeast Asia (C)	Southeast Asia: Brunei	BND-name	https://st.unicode.org/v#/to//65e6786d67691d94
to	Tongan	Latin	moderate	moderate	n/a	BND	Currencies	Southeast Asia (C)	Southeast Asia: Brunei	BND-name-other	https://st.unicode.org/v#/to//194c1b97208a80c8
to	Tongan	Latin	moderate	moderate	n/a	BOB	Currencies	South America (C)	South America: Bolivia	BOB-name	https://st.unicode.org/v#/to//7c48ccfbe08394b7
to	Tongan	Latin	moderate	moderate	n/a	BOB	Currencies	South America (C)	South America: Bolivia	BOB-name-other	https://st.unicode.org/v#/to//2b210416349a8214
to	Tongan	Latin	moderate	moderate	n/a	BRL	Currencies	South America (C)	South America: Brazil	BRL-name	https://st.unicode.org/v#/to//42b92cc6fcad71da
to	Tongan	Latin	moderate	moderate	n/a	BRL	Currencies	South America (C)	South America: Brazil	BRL-name-other	https://st.unicode.org/v#/to//4b9cd8699b67c3b
to	Tongan	Latin	moderate	moderate	n/a	BSD	Currencies	North America (C)	Caribbean: Bahamas	BSD-name	https://st.unicode.org/v#/to//704da516fff5dbaa
to	Tongan	Latin	moderate	moderate	n/a	BSD	Currencies	North America (C)	Caribbean: Bahamas	BSD-name-other	https://st.unicode.org/v#/to//4ad43bd8b8cc70de
to	Tongan	Latin	moderate	moderate	n/a	BTN	Currencies	Southern Asia (C)	Southern Asia: Bhutan	BTN-name	https://st.unicode.org/v#/to//e5f3059a57dd7ec
to	Tongan	Latin	moderate	moderate	n/a	BTN	Currencies	Southern Asia (C)	Southern Asia: Bhutan	BTN-name-other	https://st.unicode.org/v#/to//b738acb7ba8b76d
to	Tongan	Latin	moderate	moderate	n/a	BWP	Currencies	Southern Africa	Southern Africa: Botswana	BWP-name	https://st.unicode.org/v#/to//1cb5cb416d226ab9
to	Tongan	Latin	moderate	moderate	n/a	BWP	Currencies	Southern Africa	Southern Africa: Botswana	BWP-name-other	https://st.unicode.org/v#/to//5e95c28352bc7fc8
to	Tongan	Latin	moderate	moderate	n/a	BYN	Currencies	Southern/Eastern Europe	Eastern Europe: Belarus	BYN-name	https://st.unicode.org/v#/to//6a2b565cfa0d2c8d
to	Tongan	Latin	moderate	moderate	n/a	BYN	Currencies	Southern/Eastern Europe	Eastern Europe: Belarus	BYN-name-other	https://st.unicode.org/v#/to//12f6b7c92038fe46
to	Tongan	Latin	moderate	moderate	n/a	BZD	Currencies	North America (C)	Central America: Belize	BZD-name	https://st.unicode.org/v#/to//27e10f3312c9bad0
to	Tongan	Latin	moderate	moderate	n/a	BZD	Currencies	North America (C)	Central America: Belize	BZD-name-other	https://st.unicode.org/v#/to//2eb3e7637b8109aa
to	Tongan	Latin	moderate	moderate	n/a	CAD	Currencies	North America (C)	Northern America: Canada	CAD-name	https://st.unicode.org/v#/to//784498f5498cb8
to	Tongan	Latin	moderate	moderate	n/a	CAD	Currencies	North America (C)	Northern America: Canada	CAD-name-other	https://st.unicode.org/v#/to//1e05375ecaacdaf
to	Tongan	Latin	moderate	moderate	n/a	CDF	Currencies	Middle Africa	Middle Africa: Congo - Kinshasa	CDF-name	https://st.unicode.org/v#/to//4891018be455cc69
to	Tongan	Latin	moderate	moderate	n/a	CDF	Currencies	Middle Africa	Middle Africa: Congo - Kinshasa	CDF-name-other	https://st.unicode.org/v#/to//9b56f355867e213
to	Tongan	Latin	moderate	moderate	n/a	CHF	Currencies	Northern/Western Europe	Western Europe: Switzerland	CHF-name	https://st.unicode.org/v#/to//2e6c5e67ace2d8d8
to	Tongan	Latin	moderate	moderate	n/a	CHF	Currencies	Northern/Western Europe	Western Europe: Switzerland	CHF-name-other	https://st.unicode.org/v#/to//8a400d99485752f
to	Tongan	Latin	moderate	moderate	n/a	CLP	Currencies	South America (C)	South America: Chile	CLP-name	https://st.unicode.org/v#/to//63fa409e427a9e2f
to	Tongan	Latin	moderate	moderate	n/a	CLP	Currencies	South America (C)	South America: Chile	CLP-name-other	https://st.unicode.org/v#/to//5e626d29b1fb7152
to	Tongan	Latin	moderate	moderate	n/a	CNH	Currencies	Eastern Asia (C)	Eastern Asia: China: CNH (offshore)	CNH-name	https://st.unicode.org/v#/to//7b0abdabba2d296b
to	Tongan	Latin	moderate	moderate	n/a	CNH	Currencies	Eastern Asia (C)	Eastern Asia: China: CNH (offshore)	CNH-name-other	https://st.unicode.org/v#/to//5d6b36f22c5a1078
to	Tongan	Latin	moderate	moderate	n/a	CNY	Currencies	Eastern Asia (C)	Eastern Asia: China	CNY-name	https://st.unicode.org/v#/to//7ee3078a07b28c67
to	Tongan	Latin	moderate	moderate	n/a	CNY	Currencies	Eastern Asia (C)	Eastern Asia: China	CNY-name-other	https://st.unicode.org/v#/to//7635ad6b68b27469
to	Tongan	Latin	moderate	moderate	n/a	COP	Currencies	South America (C)	South America: Colombia	COP-name	https://st.unicode.org/v#/to//4384816445e152e3
to	Tongan	Latin	moderate	moderate	n/a	COP	Currencies	South America (C)	South America: Colombia	COP-name-other	https://st.unicode.org/v#/to//7bb4b3b26acf5143
to	Tongan	Latin	moderate	moderate	n/a	CRC	Currencies	North America (C)	Central America: Costa Rica	CRC-name	https://st.unicode.org/v#/to//1d10ba30f259ab9a
to	Tongan	Latin	moderate	moderate	n/a	CRC	Currencies	North America (C)	Central America: Costa Rica	CRC-name-other	https://st.unicode.org/v#/to//6a88b69a674802bf
to	Tongan	Latin	moderate	moderate	n/a	CUC	Currencies	North America (C)	Caribbean: Cuba: CUC (old)	CUC-name	https://st.unicode.org/v#/to//6707f837facdba68
to	Tongan	Latin	moderate	moderate	n/a	CUC	Currencies	North America (C)	Caribbean: Cuba: CUC (old)	CUC-name-other	https://st.unicode.org/v#/to//3b0e0a11de7dc6a1
to	Tongan	Latin	moderate	moderate	n/a	CUP	Currencies	North America (C)	Caribbean: Cuba	CUP-name	https://st.unicode.org/v#/to//edaebdc38fc8a84
to	Tongan	Latin	moderate	moderate	n/a	CUP	Currencies	North America (C)	Caribbean: Cuba	CUP-name-other	https://st.unicode.org/v#/to//2de1f52c2f4d8d2e
to	Tongan	Latin	moderate	moderate	n/a	CVE	Currencies	Western Africa	Western Africa: Cape Verde	CVE-name	https://st.unicode.org/v#/to//1e6bb0431df359a7
to	Tongan	Latin	moderate	moderate	n/a	CVE	Currencies	Western Africa	Western Africa: Cape Verde	CVE-name-other	https://st.unicode.org/v#/to//7b7f96c0fcf8863f
to	Tongan	Latin	moderate	moderate	n/a	CZK	Currencies	Southern/Eastern Europe	Eastern Europe: Czechia	CZK-name	https://st.unicode.org/v#/to//44c8cdc2f9a9c75e
to	Tongan	Latin	moderate	moderate	n/a	CZK	Currencies	Southern/Eastern Europe	Eastern Europe: Czechia	CZK-name-other	https://st.unicode.org/v#/to//6ca462cc06f7bd7d
to	Tongan	Latin	moderate	moderate	n/a	DJF	Currencies	Eastern Africa	Eastern Africa: Djibouti	DJF-name	https://st.unicode.org/v#/to//4495e2bf1e62167c
to	Tongan	Latin	moderate	moderate	n/a	DJF	Currencies	Eastern Africa	Eastern Africa: Djibouti	DJF-name-other	https://st.unicode.org/v#/to//30b8621b0fe8578a
to	Tongan	Latin	moderate	moderate	n/a	DKK	Currencies	Northern/Western Europe	Northern Europe: Denmark	DKK-name	https://st.unicode.org/v#/to//75ad2fb4b3b6a98d
to	Tongan	Latin	moderate	moderate	n/a	DKK	Currencies	Northern/Western Europe	Northern Europe: Denmark	DKK-name-other	https://st.unicode.org/v#/to//37a19aed56136b97
to	Tongan	Latin	moderate	moderate	n/a	DOP	Currencies	North America (C)	Caribbean: Dominican Republic	DOP-name	https://st.unicode.org/v#/to//775f6cc1467c86f2
to	Tongan	Latin	moderate	moderate	n/a	DOP	Currencies	North America (C)	Caribbean: Dominican Republic	DOP-name-other	https://st.unicode.org/v#/to//49a2653bf25206b9
to	Tongan	Latin	moderate	moderate	n/a	DZD	Currencies	Northern Africa	Northern Africa: Algeria	DZD-name	https://st.unicode.org/v#/to//45fb098396a8082f
to	Tongan	Latin	moderate	moderate	n/a	DZD	Currencies	Northern Africa	Northern Africa: Algeria	DZD-name-other	https://st.unicode.org/v#/to//10a051db4cd44ee0
to	Tongan	Latin	moderate	moderate	n/a	EGP	Currencies	Northern Africa	Northern Africa: Egypt	EGP-name	https://st.unicode.org/v#/to//7937fecf4e396300
to	Tongan	Latin	moderate	moderate	n/a	EGP	Currencies	Northern Africa	Northern Africa: Egypt	EGP-name-other	https://st.unicode.org/v#/to//38df8adf2faa9738
to	Tongan	Latin	moderate	moderate	n/a	ERN	Currencies	Eastern Africa	Eastern Africa: Eritrea	ERN-name	https://st.unicode.org/v#/to//783e3841293d57b4
to	Tongan	Latin	moderate	moderate	n/a	ERN	Currencies	Eastern Africa	Eastern Africa: Eritrea	ERN-name-other	https://st.unicode.org/v#/to//124eea38c572b03e
to	Tongan	Latin	moderate	moderate	n/a	ETB	Currencies	Eastern Africa	Eastern Africa: Ethiopia	ETB-name	https://st.unicode.org/v#/to//5c8a53d3a7ad1efb
to	Tongan	Latin	moderate	moderate	n/a	ETB	Currencies	Eastern Africa	Eastern Africa: Ethiopia	ETB-name-other	https://st.unicode.org/v#/to//57ef0afbd1d22824
to	Tongan	Latin	moderate	moderate	n/a	FKP	Currencies	South America (C)	South America: Falkland Islands	FKP-name	https://st.unicode.org/v#/to//6396341d356a3fcf
to	Tongan	Latin	moderate	moderate	n/a	FKP	Currencies	South America (C)	South America: Falkland Islands	FKP-name-other	https://st.unicode.org/v#/to//5dde7cc68f9d8f50
to	Tongan	Latin	moderate	moderate	n/a	GBP	Currencies	Northern/Western Europe	Northern Europe: United Kingdom	GBP-name	https://st.unicode.org/v#/to//55b33d7d4a4ddb24
to	Tongan	Latin	moderate	moderate	n/a	GBP	Currencies	Northern/Western Europe	Northern Europe: United Kingdom	GBP-name-other	https://st.unicode.org/v#/to//1b1d1f8db6449871
to	Tongan	Latin	moderate	moderate	n/a	GEL	Currencies	Western Asia (C)	Western Asia: Georgia	GEL-name	https://st.unicode.org/v#/to//5bb7fd56ec415b0
to	Tongan	Latin	moderate	moderate	n/a	GEL	Currencies	Western Asia (C)	Western Asia: Georgia	GEL-name-other	https://st.unicode.org/v#/to//4ea7259a703b7086
to	Tongan	Latin	moderate	moderate	n/a	GHS	Currencies	Western Africa	Western Africa: Ghana	GHS-name	https://st.unicode.org/v#/to//46b93fa2ce4c219e
to	Tongan	Latin	moderate	moderate	n/a	GHS	Currencies	Western Africa	Western Africa: Ghana	GHS-name-other	https://st.unicode.org/v#/to//14db5c372a7d39cc
to	Tongan	Latin	moderate	moderate	n/a	GIP	Currencies	Southern/Eastern Europe	Southern Europe: Gibraltar	GIP-name	https://st.unicode.org/v#/to//3a57427c721eb335
to	Tongan	Latin	moderate	moderate	n/a	GIP	Currencies	Southern/Eastern Europe	Southern Europe: Gibraltar	GIP-name-other	https://st.unicode.org/v#/to//3490eeccd7f3542
to	Tongan	Latin	moderate	moderate	n/a	GMD	Currencies	Western Africa	Western Africa: Gambia	GMD-name	https://st.unicode.org/v#/to//397b627f783fef8a
to	Tongan	Latin	moderate	moderate	n/a	GMD	Currencies	Western Africa	Western Africa: Gambia	GMD-name-other	https://st.unicode.org/v#/to//1869c940ba3480cb
to	Tongan	Latin	moderate	moderate	n/a	GNF	Currencies	Western Africa	Western Africa: Guinea	GNF-name	https://st.unicode.org/v#/to//5a6979e2c1a31321
to	Tongan	Latin	moderate	moderate	n/a	GNF	Currencies	Western Africa	Western Africa: Guinea	GNF-name-other	https://st.unicode.org/v#/to//354f2e3d4c252894
to	Tongan	Latin	moderate	moderate	n/a	GTQ	Currencies	North America (C)	Central America: Guatemala	GTQ-name	https://st.unicode.org/v#/to//261d4169a3dc3d31
to	Tongan	Latin	moderate	moderate	n/a	GTQ	Currencies	North America (C)	Central America: Guatemala	GTQ-name-other	https://st.unicode.org/v#/to//7a211d07b6c8c93d
to	Tongan	Latin	moderate	moderate	n/a	GYD	Currencies	South America (C)	South America: Guyana	GYD-name	https://st.unicode.org/v#/to//2aedd38cb57a4f5
to	Tongan	Latin	moderate	moderate	n/a	GYD	Currencies	South America (C)	South America: Guyana	GYD-name-other	https://st.unicode.org/v#/to//444a4ee890d00eb8
to	Tongan	Latin	moderate	moderate	n/a	HKD	Currencies	Eastern Asia (C)	Eastern Asia: Hong Kong SAR China	HKD-name	https://st.unicode.org/v#/to//4fe1c3e5b4be32ef
to	Tongan	Latin	moderate	moderate	n/a	HKD	Currencies	Eastern Asia (C)	Eastern Asia: Hong Kong SAR China	HKD-name-other	https://st.unicode.org/v#/to//3f69b8470fa3824f
to	Tongan	Latin	moderate	moderate	n/a	HNL	Currencies	North America (C)	Central America: Honduras	HNL-name	https://st.unicode.org/v#/to//9d481a5c9bd48f7
to	Tongan	Latin	moderate	moderate	n/a	HNL	Currencies	North America (C)	Central America: Honduras	HNL-name-other	https://st.unicode.org/v#/to//2f42bec19fb08e05
to	Tongan	Latin	moderate	moderate	n/a	HRK	Currencies	Southern/Eastern Europe	Southern Europe: Croatia: HRK (old)	HRK-name	https://st.unicode.org/v#/to//4b4d306f75d64388
to	Tongan	Latin	moderate	moderate	n/a	HRK	Currencies	Southern/Eastern Europe	Southern Europe: Croatia: HRK (old)	HRK-name-other	https://st.unicode.org/v#/to//1adceb6c2811f1da
to	Tongan	Latin	moderate	moderate	n/a	HTG	Currencies	North America (C)	Caribbean: Haiti	HTG-name	https://st.unicode.org/v#/to//1ec5cfb0cdae15ad
to	Tongan	Latin	moderate	moderate	n/a	HTG	Currencies	North America (C)	Caribbean: Haiti	HTG-name-other	https://st.unicode.org/v#/to//268e78b4b307ed4d
to	Tongan	Latin	moderate	moderate	n/a	HUF	Currencies	Southern/Eastern Europe	Eastern Europe: Hungary	HUF-name	https://st.unicode.org/v#/to//539e082c17d49876
to	Tongan	Latin	moderate	moderate	n/a	HUF	Currencies	Southern/Eastern Europe	Eastern Europe: Hungary	HUF-name-other	https://st.unicode.org/v#/to//6f622b61cfaf5130
to	Tongan	Latin	moderate	moderate	n/a	IDR	Currencies	Southeast Asia (C)	Southeast Asia: Indonesia	IDR-name	https://st.unicode.org/v#/to//39aeef07e7f1f849
to	Tongan	Latin	moderate	moderate	n/a	IDR	Currencies	Southeast Asia (C)	Southeast Asia: Indonesia	IDR-name-other	https://st.unicode.org/v#/to//2f674d0113057f89
to	Tongan	Latin	moderate	moderate	n/a	ILS	Currencies	Western Asia (C)	Western Asia: Israel	ILS-name	https://st.unicode.org/v#/to//1ded921c74d570d7
to	Tongan	Latin	moderate	moderate	n/a	ILS	Currencies	Western Asia (C)	Western Asia: Israel	ILS-name-other	https://st.unicode.org/v#/to//176ec5d0b775ac84
to	Tongan	Latin	moderate	moderate	n/a	INR	Currencies	Southern Asia (C)	Southern Asia: India	INR-name	https://st.unicode.org/v#/to//429f92f78f376380
to	Tongan	Latin	moderate	moderate	n/a	INR	Currencies	Southern Asia (C)	Southern Asia: India	INR-name-other	https://st.unicode.org/v#/to//1be37189a56d6fd5
to	Tongan	Latin	moderate	moderate	n/a	IQD	Currencies	Western Asia (C)	Western Asia: Iraq	IQD-name	https://st.unicode.org/v#/to//6144a1757e350ceb
to	Tongan	Latin	moderate	moderate	n/a	IQD	Currencies	Western Asia (C)	Western Asia: Iraq	IQD-name-other	https://st.unicode.org/v#/to//28ed559aecd83a16
to	Tongan	Latin	moderate	moderate	n/a	IRR	Currencies	Southern Asia (C)	Southern Asia: Iran	IRR-name	https://st.unicode.org/v#/to//7d14bf3389aff5de
to	Tongan	Latin	moderate	moderate	n/a	IRR	Currencies	Southern Asia (C)	Southern Asia: Iran	IRR-name-other	https://st.unicode.org/v#/to//75b66bfad03be7e9
to	Tongan	Latin	moderate	moderate	n/a	ISK	Currencies	Northern/Western Europe	Northern Europe: Iceland	ISK-name	https://st.unicode.org/v#/to//b77d3376f8e1dbf
to	Tongan	Latin	moderate	moderate	n/a	ISK	Currencies	Northern/Western Europe	Northern Europe: Iceland	ISK-name-other	https://st.unicode.org/v#/to//61e176d6fcf5d3b2
to	Tongan	Latin	moderate	moderate	n/a	JMD	Currencies	North America (C)	Caribbean: Jamaica	JMD-name	https://st.unicode.org/v#/to//4c4280ed71d9cb31
to	Tongan	Latin	moderate	moderate	n/a	JMD	Currencies	North America (C)	Caribbean: Jamaica	JMD-name-other	https://st.unicode.org/v#/to//118a6961c056a47c
to	Tongan	Latin	moderate	moderate	n/a	JOD	Currencies	Western Asia (C)	Western Asia: Jordan	JOD-name	https://st.unicode.org/v#/to//23ae03047380bfa5
to	Tongan	Latin	moderate	moderate	n/a	JOD	Currencies	Western Asia (C)	Western Asia: Jordan	JOD-name-other	https://st.unicode.org/v#/to//47ca48e2d216024f
to	Tongan	Latin	moderate	moderate	n/a	JPY	Currencies	Eastern Asia (C)	Eastern Asia: Japan	JPY-name	https://st.unicode.org/v#/to//28097fc3a5b0526d
to	Tongan	Latin	moderate	moderate	n/a	JPY	Currencies	Eastern Asia (C)	Eastern Asia: Japan	JPY-name-other	https://st.unicode.org/v#/to//579f6552c1642b25
to	Tongan	Latin	moderate	moderate	n/a	KES	Currencies	Eastern Africa	Eastern Africa: Kenya	KES-name	https://st.unicode.org/v#/to//6628d03d7e5ad22f
to	Tongan	Latin	moderate	moderate	n/a	KES	Currencies	Eastern Africa	Eastern Africa: Kenya	KES-name-other	https://st.unicode.org/v#/to//4b09bab87c325994
to	Tongan	Latin	moderate	moderate	n/a	KGS	Currencies	Central Asia (C)	Central Asia: Kyrgyzstan	KGS-name	https://st.unicode.org/v#/to//590ea1de0df2302e
to	Tongan	Latin	moderate	moderate	n/a	KGS	Currencies	Central Asia (C)	Central Asia: Kyrgyzstan	KGS-name-other	https://st.unicode.org/v#/to//53e03a7c29e209d5
to	Tongan	Latin	moderate	moderate	n/a	KHR	Currencies	Southeast Asia (C)	Southeast Asia: Cambodia	KHR-name	https://st.unicode.org/v#/to//4feb7d2ff4565c56
to	Tongan	Latin	moderate	moderate	n/a	KHR	Currencies	Southeast Asia (C)	Southeast Asia: Cambodia	KHR-name-other	https://st.unicode.org/v#/to//77a4762bd297d366
to	Tongan	Latin	moderate	moderate	n/a	KMF	Currencies	Eastern Africa	Eastern Africa: Comoros	KMF-name	https://st.unicode.org/v#/to//5dd22c68cb39f46
to	Tongan	Latin	moderate	moderate	n/a	KMF	Currencies	Eastern Africa	Eastern Africa: Comoros	KMF-name-other	https://st.unicode.org/v#/to//bff036d1b66f27e
to	Tongan	Latin	moderate	moderate	n/a	KPW	Currencies	Eastern Asia (C)	Eastern Asia: North Korea	KPW-name	https://st.unicode.org/v#/to//8fc6d3e8e10c119
to	Tongan	Latin	moderate	moderate	n/a	KPW	Currencies	Eastern Asia (C)	Eastern Asia: North Korea	KPW-name-other	https://st.unicode.org/v#/to//55d37b5e62cf2c93
to	Tongan	Latin	moderate	moderate	n/a	KRW	Currencies	Eastern Asia (C)	Eastern Asia: South Korea	KRW-name	https://st.unicode.org/v#/to//7624afff616fa0df
to	Tongan	Latin	moderate	moderate	n/a	KRW	Currencies	Eastern Asia (C)	Eastern Asia: South Korea	KRW-name-other	https://st.unicode.org/v#/to//69c90ea59824eea0
to	Tongan	Latin	moderate	moderate	n/a	KWD	Currencies	Western Asia (C)	Western Asia: Kuwait	KWD-name	https://st.unicode.org/v#/to//15db5bad7429d058
to	Tongan	Latin	moderate	moderate	n/a	KWD	Currencies	Western Asia (C)	Western Asia: Kuwait	KWD-name-other	https://st.unicode.org/v#/to//6f72fe374efeb352
to	Tongan	Latin	moderate	moderate	n/a	KYD	Currencies	North America (C)	Caribbean: Cayman Islands	KYD-name	https://st.unicode.org/v#/to//284e99f3386be848
to	Tongan	Latin	moderate	moderate	n/a	KYD	Currencies	North America (C)	Caribbean: Cayman Islands	KYD-name-other	https://st.unicode.org/v#/to//391cb60802a00fb2
to	Tongan	Latin	moderate	moderate	n/a	KZT	Currencies	Central Asia (C)	Central Asia: Kazakhstan	KZT-name	https://st.unicode.org/v#/to//2a294328edabbd1d
to	Tongan	Latin	moderate	moderate	n/a	KZT	Currencies	Central Asia (C)	Central Asia: Kazakhstan	KZT-name-other	https://st.unicode.org/v#/to//406d7e490e4e1f99
to	Tongan	Latin	moderate	moderate	n/a	LAK	Currencies	Southeast Asia (C)	Southeast Asia: Laos	LAK-name	https://st.unicode.org/v#/to//49503a352a7f2bca
to	Tongan	Latin	moderate	moderate	n/a	LAK	Currencies	Southeast Asia (C)	Southeast Asia: Laos	LAK-name-other	https://st.unicode.org/v#/to//7d00c8e5501fcd4e
to	Tongan	Latin	moderate	moderate	n/a	LBP	Currencies	Western Asia (C)	Western Asia: Lebanon	LBP-name	https://st.unicode.org/v#/to//4b37acbb7cedf75
to	Tongan	Latin	moderate	moderate	n/a	LBP	Currencies	Western Asia (C)	Western Asia: Lebanon	LBP-name-other	https://st.unicode.org/v#/to//6935ada2062dad2e
to	Tongan	Latin	moderate	moderate	n/a	LKR	Currencies	Southern Asia (C)	Southern Asia: Sri Lanka	LKR-name	https://st.unicode.org/v#/to//6d5dcadb1ae41a98
to	Tongan	Latin	moderate	moderate	n/a	LKR	Currencies	Southern Asia (C)	Southern Asia: Sri Lanka	LKR-name-other	https://st.unicode.org/v#/to//2703cb0bf4234bfa
to	Tongan	Latin	moderate	moderate	n/a	LRD	Currencies	Western Africa	Western Africa: Liberia	LRD-name	https://st.unicode.org/v#/to//2c2d999d15a87997
to	Tongan	Latin	moderate	moderate	n/a	LRD	Currencies	Western Africa	Western Africa: Liberia	LRD-name-other	https://st.unicode.org/v#/to//1a123a7af6de54ee
to	Tongan	Latin	moderate	moderate	n/a	LSL	Currencies	Southern Africa	Southern Africa: Lesotho	LSL-name	https://st.unicode.org/v#/to//73cdaa7e87cb07d1
to	Tongan	Latin	moderate	moderate	n/a	LSL	Currencies	Southern Africa	Southern Africa: Lesotho	LSL-name-other	https://st.unicode.org/v#/to//18e72d157fb85bce
to	Tongan	Latin	moderate	moderate	n/a	LYD	Currencies	Northern Africa	Northern Africa: Libya	LYD-name	https://st.unicode.org/v#/to//6baa4fe199699fcb
to	Tongan	Latin	moderate	moderate	n/a	LYD	Currencies	Northern Africa	Northern Africa: Libya	LYD-name-other	https://st.unicode.org/v#/to//4100d9c660331944
to	Tongan	Latin	moderate	moderate	n/a	MAD	Currencies	Northern Africa	Northern Africa: Morocco	MAD-name	https://st.unicode.org/v#/to//7af1e63ad53d7d18
to	Tongan	Latin	moderate	moderate	n/a	MAD	Currencies	Northern Africa	Northern Africa: Morocco	MAD-name-other	https://st.unicode.org/v#/to//2b0b78db588c0daf
to	Tongan	Latin	moderate	moderate	n/a	MDL	Currencies	Southern/Eastern Europe	Eastern Europe: Moldova	MDL-name	https://st.unicode.org/v#/to//f4c028b43d7edc0
to	Tongan	Latin	moderate	moderate	n/a	MDL	Currencies	Southern/Eastern Europe	Eastern Europe: Moldova	MDL-name-other	https://st.unicode.org/v#/to//4747a3384deaf2fa
to	Tongan	Latin	moderate	moderate	n/a	MGA	Currencies	Eastern Africa	Eastern Africa: Madagascar	MGA-name	https://st.unicode.org/v#/to//7ddc3aa0c2db9b9e
to	Tongan	Latin	moderate	moderate	n/a	MGA	Currencies	Eastern Africa	Eastern Africa: Madagascar	MGA-name-other	https://st.unicode.org/v#/to//3b41868091672b21
to	Tongan	Latin	moderate	moderate	n/a	MKD	Currencies	Southern/Eastern Europe	Southern Europe: North Macedonia	MKD-name	https://st.unicode.org/v#/to//6f5e12e68785495d
to	Tongan	Latin	moderate	moderate	n/a	MKD	Currencies	Southern/Eastern Europe	Southern Europe: North Macedonia	MKD-name-other	https://st.unicode.org/v#/to//7bd6daff663716d5
to	Tongan	Latin	moderate	moderate	n/a	MMK	Currencies	Southeast Asia (C)	Southeast Asia: Myanmar (Burma)	MMK-name	https://st.unicode.org/v#/to//4db49f41db2928e4
to	Tongan	Latin	moderate	moderate	n/a	MMK	Currencies	Southeast Asia (C)	Southeast Asia: Myanmar (Burma)	MMK-name-other	https://st.unicode.org/v#/to//79b248c7e6bf1b4
to	Tongan	Latin	moderate	moderate	n/a	MNT	Currencies	Eastern Asia (C)	Eastern Asia: Mongolia	MNT-name	https://st.unicode.org/v#/to//54da94bcc22a3d01
to	Tongan	Latin	moderate	moderate	n/a	MNT	Currencies	Eastern Asia (C)	Eastern Asia: Mongolia	MNT-name-other	https://st.unicode.org/v#/to//843cdec082641e7
to	Tongan	Latin	moderate	moderate	n/a	MOP	Currencies	Eastern Asia (C)	Eastern Asia: Macao SAR China	MOP-name	https://st.unicode.org/v#/to//179d04c59e747860
to	Tongan	Latin	moderate	moderate	n/a	MOP	Currencies	Eastern Asia (C)	Eastern Asia: Macao SAR China	MOP-name-other	https://st.unicode.org/v#/to//2793ba1099ef0629
to	Tongan	Latin	moderate	moderate	n/a	MRU	Currencies	Western Africa	Western Africa: Mauritania	MRU-name	https://st.unicode.org/v#/to//66721da90aee2dfe
to	Tongan	Latin	moderate	moderate	n/a	MRU	Currencies	Western Africa	Western Africa: Mauritania	MRU-name-other	https://st.unicode.org/v#/to//1c98e4ca89bad5c7
to	Tongan	Latin	moderate	moderate	n/a	MUR	Currencies	Eastern Africa	Eastern Africa: Mauritius	MUR-name	https://st.unicode.org/v#/to//3955735cdcd285dd
to	Tongan	Latin	moderate	moderate	n/a	MUR	Currencies	Eastern Africa	Eastern Africa: Mauritius	MUR-name-other	https://st.unicode.org/v#/to//6cc6e3e66c2bcfb0
to	Tongan	Latin	moderate	moderate	n/a	MVR	Currencies	Southern Asia (C)	Southern Asia: Maldives	MVR-name	https://st.unicode.org/v#/to//1aa997b592a67c78
to	Tongan	Latin	moderate	moderate	n/a	MVR	Currencies	Southern Asia (C)	Southern Asia: Maldives	MVR-name-other	https://st.unicode.org/v#/to//1c686cd10c4711b8
to	Tongan	Latin	moderate	moderate	n/a	MWK	Currencies	Eastern Africa	Eastern Africa: Malawi	MWK-name	https://st.unicode.org/v#/to//86eb22e4da2cbd0
to	Tongan	Latin	moderate	moderate	n/a	MWK	Currencies	Eastern Africa	Eastern Africa: Malawi	MWK-name-other	https://st.unicode.org/v#/to//3ee41f435d50a841
to	Tongan	Latin	moderate	moderate	n/a	MXN	Currencies	North America (C)	Central America: Mexico	MXN-name	https://st.unicode.org/v#/to//7b1066e051631b8a
to	Tongan	Latin	moderate	moderate	n/a	MXN	Currencies	North America (C)	Central America: Mexico	MXN-name-other	https://st.unicode.org/v#/to//7c0aae43f2809b94
to	Tongan	Latin	moderate	moderate	n/a	MYR	Currencies	Southeast Asia (C)	Southeast Asia: Malaysia	MYR-name	https://st.unicode.org/v#/to//406c9ae9e2a0b83d
to	Tongan	Latin	moderate	moderate	n/a	MYR	Currencies	Southeast Asia (C)	Southeast Asia: Malaysia	MYR-name-other	https://st.unicode.org/v#/to//299e0e96d40cb17d
to	Tongan	Latin	moderate	moderate	n/a	MZN	Currencies	Eastern Africa	Eastern Africa: Mozambique	MZN-name	https://st.unicode.org/v#/to//4d5e8d9ca37f1cc5
to	Tongan	Latin	moderate	moderate	n/a	MZN	Currencies	Eastern Africa	Eastern Africa: Mozambique	MZN-name-other	https://st.unicode.org/v#/to//cda5fb6aa376751
to	Tongan	Latin	moderate	moderate	n/a	NAD	Currencies	Southern Africa	Southern Africa: Namibia	NAD-name	https://st.unicode.org/v#/to//383b6ce2460980da
to	Tongan	Latin	moderate	moderate	n/a	NAD	Currencies	Southern Africa	Southern Africa: Namibia	NAD-name-other	https://st.unicode.org/v#/to//d97406a6cddac5
to	Tongan	Latin	moderate	moderate	n/a	NGN	Currencies	Western Africa	Western Africa: Nigeria	NGN-name	https://st.unicode.org/v#/to//2b24788d128a835a
to	Tongan	Latin	moderate	moderate	n/a	NGN	Currencies	Western Africa	Western Africa: Nigeria	NGN-name-other	https://st.unicode.org/v#/to//7ff1ed1e4ee16bf0
to	Tongan	Latin	moderate	moderate	n/a	NIO	Currencies	North America (C)	Central America: Nicaragua	NIO-name	https://st.unicode.org/v#/to//15a13ed4ca1341fc
to	Tongan	Latin	moderate	moderate	n/a	NIO	Currencies	North America (C)	Central America: Nicaragua	NIO-name-other	https://st.unicode.org/v#/to//3f3d157993e9d13e
to	Tongan	Latin	moderate	moderate	n/a	NOK	Currencies	Northern/Western Europe	Northern Europe: Norway	NOK-name	https://st.unicode.org/v#/to//2338e8c92ad9abd9
to	Tongan	Latin	moderate	moderate	n/a	NOK	Currencies	Northern/Western Europe	Northern Europe: Norway	NOK-name-other	https://st.unicode.org/v#/to//6d3a128fe61b6b78
to	Tongan	Latin	moderate	moderate	n/a	NPR	Currencies	Southern Asia (C)	Southern Asia: Nepal	NPR-name	https://st.unicode.org/v#/to//3d851a77d31434b9
to	Tongan	Latin	moderate	moderate	n/a	NPR	Currencies	Southern Asia (C)	Southern Asia: Nepal	NPR-name-other	https://st.unicode.org/v#/to//f80b05969a10413
to	Tongan	Latin	moderate	moderate	n/a	OMR	Currencies	Western Asia (C)	Western Asia: Oman	OMR-name	https://st.unicode.org/v#/to//4c819691655e3dc4
to	Tongan	Latin	moderate	moderate	n/a	OMR	Currencies	Western Asia (C)	Western Asia: Oman	OMR-name-other	https://st.unicode.org/v#/to//415775c5206e8422
to	Tongan	Latin	moderate	moderate	n/a	PAB	Currencies	North America (C)	Central America: Panama	PAB-name	https://st.unicode.org/v#/to//2359bf72d8a955af
to	Tongan	Latin	moderate	moderate	n/a	PAB	Currencies	North America (C)	Central America: Panama	PAB-name-other	https://st.unicode.org/v#/to//6d060936d6d1033b
to	Tongan	Latin	moderate	moderate	n/a	PEN	Currencies	South America (C)	South America: Peru	PEN-name	https://st.unicode.org/v#/to//44c778f9d12594e3
to	Tongan	Latin	moderate	moderate	n/a	PEN	Currencies	South America (C)	South America: Peru	PEN-name-other	https://st.unicode.org/v#/to//45052bb95a7dceed
to	Tongan	Latin	moderate	moderate	n/a	PHP	Currencies	Southeast Asia (C)	Southeast Asia: Philippines	PHP-name	https://st.unicode.org/v#/to//2e8116ba8ad3e54f
to	Tongan	Latin	moderate	moderate	n/a	PHP	Currencies	Southeast Asia (C)	Southeast Asia: Philippines	PHP-name-other	https://st.unicode.org/v#/to//33557f4baedfc113
to	Tongan	Latin	moderate	moderate	n/a	PKR	Currencies	Southern Asia (C)	Southern Asia: Pakistan	PKR-name	https://st.unicode.org/v#/to//1161f505b4d75314
to	Tongan	Latin	moderate	moderate	n/a	PKR	Currencies	Southern Asia (C)	Southern Asia: Pakistan	PKR-name-other	https://st.unicode.org/v#/to//756cde33d8f48a04
to	Tongan	Latin	moderate	moderate	n/a	PLN	Currencies	Southern/Eastern Europe	Eastern Europe: Poland	PLN-name	https://st.unicode.org/v#/to//1bc46b34391ef925
to	Tongan	Latin	moderate	moderate	n/a	PLN	Currencies	Southern/Eastern Europe	Eastern Europe: Poland	PLN-name-other	https://st.unicode.org/v#/to//69d32d366683281
to	Tongan	Latin	moderate	moderate	n/a	PYG	Currencies	South America (C)	South America: Paraguay	PYG-name	https://st.unicode.org/v#/to//35733e76807aa082
to	Tongan	Latin	moderate	moderate	n/a	PYG	Currencies	South America (C)	South America: Paraguay	PYG-name-other	https://st.unicode.org/v#/to//15e5c1f2e889f607
to	Tongan	Latin	moderate	moderate	n/a	QAR	Currencies	Western Asia (C)	Western Asia: Qatar	QAR-name	https://st.unicode.org/v#/to//65dd6541c0827b45
to	Tongan	Latin	moderate	moderate	n/a	QAR	Currencies	Western Asia (C)	Western Asia: Qatar	QAR-name-other	https://st.unicode.org/v#/to//68eaa0e959c51cfe
to	Tongan	Latin	moderate	moderate	n/a	RON	Currencies	Southern/Eastern Europe	Eastern Europe: Romania	RON-name	https://st.unicode.org/v#/to//6e2485fa6713dccc
to	Tongan	Latin	moderate	moderate	n/a	RON	Currencies	Southern/Eastern Europe	Eastern Europe: Romania	RON-name-other	https://st.unicode.org/v#/to//5a813c6de195b2f9
to	Tongan	Latin	moderate	moderate	n/a	RSD	Currencies	Southern/Eastern Europe	Southern Europe: Serbia	RSD-name	https://st.unicode.org/v#/to//48b5988916e93881
to	Tongan	Latin	moderate	moderate	n/a	RSD	Currencies	Southern/Eastern Europe	Southern Europe: Serbia	RSD-name-other	https://st.unicode.org/v#/to//689650121560be3d
to	Tongan	Latin	moderate	moderate	n/a	RUB	Currencies	Southern/Eastern Europe	Eastern Europe: Russia	RUB-name	https://st.unicode.org/v#/to//5204175e28d38353
to	Tongan	Latin	moderate	moderate	n/a	RUB	Currencies	Southern/Eastern Europe	Eastern Europe: Russia	RUB-name-other	https://st.unicode.org/v#/to//4b02256ab8a800d4
to	Tongan	Latin	moderate	moderate	n/a	RWF	Currencies	Eastern Africa	Eastern Africa: Rwanda	RWF-name	https://st.unicode.org/v#/to//65fee1386950ed50
to	Tongan	Latin	moderate	moderate	n/a	RWF	Currencies	Eastern Africa	Eastern Africa: Rwanda	RWF-name-other	https://st.unicode.org/v#/to//105abe7849fa3d81
to	Tongan	Latin	moderate	moderate	n/a	SAR	Currencies	Western Asia (C)	Western Asia: Saudi Arabia	SAR-name	https://st.unicode.org/v#/to//2ba04cd66be7e959
to	Tongan	Latin	moderate	moderate	n/a	SAR	Currencies	Western Asia (C)	Western Asia: Saudi Arabia	SAR-name-other	https://st.unicode.org/v#/to//2abac275d5ed0bc
to	Tongan	Latin	moderate	moderate	n/a	SCR	Currencies	Eastern Africa	Eastern Africa: Seychelles	SCR-name	https://st.unicode.org/v#/to//732d6f8063f1113
to	Tongan	Latin	moderate	moderate	n/a	SCR	Currencies	Eastern Africa	Eastern Africa: Seychelles	SCR-name-other	https://st.unicode.org/v#/to//663cea481a3cc5f3
to	Tongan	Latin	moderate	moderate	n/a	SDG	Currencies	Northern Africa	Northern Africa: Sudan	SDG-name	https://st.unicode.org/v#/to//54cd69dd09b60c61
to	Tongan	Latin	moderate	moderate	n/a	SDG	Currencies	Northern Africa	Northern Africa: Sudan	SDG-name-other	https://st.unicode.org/v#/to//7ef28a8bba78a868
to	Tongan	Latin	moderate	moderate	n/a	SEK	Currencies	Northern/Western Europe	Northern Europe: Sweden	SEK-name	https://st.unicode.org/v#/to//6e8fd0d1143af75f
to	Tongan	Latin	moderate	moderate	n/a	SEK	Currencies	Northern/Western Europe	Northern Europe: Sweden	SEK-name-other	https://st.unicode.org/v#/to//4a2c70ea05cb8aa4
to	Tongan	Latin	moderate	moderate	n/a	SGD	Currencies	Southeast Asia (C)	Southeast Asia: Singapore	SGD-name	https://st.unicode.org/v#/to//70830b3e6f11db5
to	Tongan	Latin	moderate	moderate	n/a	SGD	Currencies	Southeast Asia (C)	Southeast Asia: Singapore	SGD-name-other	https://st.unicode.org/v#/to//6428f96675ddacf8
to	Tongan	Latin	moderate	moderate	n/a	SHP	Currencies	Western Africa	Western Africa: St. Helena, Ascension & Tristan da Cunha	SHP-name	https://st.unicode.org/v#/to//28151e8a003d50bb
to	Tongan	Latin	moderate	moderate	n/a	SHP	Currencies	Western Africa	Western Africa: St. Helena, Ascension & Tristan da Cunha	SHP-name-other	https://st.unicode.org/v#/to//4de57af6d5a20bf8
to	Tongan	Latin	moderate	moderate	n/a	SLE	Currencies	Western Africa	Western Africa: Sierra Leone	SLE-name	https://st.unicode.org/v#/to//2c1c6b83758997be
to	Tongan	Latin	moderate	moderate	n/a	SLE	Currencies	Western Africa	Western Africa: Sierra Leone	SLE-name-other	https://st.unicode.org/v#/to//418ad404e9160ff5
to	Tongan	Latin	moderate	moderate	n/a	SLL	Currencies	Western Africa	Western Africa: Sierra Leone: SLL (old)	SLL-name	https://st.unicode.org/v#/to//770c9302f08cf129
to	Tongan	Latin	moderate	moderate	n/a	SLL	Currencies	Western Africa	Western Africa: Sierra Leone: SLL (old)	SLL-name-other	https://st.unicode.org/v#/to//7d9503e5da5eb88
to	Tongan	Latin	moderate	moderate	n/a	SOS	Currencies	Eastern Africa	Eastern Africa: Somalia	SOS-name	https://st.unicode.org/v#/to//aee0f2f76a417a2
to	Tongan	Latin	moderate	moderate	n/a	SOS	Currencies	Eastern Africa	Eastern Africa: Somalia	SOS-name-other	https://st.unicode.org/v#/to//749f8b496f3484c4
to	Tongan	Latin	moderate	moderate	n/a	SRD	Currencies	South America (C)	South America: Suriname	SRD-name	https://st.unicode.org/v#/to//2d5661ebf182ea67
to	Tongan	Latin	moderate	moderate	n/a	SRD	Currencies	South America (C)	South America: Suriname	SRD-name-other	https://st.unicode.org/v#/to//366a410afdcfb950
to	Tongan	Latin	moderate	moderate	n/a	SSP	Currencies	Eastern Africa	Eastern Africa: South Sudan	SSP-name	https://st.unicode.org/v#/to//1e4c9b46e8332814
to	Tongan	Latin	moderate	moderate	n/a	SSP	Currencies	Eastern Africa	Eastern Africa: South Sudan	SSP-name-other	https://st.unicode.org/v#/to//7af581760f38b029
to	Tongan	Latin	moderate	moderate	n/a	STN	Currencies	Middle Africa	Middle Africa: São Tomé & Príncipe	STN-name	https://st.unicode.org/v#/to//6c58702da7f5f975
to	Tongan	Latin	moderate	moderate	n/a	STN	Currencies	Middle Africa	Middle Africa: São Tomé & Príncipe	STN-name-other	https://st.unicode.org/v#/to//125750abb2fa6f0d
to	Tongan	Latin	moderate	moderate	n/a	SYP	Currencies	Western Asia (C)	Western Asia: Syria	SYP-name	https://st.unicode.org/v#/to//1c6ac79009378a3e
to	Tongan	Latin	moderate	moderate	n/a	SYP	Currencies	Western Asia (C)	Western Asia: Syria	SYP-name-other	https://st.unicode.org/v#/to//6588bf9738df391b
to	Tongan	Latin	moderate	moderate	n/a	SZL	Currencies	Southern Africa	Southern Africa: Eswatini	SZL-name	https://st.unicode.org/v#/to//64d98e6d10652a8f
to	Tongan	Latin	moderate	moderate	n/a	SZL	Currencies	Southern Africa	Southern Africa: Eswatini	SZL-name-other	https://st.unicode.org/v#/to//7483a173a3ea8705
to	Tongan	Latin	moderate	moderate	n/a	THB	Currencies	Southeast Asia (C)	Southeast Asia: Thailand	THB-name	https://st.unicode.org/v#/to//79ce9b6bb53c155f
to	Tongan	Latin	moderate	moderate	n/a	THB	Currencies	Southeast Asia (C)	Southeast Asia: Thailand	THB-name-other	https://st.unicode.org/v#/to//39ec430e6814d4be
to	Tongan	Latin	moderate	moderate	n/a	TJS	Currencies	Central Asia (C)	Central Asia: Tajikistan	TJS-name	https://st.unicode.org/v#/to//1ccf83fe883999fa
to	Tongan	Latin	moderate	moderate	n/a	TJS	Currencies	Central Asia (C)	Central Asia: Tajikistan	TJS-name-other	https://st.unicode.org/v#/to//5e565de05c2907bd
to	Tongan	Latin	moderate	moderate	n/a	TMT	Currencies	Central Asia (C)	Central Asia: Turkmenistan	TMT-name	https://st.unicode.org/v#/to//75860000e92b8b02
to	Tongan	Latin	moderate	moderate	n/a	TMT	Currencies	Central Asia (C)	Central Asia: Turkmenistan	TMT-name-other	https://st.unicode.org/v#/to//42a472578581176a
to	Tongan	Latin	moderate	moderate	n/a	TND	Currencies	Northern Africa	Northern Africa: Tunisia	TND-name	https://st.unicode.org/v#/to//73a60a5d0bdef125
to	Tongan	Latin	moderate	moderate	n/a	TND	Currencies	Northern Africa	Northern Africa: Tunisia	TND-name-other	https://st.unicode.org/v#/to//245ef6da57371757
to	Tongan	Latin	moderate	moderate	n/a	TRY	Currencies	Western Asia (C)	Western Asia: Türkiye	TRY-name	https://st.unicode.org/v#/to//6411097bf18d98f4
to	Tongan	Latin	moderate	moderate	n/a	TRY	Currencies	Western Asia (C)	Western Asia: Türkiye	TRY-name-other	https://st.unicode.org/v#/to//58b39ea2dc1b0a21
to	Tongan	Latin	moderate	moderate	n/a	TTD	Currencies	North America (C)	Caribbean: Trinidad & Tobago	TTD-name	https://st.unicode.org/v#/to//1b35ad5dfa4a275b
to	Tongan	Latin	moderate	moderate	n/a	TTD	Currencies	North America (C)	Caribbean: Trinidad & Tobago	TTD-name-other	https://st.unicode.org/v#/to//6266a09bb76629e4
to	Tongan	Latin	moderate	moderate	n/a	TWD	Currencies	Eastern Asia (C)	Eastern Asia: Taiwan	TWD-name	https://st.unicode.org/v#/to//5f7acd68757a6f54
to	Tongan	Latin	moderate	moderate	n/a	TWD	Currencies	Eastern Asia (C)	Eastern Asia: Taiwan	TWD-name-other	https://st.unicode.org/v#/to//259b54921bcd9b12
to	Tongan	Latin	moderate	moderate	n/a	TZS	Currencies	Eastern Africa	Eastern Africa: Tanzania	TZS-name	https://st.unicode.org/v#/to//c06401c2e762cc3
to	Tongan	Latin	moderate	moderate	n/a	TZS	Currencies	Eastern Africa	Eastern Africa: Tanzania	TZS-name-other	https://st.unicode.org/v#/to//e0fe70b059b5d70
to	Tongan	Latin	moderate	moderate	n/a	UAH	Currencies	Southern/Eastern Europe	Eastern Europe: Ukraine	UAH-name	https://st.unicode.org/v#/to//5b3dc472f0f89855
to	Tongan	Latin	moderate	moderate	n/a	UAH	Currencies	Southern/Eastern Europe	Eastern Europe: Ukraine	UAH-name-other	https://st.unicode.org/v#/to//11045d7d4af40497
to	Tongan	Latin	moderate	moderate	n/a	UGX	Currencies	Eastern Africa	Eastern Africa: Uganda	UGX-name	https://st.unicode.org/v#/to//70ad1080e10b0c4
to	Tongan	Latin	moderate	moderate	n/a	UGX	Currencies	Eastern Africa	Eastern Africa: Uganda	UGX-name-other	https://st.unicode.org/v#/to//233e89b75528a379
to	Tongan	Latin	moderate	moderate	n/a	USD	Currencies	North America (C)	Northern America: United States	USD-name	https://st.unicode.org/v#/to//373485933b14a065
to	Tongan	Latin	moderate	moderate	n/a	USD	Currencies	North America (C)	Northern America: United States	USD-name-other	https://st.unicode.org/v#/to//d262a61b952e7df
to	Tongan	Latin	moderate	moderate	n/a	UYU	Currencies	South America (C)	South America: Uruguay	UYU-name	https://st.unicode.org/v#/to//4b184ef10ba5b933
to	Tongan	Latin	moderate	moderate	n/a	UYU	Currencies	South America (C)	South America: Uruguay	UYU-name-other	https://st.unicode.org/v#/to//47653eb433702576
to	Tongan	Latin	moderate	moderate	n/a	UZS	Currencies	Central Asia (C)	Central Asia: Uzbekistan	UZS-name	https://st.unicode.org/v#/to//6e2f836249b6bad8
to	Tongan	Latin	moderate	moderate	n/a	UZS	Currencies	Central Asia (C)	Central Asia: Uzbekistan	UZS-name-other	https://st.unicode.org/v#/to//3847c97b0e7dc012
to	Tongan	Latin	moderate	moderate	n/a	VES	Currencies	South America (C)	South America: Venezuela	VES-name	https://st.unicode.org/v#/to//1fc1d6845d2b7bd8
to	Tongan	Latin	moderate	moderate	n/a	VES	Currencies	South America (C)	South America: Venezuela	VES-name-other	https://st.unicode.org/v#/to//1c41a8e6bc4d7e70
to	Tongan	Latin	moderate	moderate	n/a	VND	Currencies	Southeast Asia (C)	Southeast Asia: Vietnam	VND-name	https://st.unicode.org/v#/to//23e936abfc604eea
to	Tongan	Latin	moderate	moderate	n/a	VND	Currencies	Southeast Asia (C)	Southeast Asia: Vietnam	VND-name-other	https://st.unicode.org/v#/to//24adb55e48861a14
to	Tongan	Latin	moderate	moderate	n/a	XAF	Currencies	Middle Africa	Middle Africa: Cameroon	XAF-name	https://st.unicode.org/v#/to//59950f0984422791
to	Tongan	Latin	moderate	moderate	n/a	XAF	Currencies	Middle Africa	Middle Africa: Cameroon	XAF-name-other	https://st.unicode.org/v#/to//33a0b90dde75a54d
to	Tongan	Latin	moderate	moderate	n/a	XCD	Currencies	North America (C)	Caribbean: St. Lucia	XCD-name	https://st.unicode.org/v#/to//47adb2fb4e385c44
to	Tongan	Latin	moderate	moderate	n/a	XCD	Currencies	North America (C)	Caribbean: St. Lucia	XCD-name-other	https://st.unicode.org/v#/to//3dbe7f0262fbca0c
to	Tongan	Latin	moderate	moderate	n/a	XCG	Currencies	North America (C)	Caribbean: Curaçao	XCG-name	https://st.unicode.org/v#/to//3dc582eba521f2ed
to	Tongan	Latin	moderate	moderate	n/a	XCG	Currencies	North America (C)	Caribbean: Curaçao	XCG-name-other	https://st.unicode.org/v#/to//1d749fe766a5ff6b
to	Tongan	Latin	moderate	moderate	n/a	XOF	Currencies	Western Africa	Western Africa: Côte d’Ivoire	XOF-name	https://st.unicode.org/v#/to//4a74ce35a9fa3778
to	Tongan	Latin	moderate	moderate	n/a	XOF	Currencies	Western Africa	Western Africa: Côte d’Ivoire	XOF-name-other	https://st.unicode.org/v#/to//65549279c516211c
to	Tongan	Latin	moderate	moderate	n/a	YER	Currencies	Western Asia (C)	Western Asia: Yemen	YER-name	https://st.unicode.org/v#/to//75799399ab241bea
to	Tongan	Latin	moderate	moderate	n/a	YER	Currencies	Western Asia (C)	Western Asia: Yemen	YER-name-other	https://st.unicode.org/v#/to//322127d1134e2203
to	Tongan	Latin	moderate	moderate	n/a	ZAR	Currencies	Southern Africa	Southern Africa: South Africa	ZAR-name	https://st.unicode.org/v#/to//55ded7c3e2119125
to	Tongan	Latin	moderate	moderate	n/a	ZAR	Currencies	Southern Africa	Southern Africa: South Africa	ZAR-name-other	https://st.unicode.org/v#/to//79ce671545a1de35
to	Tongan	Latin	moderate	moderate	n/a	ZMW	Currencies	Eastern Africa	Eastern Africa: Zambia	ZMW-name	https://st.unicode.org/v#/to//486757ac213b6cd7
to	Tongan	Latin	moderate	moderate	n/a	ZMW	Currencies	Eastern Africa	Eastern Africa: Zambia	ZMW-name-other	https://st.unicode.org/v#/to//5b92687755e570b4
to	Tongan	Latin	moderate	moderate	n/a	ZWG	Currencies	Eastern Africa	Eastern Africa: Zimbabwe	ZWG-name	https://st.unicode.org/v#/to//597a8bf1d9abe2a5
to	Tongan	Latin	moderate	moderate	n/a	ZWG	Currencies	Eastern Africa	Eastern Africa: Zimbabwe	ZWG-name-other	https://st.unicode.org/v#/to//47e96b4285144797
to	Tongan	Latin	moderate	moderate	n/a	Saaki	Locale Display Names	Territories (Europe)	Northern Europe	CQ	https://st.unicode.org/v#/to//7df36d3a79aacaf4
to	Tongan	Latin	moderate	moderate	n/a	/	Date & Time	Generic	Formats - Numeric - separator	Date	https://st.unicode.org/v#/to//373513a7ce47d340
to	Tongan	Latin	moderate	moderate	n/a	:	Date & Time	Generic	Formats - Numeric - separator	Time	https://st.unicode.org/v#/to//701f41ee72af59ed
to	Tongan	Latin	moderate	moderate	n/a	{1}, {0}	Date & Time	Generic	Formats - Standard - Date & Time Combination Formats	full-relative	https://st.unicode.org/v#/to//b8b55f00b0180a9
to	Tongan	Latin	moderate	moderate	n/a	{1}, {0}	Date & Time	Generic	Formats - Standard - Date & Time Combination Formats	long-relative	https://st.unicode.org/v#/to//449809cb91dbb281
to	Tongan	Latin	moderate	moderate	n/a	{1}, {0}	Date & Time	Generic	Formats - Standard - Date & Time Combination Formats	medium-relative	https://st.unicode.org/v#/to//1c09da19b962fd5f
to	Tongan	Latin	moderate	moderate	n/a	{1}, {0}	Date & Time	Generic	Formats - Standard - Date & Time Combination Formats	short-relative	https://st.unicode.org/v#/to//430829513e94c0e5
to	Tongan	Latin	moderate	moderate	n/a	E h a	Date & Time	Generic	Formats - Flexible - 12 Hour Time Formats	Eh	https://st.unicode.org/v#/to//80e65b4cca5799
to	Tongan	Latin	moderate	moderate	n/a	MM y G	Date & Time	Generic	Formats - Flexible - Date Formats	GyM	https://st.unicode.org/v#/to//67d2a1ac024cf291
to	Tongan	Latin	moderate	moderate	n/a	E dd/MM/y G	Date & Time	Generic	Formats - Flexible - Date Formats	GyMEd	https://st.unicode.org/v#/to//4304769b5de6924b
to	Tongan	Latin	moderate	moderate	n/a	ddd MMM y G	Date & Time	Generic	Formats - Flexible - Date Formats	GyMMMddd	https://st.unicode.org/v#/to//5be00b5b9132f781
to	Tongan	Latin	moderate	moderate	n/a	E ddd MMM y G	Date & Time	Generic	Formats - Flexible - Date Formats	GyMMMEddd	https://st.unicode.org/v#/to//603a79a6eac89f6a
to	Tongan	Latin	moderate	moderate	n/a	h a v	Date & Time	Generic	Formats - Flexible - 12 Hour Time Formats	hv	https://st.unicode.org/v#/to//3d7f877d23b667e0
to	Tongan	Latin	moderate	moderate	n/a	HH v	Date & Time	Generic	Formats - Flexible - 24 Hour Time Formats	Hv	https://st.unicode.org/v#/to//6c886cedf4875d66
to	Tongan	Latin	moderate	moderate	n/a	ddd MMM	Date & Time	Generic	Formats - Flexible - Date Formats	MMMddd	https://st.unicode.org/v#/to//2f89b98fe16795c5
to	Tongan	Latin	moderate	moderate	n/a	E ddd MMM	Date & Time	Generic	Formats - Flexible - Date Formats	MMMEddd	https://st.unicode.org/v#/to//4fa24a77126102f9
to	Tongan	Latin	moderate	moderate	n/a	ddd MMMM	Date & Time	Generic	Formats - Flexible - Date Formats	MMMMddd	https://st.unicode.org/v#/to//400d5ffdcdaedd09
to	Tongan	Latin	moderate	moderate	n/a	ddd MMM y G	Date & Time	Generic	Formats - Flexible - Date Formats	yyyyMMMddd	https://st.unicode.org/v#/to//4e149fb9e38c193f
to	Tongan	Latin	moderate	moderate	n/a	E ddd MMM y G	Date & Time	Generic	Formats - Flexible - Date Formats	yyyyMMMEddd	https://st.unicode.org/v#/to//6a4e46bfa8add33d
to	Tongan	Latin	moderate	moderate	n/a	{0} – {1}	Date & Time	Generic	Formats - Intervals - Range	mixed	https://st.unicode.org/v#/to//58efca47ccdca539
to	Tongan	Latin	moderate	moderate	n/a	{0}–{1}	Date & Time	Generic	Formats - Intervals - Range	non-numeric	https://st.unicode.org/v#/to//5aa5aae3b3752ad9
to	Tongan	Latin	moderate	moderate	n/a	{0}–{1}	Date & Time	Generic	Formats - Intervals - Range	numeric	https://st.unicode.org/v#/to//7dd6e0170bb598cd
to	Tongan	Latin	moderate	moderate	n/a	d – d MMM	Date & Time	Generic	Formats - Intervals - Date Formats	MMMMd/d	https://st.unicode.org/v#/to//17d16777286b2000
to	Tongan	Latin	moderate	moderate	n/a	d MMMM – d MMMM	Date & Time	Generic	Formats - Intervals - Date Formats	MMMMd/M	https://st.unicode.org/v#/to//2cdabb3e33d3f8c1
to	Tongan	Latin	moderate	moderate	n/a	{0}	Date & Time	Gregorian	DayOfMonth - abbreviated - Formatting	other	https://st.unicode.org/v#/to//552b78d8dcc72e80
to	Tongan	Latin	moderate	moderate	n/a	/	Date & Time	Gregorian	Formats - Numeric - separator	Date	https://st.unicode.org/v#/to//32c0b5a15f23273d
to	Tongan	Latin	moderate	moderate	n/a	:	Date & Time	Gregorian	Formats - Numeric - separator	Time	https://st.unicode.org/v#/to//6d623c0a4cbfd3e4
to	Tongan	Latin	moderate	moderate	n/a	{1} 'taimi' {0}	Date & Time	Gregorian	Formats - Standard - Date & Time Combination Formats	full-relative	https://st.unicode.org/v#/to//69aea48d4dcafa1c
to	Tongan	Latin	moderate	moderate	n/a	{1} 'taimi' {0}	Date & Time	Gregorian	Formats - Standard - Date & Time Combination Formats	long-relative	https://st.unicode.org/v#/to//4704ea450f1ac1c7
to	Tongan	Latin	moderate	moderate	n/a	{1}, {0}	Date & Time	Gregorian	Formats - Standard - Date & Time Combination Formats	medium-relative	https://st.unicode.org/v#/to//1b31e46c02586a17
to	Tongan	Latin	moderate	moderate	n/a	{1} {0}	Date & Time	Gregorian	Formats - Standard - Date & Time Combination Formats	short-relative	https://st.unicode.org/v#/to//61ddc9a418010f71
to	Tongan	Latin	moderate	moderate	n/a	E h B	Date & Time	Gregorian	Formats - Flexible - 12 Hour Time Formats	EBh	https://st.unicode.org/v#/to//2b8bb64fac2acfc3
to	Tongan	Latin	moderate	moderate	n/a	E h a	Date & Time	Gregorian	Formats - Flexible - 12 Hour Time Formats	Eh	https://st.unicode.org/v#/to//f3b6f1e799dc395
to	Tongan	Latin	moderate	moderate	n/a	M y G	Date & Time	Gregorian	Formats - Flexible - Date Formats	GyM	https://st.unicode.org/v#/to//6d3920cb38c6376
to	Tongan	Latin	moderate	moderate	n/a	E d M y G	Date & Time	Gregorian	Formats - Flexible - Date Formats	GyMEd	https://st.unicode.org/v#/to//3c9a947bdffca050
to	Tongan	Latin	moderate	moderate	n/a	ddd MMM y G	Date & Time	Gregorian	Formats - Flexible - Date Formats	GyMMMddd	https://st.unicode.org/v#/to//1448633d3d7929b4
to	Tongan	Latin	moderate	moderate	n/a	E ddd MMM y G	Date & Time	Gregorian	Formats - Flexible - Date Formats	GyMMMEddd	https://st.unicode.org/v#/to//279bb5a21f5b3965
to	Tongan	Latin	moderate	moderate	n/a	MMMM y G	Date & Time	Gregorian	Formats - Flexible - Date Formats	GyMMMM	https://st.unicode.org/v#/to//75be2c5885156280
to	Tongan	Latin	moderate	moderate	n/a	d MMMM y G	Date & Time	Gregorian	Formats - Flexible - Date Formats	GyMMMMd	https://st.unicode.org/v#/to//241e8d953124cebd
to	Tongan	Latin	moderate	moderate	n/a	ddd MMMM y G	Date & Time	Gregorian	Formats - Flexible - Date Formats	GyMMMMddd	https://st.unicode.org/v#/to//6a12bc655d5ce185
to	Tongan	Latin	moderate	moderate	n/a	E d MMMM y G	Date & Time	Gregorian	Formats - Flexible - Date Formats	GyMMMMEd	https://st.unicode.org/v#/to//69bf5c84dce4f246
to	Tongan	Latin	moderate	moderate	n/a	E ddd MMMM y G	Date & Time	Gregorian	Formats - Flexible - Date Formats	GyMMMMEddd	https://st.unicode.org/v#/to//6d64c47a2b76e9fb
to	Tongan	Latin	moderate	moderate	n/a	h a v	Date & Time	Gregorian	Formats - Flexible - 12 Hour Time Formats	hv	https://st.unicode.org/v#/to//e119c296a55debd
to	Tongan	Latin	moderate	moderate	n/a	HH v	Date & Time	Gregorian	Formats - Flexible - 24 Hour Time Formats	Hv	https://st.unicode.org/v#/to//e9e82d88304c79f
to	Tongan	Latin	moderate	moderate	n/a	ddd MMM	Date & Time	Gregorian	Formats - Flexible - Date Formats	MMMddd	https://st.unicode.org/v#/to//20c0a8816bd67ef6
to	Tongan	Latin	moderate	moderate	n/a	E ddd MMM	Date & Time	Gregorian	Formats - Flexible - Date Formats	MMMEddd	https://st.unicode.org/v#/to//54e1190a95f49538
to	Tongan	Latin	moderate	moderate	n/a	ddd MMMM	Date & Time	Gregorian	Formats - Flexible - Date Formats	MMMMddd	https://st.unicode.org/v#/to//7cf3368cd635d6c8
to	Tongan	Latin	moderate	moderate	n/a	E ddd MMMM	Date & Time	Gregorian	Formats - Flexible - Date Formats	MMMMEddd	https://st.unicode.org/v#/to//7696ab9f172ec45f
to	Tongan	Latin	moderate	moderate	n/a	ddd MMM y	Date & Time	Gregorian	Formats - Flexible - Date Formats	yMMMddd	https://st.unicode.org/v#/to//16f54ebfeff8b128
to	Tongan	Latin	moderate	moderate	n/a	E d MMM y	Date & Time	Gregorian	Formats - Flexible - Date Formats	yMMMEddd	https://st.unicode.org/v#/to//2c2aa65c7fed7860
to	Tongan	Latin	moderate	basic	n/a	d MMMM y	Date & Time	Gregorian	Formats - Flexible - Date Formats	yMMMMd	https://st.unicode.org/v#/to//4fe1298242362b2b
to	Tongan	Latin	moderate	moderate	n/a	d MMMM y	Date & Time	Gregorian	Formats - Flexible - Date Formats	yMMMMddd	https://st.unicode.org/v#/to//7e794182e68e2c55
to	Tongan	Latin	moderate	basic	n/a	E d MMMM y	Date & Time	Gregorian	Formats - Flexible - Date Formats	yMMMMEd	https://st.unicode.org/v#/to//67d70e4c34bba1a3
to	Tongan	Latin	moderate	moderate	n/a	E d MMMM y	Date & Time	Gregorian	Formats - Flexible - Date Formats	yMMMMEddd	https://st.unicode.org/v#/to//e64a74b2ab0f7bc
to	Tongan	Latin	moderate	moderate	n/a	{0} {1}	Date & Time	Gregorian	Formats - Flexible - Append	Date-Timezone	https://st.unicode.org/v#/to//7fa71371abb195ab
to	Tongan	Latin	moderate	moderate	n/a	{1} {0}	Date & Time	Gregorian	Formats - Flexible - Append	Day-Of-Week	https://st.unicode.org/v#/to//107872cff5810356
to	Tongan	Latin	moderate	moderate	n/a	{0} {1}	Date & Time	Gregorian	Formats - Flexible - Append	Era	https://st.unicode.org/v#/to//658623b519e4419f
to	Tongan	Latin	moderate	moderate	n/a	{1} {0}	Date & Time	Gregorian	Formats - Flexible - Append	Time-Day-Of-Week	https://st.unicode.org/v#/to//2b39c621a5f7495b
to	Tongan	Latin	moderate	moderate	n/a	{0} – {1}	Date & Time	Gregorian	Formats - Intervals - Range	mixed	https://st.unicode.org/v#/to//2f55fb8565f389c5
to	Tongan	Latin	moderate	moderate	n/a	{0} – {1}	Date & Time	Gregorian	Formats - Intervals - Range	non-numeric	https://st.unicode.org/v#/to//1df870e2f136df54
to	Tongan	Latin	moderate	moderate	n/a	{0} – {1}	Date & Time	Gregorian	Formats - Intervals - Range	numeric	https://st.unicode.org/v#/to//580075dda1720cdf
to	Tongan	Latin	moderate	moderate	n/a	d – d MMMM	Date & Time	Gregorian	Formats - Intervals - Date Formats	MMMMd/d	https://st.unicode.org/v#/to//d9bdb15b05e77dd
to	Tongan	Latin	moderate	moderate	n/a	d MMMM – d MMMM	Date & Time	Gregorian	Formats - Intervals - Date Formats	MMMMd/M	https://st.unicode.org/v#/to//40b2d0873cab224b
to	Tongan	Latin	moderate	basic	n/a	UTC{0}	Timezones	Timezone Display Patterns	null	GMT Format-utc	https://st.unicode.org/v#/to//3a87a42ed8f4d4b1
to	Tongan	Latin	moderate	moderate	n/a	GMT+?	Timezones	Timezone Display Patterns	null	GMT Unknown Format	https://st.unicode.org/v#/to//bbbadb93fde127
to	Tongan	Latin	moderate	moderate	n/a	UTC+?	Timezones	Timezone Display Patterns	null	GMT Unknown Format-utc	https://st.unicode.org/v#/to//52c764ac12208d73
to	Tongan	Latin	moderate	moderate	n/a	{0}/{1}	Timezones	Timezone Display Patterns	null	Dual Standard/Daylight Format	https://st.unicode.org/v#/to//617abc8969d51a65
to	Tongan	Latin	moderate	moderate	n/a	houa fakatoake	Timezones	Western Asia	Turkey	generic-long	https://st.unicode.org/v#/to//68d13963fcc3d7d7
to	Tongan	Latin	moderate	moderate	n/a	houa fakatoake taimi totonu	Timezones	Western Asia	Turkey	standard-long	https://st.unicode.org/v#/to//341b226a27cc10ea
to	Tongan	Latin	moderate	moderate	n/a	houa fakatoake taimi liliu	Timezones	Western Asia	Turkey	daylight-long	https://st.unicode.org/v#/to//5f1aba00354d8de2
to	Tongan	Latin	moderate	moderate	n/a	houa fakaʻulumitisi	Timezones	Eastern Asia	Urumqi	standard-long	https://st.unicode.org/v#/to//6cc40a7f1a8cb19c
to	Tongan	Latin	moderate	moderate	n/a	¤ #,##0.00	Numbers	Number Formatting Patterns	Standard Patterns 	standard-currency-alphaNextToNumber	https://st.unicode.org/v#/to//6154e7673c3829ce
to	Tongan	Latin	moderate	moderate	n/a	#,##0.00	Numbers	Number Formatting Patterns	Standard Patterns 	standard-currency-noCurrency	https://st.unicode.org/v#/to//5e1a988d076003b6
to	Tongan	Latin	moderate	moderate	n/a	¤ #,##0.00	Numbers	Number Formatting Patterns	Standard Patterns 	accounting-currency-alphaNextToNumber	https://st.unicode.org/v#/to//7abd37d9426d5dfa
ur	Urdu	Arabic	modern	modern	n/a	علاقائی ذیلی تقسیم	Locale Display Names	Keys	sd	sd	https://st.unicode.org/v#/ur//7927fd4d5a0f1577
ur	Urdu	Arabic	modern	modern	n/a	مشینی ترجمہ	Locale Display Names	Keys	t0	t0	https://st.unicode.org/v#/ur//5990a115b0ab52e1
ur	Urdu	Arabic	modern	modern	n/a	ریاضیاتی ڈبل اسٹرک	Locale Display Names	Keys	numbers	numbers-mathdbl-core	https://st.unicode.org/v#/ur//6bcb163dd054f3b
ur	Urdu	Arabic	modern	moderate	n/a	{0}	Date & Time	Generic	DayOfMonth - abbreviated - Formatting	other	https://st.unicode.org/v#/ur//700cf0f8a246e004
ur	Urdu	Arabic	modern	moderate	n/a	{0}	Date & Time	Gregorian	DayOfMonth - abbreviated - Formatting	other	https://st.unicode.org/v#/ur//552b78d8dcc72e80
ur	Urdu	Arabic	modern	moderate	n/a	MMMM y G	Date & Time	Gregorian	Formats - Flexible - Date Formats	GyMMMM	https://st.unicode.org/v#/ur//75be2c5885156280
ur	Urdu	Arabic	modern	moderate	n/a	d MMMM yG	Date & Time	Gregorian	Formats - Flexible - Date Formats	GyMMMMd	https://st.unicode.org/v#/ur//241e8d953124cebd
ur	Urdu	Arabic	modern	moderate	n/a	E، ddd MMMM y	Date & Time	Gregorian	Formats - Flexible - Date Formats	yMMMMEddd	https://st.unicode.org/v#/ur//e64a74b2ab0f7bc
ur	Urdu	Arabic	modern	moderate	n/a	{0}–{1}	Date & Time	Gregorian	Formats - Intervals - Range	non-numeric	https://st.unicode.org/v#/ur//1df870e2f136df54
ur	Urdu	Arabic	modern	moderate	n/a	آکری کا وقت	Timezones	South America	Acre	generic-long	https://st.unicode.org/v#/ur//6e1533dc1ac65c19
ur	Urdu	Arabic	modern	moderate	n/a	آکری کا معیاری وقت	Timezones	South America	Acre	standard-long	https://st.unicode.org/v#/ur//602de040f42264a3
ur	Urdu	Arabic	modern	moderate	n/a	آکری کا موسم گرما کا وقت	Timezones	South America	Acre	daylight-long	https://st.unicode.org/v#/ur//25fda076cbcef668
ur	Urdu	Arabic	modern	moderate	n/a	Ürümqi ٹائم	Timezones	Eastern Asia	Urumqi	standard-long	https://st.unicode.org/v#/ur//6cc40a7f1a8cb19c
ur	Urdu	Arabic	modern	modern	n/a	امید | تبدیلی | حشرہ | سنڈی | میٹامورفوسس | نازک | ہجرت	Characters	Animals & Nature	animal-bug	🫌 –keywords	https://st.unicode.org/v#/ur//59cb2941b338d57f
ur	Urdu	Arabic	modern	modern	n/a	پریشانی | چٹنی | چھوٹا اچار کھیرا | خمیر | کھیرا | مصالحہ | نمکین محلول	Characters	Food & Drink	food-vegetable	🫝 –keywords	https://st.unicode.org/v#/ur//e89f0311012142a
ur	Urdu	Arabic	modern	modern	n/a	ٹوٹتا چہرہ	Characters	Smileys & Emotion	face-smiling	🫫 -name	https://st.unicode.org/v#/ur//42e8830260876de3
ur	Urdu	Arabic	modern	modern	n/a	بائیں طرف انگوٹھے کا نشان	Characters	People & Body	hand-fingers-closed	🫹 -name	https://st.unicode.org/v#/ur//4bd5b2f3300a92cc
ur	Urdu	Arabic	modern	modern	n/a	دائیں طرف انگوٹھے کا نشان	Characters	People & Body	hand-fingers-closed	🫺 -name	https://st.unicode.org/v#/ur//270f46c1104a2dc4
yue	Cantonese	Traditional	modern	moderate	n/a	{0}日	Date & Time	Generic	DayOfMonth - abbreviated - Formatting	other	https://st.unicode.org/v#/yue//700cf0f8a246e004
yue	Cantonese	Traditional	modern	moderate	n/a	G y MMM ddd	Date & Time	Generic	Formats - Flexible - Date Formats	GyMMMddd	https://st.unicode.org/v#/yue//5be00b5b9132f781
yue	Cantonese	Traditional	modern	moderate	n/a	G y MMM ddd, E	Date & Time	Generic	Formats - Flexible - Date Formats	GyMMMEddd	https://st.unicode.org/v#/yue//603a79a6eac89f6a
yue	Cantonese	Traditional	modern	moderate	n/a	MMM ddd	Date & Time	Generic	Formats - Flexible - Date Formats	MMMddd	https://st.unicode.org/v#/yue//2f89b98fe16795c5
yue	Cantonese	Traditional	modern	moderate	n/a	MMM ddd, E	Date & Time	Generic	Formats - Flexible - Date Formats	MMMEddd	https://st.unicode.org/v#/yue//4fa24a77126102f9
yue	Cantonese	Traditional	modern	moderate	n/a	MMMM ddd	Date & Time	Generic	Formats - Flexible - Date Formats	MMMMddd	https://st.unicode.org/v#/yue//400d5ffdcdaedd09
yue	Cantonese	Traditional	modern	moderate	n/a	G y MMM ddd	Date & Time	Generic	Formats - Flexible - Date Formats	yyyyMMMddd	https://st.unicode.org/v#/yue//4e149fb9e38c193f
yue	Cantonese	Traditional	modern	moderate	n/a	G y MMM ddd, E	Date & Time	Generic	Formats - Flexible - Date Formats	yyyyMMMEddd	https://st.unicode.org/v#/yue//6a4e46bfa8add33d
yue	Cantonese	Traditional	modern	moderate	n/a	MMMM d–d	Date & Time	Generic	Formats - Intervals - Date Formats	MMMMd/d	https://st.unicode.org/v#/yue//17d16777286b2000
yue	Cantonese	Traditional	modern	moderate	n/a	MMMM d – MMMM d	Date & Time	Generic	Formats - Intervals - Date Formats	MMMMd/M	https://st.unicode.org/v#/yue//2cdabb3e33d3f8c1
yue	Cantonese	Traditional	modern	moderate	n/a	G y MMM ddd	Date & Time	Gregorian	Formats - Flexible - Date Formats	GyMMMddd	https://st.unicode.org/v#/yue//1448633d3d7929b4
yue	Cantonese	Traditional	modern	moderate	n/a	G y MMM ddd, E	Date & Time	Gregorian	Formats - Flexible - Date Formats	GyMMMEddd	https://st.unicode.org/v#/yue//279bb5a21f5b3965
yue	Cantonese	Traditional	modern	moderate	n/a	G y MMMM	Date & Time	Gregorian	Formats - Flexible - Date Formats	GyMMMM	https://st.unicode.org/v#/yue//75be2c5885156280
yue	Cantonese	Traditional	modern	moderate	n/a	G y MMMM d	Date & Time	Gregorian	Formats - Flexible - Date Formats	GyMMMMd	https://st.unicode.org/v#/yue//241e8d953124cebd
yue	Cantonese	Traditional	modern	moderate	n/a	G y MMMM ddd	Date & Time	Gregorian	Formats - Flexible - Date Formats	GyMMMMddd	https://st.unicode.org/v#/yue//6a12bc655d5ce185
yue	Cantonese	Traditional	modern	moderate	n/a	G y MMMM d, E	Date & Time	Gregorian	Formats - Flexible - Date Formats	GyMMMMEd	https://st.unicode.org/v#/yue//69bf5c84dce4f246
yue	Cantonese	Traditional	modern	moderate	n/a	G y MMMM ddd, E	Date & Time	Gregorian	Formats - Flexible - Date Formats	GyMMMMEddd	https://st.unicode.org/v#/yue//6d64c47a2b76e9fb
yue	Cantonese	Traditional	modern	moderate	n/a	MMM ddd	Date & Time	Gregorian	Formats - Flexible - Date Formats	MMMddd	https://st.unicode.org/v#/yue//20c0a8816bd67ef6
yue	Cantonese	Traditional	modern	moderate	n/a	MMM ddd, E	Date & Time	Gregorian	Formats - Flexible - Date Formats	MMMEddd	https://st.unicode.org/v#/yue//54e1190a95f49538
yue	Cantonese	Traditional	modern	moderate	n/a	MMMM ddd	Date & Time	Gregorian	Formats - Flexible - Date Formats	MMMMddd	https://st.unicode.org/v#/yue//7cf3368cd635d6c8
yue	Cantonese	Traditional	modern	moderate	n/a	MMMM d, E	Date & Time	Gregorian	Formats - Flexible - Date Formats	MMMMEd	https://st.unicode.org/v#/yue//1a4d65abf8d05b0d
yue	Cantonese	Traditional	modern	moderate	n/a	MMMM ddd, E	Date & Time	Gregorian	Formats - Flexible - Date Formats	MMMMEddd	https://st.unicode.org/v#/yue//7696ab9f172ec45f
yue	Cantonese	Traditional	modern	moderate	n/a	y MMM ddd	Date & Time	Gregorian	Formats - Flexible - Date Formats	yMMMddd	https://st.unicode.org/v#/yue//16f54ebfeff8b128
yue	Cantonese	Traditional	modern	moderate	n/a	y MMM ddd, E	Date & Time	Gregorian	Formats - Flexible - Date Formats	yMMMEddd	https://st.unicode.org/v#/yue//2c2aa65c7fed7860
yue	Cantonese	Traditional	modern	basic	n/a	y MMMM d	Date & Time	Gregorian	Formats - Flexible - Date Formats	yMMMMd	https://st.unicode.org/v#/yue//4fe1298242362b2b
yue	Cantonese	Traditional	modern	moderate	n/a	y MMMM ddd	Date & Time	Gregorian	Formats - Flexible - Date Formats	yMMMMddd	https://st.unicode.org/v#/yue//7e794182e68e2c55
yue	Cantonese	Traditional	modern	basic	n/a	y MMMM d, E	Date & Time	Gregorian	Formats - Flexible - Date Formats	yMMMMEd	https://st.unicode.org/v#/yue//67d70e4c34bba1a3
yue	Cantonese	Traditional	modern	moderate	n/a	y MMMM ddd, E	Date & Time	Gregorian	Formats - Flexible - Date Formats	yMMMMEddd	https://st.unicode.org/v#/yue//e64a74b2ab0f7bc
yue	Cantonese	Traditional	modern	moderate	n/a	MMMM d–d	Date & Time	Gregorian	Formats - Intervals - Date Formats	MMMMd/d	https://st.unicode.org/v#/yue//d9bdb15b05e77dd
yue	Cantonese	Traditional	modern	moderate	n/a	MMMM d – MMMM d	Date & Time	Gregorian	Formats - Intervals - Date Formats	MMMMd/M	https://st.unicode.org/v#/yue//40b2d0873cab224b
yue	Cantonese	Traditional	modern	modern	n/a	E18-006	Characters	Travel & Places 2	transport-water	🛙 –keywords	https://st.unicode.org/v#/yue//20261b9c9f04556b
yue	Cantonese	Traditional	modern	modern	n/a	E18-006	Characters	Travel & Places 2	transport-water	🛙 -name	https://st.unicode.org/v#/yue//181dc207aac39fb8
yue	Cantonese	Traditional	modern	modern	n/a	E18-007	Characters	Travel & Places 2	sky & weather	🪋 –keywords	https://st.unicode.org/v#/yue//15ae039960fb3771
yue	Cantonese	Traditional	modern	modern	n/a	E18-007	Characters	Travel & Places 2	sky & weather	🪋 -name	https://st.unicode.org/v#/yue//f1bdab4dcdf1e4f
yue	Cantonese	Traditional	modern	modern	n/a	E18-008	Characters	Objects2	writing	🪌 –keywords	https://st.unicode.org/v#/yue//4977243479693549
yue	Cantonese	Traditional	modern	modern	n/a	E18-009	Characters	Objects2	tool	🪍 –keywords	https://st.unicode.org/v#/yue//6b502bc74f7dfe3c
yue	Cantonese	Traditional	modern	modern	n/a	E18-009	Characters	Objects2	tool	🪍 -name	https://st.unicode.org/v#/yue//c5f9a6f91ad98d1
yue	Cantonese	Traditional	modern	modern	n/a	E18-004	Characters	Animals & Nature	animal-bug	🫌 –keywords	https://st.unicode.org/v#/yue//59cb2941b338d57f
yue	Cantonese	Traditional	modern	modern	n/a	E18-004	Characters	Animals & Nature	animal-bug	🫌 -name	https://st.unicode.org/v#/yue//7b553c15d2c6e687
yue	Cantonese	Traditional	modern	modern	n/a	E18-005	Characters	Food & Drink	food-vegetable	🫝 –keywords	https://st.unicode.org/v#/yue//e89f0311012142a
yue	Cantonese	Traditional	modern	modern	n/a	E18-005	Characters	Food & Drink	food-vegetable	🫝 -name	https://st.unicode.org/v#/yue//67392a4fbba1d7e0
yue	Cantonese	Traditional	modern	modern	n/a	E18-001	Characters	Smileys & Emotion	face-smiling	🫫 –keywords	https://st.unicode.org/v#/yue//563990ffb0101cca
yue	Cantonese	Traditional	modern	modern	n/a	E18-001	Characters	Smileys & Emotion	face-smiling	🫫 -name	https://st.unicode.org/v#/yue//42e8830260876de3
yue	Cantonese	Traditional	modern	modern	n/a	E18-002	Characters	People & Body	hand-fingers-closed	🫹 –keywords	https://st.unicode.org/v#/yue//5446564699bcd829
yue	Cantonese	Traditional	modern	modern	n/a	E18-002	Characters	People & Body	hand-fingers-closed	🫹 -name	https://st.unicode.org/v#/yue//4bd5b2f3300a92cc
yue	Cantonese	Traditional	modern	modern	n/a	E18-003	Characters	People & Body	hand-fingers-closed	🫺 –keywords	https://st.unicode.org/v#/yue//33cf47d67123bcd7
yue	Cantonese	Traditional	modern	modern	n/a	E18-003	Characters	People & Body	hand-fingers-closed	🫺 -name	https://st.unicode.org/v#/yue//270f46c1104a2dc4
yue	Cantonese	Traditional	modern	moderate	n/a	{0}至{1}	Date & Time	Gregorian	Formats - Intervals - Range	non-numeric	https://st.unicode.org/v#/yue//1df870e2f136df54
