#Locale	Prov.	Unconf.	Missing	Path*	Attributes
aa	10	0	0	//ldml/dates/calendars/calendar[@type="([^"]*+)"]/dateTimeFormats/availableFormats/dateFormatItem[@id="([^"]*+)"]	gregorian, Hm; gregorian, Hms; gregorian, Hmsv; gregorian, hm; gregorian, hms; gregorian, hmsv; gregorian, yMMMMEd; gregorian, yMMMMd; gregorian, yMMMd; gregorian, yMd
aa	1	0	0	//ldml/dates/calendars/calendar[@type="([^"]*+)"]/dateTimeFormats/intervalFormats/intervalFormatFallback	gregorian
aa	0	0	2	//ldml/dates/calendars/calendar[@type="([^"]*+)"]/dayPeriods/dayPeriodContext[@type="([^"]*+)"]/dayPeriodWidth[@type="([^"]*+)"]/dayPeriod[@type="([^"]*+)"]	gregorian, format, wide, am; gregorian, format, wide, pm
aa	0	0	7	//ldml/dates/calendars/calendar[@type="([^"]*+)"]/days/dayContext[@type="([^"]*+)"]/dayWidth[@type="([^"]*+)"]/day[@type="([^"]*+)"]	gregorian, format, wide, fri; gregorian, format, wide, mon; gregorian, format, wide, sat; gregorian, format, wide, sun; gregorian, format, wide, thu; gregorian, format, wide, tue; gregorian, format, wide, wed
aa	0	0	12	//ldml/dates/calendars/calendar[@type="([^"]*+)"]/months/monthContext[@type="([^"]*+)"]/monthWidth[@type="([^"]*+)"]/month[@type="([^"]*+)"]	gregorian, format, wide, 1; gregorian, format, wide, 10; gregorian, format, wide, 11; gregorian, format, wide, 12; gregorian, format, wide, 2; gregorian, format, wide, 3; gregorian, format, wide, 4; gregorian, format, wide, 5; gregorian, format, wide, 6; gregorian, format, wide, 7; gregorian, format, wide, 8; gregorian, format, wide, 9
aa	1	0	0	//ldml/dates/timeZoneNames/fallbackFormat	
aa	1	0	0	//ldml/dates/timeZoneNames/gmtFormat	
aa	1	0	0	//ldml/dates/timeZoneNames/gmtFormat[@alt="([^"]*+)"]	utc
aa	1	0	0	//ldml/dates/timeZoneNames/hourFormat	
aa	1	0	0	//ldml/dates/timeZoneNames/metazone[@type="([^"]*+)"]/long/standard	GMT
aa	1	0	0	//ldml/dates/timeZoneNames/regionFormat	
aa	2	0	0	//ldml/dates/timeZoneNames/regionFormat[@type="([^"]*+)"]	daylight
aa	1	0	0	//ldml/dates/timeZoneNames/zone[@type="([^"]*+)"]/long/standard	Etc/UTC
aa	1	0	0	//ldml/dates/timeZoneNames/zone[@type="([^"]*+)"]/short/standard	Etc/UTC
aa	1	0	0	//ldml/delimiters/alternateQuotationEnd	
aa	1	0	0	//ldml/delimiters/alternateQuotationStart	
aa	1	0	0	//ldml/delimiters/quotationEnd	
aa	1	0	0	//ldml/delimiters/quotationStart	
aa	3	0	0	//ldml/localeDisplayNames/codePatterns/codePattern[@type="([^"]*+)"]	language; script; territory
aa	1	0	1	//ldml/localeDisplayNames/languages/language[@type="([^"]*+)"]	aa; en
aa	1	0	0	//ldml/localeDisplayNames/localeDisplayPattern/localePattern	
aa	1	0	0	//ldml/localeDisplayNames/localeDisplayPattern/localeSeparator	
aa	3	0	0	//ldml/localeDisplayNames/measurementSystemNames/measurementSystemName[@type="([^"]*+)"]	UK; US; metric
aa	1	0	0	//ldml/localeDisplayNames/scripts/script[@type="([^"]*+)"]	Latn
aa	0	0	3	//ldml/localeDisplayNames/territories/territory[@type="([^"]*+)"]	DJ; ER; ET
aa	0	0	1	//ldml/numbers/currencyFormats[@numberSystem="([^"]*+)"]/currencyFormatLength/currencyFormat[@type="([^"]*+)"]/pattern[@type="([^"]*+)"]	latn
aa	1	0	0	//ldml/numbers/decimalFormats[@numberSystem="([^"]*+)"]/decimalFormatLength/decimalFormat[@type="([^"]*+)"]/pattern[@type="([^"]*+)"]	latn
aa	1	0	0	//ldml/numbers/percentFormats[@numberSystem="([^"]*+)"]/percentFormatLength/percentFormat[@type="([^"]*+)"]/pattern[@type="([^"]*+)"]	latn
aa	1	0	0	//ldml/numbers/scientificFormats[@numberSystem="([^"]*+)"]/scientificFormatLength/scientificFormat[@type="([^"]*+)"]/pattern[@type="([^"]*+)"]	latn
aa	1	0	0	//ldml/numbers/symbols[@numberSystem="([^"]*+)"]/decimal	latn
aa	1	0	0	//ldml/numbers/symbols[@numberSystem="([^"]*+)"]/group	latn
aa	1	0	0	//ldml/numbers/symbols[@numberSystem="([^"]*+)"]/minusSign	latn
aa	1	0	0	//ldml/numbers/symbols[@numberSystem="([^"]*+)"]/percentSign	latn
aa	1	0	0	//ldml/numbers/symbols[@numberSystem="([^"]*+)"]/plusSign	latn
aa	43	0	26	Totals	
					
ab	2	0	8	//ldml/dates/calendars/calendar[@type="([^"]*+)"]/dateTimeFormats/availableFormats/dateFormatItem[@id="([^"]*+)"]	gregorian, Hm; gregorian, Hms; gregorian, Hmsv; gregorian, hm; gregorian, hms; gregorian, hmsv; gregorian, yMMMMEd; gregorian, yMMMMd; gregorian, yMMMd; gregorian, yMd
ab	0	0	1	//ldml/dates/calendars/calendar[@type="([^"]*+)"]/dateTimeFormats/intervalFormats/intervalFormatFallback	gregorian
ab	0	0	2	//ldml/dates/calendars/calendar[@type="([^"]*+)"]/dayPeriods/dayPeriodContext[@type="([^"]*+)"]/dayPeriodWidth[@type="([^"]*+)"]/dayPeriod[@type="([^"]*+)"]	gregorian, format, wide, am; gregorian, format, wide, pm
ab	0	0	7	//ldml/dates/calendars/calendar[@type="([^"]*+)"]/days/dayContext[@type="([^"]*+)"]/dayWidth[@type="([^"]*+)"]/day[@type="([^"]*+)"]	gregorian, format, wide, fri; gregorian, format, wide, mon; gregorian, format, wide, sat; gregorian, format, wide, sun; gregorian, format, wide, thu; gregorian, format, wide, tue; gregorian, format, wide, wed
ab	0	0	12	//ldml/dates/calendars/calendar[@type="([^"]*+)"]/months/monthContext[@type="([^"]*+)"]/monthWidth[@type="([^"]*+)"]/month[@type="([^"]*+)"]	gregorian, format, wide, 1; gregorian, format, wide, 10; gregorian, format, wide, 11; gregorian, format, wide, 12; gregorian, format, wide, 2; gregorian, format, wide, 3; gregorian, format, wide, 4; gregorian, format, wide, 5; gregorian, format, wide, 6; gregorian, format, wide, 7; gregorian, format, wide, 8; gregorian, format, wide, 9
ab	0	0	1	//ldml/dates/timeZoneNames/fallbackFormat	
ab	0	0	1	//ldml/dates/timeZoneNames/gmtFormat	
ab	1	0	0	//ldml/dates/timeZoneNames/gmtFormat[@alt="([^"]*+)"]	utc
ab	0	0	1	//ldml/dates/timeZoneNames/hourFormat	
ab	0	0	1	//ldml/dates/timeZoneNames/metazone[@type="([^"]*+)"]/long/standard	GMT
ab	0	0	1	//ldml/dates/timeZoneNames/regionFormat	
ab	0	0	2	//ldml/dates/timeZoneNames/regionFormat[@type="([^"]*+)"]	daylight
ab	1	0	0	//ldml/dates/timeZoneNames/zone[@type="([^"]*+)"]/long/standard	Etc/UTC
ab	1	0	0	//ldml/dates/timeZoneNames/zone[@type="([^"]*+)"]/short/standard	Etc/UTC
ab	0	0	1	//ldml/delimiters/alternateQuotationEnd	
ab	0	0	1	//ldml/delimiters/alternateQuotationStart	
ab	0	0	1	//ldml/delimiters/quotationEnd	
ab	0	0	1	//ldml/delimiters/quotationStart	
ab	0	0	3	//ldml/localeDisplayNames/codePatterns/codePattern[@type="([^"]*+)"]	language; script; territory
ab	0	0	1	//ldml/localeDisplayNames/languages/language[@type="([^"]*+)"]	en
ab	0	0	1	//ldml/localeDisplayNames/localeDisplayPattern/localePattern	
ab	0	0	1	//ldml/localeDisplayNames/localeDisplayPattern/localeSeparator	
ab	0	0	3	//ldml/localeDisplayNames/measurementSystemNames/measurementSystemName[@type="([^"]*+)"]	UK; US; metric
ab	0	0	1	//ldml/localeDisplayNames/scripts/script[@type="([^"]*+)"]	Cyrl
ab	0	0	1	//ldml/localeDisplayNames/territories/territory[@type="([^"]*+)"]	GE
ab	0	0	1	//ldml/numbers/currencyFormats[@numberSystem="([^"]*+)"]/currencyFormatLength/currencyFormat[@type="([^"]*+)"]/pattern[@type="([^"]*+)"]	latn
ab	0	0	1	//ldml/numbers/decimalFormats[@numberSystem="([^"]*+)"]/decimalFormatLength/decimalFormat[@type="([^"]*+)"]/pattern[@type="([^"]*+)"]	latn
ab	0	0	1	//ldml/numbers/defaultNumberingSystem	
ab	0	0	1	//ldml/numbers/otherNumberingSystems/native	
ab	0	0	1	//ldml/numbers/percentFormats[@numberSystem="([^"]*+)"]/percentFormatLength/percentFormat[@type="([^"]*+)"]/pattern[@type="([^"]*+)"]	latn
ab	0	0	1	//ldml/numbers/scientificFormats[@numberSystem="([^"]*+)"]/scientificFormatLength/scientificFormat[@type="([^"]*+)"]/pattern[@type="([^"]*+)"]	latn
ab	0	0	1	//ldml/numbers/symbols[@numberSystem="([^"]*+)"]/decimal	latn
ab	0	0	1	//ldml/numbers/symbols[@numberSystem="([^"]*+)"]/group	latn
ab	0	0	1	//ldml/numbers/symbols[@numberSystem="([^"]*+)"]/minusSign	latn
ab	0	0	1	//ldml/numbers/symbols[@numberSystem="([^"]*+)"]/percentSign	latn
ab	0	0	1	//ldml/numbers/symbols[@numberSystem="([^"]*+)"]/plusSign	latn
ab	5	0	63	Totals	
					
ady	10	0	0	//ldml/dates/calendars/calendar[@type="([^"]*+)"]/dateTimeFormats/availableFormats/dateFormatItem[@id="([^"]*+)"]	gregorian, Hm; gregorian, Hms; gregorian, Hmsv; gregorian, hm; gregorian, hms; gregorian, hmsv; gregorian, yMMMMEd; gregorian, yMMMMd; gregorian, yMMMd; gregorian, yMd
ady	1	0	0	//ldml/dates/calendars/calendar[@type="([^"]*+)"]/dateTimeFormats/intervalFormats/intervalFormatFallback	gregorian
ady	2	0	0	//ldml/dates/calendars/calendar[@type="([^"]*+)"]/dayPeriods/dayPeriodContext[@type="([^"]*+)"]/dayPeriodWidth[@type="([^"]*+)"]/dayPeriod[@type="([^"]*+)"]	gregorian, format, wide, am; gregorian, format, wide, pm
ady	7	0	0	//ldml/dates/calendars/calendar[@type="([^"]*+)"]/days/dayContext[@type="([^"]*+)"]/dayWidth[@type="([^"]*+)"]/day[@type="([^"]*+)"]	gregorian, format, wide, fri; gregorian, format, wide, mon; gregorian, format, wide, sat; gregorian, format, wide, sun; gregorian, format, wide, thu; gregorian, format, wide, tue; gregorian, format, wide, wed
ady	12	0	0	//ldml/dates/calendars/calendar[@type="([^"]*+)"]/months/monthContext[@type="([^"]*+)"]/monthWidth[@type="([^"]*+)"]/month[@type="([^"]*+)"]	gregorian, format, wide, 1; gregorian, format, wide, 10; gregorian, format, wide, 11; gregorian, format, wide, 12; gregorian, format, wide, 2; gregorian, format, wide, 3; gregorian, format, wide, 4; gregorian, format, wide, 5; gregorian, format, wide, 6; gregorian, format, wide, 7; gregorian, format, wide, 8; gregorian, format, wide, 9
ady	1	0	0	//ldml/dates/timeZoneNames/fallbackFormat	
ady	1	0	0	//ldml/dates/timeZoneNames/gmtFormat	
ady	1	0	0	//ldml/dates/timeZoneNames/gmtFormat[@alt="([^"]*+)"]	utc
ady	1	0	0	//ldml/dates/timeZoneNames/hourFormat	
ady	1	0	0	//ldml/dates/timeZoneNames/metazone[@type="([^"]*+)"]/long/standard	GMT
ady	1	0	0	//ldml/dates/timeZoneNames/regionFormat	
ady	2	0	0	//ldml/dates/timeZoneNames/regionFormat[@type="([^"]*+)"]	daylight
ady	1	0	0	//ldml/dates/timeZoneNames/zone[@type="([^"]*+)"]/long/standard	Etc/UTC
ady	1	0	0	//ldml/dates/timeZoneNames/zone[@type="([^"]*+)"]/short/standard	Etc/UTC
ady	1	0	0	//ldml/delimiters/alternateQuotationEnd	
ady	1	0	0	//ldml/delimiters/alternateQuotationStart	
ady	1	0	0	//ldml/delimiters/quotationEnd	
ady	1	0	0	//ldml/delimiters/quotationStart	
ady	3	0	0	//ldml/localeDisplayNames/codePatterns/codePattern[@type="([^"]*+)"]	language; script; territory
ady	3	0	0	//ldml/localeDisplayNames/languages/language[@type="([^"]*+)"]	ady; en
ady	1	0	0	//ldml/localeDisplayNames/localeDisplayPattern/localePattern	
ady	1	0	0	//ldml/localeDisplayNames/localeDisplayPattern/localeSeparator	
ady	3	0	0	//ldml/localeDisplayNames/measurementSystemNames/measurementSystemName[@type="([^"]*+)"]	UK; US; metric
ady	1	0	0	//ldml/localeDisplayNames/scripts/script[@type="([^"]*+)"]	Cyrl
ady	4	0	0	//ldml/localeDisplayNames/territories/territory[@type="([^"]*+)"]	JO; RU; TR
ady	1	0	0	//ldml/numbers/currencyFormats[@numberSystem="([^"]*+)"]/currencyFormatLength/currencyFormat[@type="([^"]*+)"]/pattern[@type="([^"]*+)"]	latn
ady	1	0	0	//ldml/numbers/decimalFormats[@numberSystem="([^"]*+)"]/decimalFormatLength/decimalFormat[@type="([^"]*+)"]/pattern[@type="([^"]*+)"]	latn
ady	1	0	0	//ldml/numbers/percentFormats[@numberSystem="([^"]*+)"]/percentFormatLength/percentFormat[@type="([^"]*+)"]/pattern[@type="([^"]*+)"]	latn
ady	1	0	0	//ldml/numbers/scientificFormats[@numberSystem="([^"]*+)"]/scientificFormatLength/scientificFormat[@type="([^"]*+)"]/pattern[@type="([^"]*+)"]	latn
ady	1	0	0	//ldml/numbers/symbols[@numberSystem="([^"]*+)"]/decimal	latn
ady	1	0	0	//ldml/numbers/symbols[@numberSystem="([^"]*+)"]/group	latn
ady	1	0	0	//ldml/numbers/symbols[@numberSystem="([^"]*+)"]/minusSign	latn
ady	1	0	0	//ldml/numbers/symbols[@numberSystem="([^"]*+)"]/percentSign	latn
ady	1	0	0	//ldml/numbers/symbols[@numberSystem="([^"]*+)"]/plusSign	latn
ady	71	0	0	Totals	
					
agq	4	0	0	//ldml/dates/calendars/calendar[@type="([^"]*+)"]/dateTimeFormats/availableFormats/dateFormatItem[@id="([^"]*+)"]	gregorian, Hmsv; gregorian, hmsv; gregorian, yMMMMEd; gregorian, yMMMMd
agq	1	0	0	//ldml/dates/calendars/calendar[@type="([^"]*+)"]/dateTimeFormats/intervalFormats/intervalFormatFallback	gregorian
agq	1	0	0	//ldml/dates/timeZoneNames/fallbackFormat	
agq	1	0	0	//ldml/dates/timeZoneNames/gmtFormat	
agq	1	0	0	//ldml/dates/timeZoneNames/gmtFormat[@alt="([^"]*+)"]	utc
agq	1	0	0	//ldml/dates/timeZoneNames/hourFormat	
agq	1	0	0	//ldml/dates/timeZoneNames/metazone[@type="([^"]*+)"]/long/standard	GMT
agq	1	0	0	//ldml/dates/timeZoneNames/regionFormat	
agq	2	0	0	//ldml/dates/timeZoneNames/regionFormat[@type="([^"]*+)"]	daylight
agq	1	0	0	//ldml/dates/timeZoneNames/zone[@type="([^"]*+)"]/long/standard	Etc/UTC
agq	1	0	0	//ldml/dates/timeZoneNames/zone[@type="([^"]*+)"]/short/standard	Etc/UTC
agq	3	0	0	//ldml/localeDisplayNames/codePatterns/codePattern[@type="([^"]*+)"]	language; script; territory
agq	1	0	0	//ldml/localeDisplayNames/localeDisplayPattern/localePattern	
agq	1	0	0	//ldml/localeDisplayNames/localeDisplayPattern/localeSeparator	
agq	3	0	0	//ldml/localeDisplayNames/measurementSystemNames/measurementSystemName[@type="([^"]*+)"]	UK; US; metric
agq	1	0	0	//ldml/localeDisplayNames/scripts/script[@type="([^"]*+)"]	Latn
agq	1	0	0	//ldml/numbers/scientificFormats[@numberSystem="([^"]*+)"]/scientificFormatLength/scientificFormat[@type="([^"]*+)"]/pattern[@type="([^"]*+)"]	latn
agq	1	0	0	//ldml/numbers/symbols[@numberSystem="([^"]*+)"]/minusSign	latn
agq	1	0	0	//ldml/numbers/symbols[@numberSystem="([^"]*+)"]/percentSign	latn
agq	1	0	0	//ldml/numbers/symbols[@numberSystem="([^"]*+)"]/plusSign	latn
agq	28	0	0	Totals	
					
an	2	0	8	//ldml/dates/calendars/calendar[@type="([^"]*+)"]/dateTimeFormats/availableFormats/dateFormatItem[@id="([^"]*+)"]	gregorian, Hm; gregorian, Hms; gregorian, Hmsv; gregorian, hm; gregorian, hms; gregorian, hmsv; gregorian, yMMMMEd; gregorian, yMMMMd; gregorian, yMMMd; gregorian, yMd
an	0	0	1	//ldml/dates/calendars/calendar[@type="([^"]*+)"]/dateTimeFormats/intervalFormats/intervalFormatFallback	gregorian
an	0	0	2	//ldml/dates/calendars/calendar[@type="([^"]*+)"]/dayPeriods/dayPeriodContext[@type="([^"]*+)"]/dayPeriodWidth[@type="([^"]*+)"]/dayPeriod[@type="([^"]*+)"]	gregorian, format, wide, am; gregorian, format, wide, pm
an	0	0	7	//ldml/dates/calendars/calendar[@type="([^"]*+)"]/days/dayContext[@type="([^"]*+)"]/dayWidth[@type="([^"]*+)"]/day[@type="([^"]*+)"]	gregorian, format, wide, fri; gregorian, format, wide, mon; gregorian, format, wide, sat; gregorian, format, wide, sun; gregorian, format, wide, thu; gregorian, format, wide, tue; gregorian, format, wide, wed
an	0	0	12	//ldml/dates/calendars/calendar[@type="([^"]*+)"]/months/monthContext[@type="([^"]*+)"]/monthWidth[@type="([^"]*+)"]/month[@type="([^"]*+)"]	gregorian, format, wide, 1; gregorian, format, wide, 10; gregorian, format, wide, 11; gregorian, format, wide, 12; gregorian, format, wide, 2; gregorian, format, wide, 3; gregorian, format, wide, 4; gregorian, format, wide, 5; gregorian, format, wide, 6; gregorian, format, wide, 7; gregorian, format, wide, 8; gregorian, format, wide, 9
an	0	0	1	//ldml/dates/timeZoneNames/fallbackFormat	
an	0	0	1	//ldml/dates/timeZoneNames/gmtFormat	
an	1	0	0	//ldml/dates/timeZoneNames/gmtFormat[@alt="([^"]*+)"]	utc
an	0	0	1	//ldml/dates/timeZoneNames/hourFormat	
an	0	0	1	//ldml/dates/timeZoneNames/metazone[@type="([^"]*+)"]/long/standard	GMT
an	0	0	1	//ldml/dates/timeZoneNames/regionFormat	
an	0	0	2	//ldml/dates/timeZoneNames/regionFormat[@type="([^"]*+)"]	daylight
an	0	0	1	//ldml/dates/timeZoneNames/zone[@type="([^"]*+)"]/long/standard	Etc/UTC
an	1	0	0	//ldml/dates/timeZoneNames/zone[@type="([^"]*+)"]/short/standard	Etc/UTC
an	0	0	1	//ldml/delimiters/alternateQuotationEnd	
an	0	0	1	//ldml/delimiters/alternateQuotationStart	
an	0	0	1	//ldml/delimiters/quotationEnd	
an	0	0	1	//ldml/delimiters/quotationStart	
an	0	0	3	//ldml/localeDisplayNames/codePatterns/codePattern[@type="([^"]*+)"]	language; script; territory
an	0	0	1	//ldml/localeDisplayNames/languages/language[@type="([^"]*+)"]	en
an	0	0	1	//ldml/localeDisplayNames/localeDisplayPattern/localePattern	
an	0	0	1	//ldml/localeDisplayNames/localeDisplayPattern/localeSeparator	
an	0	0	3	//ldml/localeDisplayNames/measurementSystemNames/measurementSystemName[@type="([^"]*+)"]	UK; US; metric
an	0	0	1	//ldml/localeDisplayNames/scripts/script[@type="([^"]*+)"]	Latn
an	0	0	1	//ldml/localeDisplayNames/territories/territory[@type="([^"]*+)"]	ES
an	0	0	1	//ldml/numbers/currencyFormats[@numberSystem="([^"]*+)"]/currencyFormatLength/currencyFormat[@type="([^"]*+)"]/pattern[@type="([^"]*+)"]	latn
an	0	0	1	//ldml/numbers/decimalFormats[@numberSystem="([^"]*+)"]/decimalFormatLength/decimalFormat[@type="([^"]*+)"]/pattern[@type="([^"]*+)"]	latn
an	0	0	1	//ldml/numbers/defaultNumberingSystem	
an	0	0	1	//ldml/numbers/otherNumberingSystems/native	
an	0	0	1	//ldml/numbers/percentFormats[@numberSystem="([^"]*+)"]/percentFormatLength/percentFormat[@type="([^"]*+)"]/pattern[@type="([^"]*+)"]	latn
an	0	0	1	//ldml/numbers/scientificFormats[@numberSystem="([^"]*+)"]/scientificFormatLength/scientificFormat[@type="([^"]*+)"]/pattern[@type="([^"]*+)"]	latn
an	0	0	1	//ldml/numbers/symbols[@numberSystem="([^"]*+)"]/decimal	latn
an	0	0	1	//ldml/numbers/symbols[@numberSystem="([^"]*+)"]/group	latn
an	0	0	1	//ldml/numbers/symbols[@numberSystem="([^"]*+)"]/minusSign	latn
an	0	0	1	//ldml/numbers/symbols[@numberSystem="([^"]*+)"]/percentSign	latn
an	0	0	1	//ldml/numbers/symbols[@numberSystem="([^"]*+)"]/plusSign	latn
an	4	0	64	Totals	
					
ann	10	0	0	//ldml/dates/calendars/calendar[@type="([^"]*+)"]/dateTimeFormats/availableFormats/dateFormatItem[@id="([^"]*+)"]	gregorian, Hm; gregorian, Hms; gregorian, Hmsv; gregorian, hm; gregorian, hms; gregorian, hmsv; gregorian, yMMMMEd; gregorian, yMMMMd; gregorian, yMMMd; gregorian, yMd
ann	1	0	0	//ldml/dates/calendars/calendar[@type="([^"]*+)"]/dateTimeFormats/intervalFormats/intervalFormatFallback	gregorian
ann	2	0	0	//ldml/dates/calendars/calendar[@type="([^"]*+)"]/dayPeriods/dayPeriodContext[@type="([^"]*+)"]/dayPeriodWidth[@type="([^"]*+)"]/dayPeriod[@type="([^"]*+)"]	gregorian, format, wide, am; gregorian, format, wide, pm
ann	7	0	0	//ldml/dates/calendars/calendar[@type="([^"]*+)"]/days/dayContext[@type="([^"]*+)"]/dayWidth[@type="([^"]*+)"]/day[@type="([^"]*+)"]	gregorian, format, wide, fri; gregorian, format, wide, mon; gregorian, format, wide, sat; gregorian, format, wide, sun; gregorian, format, wide, thu; gregorian, format, wide, tue; gregorian, format, wide, wed
ann	12	0	0	//ldml/dates/calendars/calendar[@type="([^"]*+)"]/months/monthContext[@type="([^"]*+)"]/monthWidth[@type="([^"]*+)"]/month[@type="([^"]*+)"]	gregorian, format, wide, 1; gregorian, format, wide, 10; gregorian, format, wide, 11; gregorian, format, wide, 12; gregorian, format, wide, 2; gregorian, format, wide, 3; gregorian, format, wide, 4; gregorian, format, wide, 5; gregorian, format, wide, 6; gregorian, format, wide, 7; gregorian, format, wide, 8; gregorian, format, wide, 9
ann	1	0	0	//ldml/dates/timeZoneNames/fallbackFormat	
ann	1	0	0	//ldml/dates/timeZoneNames/gmtFormat	
ann	1	0	0	//ldml/dates/timeZoneNames/gmtFormat[@alt="([^"]*+)"]	utc
ann	1	0	0	//ldml/dates/timeZoneNames/hourFormat	
ann	1	0	0	//ldml/dates/timeZoneNames/metazone[@type="([^"]*+)"]/long/standard	GMT
ann	1	0	0	//ldml/dates/timeZoneNames/regionFormat	
ann	2	0	0	//ldml/dates/timeZoneNames/regionFormat[@type="([^"]*+)"]	daylight
ann	1	0	0	//ldml/dates/timeZoneNames/zone[@type="([^"]*+)"]/long/standard	Etc/UTC
ann	1	0	0	//ldml/dates/timeZoneNames/zone[@type="([^"]*+)"]/short/standard	Etc/UTC
ann	1	0	0	//ldml/delimiters/alternateQuotationEnd	
ann	1	0	0	//ldml/delimiters/alternateQuotationStart	
ann	1	0	0	//ldml/delimiters/quotationEnd	
ann	1	0	0	//ldml/delimiters/quotationStart	
ann	3	0	0	//ldml/localeDisplayNames/codePatterns/codePattern[@type="([^"]*+)"]	language; script; territory
ann	1	0	0	//ldml/localeDisplayNames/languages/language[@type="([^"]*+)"]	en
ann	3	0	0	//ldml/localeDisplayNames/measurementSystemNames/measurementSystemName[@type="([^"]*+)"]	UK; US; metric
ann	1	0	0	//ldml/localeDisplayNames/scripts/script[@type="([^"]*+)"]	Latn
ann	2	0	0	//ldml/localeDisplayNames/territories/territory[@type="([^"]*+)"]	NG
ann	1	0	0	//ldml/numbers/currencyFormats[@numberSystem="([^"]*+)"]/currencyFormatLength/currencyFormat[@type="([^"]*+)"]/pattern[@type="([^"]*+)"]	latn
ann	1	0	0	//ldml/numbers/decimalFormats[@numberSystem="([^"]*+)"]/decimalFormatLength/decimalFormat[@type="([^"]*+)"]/pattern[@type="([^"]*+)"]	latn
ann	1	0	0	//ldml/numbers/percentFormats[@numberSystem="([^"]*+)"]/percentFormatLength/percentFormat[@type="([^"]*+)"]/pattern[@type="([^"]*+)"]	latn
ann	1	0	0	//ldml/numbers/scientificFormats[@numberSystem="([^"]*+)"]/scientificFormatLength/scientificFormat[@type="([^"]*+)"]/pattern[@type="([^"]*+)"]	latn
ann	1	0	0	//ldml/numbers/symbols[@numberSystem="([^"]*+)"]/decimal	latn
ann	1	0	0	//ldml/numbers/symbols[@numberSystem="([^"]*+)"]/group	latn
ann	1	0	0	//ldml/numbers/symbols[@numberSystem="([^"]*+)"]/minusSign	latn
ann	1	0	0	//ldml/numbers/symbols[@numberSystem="([^"]*+)"]/percentSign	latn
ann	1	0	0	//ldml/numbers/symbols[@numberSystem="([^"]*+)"]/plusSign	latn
ann	65	0	0	Totals	
					
apc	2	0	8	//ldml/dates/calendars/calendar[@type="([^"]*+)"]/dateTimeFormats/availableFormats/dateFormatItem[@id="([^"]*+)"]	gregorian, Hm; gregorian, Hms; gregorian, Hmsv; gregorian, hm; gregorian, hms; gregorian, hmsv; gregorian, yMMMMEd; gregorian, yMMMMd; gregorian, yMMMd; gregorian, yMd
apc	0	0	1	//ldml/dates/calendars/calendar[@type="([^"]*+)"]/dateTimeFormats/intervalFormats/intervalFormatFallback	gregorian
apc	0	0	2	//ldml/dates/calendars/calendar[@type="([^"]*+)"]/dayPeriods/dayPeriodContext[@type="([^"]*+)"]/dayPeriodWidth[@type="([^"]*+)"]/dayPeriod[@type="([^"]*+)"]	gregorian, format, wide, am; gregorian, format, wide, pm
apc	0	0	7	//ldml/dates/calendars/calendar[@type="([^"]*+)"]/days/dayContext[@type="([^"]*+)"]/dayWidth[@type="([^"]*+)"]/day[@type="([^"]*+)"]	gregorian, format, wide, fri; gregorian, format, wide, mon; gregorian, format, wide, sat; gregorian, format, wide, sun; gregorian, format, wide, thu; gregorian, format, wide, tue; gregorian, format, wide, wed
apc	0	0	12	//ldml/dates/calendars/calendar[@type="([^"]*+)"]/months/monthContext[@type="([^"]*+)"]/monthWidth[@type="([^"]*+)"]/month[@type="([^"]*+)"]	gregorian, format, wide, 1; gregorian, format, wide, 10; gregorian, format, wide, 11; gregorian, format, wide, 12; gregorian, format, wide, 2; gregorian, format, wide, 3; gregorian, format, wide, 4; gregorian, format, wide, 5; gregorian, format, wide, 6; gregorian, format, wide, 7; gregorian, format, wide, 8; gregorian, format, wide, 9
apc	0	0	1	//ldml/dates/timeZoneNames/fallbackFormat	
apc	0	0	1	//ldml/dates/timeZoneNames/gmtFormat	
apc	1	0	0	//ldml/dates/timeZoneNames/gmtFormat[@alt="([^"]*+)"]	utc
apc	0	0	1	//ldml/dates/timeZoneNames/hourFormat	
apc	1	0	0	//ldml/dates/timeZoneNames/metazone[@type="([^"]*+)"]/long/standard	GMT
apc	0	0	1	//ldml/dates/timeZoneNames/regionFormat	
apc	0	0	2	//ldml/dates/timeZoneNames/regionFormat[@type="([^"]*+)"]	daylight
apc	1	0	0	//ldml/dates/timeZoneNames/zone[@type="([^"]*+)"]/long/standard	Etc/UTC
apc	1	0	0	//ldml/dates/timeZoneNames/zone[@type="([^"]*+)"]/short/standard	Etc/UTC
apc	0	0	1	//ldml/delimiters/alternateQuotationEnd	
apc	0	0	1	//ldml/delimiters/alternateQuotationStart	
apc	0	0	1	//ldml/delimiters/quotationEnd	
apc	0	0	1	//ldml/delimiters/quotationStart	
apc	0	0	3	//ldml/localeDisplayNames/codePatterns/codePattern[@type="([^"]*+)"]	language; script; territory
apc	1	0	0	//ldml/localeDisplayNames/languages/language[@type="([^"]*+)"]	en
apc	0	0	1	//ldml/localeDisplayNames/localeDisplayPattern/localePattern	
apc	0	0	1	//ldml/localeDisplayNames/localeDisplayPattern/localeSeparator	
apc	0	0	3	//ldml/localeDisplayNames/measurementSystemNames/measurementSystemName[@type="([^"]*+)"]	UK; US; metric
apc	0	0	1	//ldml/localeDisplayNames/scripts/script[@type="([^"]*+)"]	Arab
apc	2	0	0	//ldml/localeDisplayNames/territories/territory[@type="([^"]*+)"]	SY
apc	2	0	1	//ldml/numbers/currencyFormats[@numberSystem="([^"]*+)"]/currencyFormatLength/currencyFormat[@type="([^"]*+)"]/pattern[@type="([^"]*+)"]	arab; arabext; latn
apc	2	0	1	//ldml/numbers/decimalFormats[@numberSystem="([^"]*+)"]/decimalFormatLength/decimalFormat[@type="([^"]*+)"]/pattern[@type="([^"]*+)"]	arab; arabext; latn
apc	0	0	1	//ldml/numbers/defaultNumberingSystem	
apc	0	0	1	//ldml/numbers/otherNumberingSystems/native	
apc	2	0	1	//ldml/numbers/percentFormats[@numberSystem="([^"]*+)"]/percentFormatLength/percentFormat[@type="([^"]*+)"]/pattern[@type="([^"]*+)"]	arab; arabext; latn
apc	2	0	1	//ldml/numbers/scientificFormats[@numberSystem="([^"]*+)"]/scientificFormatLength/scientificFormat[@type="([^"]*+)"]/pattern[@type="([^"]*+)"]	arab; arabext; latn
apc	2	0	1	//ldml/numbers/symbols[@numberSystem="([^"]*+)"]/decimal	arab; arabext; latn
apc	2	0	1	//ldml/numbers/symbols[@numberSystem="([^"]*+)"]/group	arab; arabext; latn
apc	2	0	1	//ldml/numbers/symbols[@numberSystem="([^"]*+)"]/minusSign	arab; arabext; latn
apc	2	0	1	//ldml/numbers/symbols[@numberSystem="([^"]*+)"]/percentSign	arab; arabext; latn
apc	2	0	1	//ldml/numbers/symbols[@numberSystem="([^"]*+)"]/plusSign	arab; arabext; latn
apc	27	0	60	Totals	
					
arn	10	0	0	//ldml/dates/calendars/calendar[@type="([^"]*+)"]/dateTimeFormats/availableFormats/dateFormatItem[@id="([^"]*+)"]	gregorian, Hm; gregorian, Hms; gregorian, Hmsv; gregorian, hm; gregorian, hms; gregorian, hmsv; gregorian, yMMMMEd; gregorian, yMMMMd; gregorian, yMMMd; gregorian, yMd
arn	1	0	0	//ldml/dates/calendars/calendar[@type="([^"]*+)"]/dateTimeFormats/intervalFormats/intervalFormatFallback	gregorian
arn	2	0	0	//ldml/dates/calendars/calendar[@type="([^"]*+)"]/dayPeriods/dayPeriodContext[@type="([^"]*+)"]/dayPeriodWidth[@type="([^"]*+)"]/dayPeriod[@type="([^"]*+)"]	gregorian, format, wide, am; gregorian, format, wide, pm
arn	7	0	0	//ldml/dates/calendars/calendar[@type="([^"]*+)"]/days/dayContext[@type="([^"]*+)"]/dayWidth[@type="([^"]*+)"]/day[@type="([^"]*+)"]	gregorian, format, wide, fri; gregorian, format, wide, mon; gregorian, format, wide, sat; gregorian, format, wide, sun; gregorian, format, wide, thu; gregorian, format, wide, tue; gregorian, format, wide, wed
arn	12	0	0	//ldml/dates/calendars/calendar[@type="([^"]*+)"]/months/monthContext[@type="([^"]*+)"]/monthWidth[@type="([^"]*+)"]/month[@type="([^"]*+)"]	gregorian, format, wide, 1; gregorian, format, wide, 10; gregorian, format, wide, 11; gregorian, format, wide, 12; gregorian, format, wide, 2; gregorian, format, wide, 3; gregorian, format, wide, 4; gregorian, format, wide, 5; gregorian, format, wide, 6; gregorian, format, wide, 7; gregorian, format, wide, 8; gregorian, format, wide, 9
arn	1	0	0	//ldml/dates/timeZoneNames/fallbackFormat	
arn	1	0	0	//ldml/dates/timeZoneNames/gmtFormat	
arn	1	0	0	//ldml/dates/timeZoneNames/gmtFormat[@alt="([^"]*+)"]	utc
arn	1	0	0	//ldml/dates/timeZoneNames/hourFormat	
arn	1	0	0	//ldml/dates/timeZoneNames/metazone[@type="([^"]*+)"]/long/standard	GMT
arn	1	0	0	//ldml/dates/timeZoneNames/regionFormat	
arn	2	0	0	//ldml/dates/timeZoneNames/regionFormat[@type="([^"]*+)"]	daylight
arn	1	0	0	//ldml/dates/timeZoneNames/zone[@type="([^"]*+)"]/long/standard	Etc/UTC
arn	1	0	0	//ldml/dates/timeZoneNames/zone[@type="([^"]*+)"]/short/standard	Etc/UTC
arn	1	0	0	//ldml/delimiters/alternateQuotationEnd	
arn	1	0	0	//ldml/delimiters/alternateQuotationStart	
arn	1	0	0	//ldml/delimiters/quotationEnd	
arn	1	0	0	//ldml/delimiters/quotationStart	
arn	3	0	0	//ldml/localeDisplayNames/codePatterns/codePattern[@type="([^"]*+)"]	language; script; territory
arn	1	0	0	//ldml/localeDisplayNames/languages/language[@type="([^"]*+)"]	en
arn	1	0	0	//ldml/localeDisplayNames/localeDisplayPattern/localePattern	
arn	1	0	0	//ldml/localeDisplayNames/localeDisplayPattern/localeSeparator	
arn	3	0	0	//ldml/localeDisplayNames/measurementSystemNames/measurementSystemName[@type="([^"]*+)"]	UK; US; metric
arn	1	0	0	//ldml/localeDisplayNames/scripts/script[@type="([^"]*+)"]	Latn
arn	2	0	0	//ldml/localeDisplayNames/territories/territory[@type="([^"]*+)"]	CL
arn	1	0	0	//ldml/numbers/currencyFormats[@numberSystem="([^"]*+)"]/currencyFormatLength/currencyFormat[@type="([^"]*+)"]/pattern[@type="([^"]*+)"]	latn
arn	1	0	0	//ldml/numbers/decimalFormats[@numberSystem="([^"]*+)"]/decimalFormatLength/decimalFormat[@type="([^"]*+)"]/pattern[@type="([^"]*+)"]	latn
arn	1	0	0	//ldml/numbers/percentFormats[@numberSystem="([^"]*+)"]/percentFormatLength/percentFormat[@type="([^"]*+)"]/pattern[@type="([^"]*+)"]	latn
arn	1	0	0	//ldml/numbers/scientificFormats[@numberSystem="([^"]*+)"]/scientificFormatLength/scientificFormat[@type="([^"]*+)"]/pattern[@type="([^"]*+)"]	latn
arn	1	0	0	//ldml/numbers/symbols[@numberSystem="([^"]*+)"]/decimal	latn
arn	1	0	0	//ldml/numbers/symbols[@numberSystem="([^"]*+)"]/group	latn
arn	1	0	0	//ldml/numbers/symbols[@numberSystem="([^"]*+)"]/minusSign	latn
arn	1	0	0	//ldml/numbers/symbols[@numberSystem="([^"]*+)"]/percentSign	latn
arn	1	0	0	//ldml/numbers/symbols[@numberSystem="([^"]*+)"]/plusSign	latn
arn	67	0	0	Totals	
					
ary	10	0	0	//ldml/dates/calendars/calendar[@type="([^"]*+)"]/dateTimeFormats/availableFormats/dateFormatItem[@id="([^"]*+)"]	gregorian, Hm; gregorian, Hms; gregorian, Hmsv; gregorian, hm; gregorian, hms; gregorian, hmsv; gregorian, yMMMMEd; gregorian, yMMMMd; gregorian, yMMMd; gregorian, yMd
ary	1	0	0	//ldml/dates/calendars/calendar[@type="([^"]*+)"]/dateTimeFormats/intervalFormats/intervalFormatFallback	gregorian
ary	2	0	0	//ldml/dates/calendars/calendar[@type="([^"]*+)"]/dayPeriods/dayPeriodContext[@type="([^"]*+)"]/dayPeriodWidth[@type="([^"]*+)"]/dayPeriod[@type="([^"]*+)"]	gregorian, format, wide, am; gregorian, format, wide, pm
ary	7	0	0	//ldml/dates/calendars/calendar[@type="([^"]*+)"]/days/dayContext[@type="([^"]*+)"]/dayWidth[@type="([^"]*+)"]/day[@type="([^"]*+)"]	gregorian, format, wide, fri; gregorian, format, wide, mon; gregorian, format, wide, sat; gregorian, format, wide, sun; gregorian, format, wide, thu; gregorian, format, wide, tue; gregorian, format, wide, wed
ary	12	0	0	//ldml/dates/calendars/calendar[@type="([^"]*+)"]/months/monthContext[@type="([^"]*+)"]/monthWidth[@type="([^"]*+)"]/month[@type="([^"]*+)"]	gregorian, format, wide, 1; gregorian, format, wide, 10; gregorian, format, wide, 11; gregorian, format, wide, 12; gregorian, format, wide, 2; gregorian, format, wide, 3; gregorian, format, wide, 4; gregorian, format, wide, 5; gregorian, format, wide, 6; gregorian, format, wide, 7; gregorian, format, wide, 8; gregorian, format, wide, 9
ary	1	0	0	//ldml/dates/timeZoneNames/fallbackFormat	
ary	1	0	0	//ldml/dates/timeZoneNames/gmtFormat	
ary	1	0	0	//ldml/dates/timeZoneNames/gmtFormat[@alt="([^"]*+)"]	utc
ary	1	0	0	//ldml/dates/timeZoneNames/hourFormat	
ary	1	0	0	//ldml/dates/timeZoneNames/metazone[@type="([^"]*+)"]/long/standard	GMT
ary	1	0	0	//ldml/dates/timeZoneNames/regionFormat	
ary	2	0	0	//ldml/dates/timeZoneNames/regionFormat[@type="([^"]*+)"]	daylight
ary	1	0	0	//ldml/dates/timeZoneNames/zone[@type="([^"]*+)"]/long/standard	Etc/UTC
ary	1	0	0	//ldml/dates/timeZoneNames/zone[@type="([^"]*+)"]/short/standard	Etc/UTC
ary	1	0	0	//ldml/delimiters/alternateQuotationEnd	
ary	1	0	0	//ldml/delimiters/alternateQuotationStart	
ary	1	0	0	//ldml/delimiters/quotationEnd	
ary	1	0	0	//ldml/delimiters/quotationStart	
ary	3	0	0	//ldml/localeDisplayNames/codePatterns/codePattern[@type="([^"]*+)"]	language; script; territory
ary	3	0	0	//ldml/localeDisplayNames/languages/language[@type="([^"]*+)"]	ary; en
ary	1	0	0	//ldml/localeDisplayNames/localeDisplayPattern/localePattern	
ary	1	0	0	//ldml/localeDisplayNames/localeDisplayPattern/localeSeparator	
ary	3	0	0	//ldml/localeDisplayNames/measurementSystemNames/measurementSystemName[@type="([^"]*+)"]	UK; US; metric
ary	1	0	0	//ldml/localeDisplayNames/scripts/script[@type="([^"]*+)"]	Arab
ary	2	0	0	//ldml/localeDisplayNames/territories/territory[@type="([^"]*+)"]	MA
ary	3	0	0	//ldml/numbers/currencyFormats[@numberSystem="([^"]*+)"]/currencyFormatLength/currencyFormat[@type="([^"]*+)"]/pattern[@type="([^"]*+)"]	arab; arabext; latn
ary	3	0	0	//ldml/numbers/decimalFormats[@numberSystem="([^"]*+)"]/decimalFormatLength/decimalFormat[@type="([^"]*+)"]/pattern[@type="([^"]*+)"]	arab; arabext; latn
ary	3	0	0	//ldml/numbers/percentFormats[@numberSystem="([^"]*+)"]/percentFormatLength/percentFormat[@type="([^"]*+)"]/pattern[@type="([^"]*+)"]	arab; arabext; latn
ary	3	0	0	//ldml/numbers/scientificFormats[@numberSystem="([^"]*+)"]/scientificFormatLength/scientificFormat[@type="([^"]*+)"]/pattern[@type="([^"]*+)"]	arab; arabext; latn
ary	3	0	0	//ldml/numbers/symbols[@numberSystem="([^"]*+)"]/decimal	arab; arabext; latn
ary	3	0	0	//ldml/numbers/symbols[@numberSystem="([^"]*+)"]/group	arab; arabext; latn
ary	3	0	0	//ldml/numbers/symbols[@numberSystem="([^"]*+)"]/minusSign	arab; arabext; latn
ary	3	0	0	//ldml/numbers/symbols[@numberSystem="([^"]*+)"]/percentSign	arab; arabext; latn
ary	3	0	0	//ldml/numbers/symbols[@numberSystem="([^"]*+)"]/plusSign	arab; arabext; latn
ary	87	0	0	Totals	
					
asa	5	0	0	//ldml/dates/calendars/calendar[@type="([^"]*+)"]/dateTimeFormats/availableFormats/dateFormatItem[@id="([^"]*+)"]	gregorian, Hmsv; gregorian, hms; gregorian, hmsv; gregorian, yMMMMEd; gregorian, yMMMMd
asa	1	0	0	//ldml/dates/calendars/calendar[@type="([^"]*+)"]/dateTimeFormats/intervalFormats/intervalFormatFallback	gregorian
asa	1	0	0	//ldml/dates/timeZoneNames/fallbackFormat	
asa	1	0	0	//ldml/dates/timeZoneNames/gmtFormat	
asa	1	0	0	//ldml/dates/timeZoneNames/gmtFormat[@alt="([^"]*+)"]	utc
asa	1	0	0	//ldml/dates/timeZoneNames/hourFormat	
asa	1	0	0	//ldml/dates/timeZoneNames/metazone[@type="([^"]*+)"]/long/standard	GMT
asa	1	0	0	//ldml/dates/timeZoneNames/regionFormat	
asa	2	0	0	//ldml/dates/timeZoneNames/regionFormat[@type="([^"]*+)"]	daylight
asa	1	0	0	//ldml/dates/timeZoneNames/zone[@type="([^"]*+)"]/long/standard	Etc/UTC
asa	1	0	0	//ldml/dates/timeZoneNames/zone[@type="([^"]*+)"]/short/standard	Etc/UTC
asa	3	0	0	//ldml/localeDisplayNames/codePatterns/codePattern[@type="([^"]*+)"]	language; script; territory
asa	1	0	0	//ldml/localeDisplayNames/localeDisplayPattern/localePattern	
asa	1	0	0	//ldml/localeDisplayNames/localeDisplayPattern/localeSeparator	
asa	3	0	0	//ldml/localeDisplayNames/measurementSystemNames/measurementSystemName[@type="([^"]*+)"]	UK; US; metric
asa	1	0	0	//ldml/localeDisplayNames/scripts/script[@type="([^"]*+)"]	Latn
asa	1	0	0	//ldml/numbers/decimalFormats[@numberSystem="([^"]*+)"]/decimalFormatLength/decimalFormat[@type="([^"]*+)"]/pattern[@type="([^"]*+)"]	latn
asa	1	0	0	//ldml/numbers/percentFormats[@numberSystem="([^"]*+)"]/percentFormatLength/percentFormat[@type="([^"]*+)"]/pattern[@type="([^"]*+)"]	latn
asa	1	0	0	//ldml/numbers/scientificFormats[@numberSystem="([^"]*+)"]/scientificFormatLength/scientificFormat[@type="([^"]*+)"]/pattern[@type="([^"]*+)"]	latn
asa	1	0	0	//ldml/numbers/symbols[@numberSystem="([^"]*+)"]/decimal	latn
asa	1	0	0	//ldml/numbers/symbols[@numberSystem="([^"]*+)"]/group	latn
asa	1	0	0	//ldml/numbers/symbols[@numberSystem="([^"]*+)"]/minusSign	latn
asa	1	0	0	//ldml/numbers/symbols[@numberSystem="([^"]*+)"]/percentSign	latn
asa	1	0	0	//ldml/numbers/symbols[@numberSystem="([^"]*+)"]/plusSign	latn
asa	33	0	0	Totals	
					
ast	2	0	0	//ldml/dates/calendars/calendar[@type="([^"]*+)"]/dateTimeFormats/availableFormats/dateFormatItem[@id="([^"]*+)"]	gregorian, yMMMMEd; gregorian, yMMMMd
ast	1	0	0	//ldml/dates/timeZoneNames/gmtFormat[@alt="([^"]*+)"]	utc
ast	1	0	0	//ldml/dates/timeZoneNames/zone[@type="([^"]*+)"]/short/standard	Etc/UTC
ast	4	0	0	Totals	
					
az_Arab	10	0	0	//ldml/dates/calendars/calendar[@type="([^"]*+)"]/dateTimeFormats/availableFormats/dateFormatItem[@id="([^"]*+)"]	gregorian, Hm; gregorian, Hms; gregorian, Hmsv; gregorian, hm; gregorian, hms; gregorian, hmsv; gregorian, yMMMMEd; gregorian, yMMMMd; gregorian, yMMMd; gregorian, yMd
az_Arab	1	0	0	//ldml/dates/calendars/calendar[@type="([^"]*+)"]/dateTimeFormats/intervalFormats/intervalFormatFallback	gregorian
az_Arab	2	0	0	//ldml/dates/calendars/calendar[@type="([^"]*+)"]/dayPeriods/dayPeriodContext[@type="([^"]*+)"]/dayPeriodWidth[@type="([^"]*+)"]/dayPeriod[@type="([^"]*+)"]	gregorian, format, wide, am; gregorian, format, wide, pm
az_Arab	7	0	0	//ldml/dates/calendars/calendar[@type="([^"]*+)"]/days/dayContext[@type="([^"]*+)"]/dayWidth[@type="([^"]*+)"]/day[@type="([^"]*+)"]	gregorian, format, wide, fri; gregorian, format, wide, mon; gregorian, format, wide, sat; gregorian, format, wide, sun; gregorian, format, wide, thu; gregorian, format, wide, tue; gregorian, format, wide, wed
az_Arab	12	0	0	//ldml/dates/calendars/calendar[@type="([^"]*+)"]/months/monthContext[@type="([^"]*+)"]/monthWidth[@type="([^"]*+)"]/month[@type="([^"]*+)"]	gregorian, format, wide, 1; gregorian, format, wide, 10; gregorian, format, wide, 11; gregorian, format, wide, 12; gregorian, format, wide, 2; gregorian, format, wide, 3; gregorian, format, wide, 4; gregorian, format, wide, 5; gregorian, format, wide, 6; gregorian, format, wide, 7; gregorian, format, wide, 8; gregorian, format, wide, 9
az_Arab	1	0	0	//ldml/dates/timeZoneNames/fallbackFormat	
az_Arab	1	0	0	//ldml/dates/timeZoneNames/gmtFormat	
az_Arab	1	0	0	//ldml/dates/timeZoneNames/gmtFormat[@alt="([^"]*+)"]	utc
az_Arab	1	0	0	//ldml/dates/timeZoneNames/hourFormat	
az_Arab	1	0	0	//ldml/dates/timeZoneNames/metazone[@type="([^"]*+)"]/long/standard	GMT
az_Arab	1	0	0	//ldml/dates/timeZoneNames/regionFormat	
az_Arab	2	0	0	//ldml/dates/timeZoneNames/regionFormat[@type="([^"]*+)"]	daylight
az_Arab	1	0	0	//ldml/dates/timeZoneNames/zone[@type="([^"]*+)"]/long/standard	Etc/UTC
az_Arab	1	0	0	//ldml/dates/timeZoneNames/zone[@type="([^"]*+)"]/short/standard	Etc/UTC
az_Arab	1	0	0	//ldml/localeDisplayNames/localeDisplayPattern/localePattern	
az_Arab	1	0	0	//ldml/localeDisplayNames/localeDisplayPattern/localeSeparator	
az_Arab	3	0	0	//ldml/localeDisplayNames/measurementSystemNames/measurementSystemName[@type="([^"]*+)"]	UK; US; metric
az_Arab	5	0	0	//ldml/localeDisplayNames/territories/territory[@type="([^"]*+)"]	AZ; IQ; IR; TR
az_Arab	3	0	0	//ldml/numbers/currencyFormats[@numberSystem="([^"]*+)"]/currencyFormatLength/currencyFormat[@type="([^"]*+)"]/pattern[@type="([^"]*+)"]	arab; arabext; latn
az_Arab	3	0	0	//ldml/numbers/decimalFormats[@numberSystem="([^"]*+)"]/decimalFormatLength/decimalFormat[@type="([^"]*+)"]/pattern[@type="([^"]*+)"]	arab; arabext; latn
az_Arab	3	0	0	//ldml/numbers/percentFormats[@numberSystem="([^"]*+)"]/percentFormatLength/percentFormat[@type="([^"]*+)"]/pattern[@type="([^"]*+)"]	arab; arabext; latn
az_Arab	3	0	0	//ldml/numbers/scientificFormats[@numberSystem="([^"]*+)"]/scientificFormatLength/scientificFormat[@type="([^"]*+)"]/pattern[@type="([^"]*+)"]	arab; arabext; latn
az_Arab	3	0	0	//ldml/numbers/symbols[@numberSystem="([^"]*+)"]/decimal	arab; arabext; latn
az_Arab	3	0	0	//ldml/numbers/symbols[@numberSystem="([^"]*+)"]/group	arab; arabext; latn
az_Arab	3	0	0	//ldml/numbers/symbols[@numberSystem="([^"]*+)"]/minusSign	arab; arabext; latn
az_Arab	3	0	0	//ldml/numbers/symbols[@numberSystem="([^"]*+)"]/percentSign	arab; arabext; latn
az_Arab	3	0	0	//ldml/numbers/symbols[@numberSystem="([^"]*+)"]/plusSign	arab; arabext; latn
az_Arab	79	0	0	Totals	
					
az_Cyrl	8	0	0	//ldml/dates/calendars/calendar[@type="([^"]*+)"]/dateTimeFormats/availableFormats/dateFormatItem[@id="([^"]*+)"]	gregorian, Hm; gregorian, Hms; gregorian, Hmsv; gregorian, hm; gregorian, hms; gregorian, hmsv; gregorian, yMMMMEd; gregorian, yMMMMd
az_Cyrl	1	0	0	//ldml/dates/calendars/calendar[@type="([^"]*+)"]/dateTimeFormats/intervalFormats/intervalFormatFallback	gregorian
az_Cyrl	1	0	0	//ldml/dates/timeZoneNames/fallbackFormat	
az_Cyrl	1	0	0	//ldml/dates/timeZoneNames/gmtFormat	
az_Cyrl	1	0	0	//ldml/dates/timeZoneNames/gmtFormat[@alt="([^"]*+)"]	utc
az_Cyrl	1	0	0	//ldml/dates/timeZoneNames/hourFormat	
az_Cyrl	1	0	0	//ldml/dates/timeZoneNames/metazone[@type="([^"]*+)"]/long/standard	GMT
az_Cyrl	1	0	0	//ldml/dates/timeZoneNames/regionFormat	
az_Cyrl	2	0	0	//ldml/dates/timeZoneNames/regionFormat[@type="([^"]*+)"]	daylight
az_Cyrl	1	0	0	//ldml/dates/timeZoneNames/zone[@type="([^"]*+)"]/long/standard	Etc/UTC
az_Cyrl	1	0	0	//ldml/dates/timeZoneNames/zone[@type="([^"]*+)"]/short/standard	Etc/UTC
az_Cyrl	1	0	0	//ldml/localeDisplayNames/languages/language[@type="([^"]*+)"][@alt="([^"]*+)"]	az, short
az_Cyrl	1	0	0	//ldml/localeDisplayNames/localeDisplayPattern/localePattern	
az_Cyrl	1	0	0	//ldml/localeDisplayNames/localeDisplayPattern/localeSeparator	
az_Cyrl	3	0	0	//ldml/localeDisplayNames/measurementSystemNames/measurementSystemName[@type="([^"]*+)"]	UK; US; metric
az_Cyrl	2	0	0	//ldml/localeDisplayNames/scripts/script[@type="([^"]*+)"]	Arab; Latn
az_Cyrl	2	0	0	//ldml/numbers/currencyFormats[@numberSystem="([^"]*+)"]/currencyFormatLength/currencyFormat[@type="([^"]*+)"]/pattern[@type="([^"]*+)"]	arab; arabext
az_Cyrl	2	0	0	//ldml/numbers/decimalFormats[@numberSystem="([^"]*+)"]/decimalFormatLength/decimalFormat[@type="([^"]*+)"]/pattern[@type="([^"]*+)"]	arab; arabext
az_Cyrl	2	0	0	//ldml/numbers/percentFormats[@numberSystem="([^"]*+)"]/percentFormatLength/percentFormat[@type="([^"]*+)"]/pattern[@type="([^"]*+)"]	arab; arabext
az_Cyrl	3	0	0	//ldml/numbers/scientificFormats[@numberSystem="([^"]*+)"]/scientificFormatLength/scientificFormat[@type="([^"]*+)"]/pattern[@type="([^"]*+)"]	arab; arabext; latn
az_Cyrl	2	0	0	//ldml/numbers/symbols[@numberSystem="([^"]*+)"]/decimal	arab; arabext
az_Cyrl	2	0	0	//ldml/numbers/symbols[@numberSystem="([^"]*+)"]/group	arab; arabext
az_Cyrl	2	0	0	//ldml/numbers/symbols[@numberSystem="([^"]*+)"]/minusSign	arab; arabext
az_Cyrl	2	0	0	//ldml/numbers/symbols[@numberSystem="([^"]*+)"]/percentSign	arab; arabext
az_Cyrl	2	0	0	//ldml/numbers/symbols[@numberSystem="([^"]*+)"]/plusSign	arab; arabext
az_Cyrl	46	0	0	Totals	
					
ba	2	0	0	//ldml/dates/calendars/calendar[@type="([^"]*+)"]/dateTimeFormats/availableFormats/dateFormatItem[@id="([^"]*+)"]	gregorian, yMMMMEd; gregorian, yMMMMd
ba	1	0	0	//ldml/dates/timeZoneNames/gmtFormat[@alt="([^"]*+)"]	utc
ba	3	0	0	Totals	
					
bal	8	0	0	//ldml/dates/calendars/calendar[@type="([^"]*+)"]/dateTimeFormats/availableFormats/dateFormatItem[@id="([^"]*+)"]	gregorian, Hm; gregorian, Hms; gregorian, Hmsv; gregorian, hm; gregorian, hms; gregorian, hmsv; gregorian, yMMMMEd; gregorian, yMMMMd
bal	2	0	0	//ldml/dates/calendars/calendar[@type="([^"]*+)"]/dayPeriods/dayPeriodContext[@type="([^"]*+)"]/dayPeriodWidth[@type="([^"]*+)"]/dayPeriod[@type="([^"]*+)"]	gregorian, format, wide, am; gregorian, format, wide, pm
bal	0	7	0	//ldml/dates/calendars/calendar[@type="([^"]*+)"]/days/dayContext[@type="([^"]*+)"]/dayWidth[@type="([^"]*+)"]/day[@type="([^"]*+)"]	gregorian, format, wide, fri; gregorian, format, wide, mon; gregorian, format, wide, sat; gregorian, format, wide, sun; gregorian, format, wide, thu; gregorian, format, wide, tue; gregorian, format, wide, wed
bal	0	12	0	//ldml/dates/calendars/calendar[@type="([^"]*+)"]/months/monthContext[@type="([^"]*+)"]/monthWidth[@type="([^"]*+)"]/month[@type="([^"]*+)"]	gregorian, format, wide, 1; gregorian, format, wide, 10; gregorian, format, wide, 11; gregorian, format, wide, 12; gregorian, format, wide, 2; gregorian, format, wide, 3; gregorian, format, wide, 4; gregorian, format, wide, 5; gregorian, format, wide, 6; gregorian, format, wide, 7; gregorian, format, wide, 8; gregorian, format, wide, 9
bal	1	0	0	//ldml/dates/timeZoneNames/fallbackFormat	
bal	1	0	0	//ldml/dates/timeZoneNames/gmtFormat	
bal	1	0	0	//ldml/dates/timeZoneNames/gmtFormat[@alt="([^"]*+)"]	utc
bal	1	0	0	//ldml/dates/timeZoneNames/hourFormat	
bal	1	0	0	//ldml/dates/timeZoneNames/regionFormat	
bal	2	0	0	//ldml/dates/timeZoneNames/regionFormat[@type="([^"]*+)"]	daylight
bal	1	0	0	//ldml/dates/timeZoneNames/zone[@type="([^"]*+)"]/long/standard	Etc/UTC
bal	1	0	0	//ldml/dates/timeZoneNames/zone[@type="([^"]*+)"]/short/standard	Etc/UTC
bal	1	0	0	//ldml/delimiters/alternateQuotationEnd	
bal	1	0	0	//ldml/delimiters/alternateQuotationStart	
bal	1	0	0	//ldml/delimiters/quotationEnd	
bal	1	0	0	//ldml/delimiters/quotationStart	
bal	0	1	0	//ldml/localeDisplayNames/languages/language[@type="([^"]*+)"]	en
bal	0	3	0	//ldml/localeDisplayNames/measurementSystemNames/measurementSystemName[@type="([^"]*+)"]	UK; US; metric
bal	0	1	0	//ldml/localeDisplayNames/scripts/script[@type="([^"]*+)"]	Arab
bal	0	1	0	//ldml/localeDisplayNames/territories/territory[@type="([^"]*+)"]	PK
bal	2	1	0	//ldml/numbers/currencyFormats[@numberSystem="([^"]*+)"]/currencyFormatLength/currencyFormat[@type="([^"]*+)"]/pattern[@type="([^"]*+)"]	arab; arabext; latn
bal	2	1	0	//ldml/numbers/decimalFormats[@numberSystem="([^"]*+)"]/decimalFormatLength/decimalFormat[@type="([^"]*+)"]/pattern[@type="([^"]*+)"]	arab; arabext; latn
bal	0	1	0	//ldml/numbers/defaultNumberingSystem	
bal	2	1	0	//ldml/numbers/percentFormats[@numberSystem="([^"]*+)"]/percentFormatLength/percentFormat[@type="([^"]*+)"]/pattern[@type="([^"]*+)"]	arab; arabext; latn
bal	2	1	0	//ldml/numbers/scientificFormats[@numberSystem="([^"]*+)"]/scientificFormatLength/scientificFormat[@type="([^"]*+)"]/pattern[@type="([^"]*+)"]	arab; arabext; latn
bal	2	1	0	//ldml/numbers/symbols[@numberSystem="([^"]*+)"]/decimal	arab; arabext; latn
bal	2	1	0	//ldml/numbers/symbols[@numberSystem="([^"]*+)"]/group	arab; arabext; latn
bal	2	1	0	//ldml/numbers/symbols[@numberSystem="([^"]*+)"]/minusSign	arab; arabext; latn
bal	2	1	0	//ldml/numbers/symbols[@numberSystem="([^"]*+)"]/percentSign	arab; arabext; latn
bal	2	1	0	//ldml/numbers/symbols[@numberSystem="([^"]*+)"]/plusSign	arab; arabext; latn
bal	41	35	0	Totals	
					
bal_Latn	2	0	0	//ldml/dates/calendars/calendar[@type="([^"]*+)"]/dateTimeFormats/availableFormats/dateFormatItem[@id="([^"]*+)"]	gregorian, yMMMMEd; gregorian, yMMMMd
bal_Latn	1	0	0	//ldml/dates/timeZoneNames/gmtFormat[@alt="([^"]*+)"]	utc
bal_Latn	1	0	0	//ldml/dates/timeZoneNames/zone[@type="([^"]*+)"]/short/standard	Etc/UTC
bal_Latn	4	0	0	Totals	
					
bas	4	0	0	//ldml/dates/calendars/calendar[@type="([^"]*+)"]/dateTimeFormats/availableFormats/dateFormatItem[@id="([^"]*+)"]	gregorian, Hmsv; gregorian, hmsv; gregorian, yMMMMEd; gregorian, yMMMMd
bas	1	0	0	//ldml/dates/calendars/calendar[@type="([^"]*+)"]/dateTimeFormats/intervalFormats/intervalFormatFallback	gregorian
bas	1	0	0	//ldml/dates/timeZoneNames/fallbackFormat	
bas	1	0	0	//ldml/dates/timeZoneNames/gmtFormat	
bas	1	0	0	//ldml/dates/timeZoneNames/gmtFormat[@alt="([^"]*+)"]	utc
bas	1	0	0	//ldml/dates/timeZoneNames/hourFormat	
bas	1	0	0	//ldml/dates/timeZoneNames/metazone[@type="([^"]*+)"]/long/standard	GMT
bas	1	0	0	//ldml/dates/timeZoneNames/regionFormat	
bas	2	0	0	//ldml/dates/timeZoneNames/regionFormat[@type="([^"]*+)"]	daylight
bas	1	0	0	//ldml/dates/timeZoneNames/zone[@type="([^"]*+)"]/long/standard	Etc/UTC
bas	1	0	0	//ldml/dates/timeZoneNames/zone[@type="([^"]*+)"]/short/standard	Etc/UTC
bas	3	0	0	//ldml/localeDisplayNames/codePatterns/codePattern[@type="([^"]*+)"]	language; script; territory
bas	1	0	0	//ldml/localeDisplayNames/localeDisplayPattern/localePattern	
bas	1	0	0	//ldml/localeDisplayNames/localeDisplayPattern/localeSeparator	
bas	3	0	0	//ldml/localeDisplayNames/measurementSystemNames/measurementSystemName[@type="([^"]*+)"]	UK; US; metric
bas	1	0	0	//ldml/localeDisplayNames/scripts/script[@type="([^"]*+)"]	Latn
bas	1	0	0	//ldml/numbers/scientificFormats[@numberSystem="([^"]*+)"]/scientificFormatLength/scientificFormat[@type="([^"]*+)"]/pattern[@type="([^"]*+)"]	latn
bas	1	0	0	//ldml/numbers/symbols[@numberSystem="([^"]*+)"]/minusSign	latn
bas	1	0	0	//ldml/numbers/symbols[@numberSystem="([^"]*+)"]/percentSign	latn
bas	1	0	0	//ldml/numbers/symbols[@numberSystem="([^"]*+)"]/plusSign	latn
bas	28	0	0	Totals	
					
bem	5	0	0	//ldml/dates/calendars/calendar[@type="([^"]*+)"]/dateTimeFormats/availableFormats/dateFormatItem[@id="([^"]*+)"]	gregorian, Hmsv; gregorian, hms; gregorian, hmsv; gregorian, yMMMMEd; gregorian, yMMMMd
bem	1	0	0	//ldml/dates/calendars/calendar[@type="([^"]*+)"]/dateTimeFormats/intervalFormats/intervalFormatFallback	gregorian
bem	1	0	0	//ldml/dates/timeZoneNames/fallbackFormat	
bem	1	0	0	//ldml/dates/timeZoneNames/gmtFormat	
bem	1	0	0	//ldml/dates/timeZoneNames/gmtFormat[@alt="([^"]*+)"]	utc
bem	1	0	0	//ldml/dates/timeZoneNames/hourFormat	
bem	1	0	0	//ldml/dates/timeZoneNames/metazone[@type="([^"]*+)"]/long/standard	GMT
bem	1	0	0	//ldml/dates/timeZoneNames/regionFormat	
bem	2	0	0	//ldml/dates/timeZoneNames/regionFormat[@type="([^"]*+)"]	daylight
bem	1	0	0	//ldml/dates/timeZoneNames/zone[@type="([^"]*+)"]/long/standard	Etc/UTC
bem	1	0	0	//ldml/dates/timeZoneNames/zone[@type="([^"]*+)"]/short/standard	Etc/UTC
bem	3	0	0	//ldml/localeDisplayNames/codePatterns/codePattern[@type="([^"]*+)"]	language; script; territory
bem	1	0	0	//ldml/localeDisplayNames/localeDisplayPattern/localePattern	
bem	1	0	0	//ldml/localeDisplayNames/localeDisplayPattern/localeSeparator	
bem	3	0	0	//ldml/localeDisplayNames/measurementSystemNames/measurementSystemName[@type="([^"]*+)"]	UK; US; metric
bem	1	0	0	//ldml/localeDisplayNames/scripts/script[@type="([^"]*+)"]	Latn
bem	1	0	0	//ldml/numbers/decimalFormats[@numberSystem="([^"]*+)"]/decimalFormatLength/decimalFormat[@type="([^"]*+)"]/pattern[@type="([^"]*+)"]	latn
bem	1	0	0	//ldml/numbers/percentFormats[@numberSystem="([^"]*+)"]/percentFormatLength/percentFormat[@type="([^"]*+)"]/pattern[@type="([^"]*+)"]	latn
bem	1	0	0	//ldml/numbers/scientificFormats[@numberSystem="([^"]*+)"]/scientificFormatLength/scientificFormat[@type="([^"]*+)"]/pattern[@type="([^"]*+)"]	latn
bem	1	0	0	//ldml/numbers/symbols[@numberSystem="([^"]*+)"]/decimal	latn
bem	1	0	0	//ldml/numbers/symbols[@numberSystem="([^"]*+)"]/group	latn
bem	1	0	0	//ldml/numbers/symbols[@numberSystem="([^"]*+)"]/minusSign	latn
bem	1	0	0	//ldml/numbers/symbols[@numberSystem="([^"]*+)"]/percentSign	latn
bem	1	0	0	//ldml/numbers/symbols[@numberSystem="([^"]*+)"]/plusSign	latn
bem	33	0	0	Totals	
					
bew	2	0	8	//ldml/dates/calendars/calendar[@type="([^"]*+)"]/dateTimeFormats/availableFormats/dateFormatItem[@id="([^"]*+)"]	gregorian, Hm; gregorian, Hms; gregorian, Hmsv; gregorian, hm; gregorian, hms; gregorian, hmsv; gregorian, yMMMMEd; gregorian, yMMMMd; gregorian, yMMMd; gregorian, yMd
bew	0	0	1	//ldml/dates/calendars/calendar[@type="([^"]*+)"]/dateTimeFormats/intervalFormats/intervalFormatFallback	gregorian
bew	0	0	2	//ldml/dates/calendars/calendar[@type="([^"]*+)"]/dayPeriods/dayPeriodContext[@type="([^"]*+)"]/dayPeriodWidth[@type="([^"]*+)"]/dayPeriod[@type="([^"]*+)"]	gregorian, format, wide, am; gregorian, format, wide, pm
bew	0	0	7	//ldml/dates/calendars/calendar[@type="([^"]*+)"]/days/dayContext[@type="([^"]*+)"]/dayWidth[@type="([^"]*+)"]/day[@type="([^"]*+)"]	gregorian, format, wide, fri; gregorian, format, wide, mon; gregorian, format, wide, sat; gregorian, format, wide, sun; gregorian, format, wide, thu; gregorian, format, wide, tue; gregorian, format, wide, wed
bew	0	0	12	//ldml/dates/calendars/calendar[@type="([^"]*+)"]/months/monthContext[@type="([^"]*+)"]/monthWidth[@type="([^"]*+)"]/month[@type="([^"]*+)"]	gregorian, format, wide, 1; gregorian, format, wide, 10; gregorian, format, wide, 11; gregorian, format, wide, 12; gregorian, format, wide, 2; gregorian, format, wide, 3; gregorian, format, wide, 4; gregorian, format, wide, 5; gregorian, format, wide, 6; gregorian, format, wide, 7; gregorian, format, wide, 8; gregorian, format, wide, 9
bew	0	0	1	//ldml/dates/timeZoneNames/fallbackFormat	
bew	0	0	1	//ldml/dates/timeZoneNames/gmtFormat	
bew	1	0	0	//ldml/dates/timeZoneNames/gmtFormat[@alt="([^"]*+)"]	utc
bew	0	0	1	//ldml/dates/timeZoneNames/hourFormat	
bew	0	0	1	//ldml/dates/timeZoneNames/metazone[@type="([^"]*+)"]/long/standard	GMT
bew	0	0	1	//ldml/dates/timeZoneNames/regionFormat	
bew	0	0	2	//ldml/dates/timeZoneNames/regionFormat[@type="([^"]*+)"]	daylight
bew	0	0	1	//ldml/dates/timeZoneNames/zone[@type="([^"]*+)"]/long/standard	Etc/UTC
bew	1	0	0	//ldml/dates/timeZoneNames/zone[@type="([^"]*+)"]/short/standard	Etc/UTC
bew	0	0	1	//ldml/delimiters/alternateQuotationEnd	
bew	0	0	1	//ldml/delimiters/alternateQuotationStart	
bew	0	0	1	//ldml/delimiters/quotationEnd	
bew	0	0	1	//ldml/delimiters/quotationStart	
bew	0	0	3	//ldml/localeDisplayNames/codePatterns/codePattern[@type="([^"]*+)"]	language; script; territory
bew	0	0	2	//ldml/localeDisplayNames/languages/language[@type="([^"]*+)"]	bew; en
bew	0	0	1	//ldml/localeDisplayNames/localeDisplayPattern/localePattern	
bew	0	0	1	//ldml/localeDisplayNames/localeDisplayPattern/localeSeparator	
bew	0	0	3	//ldml/localeDisplayNames/measurementSystemNames/measurementSystemName[@type="([^"]*+)"]	UK; US; metric
bew	0	0	1	//ldml/localeDisplayNames/scripts/script[@type="([^"]*+)"]	Latn
bew	0	0	1	//ldml/localeDisplayNames/territories/territory[@type="([^"]*+)"]	ID
bew	0	0	1	//ldml/numbers/currencyFormats[@numberSystem="([^"]*+)"]/currencyFormatLength/currencyFormat[@type="([^"]*+)"]/pattern[@type="([^"]*+)"]	latn
bew	0	0	1	//ldml/numbers/decimalFormats[@numberSystem="([^"]*+)"]/decimalFormatLength/decimalFormat[@type="([^"]*+)"]/pattern[@type="([^"]*+)"]	latn
bew	0	0	1	//ldml/numbers/percentFormats[@numberSystem="([^"]*+)"]/percentFormatLength/percentFormat[@type="([^"]*+)"]/pattern[@type="([^"]*+)"]	latn
bew	0	0	1	//ldml/numbers/scientificFormats[@numberSystem="([^"]*+)"]/scientificFormatLength/scientificFormat[@type="([^"]*+)"]/pattern[@type="([^"]*+)"]	latn
bew	0	0	1	//ldml/numbers/symbols[@numberSystem="([^"]*+)"]/decimal	latn
bew	0	0	1	//ldml/numbers/symbols[@numberSystem="([^"]*+)"]/group	latn
bew	0	0	1	//ldml/numbers/symbols[@numberSystem="([^"]*+)"]/minusSign	latn
bew	0	0	1	//ldml/numbers/symbols[@numberSystem="([^"]*+)"]/percentSign	latn
bew	0	0	1	//ldml/numbers/symbols[@numberSystem="([^"]*+)"]/plusSign	latn
bew	4	0	63	Totals	
					
bez	5	0	0	//ldml/dates/calendars/calendar[@type="([^"]*+)"]/dateTimeFormats/availableFormats/dateFormatItem[@id="([^"]*+)"]	gregorian, Hmsv; gregorian, hms; gregorian, hmsv; gregorian, yMMMMEd; gregorian, yMMMMd
bez	1	0	0	//ldml/dates/calendars/calendar[@type="([^"]*+)"]/dateTimeFormats/intervalFormats/intervalFormatFallback	gregorian
bez	1	0	0	//ldml/dates/timeZoneNames/fallbackFormat	
bez	1	0	0	//ldml/dates/timeZoneNames/gmtFormat	
bez	1	0	0	//ldml/dates/timeZoneNames/gmtFormat[@alt="([^"]*+)"]	utc
bez	1	0	0	//ldml/dates/timeZoneNames/hourFormat	
bez	1	0	0	//ldml/dates/timeZoneNames/metazone[@type="([^"]*+)"]/long/standard	GMT
bez	1	0	0	//ldml/dates/timeZoneNames/regionFormat	
bez	2	0	0	//ldml/dates/timeZoneNames/regionFormat[@type="([^"]*+)"]	daylight
bez	1	0	0	//ldml/dates/timeZoneNames/zone[@type="([^"]*+)"]/long/standard	Etc/UTC
bez	1	0	0	//ldml/dates/timeZoneNames/zone[@type="([^"]*+)"]/short/standard	Etc/UTC
bez	3	0	0	//ldml/localeDisplayNames/codePatterns/codePattern[@type="([^"]*+)"]	language; script; territory
bez	1	0	0	//ldml/localeDisplayNames/localeDisplayPattern/localePattern	
bez	1	0	0	//ldml/localeDisplayNames/localeDisplayPattern/localeSeparator	
bez	3	0	0	//ldml/localeDisplayNames/measurementSystemNames/measurementSystemName[@type="([^"]*+)"]	UK; US; metric
bez	1	0	0	//ldml/localeDisplayNames/scripts/script[@type="([^"]*+)"]	Latn
bez	1	0	0	//ldml/numbers/decimalFormats[@numberSystem="([^"]*+)"]/decimalFormatLength/decimalFormat[@type="([^"]*+)"]/pattern[@type="([^"]*+)"]	latn
bez	1	0	0	//ldml/numbers/percentFormats[@numberSystem="([^"]*+)"]/percentFormatLength/percentFormat[@type="([^"]*+)"]/pattern[@type="([^"]*+)"]	latn
bez	1	0	0	//ldml/numbers/scientificFormats[@numberSystem="([^"]*+)"]/scientificFormatLength/scientificFormat[@type="([^"]*+)"]/pattern[@type="([^"]*+)"]	latn
bez	1	0	0	//ldml/numbers/symbols[@numberSystem="([^"]*+)"]/decimal	latn
bez	1	0	0	//ldml/numbers/symbols[@numberSystem="([^"]*+)"]/group	latn
bez	1	0	0	//ldml/numbers/symbols[@numberSystem="([^"]*+)"]/minusSign	latn
bez	1	0	0	//ldml/numbers/symbols[@numberSystem="([^"]*+)"]/percentSign	latn
bez	1	0	0	//ldml/numbers/symbols[@numberSystem="([^"]*+)"]/plusSign	latn
bez	33	0	0	Totals	
					
bgn	10	0	0	//ldml/dates/calendars/calendar[@type="([^"]*+)"]/dateTimeFormats/availableFormats/dateFormatItem[@id="([^"]*+)"]	gregorian, Hm; gregorian, Hms; gregorian, Hmsv; gregorian, hm; gregorian, hms; gregorian, hmsv; gregorian, yMMMMEd; gregorian, yMMMMd; gregorian, yMMMd; gregorian, yMd
bgn	1	0	0	//ldml/dates/calendars/calendar[@type="([^"]*+)"]/dateTimeFormats/intervalFormats/intervalFormatFallback	gregorian
bgn	2	0	0	//ldml/dates/calendars/calendar[@type="([^"]*+)"]/dayPeriods/dayPeriodContext[@type="([^"]*+)"]/dayPeriodWidth[@type="([^"]*+)"]/dayPeriod[@type="([^"]*+)"]	gregorian, format, wide, am; gregorian, format, wide, pm
bgn	7	0	0	//ldml/dates/calendars/calendar[@type="([^"]*+)"]/days/dayContext[@type="([^"]*+)"]/dayWidth[@type="([^"]*+)"]/day[@type="([^"]*+)"]	gregorian, format, wide, fri; gregorian, format, wide, mon; gregorian, format, wide, sat; gregorian, format, wide, sun; gregorian, format, wide, thu; gregorian, format, wide, tue; gregorian, format, wide, wed
bgn	12	0	0	//ldml/dates/calendars/calendar[@type="([^"]*+)"]/months/monthContext[@type="([^"]*+)"]/monthWidth[@type="([^"]*+)"]/month[@type="([^"]*+)"]	gregorian, format, wide, 1; gregorian, format, wide, 10; gregorian, format, wide, 11; gregorian, format, wide, 12; gregorian, format, wide, 2; gregorian, format, wide, 3; gregorian, format, wide, 4; gregorian, format, wide, 5; gregorian, format, wide, 6; gregorian, format, wide, 7; gregorian, format, wide, 8; gregorian, format, wide, 9
bgn	1	0	0	//ldml/dates/timeZoneNames/fallbackFormat	
bgn	1	0	0	//ldml/dates/timeZoneNames/gmtFormat	
bgn	1	0	0	//ldml/dates/timeZoneNames/gmtFormat[@alt="([^"]*+)"]	utc
bgn	1	0	0	//ldml/dates/timeZoneNames/hourFormat	
bgn	1	0	0	//ldml/dates/timeZoneNames/metazone[@type="([^"]*+)"]/long/standard	GMT
bgn	2	0	0	//ldml/dates/timeZoneNames/regionFormat[@type="([^"]*+)"]	daylight
bgn	1	0	0	//ldml/dates/timeZoneNames/zone[@type="([^"]*+)"]/long/standard	Etc/UTC
bgn	1	0	0	//ldml/dates/timeZoneNames/zone[@type="([^"]*+)"]/short/standard	Etc/UTC
bgn	1	0	0	//ldml/delimiters/alternateQuotationEnd	
bgn	1	0	0	//ldml/delimiters/alternateQuotationStart	
bgn	1	0	0	//ldml/delimiters/quotationEnd	
bgn	1	0	0	//ldml/delimiters/quotationStart	
bgn	3	0	0	//ldml/localeDisplayNames/codePatterns/codePattern[@type="([^"]*+)"]	language; script; territory
bgn	1	0	0	//ldml/localeDisplayNames/localeDisplayPattern/localePattern	
bgn	1	0	0	//ldml/localeDisplayNames/localeDisplayPattern/localeSeparator	
bgn	4	0	0	//ldml/localeDisplayNames/territories/territory[@type="([^"]*+)"]	AF; IR; PK
bgn	3	0	0	//ldml/numbers/currencyFormats[@numberSystem="([^"]*+)"]/currencyFormatLength/currencyFormat[@type="([^"]*+)"]/pattern[@type="([^"]*+)"]	arab; arabext; latn
bgn	3	0	0	//ldml/numbers/decimalFormats[@numberSystem="([^"]*+)"]/decimalFormatLength/decimalFormat[@type="([^"]*+)"]/pattern[@type="([^"]*+)"]	arab; arabext; latn
bgn	3	0	0	//ldml/numbers/percentFormats[@numberSystem="([^"]*+)"]/percentFormatLength/percentFormat[@type="([^"]*+)"]/pattern[@type="([^"]*+)"]	arab; arabext; latn
bgn	3	0	0	//ldml/numbers/scientificFormats[@numberSystem="([^"]*+)"]/scientificFormatLength/scientificFormat[@type="([^"]*+)"]/pattern[@type="([^"]*+)"]	arab; arabext; latn
bgn	2	0	0	//ldml/numbers/symbols[@numberSystem="([^"]*+)"]/decimal	arab; arabext
bgn	2	0	0	//ldml/numbers/symbols[@numberSystem="([^"]*+)"]/group	arab; arabext
bgn	2	0	0	//ldml/numbers/symbols[@numberSystem="([^"]*+)"]/minusSign	arab; arabext
bgn	2	0	0	//ldml/numbers/symbols[@numberSystem="([^"]*+)"]/percentSign	arab; arabext
bgn	2	0	0	//ldml/numbers/symbols[@numberSystem="([^"]*+)"]/plusSign	arab; arabext
bgn	76	0	0	Totals	
					
blo	2	0	0	//ldml/dates/calendars/calendar[@type="([^"]*+)"]/dateTimeFormats/availableFormats/dateFormatItem[@id="([^"]*+)"]	gregorian, yMMMMEd; gregorian, yMMMMd
blo	1	0	0	//ldml/dates/timeZoneNames/gmtFormat[@alt="([^"]*+)"]	utc
blo	3	0	0	Totals	
					
blt	10	0	0	//ldml/dates/calendars/calendar[@type="([^"]*+)"]/dateTimeFormats/availableFormats/dateFormatItem[@id="([^"]*+)"]	gregorian, Hm; gregorian, Hms; gregorian, Hmsv; gregorian, hm; gregorian, hms; gregorian, hmsv; gregorian, yMMMMEd; gregorian, yMMMMd; gregorian, yMMMd; gregorian, yMd
blt	1	0	0	//ldml/dates/calendars/calendar[@type="([^"]*+)"]/dateTimeFormats/intervalFormats/intervalFormatFallback	gregorian
blt	2	0	0	//ldml/dates/calendars/calendar[@type="([^"]*+)"]/dayPeriods/dayPeriodContext[@type="([^"]*+)"]/dayPeriodWidth[@type="([^"]*+)"]/dayPeriod[@type="([^"]*+)"]	gregorian, format, wide, am; gregorian, format, wide, pm
blt	7	0	0	//ldml/dates/calendars/calendar[@type="([^"]*+)"]/days/dayContext[@type="([^"]*+)"]/dayWidth[@type="([^"]*+)"]/day[@type="([^"]*+)"]	gregorian, format, wide, fri; gregorian, format, wide, mon; gregorian, format, wide, sat; gregorian, format, wide, sun; gregorian, format, wide, thu; gregorian, format, wide, tue; gregorian, format, wide, wed
blt	12	0	0	//ldml/dates/calendars/calendar[@type="([^"]*+)"]/months/monthContext[@type="([^"]*+)"]/monthWidth[@type="([^"]*+)"]/month[@type="([^"]*+)"]	gregorian, format, wide, 1; gregorian, format, wide, 10; gregorian, format, wide, 11; gregorian, format, wide, 12; gregorian, format, wide, 2; gregorian, format, wide, 3; gregorian, format, wide, 4; gregorian, format, wide, 5; gregorian, format, wide, 6; gregorian, format, wide, 7; gregorian, format, wide, 8; gregorian, format, wide, 9
blt	1	0	0	//ldml/dates/timeZoneNames/fallbackFormat	
blt	1	0	0	//ldml/dates/timeZoneNames/gmtFormat	
blt	1	0	0	//ldml/dates/timeZoneNames/gmtFormat[@alt="([^"]*+)"]	utc
blt	1	0	0	//ldml/dates/timeZoneNames/hourFormat	
blt	1	0	0	//ldml/dates/timeZoneNames/metazone[@type="([^"]*+)"]/long/standard	GMT
blt	1	0	0	//ldml/dates/timeZoneNames/regionFormat	
blt	2	0	0	//ldml/dates/timeZoneNames/regionFormat[@type="([^"]*+)"]	daylight
blt	1	0	0	//ldml/dates/timeZoneNames/zone[@type="([^"]*+)"]/long/standard	Etc/UTC
blt	1	0	0	//ldml/dates/timeZoneNames/zone[@type="([^"]*+)"]/short/standard	Etc/UTC
blt	1	0	0	//ldml/delimiters/alternateQuotationEnd	
blt	1	0	0	//ldml/delimiters/alternateQuotationStart	
blt	1	0	0	//ldml/delimiters/quotationEnd	
blt	1	0	0	//ldml/delimiters/quotationStart	
blt	3	0	0	//ldml/localeDisplayNames/codePatterns/codePattern[@type="([^"]*+)"]	language; script; territory
blt	1	0	0	//ldml/localeDisplayNames/languages/language[@type="([^"]*+)"]	en
blt	1	0	0	//ldml/localeDisplayNames/localeDisplayPattern/localePattern	
blt	1	0	0	//ldml/localeDisplayNames/localeDisplayPattern/localeSeparator	
blt	3	0	0	//ldml/localeDisplayNames/measurementSystemNames/measurementSystemName[@type="([^"]*+)"]	UK; US; metric
blt	1	0	0	//ldml/localeDisplayNames/scripts/script[@type="([^"]*+)"]	Tavt
blt	2	0	0	//ldml/localeDisplayNames/territories/territory[@type="([^"]*+)"]	VN
blt	1	0	0	//ldml/numbers/currencyFormats[@numberSystem="([^"]*+)"]/currencyFormatLength/currencyFormat[@type="([^"]*+)"]/pattern[@type="([^"]*+)"]	latn
blt	1	0	0	//ldml/numbers/decimalFormats[@numberSystem="([^"]*+)"]/decimalFormatLength/decimalFormat[@type="([^"]*+)"]/pattern[@type="([^"]*+)"]	latn
blt	1	0	0	//ldml/numbers/percentFormats[@numberSystem="([^"]*+)"]/percentFormatLength/percentFormat[@type="([^"]*+)"]/pattern[@type="([^"]*+)"]	latn
blt	1	0	0	//ldml/numbers/scientificFormats[@numberSystem="([^"]*+)"]/scientificFormatLength/scientificFormat[@type="([^"]*+)"]/pattern[@type="([^"]*+)"]	latn
blt	1	0	0	//ldml/numbers/symbols[@numberSystem="([^"]*+)"]/decimal	latn
blt	1	0	0	//ldml/numbers/symbols[@numberSystem="([^"]*+)"]/group	latn
blt	1	0	0	//ldml/numbers/symbols[@numberSystem="([^"]*+)"]/minusSign	latn
blt	1	0	0	//ldml/numbers/symbols[@numberSystem="([^"]*+)"]/percentSign	latn
blt	1	0	0	//ldml/numbers/symbols[@numberSystem="([^"]*+)"]/plusSign	latn
blt	67	0	0	Totals	
					
bm	8	0	0	//ldml/dates/calendars/calendar[@type="([^"]*+)"]/dateTimeFormats/availableFormats/dateFormatItem[@id="([^"]*+)"]	gregorian, Hm; gregorian, Hms; gregorian, Hmsv; gregorian, hm; gregorian, hms; gregorian, hmsv; gregorian, yMMMMEd; gregorian, yMMMMd
bm	1	0	0	//ldml/dates/calendars/calendar[@type="([^"]*+)"]/dateTimeFormats/intervalFormats/intervalFormatFallback	gregorian
bm	2	0	0	//ldml/dates/calendars/calendar[@type="([^"]*+)"]/dayPeriods/dayPeriodContext[@type="([^"]*+)"]/dayPeriodWidth[@type="([^"]*+)"]/dayPeriod[@type="([^"]*+)"]	gregorian, format, wide, am; gregorian, format, wide, pm
bm	1	0	0	//ldml/dates/timeZoneNames/fallbackFormat	
bm	1	0	0	//ldml/dates/timeZoneNames/gmtFormat	
bm	1	0	0	//ldml/dates/timeZoneNames/gmtFormat[@alt="([^"]*+)"]	utc
bm	1	0	0	//ldml/dates/timeZoneNames/hourFormat	
bm	1	0	0	//ldml/dates/timeZoneNames/metazone[@type="([^"]*+)"]/long/standard	GMT
bm	1	0	0	//ldml/dates/timeZoneNames/regionFormat	
bm	2	0	0	//ldml/dates/timeZoneNames/regionFormat[@type="([^"]*+)"]	daylight
bm	1	0	0	//ldml/dates/timeZoneNames/zone[@type="([^"]*+)"]/long/standard	Etc/UTC
bm	1	0	0	//ldml/dates/timeZoneNames/zone[@type="([^"]*+)"]/short/standard	Etc/UTC
bm	3	0	0	//ldml/localeDisplayNames/codePatterns/codePattern[@type="([^"]*+)"]	language; script; territory
bm	1	0	0	//ldml/localeDisplayNames/localeDisplayPattern/localePattern	
bm	1	0	0	//ldml/localeDisplayNames/localeDisplayPattern/localeSeparator	
bm	3	0	0	//ldml/localeDisplayNames/measurementSystemNames/measurementSystemName[@type="([^"]*+)"]	UK; US; metric
bm	2	0	0	//ldml/localeDisplayNames/scripts/script[@type="([^"]*+)"]	Latn; Nkoo
bm	1	0	0	//ldml/numbers/decimalFormats[@numberSystem="([^"]*+)"]/decimalFormatLength/decimalFormat[@type="([^"]*+)"]/pattern[@type="([^"]*+)"]	latn
bm	1	0	0	//ldml/numbers/percentFormats[@numberSystem="([^"]*+)"]/percentFormatLength/percentFormat[@type="([^"]*+)"]/pattern[@type="([^"]*+)"]	latn
bm	1	0	0	//ldml/numbers/scientificFormats[@numberSystem="([^"]*+)"]/scientificFormatLength/scientificFormat[@type="([^"]*+)"]/pattern[@type="([^"]*+)"]	latn
bm	1	0	0	//ldml/numbers/symbols[@numberSystem="([^"]*+)"]/decimal	latn
bm	1	0	0	//ldml/numbers/symbols[@numberSystem="([^"]*+)"]/group	latn
bm	1	0	0	//ldml/numbers/symbols[@numberSystem="([^"]*+)"]/minusSign	latn
bm	1	0	0	//ldml/numbers/symbols[@numberSystem="([^"]*+)"]/percentSign	latn
bm	1	0	0	//ldml/numbers/symbols[@numberSystem="([^"]*+)"]/plusSign	latn
bm	39	0	0	Totals	
					
bm_Nkoo	8	0	2	//ldml/dates/calendars/calendar[@type="([^"]*+)"]/dateTimeFormats/availableFormats/dateFormatItem[@id="([^"]*+)"]	gregorian, Hm; gregorian, Hms; gregorian, Hmsv; gregorian, hm; gregorian, hms; gregorian, hmsv; gregorian, yMMMMEd; gregorian, yMMMMd; gregorian, yMMMd; gregorian, yMd
bm_Nkoo	1	0	0	//ldml/dates/calendars/calendar[@type="([^"]*+)"]/dateTimeFormats/intervalFormats/intervalFormatFallback	gregorian
bm_Nkoo	2	0	0	//ldml/dates/calendars/calendar[@type="([^"]*+)"]/dayPeriods/dayPeriodContext[@type="([^"]*+)"]/dayPeriodWidth[@type="([^"]*+)"]/dayPeriod[@type="([^"]*+)"]	gregorian, format, wide, am; gregorian, format, wide, pm
bm_Nkoo	7	0	0	//ldml/dates/calendars/calendar[@type="([^"]*+)"]/days/dayContext[@type="([^"]*+)"]/dayWidth[@type="([^"]*+)"]/day[@type="([^"]*+)"]	gregorian, format, wide, fri; gregorian, format, wide, mon; gregorian, format, wide, sat; gregorian, format, wide, sun; gregorian, format, wide, thu; gregorian, format, wide, tue; gregorian, format, wide, wed
bm_Nkoo	12	0	0	//ldml/dates/calendars/calendar[@type="([^"]*+)"]/months/monthContext[@type="([^"]*+)"]/monthWidth[@type="([^"]*+)"]/month[@type="([^"]*+)"]	gregorian, format, wide, 1; gregorian, format, wide, 10; gregorian, format, wide, 11; gregorian, format, wide, 12; gregorian, format, wide, 2; gregorian, format, wide, 3; gregorian, format, wide, 4; gregorian, format, wide, 5; gregorian, format, wide, 6; gregorian, format, wide, 7; gregorian, format, wide, 8; gregorian, format, wide, 9
bm_Nkoo	1	0	0	//ldml/dates/timeZoneNames/fallbackFormat	
bm_Nkoo	1	0	0	//ldml/dates/timeZoneNames/gmtFormat	
bm_Nkoo	1	0	0	//ldml/dates/timeZoneNames/gmtFormat[@alt="([^"]*+)"]	utc
bm_Nkoo	1	0	0	//ldml/dates/timeZoneNames/hourFormat	
bm_Nkoo	1	0	0	//ldml/dates/timeZoneNames/metazone[@type="([^"]*+)"]/long/standard	GMT
bm_Nkoo	1	0	0	//ldml/dates/timeZoneNames/regionFormat	
bm_Nkoo	2	0	0	//ldml/dates/timeZoneNames/regionFormat[@type="([^"]*+)"]	daylight
bm_Nkoo	1	0	0	//ldml/dates/timeZoneNames/zone[@type="([^"]*+)"]/long/standard	Etc/UTC
bm_Nkoo	1	0	0	//ldml/dates/timeZoneNames/zone[@type="([^"]*+)"]/short/standard	Etc/UTC
bm_Nkoo	1	0	0	//ldml/delimiters/alternateQuotationEnd	
bm_Nkoo	1	0	0	//ldml/delimiters/alternateQuotationStart	
bm_Nkoo	1	0	0	//ldml/delimiters/quotationEnd	
bm_Nkoo	1	0	0	//ldml/delimiters/quotationStart	
bm_Nkoo	3	0	0	//ldml/localeDisplayNames/codePatterns/codePattern[@type="([^"]*+)"]	language; script; territory
bm_Nkoo	3	0	0	//ldml/localeDisplayNames/languages/language[@type="([^"]*+)"]	bm; en
bm_Nkoo	1	0	0	//ldml/localeDisplayNames/localeDisplayPattern/localePattern	
bm_Nkoo	1	0	0	//ldml/localeDisplayNames/localeDisplayPattern/localeSeparator	
bm_Nkoo	3	0	0	//ldml/localeDisplayNames/measurementSystemNames/measurementSystemName[@type="([^"]*+)"]	UK; US; metric
bm_Nkoo	2	0	0	//ldml/localeDisplayNames/scripts/script[@type="([^"]*+)"]	Latn; Nkoo
bm_Nkoo	2	0	0	//ldml/localeDisplayNames/territories/territory[@type="([^"]*+)"]	ML
bm_Nkoo	0	0	1	//ldml/numbers/currencyFormats[@numberSystem="([^"]*+)"]/currencyFormatLength/currencyFormat[@type="([^"]*+)"]/pattern[@type="([^"]*+)"]	latn
bm_Nkoo	1	0	0	//ldml/numbers/decimalFormats[@numberSystem="([^"]*+)"]/decimalFormatLength/decimalFormat[@type="([^"]*+)"]/pattern[@type="([^"]*+)"]	latn
bm_Nkoo	1	0	0	//ldml/numbers/percentFormats[@numberSystem="([^"]*+)"]/percentFormatLength/percentFormat[@type="([^"]*+)"]/pattern[@type="([^"]*+)"]	latn
bm_Nkoo	1	0	0	//ldml/numbers/scientificFormats[@numberSystem="([^"]*+)"]/scientificFormatLength/scientificFormat[@type="([^"]*+)"]/pattern[@type="([^"]*+)"]	latn
bm_Nkoo	1	0	0	//ldml/numbers/symbols[@numberSystem="([^"]*+)"]/decimal	latn
bm_Nkoo	1	0	0	//ldml/numbers/symbols[@numberSystem="([^"]*+)"]/group	latn
bm_Nkoo	1	0	0	//ldml/numbers/symbols[@numberSystem="([^"]*+)"]/minusSign	latn
bm_Nkoo	1	0	0	//ldml/numbers/symbols[@numberSystem="([^"]*+)"]/percentSign	latn
bm_Nkoo	1	0	0	//ldml/numbers/symbols[@numberSystem="([^"]*+)"]/plusSign	latn
bm_Nkoo	67	0	3	Totals	
					
bo	8	0	0	//ldml/dates/calendars/calendar[@type="([^"]*+)"]/dateTimeFormats/availableFormats/dateFormatItem[@id="([^"]*+)"]	gregorian, Hm; gregorian, Hms; gregorian, Hmsv; gregorian, hm; gregorian, hms; gregorian, hmsv; gregorian, yMMMMEd; gregorian, yMd
bo	1	0	0	//ldml/dates/calendars/calendar[@type="([^"]*+)"]/dateTimeFormats/intervalFormats/intervalFormatFallback	gregorian
bo	1	0	0	//ldml/dates/timeZoneNames/fallbackFormat	
bo	1	0	0	//ldml/dates/timeZoneNames/gmtFormat	
bo	1	0	0	//ldml/dates/timeZoneNames/gmtFormat[@alt="([^"]*+)"]	utc
bo	1	0	0	//ldml/dates/timeZoneNames/hourFormat	
bo	1	0	0	//ldml/dates/timeZoneNames/metazone[@type="([^"]*+)"]/long/standard	GMT
bo	1	0	0	//ldml/dates/timeZoneNames/regionFormat	
bo	2	0	0	//ldml/dates/timeZoneNames/regionFormat[@type="([^"]*+)"]	daylight
bo	1	0	0	//ldml/dates/timeZoneNames/zone[@type="([^"]*+)"]/long/standard	Etc/UTC
bo	1	0	0	//ldml/dates/timeZoneNames/zone[@type="([^"]*+)"]/short/standard	Etc/UTC
bo	1	0	0	//ldml/delimiters/alternateQuotationEnd	
bo	1	0	0	//ldml/delimiters/alternateQuotationStart	
bo	1	0	0	//ldml/delimiters/quotationEnd	
bo	1	0	0	//ldml/delimiters/quotationStart	
bo	3	0	0	//ldml/localeDisplayNames/codePatterns/codePattern[@type="([^"]*+)"]	language; script; territory
bo	1	0	0	//ldml/localeDisplayNames/localeDisplayPattern/localePattern	
bo	1	0	0	//ldml/localeDisplayNames/localeDisplayPattern/localeSeparator	
bo	2	0	1	//ldml/localeDisplayNames/measurementSystemNames/measurementSystemName[@type="([^"]*+)"]	UK; US; metric
bo	0	0	1	//ldml/numbers/currencyFormats[@numberSystem="([^"]*+)"]/currencyFormatLength/currencyFormat[@type="([^"]*+)"]/pattern[@type="([^"]*+)"]	latn
bo	0	0	1	//ldml/numbers/decimalFormats[@numberSystem="([^"]*+)"]/decimalFormatLength/decimalFormat[@type="([^"]*+)"]/pattern[@type="([^"]*+)"]	latn
bo	1	0	0	//ldml/numbers/scientificFormats[@numberSystem="([^"]*+)"]/scientificFormatLength/scientificFormat[@type="([^"]*+)"]/pattern[@type="([^"]*+)"]	latn
bo	0	1	0	//ldml/numbers/symbols[@numberSystem="([^"]*+)"]/decimal	latn
bo	1	0	0	//ldml/numbers/symbols[@numberSystem="([^"]*+)"]/minusSign	latn
bo	1	0	0	//ldml/numbers/symbols[@numberSystem="([^"]*+)"]/percentSign	latn
bo	1	0	0	//ldml/numbers/symbols[@numberSystem="([^"]*+)"]/plusSign	latn
bo	34	1	3	Totals	
					
bqi	2	0	8	//ldml/dates/calendars/calendar[@type="([^"]*+)"]/dateTimeFormats/availableFormats/dateFormatItem[@id="([^"]*+)"]	gregorian, Hm; gregorian, Hms; gregorian, Hmsv; gregorian, hm; gregorian, hms; gregorian, hmsv; gregorian, yMMMMEd; gregorian, yMMMMd; gregorian, yMMMd; gregorian, yMd
bqi	0	0	1	//ldml/dates/calendars/calendar[@type="([^"]*+)"]/dateTimeFormats/intervalFormats/intervalFormatFallback	gregorian
bqi	0	0	2	//ldml/dates/calendars/calendar[@type="([^"]*+)"]/dayPeriods/dayPeriodContext[@type="([^"]*+)"]/dayPeriodWidth[@type="([^"]*+)"]/dayPeriod[@type="([^"]*+)"]	gregorian, format, wide, am; gregorian, format, wide, pm
bqi	0	0	7	//ldml/dates/calendars/calendar[@type="([^"]*+)"]/days/dayContext[@type="([^"]*+)"]/dayWidth[@type="([^"]*+)"]/day[@type="([^"]*+)"]	gregorian, format, wide, fri; gregorian, format, wide, mon; gregorian, format, wide, sat; gregorian, format, wide, sun; gregorian, format, wide, thu; gregorian, format, wide, tue; gregorian, format, wide, wed
bqi	0	0	12	//ldml/dates/calendars/calendar[@type="([^"]*+)"]/months/monthContext[@type="([^"]*+)"]/monthWidth[@type="([^"]*+)"]/month[@type="([^"]*+)"]	gregorian, format, wide, 1; gregorian, format, wide, 10; gregorian, format, wide, 11; gregorian, format, wide, 12; gregorian, format, wide, 2; gregorian, format, wide, 3; gregorian, format, wide, 4; gregorian, format, wide, 5; gregorian, format, wide, 6; gregorian, format, wide, 7; gregorian, format, wide, 8; gregorian, format, wide, 9
bqi	0	0	1	//ldml/dates/timeZoneNames/fallbackFormat	
bqi	0	0	1	//ldml/dates/timeZoneNames/gmtFormat	
bqi	1	0	0	//ldml/dates/timeZoneNames/gmtFormat[@alt="([^"]*+)"]	utc
bqi	0	0	1	//ldml/dates/timeZoneNames/hourFormat	
bqi	0	0	1	//ldml/dates/timeZoneNames/metazone[@type="([^"]*+)"]/long/standard	GMT
bqi	0	0	1	//ldml/dates/timeZoneNames/regionFormat	
bqi	0	0	2	//ldml/dates/timeZoneNames/regionFormat[@type="([^"]*+)"]	daylight
bqi	1	0	0	//ldml/dates/timeZoneNames/zone[@type="([^"]*+)"]/long/standard	Etc/UTC
bqi	1	0	0	//ldml/dates/timeZoneNames/zone[@type="([^"]*+)"]/short/standard	Etc/UTC
bqi	0	0	1	//ldml/delimiters/alternateQuotationEnd	
bqi	0	0	1	//ldml/delimiters/alternateQuotationStart	
bqi	0	0	1	//ldml/delimiters/quotationEnd	
bqi	0	0	1	//ldml/delimiters/quotationStart	
bqi	0	0	3	//ldml/localeDisplayNames/codePatterns/codePattern[@type="([^"]*+)"]	language; script; territory
bqi	0	0	2	//ldml/localeDisplayNames/languages/language[@type="([^"]*+)"]	bqi; en
bqi	0	0	1	//ldml/localeDisplayNames/localeDisplayPattern/localePattern	
bqi	0	0	1	//ldml/localeDisplayNames/localeDisplayPattern/localeSeparator	
bqi	0	0	3	//ldml/localeDisplayNames/measurementSystemNames/measurementSystemName[@type="([^"]*+)"]	UK; US; metric
bqi	0	0	1	//ldml/localeDisplayNames/scripts/script[@type="([^"]*+)"]	Arab
bqi	0	0	1	//ldml/localeDisplayNames/territories/territory[@type="([^"]*+)"]	IR
bqi	0	0	3	//ldml/numbers/currencyFormats[@numberSystem="([^"]*+)"]/currencyFormatLength/currencyFormat[@type="([^"]*+)"]/pattern[@type="([^"]*+)"]	arab; arabext; latn
bqi	0	0	3	//ldml/numbers/decimalFormats[@numberSystem="([^"]*+)"]/decimalFormatLength/decimalFormat[@type="([^"]*+)"]/pattern[@type="([^"]*+)"]	arab; arabext; latn
bqi	0	0	1	//ldml/numbers/defaultNumberingSystem	
bqi	0	0	1	//ldml/numbers/otherNumberingSystems/native	
bqi	0	0	3	//ldml/numbers/percentFormats[@numberSystem="([^"]*+)"]/percentFormatLength/percentFormat[@type="([^"]*+)"]/pattern[@type="([^"]*+)"]	arab; arabext; latn
bqi	0	0	3	//ldml/numbers/scientificFormats[@numberSystem="([^"]*+)"]/scientificFormatLength/scientificFormat[@type="([^"]*+)"]/pattern[@type="([^"]*+)"]	arab; arabext; latn
bqi	0	0	3	//ldml/numbers/symbols[@numberSystem="([^"]*+)"]/decimal	arab; arabext; latn
bqi	0	0	3	//ldml/numbers/symbols[@numberSystem="([^"]*+)"]/group	arab; arabext; latn
bqi	0	0	3	//ldml/numbers/symbols[@numberSystem="([^"]*+)"]/minusSign	arab; arabext; latn
bqi	0	0	3	//ldml/numbers/symbols[@numberSystem="([^"]*+)"]/percentSign	arab; arabext; latn
bqi	0	0	3	//ldml/numbers/symbols[@numberSystem="([^"]*+)"]/plusSign	arab; arabext; latn
bqi	5	0	82	Totals	
					
br	2	0	0	//ldml/dates/calendars/calendar[@type="([^"]*+)"]/dateTimeFormats/availableFormats/dateFormatItem[@id="([^"]*+)"]	gregorian, yMMMMEd; gregorian, yMMMMd
br	1	0	0	//ldml/dates/timeZoneNames/gmtFormat[@alt="([^"]*+)"]	utc
br	1	0	0	//ldml/dates/timeZoneNames/zone[@type="([^"]*+)"]/short/standard	Etc/UTC
br	4	0	0	Totals	
					
brh	10	0	0	//ldml/dates/calendars/calendar[@type="([^"]*+)"]/dateTimeFormats/availableFormats/dateFormatItem[@id="([^"]*+)"]	gregorian, Hm; gregorian, Hms; gregorian, Hmsv; gregorian, hm; gregorian, hms; gregorian, hmsv; gregorian, yMMMMEd; gregorian, yMMMMd; gregorian, yMMMd; gregorian, yMd
brh	1	0	0	//ldml/dates/calendars/calendar[@type="([^"]*+)"]/dateTimeFormats/intervalFormats/intervalFormatFallback	gregorian
brh	2	0	0	//ldml/dates/calendars/calendar[@type="([^"]*+)"]/dayPeriods/dayPeriodContext[@type="([^"]*+)"]/dayPeriodWidth[@type="([^"]*+)"]/dayPeriod[@type="([^"]*+)"]	gregorian, format, wide, am; gregorian, format, wide, pm
brh	7	0	0	//ldml/dates/calendars/calendar[@type="([^"]*+)"]/days/dayContext[@type="([^"]*+)"]/dayWidth[@type="([^"]*+)"]/day[@type="([^"]*+)"]	gregorian, format, wide, fri; gregorian, format, wide, mon; gregorian, format, wide, sat; gregorian, format, wide, sun; gregorian, format, wide, thu; gregorian, format, wide, tue; gregorian, format, wide, wed
brh	12	0	0	//ldml/dates/calendars/calendar[@type="([^"]*+)"]/months/monthContext[@type="([^"]*+)"]/monthWidth[@type="([^"]*+)"]/month[@type="([^"]*+)"]	gregorian, format, wide, 1; gregorian, format, wide, 10; gregorian, format, wide, 11; gregorian, format, wide, 12; gregorian, format, wide, 2; gregorian, format, wide, 3; gregorian, format, wide, 4; gregorian, format, wide, 5; gregorian, format, wide, 6; gregorian, format, wide, 7; gregorian, format, wide, 8; gregorian, format, wide, 9
brh	1	0	0	//ldml/dates/timeZoneNames/fallbackFormat	
brh	1	0	0	//ldml/dates/timeZoneNames/gmtFormat	
brh	1	0	0	//ldml/dates/timeZoneNames/gmtFormat[@alt="([^"]*+)"]	utc
brh	1	0	0	//ldml/dates/timeZoneNames/hourFormat	
brh	1	0	0	//ldml/dates/timeZoneNames/metazone[@type="([^"]*+)"]/long/standard	GMT
brh	1	0	0	//ldml/dates/timeZoneNames/regionFormat	
brh	2	0	0	//ldml/dates/timeZoneNames/regionFormat[@type="([^"]*+)"]	daylight
brh	1	0	0	//ldml/dates/timeZoneNames/zone[@type="([^"]*+)"]/long/standard	Etc/UTC
brh	1	0	0	//ldml/dates/timeZoneNames/zone[@type="([^"]*+)"]/short/standard	Etc/UTC
brh	1	0	0	//ldml/delimiters/alternateQuotationEnd	
brh	1	0	0	//ldml/delimiters/alternateQuotationStart	
brh	1	0	0	//ldml/delimiters/quotationEnd	
brh	1	0	0	//ldml/delimiters/quotationStart	
brh	3	0	0	//ldml/localeDisplayNames/codePatterns/codePattern[@type="([^"]*+)"]	language; script; territory
brh	1	0	0	//ldml/localeDisplayNames/languages/language[@type="([^"]*+)"]	en
brh	1	0	0	//ldml/localeDisplayNames/localeDisplayPattern/localePattern	
brh	1	0	0	//ldml/localeDisplayNames/localeDisplayPattern/localeSeparator	
brh	3	0	0	//ldml/localeDisplayNames/measurementSystemNames/measurementSystemName[@type="([^"]*+)"]	UK; US; metric
brh	1	0	0	//ldml/localeDisplayNames/scripts/script[@type="([^"]*+)"]	Arab
brh	2	0	0	//ldml/localeDisplayNames/territories/territory[@type="([^"]*+)"]	PK
brh	3	0	0	//ldml/numbers/currencyFormats[@numberSystem="([^"]*+)"]/currencyFormatLength/currencyFormat[@type="([^"]*+)"]/pattern[@type="([^"]*+)"]	arab; arabext; latn
brh	3	0	0	//ldml/numbers/decimalFormats[@numberSystem="([^"]*+)"]/decimalFormatLength/decimalFormat[@type="([^"]*+)"]/pattern[@type="([^"]*+)"]	arab; arabext; latn
brh	3	0	0	//ldml/numbers/percentFormats[@numberSystem="([^"]*+)"]/percentFormatLength/percentFormat[@type="([^"]*+)"]/pattern[@type="([^"]*+)"]	arab; arabext; latn
brh	3	0	0	//ldml/numbers/scientificFormats[@numberSystem="([^"]*+)"]/scientificFormatLength/scientificFormat[@type="([^"]*+)"]/pattern[@type="([^"]*+)"]	arab; arabext; latn
brh	3	0	0	//ldml/numbers/symbols[@numberSystem="([^"]*+)"]/decimal	arab; arabext; latn
brh	3	0	0	//ldml/numbers/symbols[@numberSystem="([^"]*+)"]/group	arab; arabext; latn
brh	3	0	0	//ldml/numbers/symbols[@numberSystem="([^"]*+)"]/minusSign	arab; arabext; latn
brh	3	0	0	//ldml/numbers/symbols[@numberSystem="([^"]*+)"]/percentSign	arab; arabext; latn
brh	3	0	0	//ldml/numbers/symbols[@numberSystem="([^"]*+)"]/plusSign	arab; arabext; latn
brh	85	0	0	Totals	
					
bs_Cyrl	2	0	0	//ldml/dates/calendars/calendar[@type="([^"]*+)"]/dateTimeFormats/availableFormats/dateFormatItem[@id="([^"]*+)"]	gregorian, yMMMMEd; gregorian, yMMMMd
bs_Cyrl	1	0	0	//ldml/dates/timeZoneNames/gmtFormat[@alt="([^"]*+)"]	utc
bs_Cyrl	1	0	0	//ldml/dates/timeZoneNames/zone[@type="([^"]*+)"]/short/standard	Etc/UTC
bs_Cyrl	4	0	0	Totals	
					
bss	10	0	0	//ldml/dates/calendars/calendar[@type="([^"]*+)"]/dateTimeFormats/availableFormats/dateFormatItem[@id="([^"]*+)"]	gregorian, Hm; gregorian, Hms; gregorian, Hmsv; gregorian, hm; gregorian, hms; gregorian, hmsv; gregorian, yMMMMEd; gregorian, yMMMMd; gregorian, yMMMd; gregorian, yMd
bss	1	0	0	//ldml/dates/calendars/calendar[@type="([^"]*+)"]/dateTimeFormats/intervalFormats/intervalFormatFallback	gregorian
bss	2	0	0	//ldml/dates/calendars/calendar[@type="([^"]*+)"]/dayPeriods/dayPeriodContext[@type="([^"]*+)"]/dayPeriodWidth[@type="([^"]*+)"]/dayPeriod[@type="([^"]*+)"]	gregorian, format, wide, am; gregorian, format, wide, pm
bss	7	0	0	//ldml/dates/calendars/calendar[@type="([^"]*+)"]/days/dayContext[@type="([^"]*+)"]/dayWidth[@type="([^"]*+)"]/day[@type="([^"]*+)"]	gregorian, format, wide, fri; gregorian, format, wide, mon; gregorian, format, wide, sat; gregorian, format, wide, sun; gregorian, format, wide, thu; gregorian, format, wide, tue; gregorian, format, wide, wed
bss	12	0	0	//ldml/dates/calendars/calendar[@type="([^"]*+)"]/months/monthContext[@type="([^"]*+)"]/monthWidth[@type="([^"]*+)"]/month[@type="([^"]*+)"]	gregorian, format, wide, 1; gregorian, format, wide, 10; gregorian, format, wide, 11; gregorian, format, wide, 12; gregorian, format, wide, 2; gregorian, format, wide, 3; gregorian, format, wide, 4; gregorian, format, wide, 5; gregorian, format, wide, 6; gregorian, format, wide, 7; gregorian, format, wide, 8; gregorian, format, wide, 9
bss	1	0	0	//ldml/dates/timeZoneNames/fallbackFormat	
bss	1	0	0	//ldml/dates/timeZoneNames/gmtFormat	
bss	1	0	0	//ldml/dates/timeZoneNames/gmtFormat[@alt="([^"]*+)"]	utc
bss	1	0	0	//ldml/dates/timeZoneNames/hourFormat	
bss	1	0	0	//ldml/dates/timeZoneNames/metazone[@type="([^"]*+)"]/long/standard	GMT
bss	1	0	0	//ldml/dates/timeZoneNames/regionFormat	
bss	2	0	0	//ldml/dates/timeZoneNames/regionFormat[@type="([^"]*+)"]	daylight
bss	1	0	0	//ldml/dates/timeZoneNames/zone[@type="([^"]*+)"]/long/standard	Etc/UTC
bss	1	0	0	//ldml/dates/timeZoneNames/zone[@type="([^"]*+)"]/short/standard	Etc/UTC
bss	3	0	0	//ldml/localeDisplayNames/codePatterns/codePattern[@type="([^"]*+)"]	language; script; territory
bss	1	0	0	//ldml/localeDisplayNames/localeDisplayPattern/localePattern	
bss	1	0	0	//ldml/localeDisplayNames/localeDisplayPattern/localeSeparator	
bss	2	0	0	//ldml/localeDisplayNames/measurementSystemNames/measurementSystemName[@type="([^"]*+)"]	UK; US
bss	1	0	0	//ldml/numbers/scientificFormats[@numberSystem="([^"]*+)"]/scientificFormatLength/scientificFormat[@type="([^"]*+)"]/pattern[@type="([^"]*+)"]	latn
bss	50	0	0	Totals	
					
bua	2	0	0	//ldml/dates/calendars/calendar[@type="([^"]*+)"]/dateTimeFormats/availableFormats/dateFormatItem[@id="([^"]*+)"]	gregorian, yMMMMEd; gregorian, yMMMMd
bua	1	0	0	//ldml/dates/timeZoneNames/gmtFormat[@alt="([^"]*+)"]	utc
bua	1	0	0	//ldml/dates/timeZoneNames/zone[@type="([^"]*+)"]/long/standard	Etc/UTC
bua	1	0	0	//ldml/dates/timeZoneNames/zone[@type="([^"]*+)"]/short/standard	Etc/UTC
bua	5	0	0	Totals	
					
byn	10	0	0	//ldml/dates/calendars/calendar[@type="([^"]*+)"]/dateTimeFormats/availableFormats/dateFormatItem[@id="([^"]*+)"]	gregorian, Hm; gregorian, Hms; gregorian, Hmsv; gregorian, hm; gregorian, hms; gregorian, hmsv; gregorian, yMMMMEd; gregorian, yMMMMd; gregorian, yMMMd; gregorian, yMd
byn	1	0	0	//ldml/dates/calendars/calendar[@type="([^"]*+)"]/dateTimeFormats/intervalFormats/intervalFormatFallback	gregorian
byn	0	0	2	//ldml/dates/calendars/calendar[@type="([^"]*+)"]/dayPeriods/dayPeriodContext[@type="([^"]*+)"]/dayPeriodWidth[@type="([^"]*+)"]/dayPeriod[@type="([^"]*+)"]	gregorian, format, wide, am; gregorian, format, wide, pm
byn	0	0	7	//ldml/dates/calendars/calendar[@type="([^"]*+)"]/days/dayContext[@type="([^"]*+)"]/dayWidth[@type="([^"]*+)"]/day[@type="([^"]*+)"]	gregorian, format, wide, fri; gregorian, format, wide, mon; gregorian, format, wide, sat; gregorian, format, wide, sun; gregorian, format, wide, thu; gregorian, format, wide, tue; gregorian, format, wide, wed
byn	0	0	12	//ldml/dates/calendars/calendar[@type="([^"]*+)"]/months/monthContext[@type="([^"]*+)"]/monthWidth[@type="([^"]*+)"]/month[@type="([^"]*+)"]	gregorian, format, wide, 1; gregorian, format, wide, 10; gregorian, format, wide, 11; gregorian, format, wide, 12; gregorian, format, wide, 2; gregorian, format, wide, 3; gregorian, format, wide, 4; gregorian, format, wide, 5; gregorian, format, wide, 6; gregorian, format, wide, 7; gregorian, format, wide, 8; gregorian, format, wide, 9
byn	1	0	0	//ldml/dates/timeZoneNames/fallbackFormat	
byn	1	0	0	//ldml/dates/timeZoneNames/gmtFormat	
byn	1	0	0	//ldml/dates/timeZoneNames/gmtFormat[@alt="([^"]*+)"]	utc
byn	1	0	0	//ldml/dates/timeZoneNames/hourFormat	
byn	1	0	0	//ldml/dates/timeZoneNames/metazone[@type="([^"]*+)"]/long/standard	GMT
byn	1	0	0	//ldml/dates/timeZoneNames/regionFormat	
byn	2	0	0	//ldml/dates/timeZoneNames/regionFormat[@type="([^"]*+)"]	daylight
byn	1	0	0	//ldml/dates/timeZoneNames/zone[@type="([^"]*+)"]/long/standard	Etc/UTC
byn	1	0	0	//ldml/dates/timeZoneNames/zone[@type="([^"]*+)"]/short/standard	Etc/UTC
byn	1	0	0	//ldml/delimiters/alternateQuotationEnd	
byn	1	0	0	//ldml/delimiters/alternateQuotationStart	
byn	1	0	0	//ldml/delimiters/quotationEnd	
byn	1	0	0	//ldml/delimiters/quotationStart	
byn	3	0	0	//ldml/localeDisplayNames/codePatterns/codePattern[@type="([^"]*+)"]	language; script; territory
byn	0	0	2	//ldml/localeDisplayNames/languages/language[@type="([^"]*+)"]	byn; en
byn	1	0	0	//ldml/localeDisplayNames/localeDisplayPattern/localePattern	
byn	1	0	0	//ldml/localeDisplayNames/localeDisplayPattern/localeSeparator	
byn	3	0	0	//ldml/localeDisplayNames/measurementSystemNames/measurementSystemName[@type="([^"]*+)"]	UK; US; metric
byn	1	0	0	//ldml/localeDisplayNames/scripts/script[@type="([^"]*+)"]	Ethi
byn	0	0	1	//ldml/localeDisplayNames/territories/territory[@type="([^"]*+)"]	ER
byn	0	0	1	//ldml/numbers/currencyFormats[@numberSystem="([^"]*+)"]/currencyFormatLength/currencyFormat[@type="([^"]*+)"]/pattern[@type="([^"]*+)"]	latn
byn	1	0	0	//ldml/numbers/decimalFormats[@numberSystem="([^"]*+)"]/decimalFormatLength/decimalFormat[@type="([^"]*+)"]/pattern[@type="([^"]*+)"]	latn
byn	1	0	0	//ldml/numbers/percentFormats[@numberSystem="([^"]*+)"]/percentFormatLength/percentFormat[@type="([^"]*+)"]/pattern[@type="([^"]*+)"]	latn
byn	1	0	0	//ldml/numbers/scientificFormats[@numberSystem="([^"]*+)"]/scientificFormatLength/scientificFormat[@type="([^"]*+)"]/pattern[@type="([^"]*+)"]	latn
byn	1	0	0	//ldml/numbers/symbols[@numberSystem="([^"]*+)"]/decimal	latn
byn	1	0	0	//ldml/numbers/symbols[@numberSystem="([^"]*+)"]/group	latn
byn	1	0	0	//ldml/numbers/symbols[@numberSystem="([^"]*+)"]/minusSign	latn
byn	1	0	0	//ldml/numbers/symbols[@numberSystem="([^"]*+)"]/percentSign	latn
byn	1	0	0	//ldml/numbers/symbols[@numberSystem="([^"]*+)"]/plusSign	latn
byn	42	0	25	Totals	
					
cad	10	0	0	//ldml/dates/calendars/calendar[@type="([^"]*+)"]/dateTimeFormats/availableFormats/dateFormatItem[@id="([^"]*+)"]	gregorian, Hm; gregorian, Hms; gregorian, Hmsv; gregorian, hm; gregorian, hms; gregorian, hmsv; gregorian, yMMMMEd; gregorian, yMMMMd; gregorian, yMMMd; gregorian, yMd
cad	1	0	0	//ldml/dates/calendars/calendar[@type="([^"]*+)"]/dateTimeFormats/intervalFormats/intervalFormatFallback	gregorian
cad	2	0	0	//ldml/dates/calendars/calendar[@type="([^"]*+)"]/dayPeriods/dayPeriodContext[@type="([^"]*+)"]/dayPeriodWidth[@type="([^"]*+)"]/dayPeriod[@type="([^"]*+)"]	gregorian, format, wide, am; gregorian, format, wide, pm
cad	1	0	0	//ldml/dates/timeZoneNames/fallbackFormat	
cad	1	0	0	//ldml/dates/timeZoneNames/gmtFormat	
cad	1	0	0	//ldml/dates/timeZoneNames/gmtFormat[@alt="([^"]*+)"]	utc
cad	1	0	0	//ldml/dates/timeZoneNames/hourFormat	
cad	1	0	0	//ldml/dates/timeZoneNames/metazone[@type="([^"]*+)"]/long/standard	GMT
cad	1	0	0	//ldml/dates/timeZoneNames/regionFormat	
cad	2	0	0	//ldml/dates/timeZoneNames/regionFormat[@type="([^"]*+)"]	daylight
cad	1	0	0	//ldml/dates/timeZoneNames/zone[@type="([^"]*+)"]/long/standard	Etc/UTC
cad	1	0	0	//ldml/dates/timeZoneNames/zone[@type="([^"]*+)"]/short/standard	Etc/UTC
cad	1	0	0	//ldml/delimiters/alternateQuotationEnd	
cad	1	0	0	//ldml/delimiters/alternateQuotationStart	
cad	1	0	0	//ldml/delimiters/quotationEnd	
cad	1	0	0	//ldml/delimiters/quotationStart	
cad	3	0	0	//ldml/localeDisplayNames/codePatterns/codePattern[@type="([^"]*+)"]	language; script; territory
cad	1	0	1	//ldml/localeDisplayNames/languages/language[@type="([^"]*+)"]	cad; en
cad	1	0	0	//ldml/localeDisplayNames/localeDisplayPattern/localePattern	
cad	1	0	0	//ldml/localeDisplayNames/localeDisplayPattern/localeSeparator	
cad	2	0	0	//ldml/localeDisplayNames/measurementSystemNames/measurementSystemName[@type="([^"]*+)"]	UK; metric
cad	1	0	0	//ldml/localeDisplayNames/scripts/script[@type="([^"]*+)"]	Latn
cad	0	0	1	//ldml/localeDisplayNames/territories/territory[@type="([^"]*+)"]	US
cad	1	0	0	//ldml/numbers/currencyFormats[@numberSystem="([^"]*+)"]/currencyFormatLength/currencyFormat[@type="([^"]*+)"]/pattern[@type="([^"]*+)"]	latn
cad	1	0	0	//ldml/numbers/decimalFormats[@numberSystem="([^"]*+)"]/decimalFormatLength/decimalFormat[@type="([^"]*+)"]/pattern[@type="([^"]*+)"]	latn
cad	1	0	0	//ldml/numbers/percentFormats[@numberSystem="([^"]*+)"]/percentFormatLength/percentFormat[@type="([^"]*+)"]/pattern[@type="([^"]*+)"]	latn
cad	1	0	0	//ldml/numbers/scientificFormats[@numberSystem="([^"]*+)"]/scientificFormatLength/scientificFormat[@type="([^"]*+)"]/pattern[@type="([^"]*+)"]	latn
cad	0	0	1	//ldml/numbers/symbols[@numberSystem="([^"]*+)"]/decimal	latn
cad	0	0	1	//ldml/numbers/symbols[@numberSystem="([^"]*+)"]/group	latn
cad	0	0	1	//ldml/numbers/symbols[@numberSystem="([^"]*+)"]/minusSign	latn
cad	0	0	1	//ldml/numbers/symbols[@numberSystem="([^"]*+)"]/percentSign	latn
cad	0	0	1	//ldml/numbers/symbols[@numberSystem="([^"]*+)"]/plusSign	latn
cad	40	0	7	Totals	
					
cch	10	0	0	//ldml/dates/calendars/calendar[@type="([^"]*+)"]/dateTimeFormats/availableFormats/dateFormatItem[@id="([^"]*+)"]	gregorian, Hm; gregorian, Hms; gregorian, Hmsv; gregorian, hm; gregorian, hms; gregorian, hmsv; gregorian, yMMMMEd; gregorian, yMMMMd; gregorian, yMMMd; gregorian, yMd
cch	1	0	0	//ldml/dates/calendars/calendar[@type="([^"]*+)"]/dateTimeFormats/intervalFormats/intervalFormatFallback	gregorian
cch	2	0	0	//ldml/dates/calendars/calendar[@type="([^"]*+)"]/dayPeriods/dayPeriodContext[@type="([^"]*+)"]/dayPeriodWidth[@type="([^"]*+)"]/dayPeriod[@type="([^"]*+)"]	gregorian, format, wide, am; gregorian, format, wide, pm
cch	0	0	7	//ldml/dates/calendars/calendar[@type="([^"]*+)"]/days/dayContext[@type="([^"]*+)"]/dayWidth[@type="([^"]*+)"]/day[@type="([^"]*+)"]	gregorian, format, wide, fri; gregorian, format, wide, mon; gregorian, format, wide, sat; gregorian, format, wide, sun; gregorian, format, wide, thu; gregorian, format, wide, tue; gregorian, format, wide, wed
cch	0	0	12	//ldml/dates/calendars/calendar[@type="([^"]*+)"]/months/monthContext[@type="([^"]*+)"]/monthWidth[@type="([^"]*+)"]/month[@type="([^"]*+)"]	gregorian, format, wide, 1; gregorian, format, wide, 10; gregorian, format, wide, 11; gregorian, format, wide, 12; gregorian, format, wide, 2; gregorian, format, wide, 3; gregorian, format, wide, 4; gregorian, format, wide, 5; gregorian, format, wide, 6; gregorian, format, wide, 7; gregorian, format, wide, 8; gregorian, format, wide, 9
cch	1	0	0	//ldml/dates/timeZoneNames/fallbackFormat	
cch	1	0	0	//ldml/dates/timeZoneNames/gmtFormat	
cch	1	0	0	//ldml/dates/timeZoneNames/gmtFormat[@alt="([^"]*+)"]	utc
cch	1	0	0	//ldml/dates/timeZoneNames/hourFormat	
cch	1	0	0	//ldml/dates/timeZoneNames/metazone[@type="([^"]*+)"]/long/standard	GMT
cch	1	0	0	//ldml/dates/timeZoneNames/regionFormat	
cch	2	0	0	//ldml/dates/timeZoneNames/regionFormat[@type="([^"]*+)"]	daylight
cch	1	0	0	//ldml/dates/timeZoneNames/zone[@type="([^"]*+)"]/long/standard	Etc/UTC
cch	1	0	0	//ldml/dates/timeZoneNames/zone[@type="([^"]*+)"]/short/standard	Etc/UTC
cch	1	0	0	//ldml/delimiters/alternateQuotationEnd	
cch	1	0	0	//ldml/delimiters/alternateQuotationStart	
cch	1	0	0	//ldml/delimiters/quotationEnd	
cch	1	0	0	//ldml/delimiters/quotationStart	
cch	3	0	0	//ldml/localeDisplayNames/codePatterns/codePattern[@type="([^"]*+)"]	language; script; territory
cch	1	0	0	//ldml/localeDisplayNames/languages/language[@type="([^"]*+)"]	en
cch	1	0	0	//ldml/localeDisplayNames/localeDisplayPattern/localePattern	
cch	1	0	0	//ldml/localeDisplayNames/localeDisplayPattern/localeSeparator	
cch	3	0	0	//ldml/localeDisplayNames/measurementSystemNames/measurementSystemName[@type="([^"]*+)"]	UK; US; metric
cch	1	0	0	//ldml/localeDisplayNames/scripts/script[@type="([^"]*+)"]	Latn
cch	2	0	0	//ldml/localeDisplayNames/territories/territory[@type="([^"]*+)"]	NG
cch	1	0	0	//ldml/numbers/currencyFormats[@numberSystem="([^"]*+)"]/currencyFormatLength/currencyFormat[@type="([^"]*+)"]/pattern[@type="([^"]*+)"]	latn
cch	1	0	0	//ldml/numbers/decimalFormats[@numberSystem="([^"]*+)"]/decimalFormatLength/decimalFormat[@type="([^"]*+)"]/pattern[@type="([^"]*+)"]	latn
cch	1	0	0	//ldml/numbers/percentFormats[@numberSystem="([^"]*+)"]/percentFormatLength/percentFormat[@type="([^"]*+)"]/pattern[@type="([^"]*+)"]	latn
cch	1	0	0	//ldml/numbers/scientificFormats[@numberSystem="([^"]*+)"]/scientificFormatLength/scientificFormat[@type="([^"]*+)"]/pattern[@type="([^"]*+)"]	latn
cch	1	0	0	//ldml/numbers/symbols[@numberSystem="([^"]*+)"]/decimal	latn
cch	1	0	0	//ldml/numbers/symbols[@numberSystem="([^"]*+)"]/group	latn
cch	1	0	0	//ldml/numbers/symbols[@numberSystem="([^"]*+)"]/minusSign	latn
cch	1	0	0	//ldml/numbers/symbols[@numberSystem="([^"]*+)"]/percentSign	latn
cch	1	0	0	//ldml/numbers/symbols[@numberSystem="([^"]*+)"]/plusSign	latn
cch	48	0	19	Totals	
					
ccp	2	0	0	//ldml/dates/calendars/calendar[@type="([^"]*+)"]/dateTimeFormats/availableFormats/dateFormatItem[@id="([^"]*+)"]	gregorian, yMMMMEd; gregorian, yMMMMd
ccp	1	0	0	//ldml/dates/timeZoneNames/gmtFormat[@alt="([^"]*+)"]	utc
ccp	1	0	0	//ldml/dates/timeZoneNames/zone[@type="([^"]*+)"]/short/standard	Etc/UTC
ccp	0	0	1	//ldml/localeDisplayNames/localeDisplayPattern/localePattern	
ccp	0	0	1	//ldml/localeDisplayNames/localeDisplayPattern/localeSeparator	
ccp	1	0	0	//ldml/numbers/currencyFormats[@numberSystem="([^"]*+)"]/currencyFormatLength/currencyFormat[@type="([^"]*+)"]/pattern[@type="([^"]*+)"]	beng
ccp	2	0	0	//ldml/numbers/decimalFormats[@numberSystem="([^"]*+)"]/decimalFormatLength/decimalFormat[@type="([^"]*+)"]/pattern[@type="([^"]*+)"]	beng; cakm
ccp	1	0	0	//ldml/numbers/percentFormats[@numberSystem="([^"]*+)"]/percentFormatLength/percentFormat[@type="([^"]*+)"]/pattern[@type="([^"]*+)"]	beng
ccp	1	0	0	//ldml/numbers/scientificFormats[@numberSystem="([^"]*+)"]/scientificFormatLength/scientificFormat[@type="([^"]*+)"]/pattern[@type="([^"]*+)"]	beng
ccp	1	0	0	//ldml/numbers/symbols[@numberSystem="([^"]*+)"]/decimal	beng
ccp	2	0	0	//ldml/numbers/symbols[@numberSystem="([^"]*+)"]/group	beng; cakm
ccp	2	0	0	//ldml/numbers/symbols[@numberSystem="([^"]*+)"]/minusSign	beng; cakm
ccp	1	0	0	//ldml/numbers/symbols[@numberSystem="([^"]*+)"]/percentSign	beng
ccp	2	0	0	//ldml/numbers/symbols[@numberSystem="([^"]*+)"]/plusSign	beng; cakm
ccp	17	0	2	Totals	
					
ce	10	0	0	//ldml/dates/calendars/calendar[@type="([^"]*+)"]/dateTimeFormats/availableFormats/dateFormatItem[@id="([^"]*+)"]	gregorian, Hm; gregorian, Hms; gregorian, Hmsv; gregorian, hm; gregorian, hms; gregorian, hmsv; gregorian, yMMMMEd; gregorian, yMMMMd; gregorian, yMMMd; gregorian, yMd
ce	1	0	0	//ldml/dates/calendars/calendar[@type="([^"]*+)"]/dateTimeFormats/intervalFormats/intervalFormatFallback	gregorian
ce	2	0	0	//ldml/dates/calendars/calendar[@type="([^"]*+)"]/dayPeriods/dayPeriodContext[@type="([^"]*+)"]/dayPeriodWidth[@type="([^"]*+)"]/dayPeriod[@type="([^"]*+)"]	gregorian, format, wide, am; gregorian, format, wide, pm
ce	1	0	0	//ldml/dates/timeZoneNames/gmtFormat[@alt="([^"]*+)"]	utc
ce	1	0	0	//ldml/dates/timeZoneNames/zone[@type="([^"]*+)"]/long/standard	Etc/UTC
ce	1	0	0	//ldml/dates/timeZoneNames/zone[@type="([^"]*+)"]/short/standard	Etc/UTC
ce	1	0	0	//ldml/delimiters/alternateQuotationEnd	
ce	1	0	0	//ldml/delimiters/alternateQuotationStart	
ce	1	0	0	//ldml/delimiters/quotationEnd	
ce	1	0	0	//ldml/delimiters/quotationStart	
ce	20	0	0	Totals	
					
cgg	5	0	0	//ldml/dates/calendars/calendar[@type="([^"]*+)"]/dateTimeFormats/availableFormats/dateFormatItem[@id="([^"]*+)"]	gregorian, Hmsv; gregorian, hms; gregorian, hmsv; gregorian, yMMMMEd; gregorian, yMMMMd
cgg	1	0	0	//ldml/dates/calendars/calendar[@type="([^"]*+)"]/dateTimeFormats/intervalFormats/intervalFormatFallback	gregorian
cgg	2	0	0	//ldml/dates/calendars/calendar[@type="([^"]*+)"]/dayPeriods/dayPeriodContext[@type="([^"]*+)"]/dayPeriodWidth[@type="([^"]*+)"]/dayPeriod[@type="([^"]*+)"]	gregorian, format, wide, am; gregorian, format, wide, pm
cgg	1	0	0	//ldml/dates/timeZoneNames/fallbackFormat	
cgg	1	0	0	//ldml/dates/timeZoneNames/gmtFormat	
cgg	1	0	0	//ldml/dates/timeZoneNames/gmtFormat[@alt="([^"]*+)"]	utc
cgg	1	0	0	//ldml/dates/timeZoneNames/hourFormat	
cgg	1	0	0	//ldml/dates/timeZoneNames/metazone[@type="([^"]*+)"]/long/standard	GMT
cgg	1	0	0	//ldml/dates/timeZoneNames/regionFormat	
cgg	2	0	0	//ldml/dates/timeZoneNames/regionFormat[@type="([^"]*+)"]	daylight
cgg	1	0	0	//ldml/dates/timeZoneNames/zone[@type="([^"]*+)"]/long/standard	Etc/UTC
cgg	1	0	0	//ldml/dates/timeZoneNames/zone[@type="([^"]*+)"]/short/standard	Etc/UTC
cgg	3	0	0	//ldml/localeDisplayNames/codePatterns/codePattern[@type="([^"]*+)"]	language; script; territory
cgg	1	0	0	//ldml/localeDisplayNames/localeDisplayPattern/localePattern	
cgg	1	0	0	//ldml/localeDisplayNames/localeDisplayPattern/localeSeparator	
cgg	3	0	0	//ldml/localeDisplayNames/measurementSystemNames/measurementSystemName[@type="([^"]*+)"]	UK; US; metric
cgg	1	0	0	//ldml/localeDisplayNames/scripts/script[@type="([^"]*+)"]	Latn
cgg	1	0	0	//ldml/numbers/decimalFormats[@numberSystem="([^"]*+)"]/decimalFormatLength/decimalFormat[@type="([^"]*+)"]/pattern[@type="([^"]*+)"]	latn
cgg	1	0	0	//ldml/numbers/percentFormats[@numberSystem="([^"]*+)"]/percentFormatLength/percentFormat[@type="([^"]*+)"]/pattern[@type="([^"]*+)"]	latn
cgg	1	0	0	//ldml/numbers/scientificFormats[@numberSystem="([^"]*+)"]/scientificFormatLength/scientificFormat[@type="([^"]*+)"]/pattern[@type="([^"]*+)"]	latn
cgg	1	0	0	//ldml/numbers/symbols[@numberSystem="([^"]*+)"]/decimal	latn
cgg	1	0	0	//ldml/numbers/symbols[@numberSystem="([^"]*+)"]/group	latn
cgg	1	0	0	//ldml/numbers/symbols[@numberSystem="([^"]*+)"]/minusSign	latn
cgg	1	0	0	//ldml/numbers/symbols[@numberSystem="([^"]*+)"]/percentSign	latn
cgg	1	0	0	//ldml/numbers/symbols[@numberSystem="([^"]*+)"]/plusSign	latn
cgg	35	0	0	Totals	
					
cho	10	0	0	//ldml/dates/calendars/calendar[@type="([^"]*+)"]/dateTimeFormats/availableFormats/dateFormatItem[@id="([^"]*+)"]	gregorian, Hm; gregorian, Hms; gregorian, Hmsv; gregorian, hm; gregorian, hms; gregorian, hmsv; gregorian, yMMMMEd; gregorian, yMMMMd; gregorian, yMMMd; gregorian, yMd
cho	1	0	0	//ldml/dates/calendars/calendar[@type="([^"]*+)"]/dateTimeFormats/intervalFormats/intervalFormatFallback	gregorian
cho	2	0	0	//ldml/dates/calendars/calendar[@type="([^"]*+)"]/dayPeriods/dayPeriodContext[@type="([^"]*+)"]/dayPeriodWidth[@type="([^"]*+)"]/dayPeriod[@type="([^"]*+)"]	gregorian, format, wide, am; gregorian, format, wide, pm
cho	7	0	0	//ldml/dates/calendars/calendar[@type="([^"]*+)"]/days/dayContext[@type="([^"]*+)"]/dayWidth[@type="([^"]*+)"]/day[@type="([^"]*+)"]	gregorian, format, wide, fri; gregorian, format, wide, mon; gregorian, format, wide, sat; gregorian, format, wide, sun; gregorian, format, wide, thu; gregorian, format, wide, tue; gregorian, format, wide, wed
cho	12	0	0	//ldml/dates/calendars/calendar[@type="([^"]*+)"]/months/monthContext[@type="([^"]*+)"]/monthWidth[@type="([^"]*+)"]/month[@type="([^"]*+)"]	gregorian, format, wide, 1; gregorian, format, wide, 10; gregorian, format, wide, 11; gregorian, format, wide, 12; gregorian, format, wide, 2; gregorian, format, wide, 3; gregorian, format, wide, 4; gregorian, format, wide, 5; gregorian, format, wide, 6; gregorian, format, wide, 7; gregorian, format, wide, 8; gregorian, format, wide, 9
cho	1	0	0	//ldml/dates/timeZoneNames/fallbackFormat	
cho	1	0	0	//ldml/dates/timeZoneNames/gmtFormat	
cho	1	0	0	//ldml/dates/timeZoneNames/gmtFormat[@alt="([^"]*+)"]	utc
cho	1	0	0	//ldml/dates/timeZoneNames/hourFormat	
cho	1	0	0	//ldml/dates/timeZoneNames/metazone[@type="([^"]*+)"]/long/standard	GMT
cho	1	0	0	//ldml/dates/timeZoneNames/regionFormat	
cho	2	0	0	//ldml/dates/timeZoneNames/regionFormat[@type="([^"]*+)"]	daylight
cho	1	0	0	//ldml/dates/timeZoneNames/zone[@type="([^"]*+)"]/long/standard	Etc/UTC
cho	1	0	0	//ldml/dates/timeZoneNames/zone[@type="([^"]*+)"]/short/standard	Etc/UTC
cho	2	0	0	//ldml/localeDisplayNames/codePatterns/codePattern[@type="([^"]*+)"]	script; territory
cho	3	0	0	//ldml/localeDisplayNames/measurementSystemNames/measurementSystemName[@type="([^"]*+)"]	UK; US; metric
cho	1	0	0	//ldml/numbers/currencyFormats[@numberSystem="([^"]*+)"]/currencyFormatLength/currencyFormat[@type="([^"]*+)"]/pattern[@type="([^"]*+)"]	latn
cho	1	0	0	//ldml/numbers/decimalFormats[@numberSystem="([^"]*+)"]/decimalFormatLength/decimalFormat[@type="([^"]*+)"]/pattern[@type="([^"]*+)"]	latn
cho	1	0	0	//ldml/numbers/percentFormats[@numberSystem="([^"]*+)"]/percentFormatLength/percentFormat[@type="([^"]*+)"]/pattern[@type="([^"]*+)"]	latn
cho	1	0	0	//ldml/numbers/scientificFormats[@numberSystem="([^"]*+)"]/scientificFormatLength/scientificFormat[@type="([^"]*+)"]/pattern[@type="([^"]*+)"]	latn
cho	1	0	0	//ldml/numbers/symbols[@numberSystem="([^"]*+)"]/decimal	latn
cho	1	0	0	//ldml/numbers/symbols[@numberSystem="([^"]*+)"]/group	latn
cho	1	0	0	//ldml/numbers/symbols[@numberSystem="([^"]*+)"]/minusSign	latn
cho	1	0	0	//ldml/numbers/symbols[@numberSystem="([^"]*+)"]/percentSign	latn
cho	1	0	0	//ldml/numbers/symbols[@numberSystem="([^"]*+)"]/plusSign	latn
cho	56	0	0	Totals	
					
chr	2	0	0	//ldml/dates/calendars/calendar[@type="([^"]*+)"]/dateTimeFormats/availableFormats/dateFormatItem[@id="([^"]*+)"]	gregorian, yMMMMEd; gregorian, yMMMMd
chr	1	0	0	//ldml/dates/timeZoneNames/gmtFormat[@alt="([^"]*+)"]	utc
chr	1	0	0	//ldml/dates/timeZoneNames/zone[@type="([^"]*+)"]/short/standard	Etc/UTC
chr	4	0	0	Totals	
					
cic	10	0	0	//ldml/dates/calendars/calendar[@type="([^"]*+)"]/dateTimeFormats/availableFormats/dateFormatItem[@id="([^"]*+)"]	gregorian, Hm; gregorian, Hms; gregorian, Hmsv; gregorian, hm; gregorian, hms; gregorian, hmsv; gregorian, yMMMMEd; gregorian, yMMMMd; gregorian, yMMMd; gregorian, yMd
cic	1	0	0	//ldml/dates/calendars/calendar[@type="([^"]*+)"]/dateTimeFormats/intervalFormats/intervalFormatFallback	gregorian
cic	2	0	0	//ldml/dates/calendars/calendar[@type="([^"]*+)"]/dayPeriods/dayPeriodContext[@type="([^"]*+)"]/dayPeriodWidth[@type="([^"]*+)"]/dayPeriod[@type="([^"]*+)"]	gregorian, format, wide, am; gregorian, format, wide, pm
cic	1	0	0	//ldml/dates/timeZoneNames/fallbackFormat	
cic	1	0	0	//ldml/dates/timeZoneNames/gmtFormat	
cic	1	0	0	//ldml/dates/timeZoneNames/gmtFormat[@alt="([^"]*+)"]	utc
cic	1	0	0	//ldml/dates/timeZoneNames/hourFormat	
cic	1	0	0	//ldml/dates/timeZoneNames/metazone[@type="([^"]*+)"]/long/standard	GMT
cic	1	0	0	//ldml/dates/timeZoneNames/regionFormat	
cic	2	0	0	//ldml/dates/timeZoneNames/regionFormat[@type="([^"]*+)"]	daylight
cic	1	0	0	//ldml/dates/timeZoneNames/zone[@type="([^"]*+)"]/long/standard	Etc/UTC
cic	1	0	0	//ldml/dates/timeZoneNames/zone[@type="([^"]*+)"]/short/standard	Etc/UTC
cic	1	0	0	//ldml/delimiters/alternateQuotationEnd	
cic	1	0	0	//ldml/delimiters/alternateQuotationStart	
cic	1	0	0	//ldml/delimiters/quotationEnd	
cic	1	0	0	//ldml/delimiters/quotationStart	
cic	3	0	0	//ldml/localeDisplayNames/codePatterns/codePattern[@type="([^"]*+)"]	language; script; territory
cic	1	0	0	//ldml/localeDisplayNames/languages/language[@type="([^"]*+)"]	en
cic	1	0	0	//ldml/localeDisplayNames/localeDisplayPattern/localePattern	
cic	1	0	0	//ldml/localeDisplayNames/localeDisplayPattern/localeSeparator	
cic	2	0	0	//ldml/localeDisplayNames/measurementSystemNames/measurementSystemName[@type="([^"]*+)"]	UK; metric
cic	1	0	0	//ldml/localeDisplayNames/scripts/script[@type="([^"]*+)"]	Latn
cic	1	0	0	//ldml/numbers/currencyFormats[@numberSystem="([^"]*+)"]/currencyFormatLength/currencyFormat[@type="([^"]*+)"]/pattern[@type="([^"]*+)"]	latn
cic	1	0	0	//ldml/numbers/decimalFormats[@numberSystem="([^"]*+)"]/decimalFormatLength/decimalFormat[@type="([^"]*+)"]/pattern[@type="([^"]*+)"]	latn
cic	1	0	0	//ldml/numbers/percentFormats[@numberSystem="([^"]*+)"]/percentFormatLength/percentFormat[@type="([^"]*+)"]/pattern[@type="([^"]*+)"]	latn
cic	1	0	0	//ldml/numbers/scientificFormats[@numberSystem="([^"]*+)"]/scientificFormatLength/scientificFormat[@type="([^"]*+)"]/pattern[@type="([^"]*+)"]	latn
cic	0	0	1	//ldml/numbers/symbols[@numberSystem="([^"]*+)"]/decimal	latn
cic	0	0	1	//ldml/numbers/symbols[@numberSystem="([^"]*+)"]/group	latn
cic	0	0	1	//ldml/numbers/symbols[@numberSystem="([^"]*+)"]/minusSign	latn
cic	0	0	1	//ldml/numbers/symbols[@numberSystem="([^"]*+)"]/percentSign	latn
cic	0	0	1	//ldml/numbers/symbols[@numberSystem="([^"]*+)"]/plusSign	latn
cic	40	0	5	Totals	
					
ckb	2	0	0	//ldml/dates/calendars/calendar[@type="([^"]*+)"]/dateTimeFormats/availableFormats/dateFormatItem[@id="([^"]*+)"]	gregorian, yMMMMEd; gregorian, yMMMMd
ckb	1	0	0	//ldml/dates/timeZoneNames/gmtFormat[@alt="([^"]*+)"]	utc
ckb	1	0	0	//ldml/dates/timeZoneNames/metazone[@type="([^"]*+)"]/long/standard	GMT
ckb	1	0	0	//ldml/dates/timeZoneNames/zone[@type="([^"]*+)"]/long/standard	Etc/UTC
ckb	1	0	0	//ldml/dates/timeZoneNames/zone[@type="([^"]*+)"]/short/standard	Etc/UTC
ckb	0	0	1	//ldml/delimiters/alternateQuotationEnd	
ckb	0	0	1	//ldml/delimiters/alternateQuotationStart	
ckb	0	0	1	//ldml/delimiters/quotationEnd	
ckb	0	0	1	//ldml/delimiters/quotationStart	
ckb	0	0	3	//ldml/localeDisplayNames/codePatterns/codePattern[@type="([^"]*+)"]	language; script; territory
ckb	0	0	1	//ldml/localeDisplayNames/languages/language[@type="([^"]*+)"][@alt="([^"]*+)"]	ckb, menu
ckb	0	0	3	//ldml/localeDisplayNames/measurementSystemNames/measurementSystemName[@type="([^"]*+)"]	UK; US; metric
ckb	1	0	0	//ldml/numbers/currencyFormats[@numberSystem="([^"]*+)"]/currencyFormatLength/currencyFormat[@type="([^"]*+)"]/pattern[@type="([^"]*+)"]	arabext
ckb	1	0	0	//ldml/numbers/decimalFormats[@numberSystem="([^"]*+)"]/decimalFormatLength/decimalFormat[@type="([^"]*+)"]/pattern[@type="([^"]*+)"]	arabext
ckb	1	0	0	//ldml/numbers/percentFormats[@numberSystem="([^"]*+)"]/percentFormatLength/percentFormat[@type="([^"]*+)"]/pattern[@type="([^"]*+)"]	arabext
ckb	1	0	0	//ldml/numbers/scientificFormats[@numberSystem="([^"]*+)"]/scientificFormatLength/scientificFormat[@type="([^"]*+)"]/pattern[@type="([^"]*+)"]	arabext
ckb	1	0	0	//ldml/numbers/symbols[@numberSystem="([^"]*+)"]/decimal	arabext
ckb	1	0	0	//ldml/numbers/symbols[@numberSystem="([^"]*+)"]/group	arabext
ckb	1	0	0	//ldml/numbers/symbols[@numberSystem="([^"]*+)"]/minusSign	arabext
ckb	1	0	0	//ldml/numbers/symbols[@numberSystem="([^"]*+)"]/percentSign	arabext
ckb	1	0	0	//ldml/numbers/symbols[@numberSystem="([^"]*+)"]/plusSign	arabext
ckb	15	0	11	Totals	
					
co	2	0	8	//ldml/dates/calendars/calendar[@type="([^"]*+)"]/dateTimeFormats/availableFormats/dateFormatItem[@id="([^"]*+)"]	gregorian, Hm; gregorian, Hms; gregorian, Hmsv; gregorian, hm; gregorian, hms; gregorian, hmsv; gregorian, yMMMMEd; gregorian, yMMMMd; gregorian, yMMMd; gregorian, yMd
co	0	0	1	//ldml/dates/calendars/calendar[@type="([^"]*+)"]/dateTimeFormats/intervalFormats/intervalFormatFallback	gregorian
co	0	0	2	//ldml/dates/calendars/calendar[@type="([^"]*+)"]/dayPeriods/dayPeriodContext[@type="([^"]*+)"]/dayPeriodWidth[@type="([^"]*+)"]/dayPeriod[@type="([^"]*+)"]	gregorian, format, wide, am; gregorian, format, wide, pm
co	0	0	7	//ldml/dates/calendars/calendar[@type="([^"]*+)"]/days/dayContext[@type="([^"]*+)"]/dayWidth[@type="([^"]*+)"]/day[@type="([^"]*+)"]	gregorian, format, wide, fri; gregorian, format, wide, mon; gregorian, format, wide, sat; gregorian, format, wide, sun; gregorian, format, wide, thu; gregorian, format, wide, tue; gregorian, format, wide, wed
co	0	0	12	//ldml/dates/calendars/calendar[@type="([^"]*+)"]/months/monthContext[@type="([^"]*+)"]/monthWidth[@type="([^"]*+)"]/month[@type="([^"]*+)"]	gregorian, format, wide, 1; gregorian, format, wide, 10; gregorian, format, wide, 11; gregorian, format, wide, 12; gregorian, format, wide, 2; gregorian, format, wide, 3; gregorian, format, wide, 4; gregorian, format, wide, 5; gregorian, format, wide, 6; gregorian, format, wide, 7; gregorian, format, wide, 8; gregorian, format, wide, 9
co	0	0	1	//ldml/dates/timeZoneNames/fallbackFormat	
co	0	0	1	//ldml/dates/timeZoneNames/gmtFormat	
co	1	0	0	//ldml/dates/timeZoneNames/gmtFormat[@alt="([^"]*+)"]	utc
co	0	0	1	//ldml/dates/timeZoneNames/hourFormat	
co	0	0	1	//ldml/dates/timeZoneNames/metazone[@type="([^"]*+)"]/long/standard	GMT
co	0	0	1	//ldml/dates/timeZoneNames/regionFormat	
co	0	0	2	//ldml/dates/timeZoneNames/regionFormat[@type="([^"]*+)"]	daylight
co	0	0	1	//ldml/dates/timeZoneNames/zone[@type="([^"]*+)"]/long/standard	Etc/UTC
co	1	0	0	//ldml/dates/timeZoneNames/zone[@type="([^"]*+)"]/short/standard	Etc/UTC
co	0	0	1	//ldml/delimiters/alternateQuotationEnd	
co	0	0	1	//ldml/delimiters/alternateQuotationStart	
co	0	0	1	//ldml/delimiters/quotationEnd	
co	0	0	1	//ldml/delimiters/quotationStart	
co	0	0	3	//ldml/localeDisplayNames/codePatterns/codePattern[@type="([^"]*+)"]	language; script; territory
co	0	0	1	//ldml/localeDisplayNames/languages/language[@type="([^"]*+)"]	en
co	0	0	1	//ldml/localeDisplayNames/localeDisplayPattern/localePattern	
co	0	0	1	//ldml/localeDisplayNames/localeDisplayPattern/localeSeparator	
co	0	0	3	//ldml/localeDisplayNames/measurementSystemNames/measurementSystemName[@type="([^"]*+)"]	UK; US; metric
co	0	0	1	//ldml/localeDisplayNames/scripts/script[@type="([^"]*+)"]	Latn
co	0	0	1	//ldml/localeDisplayNames/territories/territory[@type="([^"]*+)"]	FR
co	0	0	1	//ldml/numbers/currencyFormats[@numberSystem="([^"]*+)"]/currencyFormatLength/currencyFormat[@type="([^"]*+)"]/pattern[@type="([^"]*+)"]	latn
co	0	0	1	//ldml/numbers/decimalFormats[@numberSystem="([^"]*+)"]/decimalFormatLength/decimalFormat[@type="([^"]*+)"]/pattern[@type="([^"]*+)"]	latn
co	0	0	1	//ldml/numbers/defaultNumberingSystem	
co	0	0	1	//ldml/numbers/otherNumberingSystems/native	
co	0	0	1	//ldml/numbers/percentFormats[@numberSystem="([^"]*+)"]/percentFormatLength/percentFormat[@type="([^"]*+)"]/pattern[@type="([^"]*+)"]	latn
co	0	0	1	//ldml/numbers/scientificFormats[@numberSystem="([^"]*+)"]/scientificFormatLength/scientificFormat[@type="([^"]*+)"]/pattern[@type="([^"]*+)"]	latn
co	0	0	1	//ldml/numbers/symbols[@numberSystem="([^"]*+)"]/decimal	latn
co	0	0	1	//ldml/numbers/symbols[@numberSystem="([^"]*+)"]/group	latn
co	0	0	1	//ldml/numbers/symbols[@numberSystem="([^"]*+)"]/minusSign	latn
co	0	0	1	//ldml/numbers/symbols[@numberSystem="([^"]*+)"]/percentSign	latn
co	0	0	1	//ldml/numbers/symbols[@numberSystem="([^"]*+)"]/plusSign	latn
co	4	0	64	Totals	
					
cop	4	0	6	//ldml/dates/calendars/calendar[@type="([^"]*+)"]/dateTimeFormats/availableFormats/dateFormatItem[@id="([^"]*+)"]	gregorian, Hm; gregorian, Hms; gregorian, Hmsv; gregorian, hm; gregorian, hms; gregorian, hmsv; gregorian, yMMMMEd; gregorian, yMMMMd; gregorian, yMMMd; gregorian, yMd
cop	1	0	0	//ldml/dates/calendars/calendar[@type="([^"]*+)"]/dateTimeFormats/intervalFormats/intervalFormatFallback	gregorian
cop	0	0	2	//ldml/dates/calendars/calendar[@type="([^"]*+)"]/dayPeriods/dayPeriodContext[@type="([^"]*+)"]/dayPeriodWidth[@type="([^"]*+)"]/dayPeriod[@type="([^"]*+)"]	gregorian, format, wide, am; gregorian, format, wide, pm
cop	0	0	7	//ldml/dates/calendars/calendar[@type="([^"]*+)"]/days/dayContext[@type="([^"]*+)"]/dayWidth[@type="([^"]*+)"]/day[@type="([^"]*+)"]	gregorian, format, wide, fri; gregorian, format, wide, mon; gregorian, format, wide, sat; gregorian, format, wide, sun; gregorian, format, wide, thu; gregorian, format, wide, tue; gregorian, format, wide, wed
cop	0	0	12	//ldml/dates/calendars/calendar[@type="([^"]*+)"]/months/monthContext[@type="([^"]*+)"]/monthWidth[@type="([^"]*+)"]/month[@type="([^"]*+)"]	gregorian, format, wide, 1; gregorian, format, wide, 10; gregorian, format, wide, 11; gregorian, format, wide, 12; gregorian, format, wide, 2; gregorian, format, wide, 3; gregorian, format, wide, 4; gregorian, format, wide, 5; gregorian, format, wide, 6; gregorian, format, wide, 7; gregorian, format, wide, 8; gregorian, format, wide, 9
cop	1	0	0	//ldml/dates/timeZoneNames/fallbackFormat	
cop	1	0	0	//ldml/dates/timeZoneNames/gmtFormat	
cop	1	0	0	//ldml/dates/timeZoneNames/gmtFormat[@alt="([^"]*+)"]	utc
cop	1	0	0	//ldml/dates/timeZoneNames/hourFormat	
cop	0	0	1	//ldml/dates/timeZoneNames/metazone[@type="([^"]*+)"]/long/standard	GMT
cop	0	0	1	//ldml/dates/timeZoneNames/regionFormat	
cop	0	0	2	//ldml/dates/timeZoneNames/regionFormat[@type="([^"]*+)"]	daylight
cop	0	0	1	//ldml/dates/timeZoneNames/zone[@type="([^"]*+)"]/long/standard	Etc/UTC
cop	1	0	0	//ldml/dates/timeZoneNames/zone[@type="([^"]*+)"]/short/standard	Etc/UTC
cop	1	0	0	//ldml/delimiters/alternateQuotationEnd	
cop	1	0	0	//ldml/delimiters/alternateQuotationStart	
cop	1	0	0	//ldml/delimiters/quotationEnd	
cop	1	0	0	//ldml/delimiters/quotationStart	
cop	0	0	3	//ldml/localeDisplayNames/codePatterns/codePattern[@type="([^"]*+)"]	language; script; territory
cop	0	0	2	//ldml/localeDisplayNames/languages/language[@type="([^"]*+)"]	cop; en
cop	0	0	1	//ldml/localeDisplayNames/localeDisplayPattern/localePattern	
cop	0	0	1	//ldml/localeDisplayNames/localeDisplayPattern/localeSeparator	
cop	3	0	0	//ldml/localeDisplayNames/measurementSystemNames/measurementSystemName[@type="([^"]*+)"]	UK; US; metric
cop	0	0	1	//ldml/localeDisplayNames/scripts/script[@type="([^"]*+)"]	Zzzz
cop	0	0	1	//ldml/localeDisplayNames/territories/territory[@type="([^"]*+)"]	EG
cop	1	0	0	//ldml/numbers/currencyFormats[@numberSystem="([^"]*+)"]/currencyFormatLength/currencyFormat[@type="([^"]*+)"]/pattern[@type="([^"]*+)"]	latn
cop	1	0	0	//ldml/numbers/decimalFormats[@numberSystem="([^"]*+)"]/decimalFormatLength/decimalFormat[@type="([^"]*+)"]/pattern[@type="([^"]*+)"]	latn
cop	1	0	0	//ldml/numbers/percentFormats[@numberSystem="([^"]*+)"]/percentFormatLength/percentFormat[@type="([^"]*+)"]/pattern[@type="([^"]*+)"]	latn
cop	1	0	0	//ldml/numbers/scientificFormats[@numberSystem="([^"]*+)"]/scientificFormatLength/scientificFormat[@type="([^"]*+)"]/pattern[@type="([^"]*+)"]	latn
cop	1	0	0	//ldml/numbers/symbols[@numberSystem="([^"]*+)"]/decimal	latn
cop	1	0	0	//ldml/numbers/symbols[@numberSystem="([^"]*+)"]/group	latn
cop	1	0	0	//ldml/numbers/symbols[@numberSystem="([^"]*+)"]/minusSign	latn
cop	1	0	0	//ldml/numbers/symbols[@numberSystem="([^"]*+)"]/percentSign	latn
cop	1	0	0	//ldml/numbers/symbols[@numberSystem="([^"]*+)"]/plusSign	latn
cop	26	0	41	Totals	
					
csw	2	0	0	//ldml/dates/calendars/calendar[@type="([^"]*+)"]/dateTimeFormats/availableFormats/dateFormatItem[@id="([^"]*+)"]	gregorian, yMMMMEd; gregorian, yMMMMd
csw	1	0	0	//ldml/dates/timeZoneNames/gmtFormat[@alt="([^"]*+)"]	utc
csw	1	0	0	//ldml/dates/timeZoneNames/zone[@type="([^"]*+)"]/long/standard	Etc/UTC
csw	1	0	0	//ldml/dates/timeZoneNames/zone[@type="([^"]*+)"]/short/standard	Etc/UTC
csw	5	0	0	Totals	
					
cu	10	0	0	//ldml/dates/calendars/calendar[@type="([^"]*+)"]/dateTimeFormats/availableFormats/dateFormatItem[@id="([^"]*+)"]	gregorian, Hm; gregorian, Hms; gregorian, Hmsv; gregorian, hm; gregorian, hms; gregorian, hmsv; gregorian, yMMMMEd; gregorian, yMMMMd; gregorian, yMMMd; gregorian, yMd
cu	0	0	1	//ldml/dates/calendars/calendar[@type="([^"]*+)"]/dateTimeFormats/intervalFormats/intervalFormatFallback	gregorian
cu	0	0	2	//ldml/dates/calendars/calendar[@type="([^"]*+)"]/dayPeriods/dayPeriodContext[@type="([^"]*+)"]/dayPeriodWidth[@type="([^"]*+)"]/dayPeriod[@type="([^"]*+)"]	gregorian, format, wide, am; gregorian, format, wide, pm
cu	0	0	7	//ldml/dates/calendars/calendar[@type="([^"]*+)"]/days/dayContext[@type="([^"]*+)"]/dayWidth[@type="([^"]*+)"]/day[@type="([^"]*+)"]	gregorian, format, wide, fri; gregorian, format, wide, mon; gregorian, format, wide, sat; gregorian, format, wide, sun; gregorian, format, wide, thu; gregorian, format, wide, tue; gregorian, format, wide, wed
cu	0	0	12	//ldml/dates/calendars/calendar[@type="([^"]*+)"]/months/monthContext[@type="([^"]*+)"]/monthWidth[@type="([^"]*+)"]/month[@type="([^"]*+)"]	gregorian, format, wide, 1; gregorian, format, wide, 10; gregorian, format, wide, 11; gregorian, format, wide, 12; gregorian, format, wide, 2; gregorian, format, wide, 3; gregorian, format, wide, 4; gregorian, format, wide, 5; gregorian, format, wide, 6; gregorian, format, wide, 7; gregorian, format, wide, 8; gregorian, format, wide, 9
cu	0	0	1	//ldml/dates/timeZoneNames/fallbackFormat	
cu	0	0	1	//ldml/dates/timeZoneNames/gmtFormat	
cu	1	0	0	//ldml/dates/timeZoneNames/gmtFormat[@alt="([^"]*+)"]	utc
cu	0	0	1	//ldml/dates/timeZoneNames/hourFormat	
cu	0	0	1	//ldml/dates/timeZoneNames/metazone[@type="([^"]*+)"]/long/standard	GMT
cu	0	0	1	//ldml/dates/timeZoneNames/regionFormat	
cu	0	0	2	//ldml/dates/timeZoneNames/regionFormat[@type="([^"]*+)"]	daylight
cu	0	0	1	//ldml/dates/timeZoneNames/zone[@type="([^"]*+)"]/long/standard	Etc/UTC
cu	1	0	0	//ldml/dates/timeZoneNames/zone[@type="([^"]*+)"]/short/standard	Etc/UTC
cu	0	0	1	//ldml/delimiters/alternateQuotationEnd	
cu	0	0	1	//ldml/delimiters/alternateQuotationStart	
cu	0	0	1	//ldml/delimiters/quotationEnd	
cu	0	0	1	//ldml/delimiters/quotationStart	
cu	3	0	0	//ldml/localeDisplayNames/codePatterns/codePattern[@type="([^"]*+)"]	language; script; territory
cu	0	0	2	//ldml/localeDisplayNames/languages/language[@type="([^"]*+)"]	cu; en
cu	1	0	0	//ldml/localeDisplayNames/localeDisplayPattern/localePattern	
cu	1	0	0	//ldml/localeDisplayNames/localeDisplayPattern/localeSeparator	
cu	0	0	3	//ldml/localeDisplayNames/measurementSystemNames/measurementSystemName[@type="([^"]*+)"]	UK; US; metric
cu	0	0	1	//ldml/localeDisplayNames/scripts/script[@type="([^"]*+)"]	Cyrl
cu	0	0	1	//ldml/localeDisplayNames/territories/territory[@type="([^"]*+)"]	RU
cu	0	0	1	//ldml/numbers/currencyFormats[@numberSystem="([^"]*+)"]/currencyFormatLength/currencyFormat[@type="([^"]*+)"]/pattern[@type="([^"]*+)"]	latn
cu	0	0	1	//ldml/numbers/decimalFormats[@numberSystem="([^"]*+)"]/decimalFormatLength/decimalFormat[@type="([^"]*+)"]/pattern[@type="([^"]*+)"]	latn
cu	0	0	1	//ldml/numbers/percentFormats[@numberSystem="([^"]*+)"]/percentFormatLength/percentFormat[@type="([^"]*+)"]/pattern[@type="([^"]*+)"]	latn
cu	0	0	1	//ldml/numbers/scientificFormats[@numberSystem="([^"]*+)"]/scientificFormatLength/scientificFormat[@type="([^"]*+)"]/pattern[@type="([^"]*+)"]	latn
cu	0	0	1	//ldml/numbers/symbols[@numberSystem="([^"]*+)"]/decimal	latn
cu	0	0	1	//ldml/numbers/symbols[@numberSystem="([^"]*+)"]/group	latn
cu	0	0	1	//ldml/numbers/symbols[@numberSystem="([^"]*+)"]/minusSign	latn
cu	0	0	1	//ldml/numbers/symbols[@numberSystem="([^"]*+)"]/percentSign	latn
cu	0	0	1	//ldml/numbers/symbols[@numberSystem="([^"]*+)"]/plusSign	latn
cu	17	0	50	Totals	
					
cv	2	0	0	//ldml/dates/calendars/calendar[@type="([^"]*+)"]/dateTimeFormats/availableFormats/dateFormatItem[@id="([^"]*+)"]	gregorian, yMMMMEd; gregorian, yMMMMd
cv	1	0	0	//ldml/dates/timeZoneNames/gmtFormat[@alt="([^"]*+)"]	utc
cv	3	0	0	Totals	
					
dav	5	0	0	//ldml/dates/calendars/calendar[@type="([^"]*+)"]/dateTimeFormats/availableFormats/dateFormatItem[@id="([^"]*+)"]	gregorian, Hmsv; gregorian, hms; gregorian, hmsv; gregorian, yMMMMEd; gregorian, yMMMMd
dav	1	0	0	//ldml/dates/calendars/calendar[@type="([^"]*+)"]/dateTimeFormats/intervalFormats/intervalFormatFallback	gregorian
dav	1	0	0	//ldml/dates/timeZoneNames/fallbackFormat	
dav	1	0	0	//ldml/dates/timeZoneNames/gmtFormat	
dav	1	0	0	//ldml/dates/timeZoneNames/gmtFormat[@alt="([^"]*+)"]	utc
dav	1	0	0	//ldml/dates/timeZoneNames/hourFormat	
dav	1	0	0	//ldml/dates/timeZoneNames/metazone[@type="([^"]*+)"]/long/standard	GMT
dav	1	0	0	//ldml/dates/timeZoneNames/regionFormat	
dav	2	0	0	//ldml/dates/timeZoneNames/regionFormat[@type="([^"]*+)"]	daylight
dav	1	0	0	//ldml/dates/timeZoneNames/zone[@type="([^"]*+)"]/long/standard	Etc/UTC
dav	1	0	0	//ldml/dates/timeZoneNames/zone[@type="([^"]*+)"]/short/standard	Etc/UTC
dav	3	0	0	//ldml/localeDisplayNames/codePatterns/codePattern[@type="([^"]*+)"]	language; script; territory
dav	1	0	0	//ldml/localeDisplayNames/localeDisplayPattern/localePattern	
dav	1	0	0	//ldml/localeDisplayNames/localeDisplayPattern/localeSeparator	
dav	3	0	0	//ldml/localeDisplayNames/measurementSystemNames/measurementSystemName[@type="([^"]*+)"]	UK; US; metric
dav	1	0	0	//ldml/localeDisplayNames/scripts/script[@type="([^"]*+)"]	Latn
dav	1	0	0	//ldml/numbers/decimalFormats[@numberSystem="([^"]*+)"]/decimalFormatLength/decimalFormat[@type="([^"]*+)"]/pattern[@type="([^"]*+)"]	latn
dav	1	0	0	//ldml/numbers/percentFormats[@numberSystem="([^"]*+)"]/percentFormatLength/percentFormat[@type="([^"]*+)"]/pattern[@type="([^"]*+)"]	latn
dav	1	0	0	//ldml/numbers/scientificFormats[@numberSystem="([^"]*+)"]/scientificFormatLength/scientificFormat[@type="([^"]*+)"]/pattern[@type="([^"]*+)"]	latn
dav	1	0	0	//ldml/numbers/symbols[@numberSystem="([^"]*+)"]/decimal	latn
dav	1	0	0	//ldml/numbers/symbols[@numberSystem="([^"]*+)"]/group	latn
dav	1	0	0	//ldml/numbers/symbols[@numberSystem="([^"]*+)"]/minusSign	latn
dav	1	0	0	//ldml/numbers/symbols[@numberSystem="([^"]*+)"]/percentSign	latn
dav	1	0	0	//ldml/numbers/symbols[@numberSystem="([^"]*+)"]/plusSign	latn
dav	33	0	0	Totals	
					
dje	4	0	0	//ldml/dates/calendars/calendar[@type="([^"]*+)"]/dateTimeFormats/availableFormats/dateFormatItem[@id="([^"]*+)"]	gregorian, Hmsv; gregorian, hmsv; gregorian, yMMMMEd; gregorian, yMMMMd
dje	1	0	0	//ldml/dates/calendars/calendar[@type="([^"]*+)"]/dateTimeFormats/intervalFormats/intervalFormatFallback	gregorian
dje	1	0	0	//ldml/dates/timeZoneNames/fallbackFormat	
dje	1	0	0	//ldml/dates/timeZoneNames/gmtFormat	
dje	1	0	0	//ldml/dates/timeZoneNames/gmtFormat[@alt="([^"]*+)"]	utc
dje	1	0	0	//ldml/dates/timeZoneNames/hourFormat	
dje	1	0	0	//ldml/dates/timeZoneNames/metazone[@type="([^"]*+)"]/long/standard	GMT
dje	1	0	0	//ldml/dates/timeZoneNames/regionFormat	
dje	2	0	0	//ldml/dates/timeZoneNames/regionFormat[@type="([^"]*+)"]	daylight
dje	1	0	0	//ldml/dates/timeZoneNames/zone[@type="([^"]*+)"]/long/standard	Etc/UTC
dje	1	0	0	//ldml/dates/timeZoneNames/zone[@type="([^"]*+)"]/short/standard	Etc/UTC
dje	3	0	0	//ldml/localeDisplayNames/codePatterns/codePattern[@type="([^"]*+)"]	language; script; territory
dje	1	0	0	//ldml/localeDisplayNames/localeDisplayPattern/localePattern	
dje	1	0	0	//ldml/localeDisplayNames/localeDisplayPattern/localeSeparator	
dje	3	0	0	//ldml/localeDisplayNames/measurementSystemNames/measurementSystemName[@type="([^"]*+)"]	UK; US; metric
dje	1	0	0	//ldml/localeDisplayNames/scripts/script[@type="([^"]*+)"]	Latn
dje	1	0	0	//ldml/numbers/scientificFormats[@numberSystem="([^"]*+)"]/scientificFormatLength/scientificFormat[@type="([^"]*+)"]/pattern[@type="([^"]*+)"]	latn
dje	1	0	0	//ldml/numbers/symbols[@numberSystem="([^"]*+)"]/minusSign	latn
dje	1	0	0	//ldml/numbers/symbols[@numberSystem="([^"]*+)"]/percentSign	latn
dje	1	0	0	//ldml/numbers/symbols[@numberSystem="([^"]*+)"]/plusSign	latn
dje	28	0	0	Totals	
					
dsb	2	0	0	//ldml/dates/calendars/calendar[@type="([^"]*+)"]/dateTimeFormats/availableFormats/dateFormatItem[@id="([^"]*+)"]	gregorian, yMMMMEd; gregorian, yMMMMd
dsb	1	0	0	//ldml/dates/timeZoneNames/gmtFormat[@alt="([^"]*+)"]	utc
dsb	1	0	0	//ldml/dates/timeZoneNames/zone[@type="([^"]*+)"]/short/standard	Etc/UTC
dsb	4	0	0	Totals	
					
dua	4	0	0	//ldml/dates/calendars/calendar[@type="([^"]*+)"]/dateTimeFormats/availableFormats/dateFormatItem[@id="([^"]*+)"]	gregorian, Hmsv; gregorian, hmsv; gregorian, yMMMMEd; gregorian, yMMMMd
dua	1	0	0	//ldml/dates/calendars/calendar[@type="([^"]*+)"]/dateTimeFormats/intervalFormats/intervalFormatFallback	gregorian
dua	1	0	0	//ldml/dates/timeZoneNames/fallbackFormat	
dua	1	0	0	//ldml/dates/timeZoneNames/gmtFormat	
dua	1	0	0	//ldml/dates/timeZoneNames/gmtFormat[@alt="([^"]*+)"]	utc
dua	1	0	0	//ldml/dates/timeZoneNames/hourFormat	
dua	1	0	0	//ldml/dates/timeZoneNames/metazone[@type="([^"]*+)"]/long/standard	GMT
dua	1	0	0	//ldml/dates/timeZoneNames/regionFormat	
dua	2	0	0	//ldml/dates/timeZoneNames/regionFormat[@type="([^"]*+)"]	daylight
dua	1	0	0	//ldml/dates/timeZoneNames/zone[@type="([^"]*+)"]/long/standard	Etc/UTC
dua	1	0	0	//ldml/dates/timeZoneNames/zone[@type="([^"]*+)"]/short/standard	Etc/UTC
dua	3	0	0	//ldml/localeDisplayNames/codePatterns/codePattern[@type="([^"]*+)"]	language; script; territory
dua	1	0	0	//ldml/localeDisplayNames/languages/language[@type="([^"]*+)"]	en
dua	1	0	0	//ldml/localeDisplayNames/localeDisplayPattern/localePattern	
dua	1	0	0	//ldml/localeDisplayNames/localeDisplayPattern/localeSeparator	
dua	3	0	0	//ldml/localeDisplayNames/measurementSystemNames/measurementSystemName[@type="([^"]*+)"]	UK; US; metric
dua	1	0	0	//ldml/localeDisplayNames/scripts/script[@type="([^"]*+)"]	Latn
dua	1	0	0	//ldml/numbers/scientificFormats[@numberSystem="([^"]*+)"]/scientificFormatLength/scientificFormat[@type="([^"]*+)"]/pattern[@type="([^"]*+)"]	latn
dua	1	0	0	//ldml/numbers/symbols[@numberSystem="([^"]*+)"]/minusSign	latn
dua	1	0	0	//ldml/numbers/symbols[@numberSystem="([^"]*+)"]/percentSign	latn
dua	1	0	0	//ldml/numbers/symbols[@numberSystem="([^"]*+)"]/plusSign	latn
dua	29	0	0	Totals	
					
dv	10	0	0	//ldml/dates/calendars/calendar[@type="([^"]*+)"]/dateTimeFormats/availableFormats/dateFormatItem[@id="([^"]*+)"]	gregorian, Hm; gregorian, Hms; gregorian, Hmsv; gregorian, hm; gregorian, hms; gregorian, hmsv; gregorian, yMMMMEd; gregorian, yMMMMd; gregorian, yMMMd; gregorian, yMd
dv	1	0	0	//ldml/dates/calendars/calendar[@type="([^"]*+)"]/dateTimeFormats/intervalFormats/intervalFormatFallback	gregorian
dv	2	0	0	//ldml/dates/calendars/calendar[@type="([^"]*+)"]/dayPeriods/dayPeriodContext[@type="([^"]*+)"]/dayPeriodWidth[@type="([^"]*+)"]/dayPeriod[@type="([^"]*+)"]	gregorian, format, wide, am; gregorian, format, wide, pm
dv	7	0	0	//ldml/dates/calendars/calendar[@type="([^"]*+)"]/days/dayContext[@type="([^"]*+)"]/dayWidth[@type="([^"]*+)"]/day[@type="([^"]*+)"]	gregorian, format, wide, fri; gregorian, format, wide, mon; gregorian, format, wide, sat; gregorian, format, wide, sun; gregorian, format, wide, thu; gregorian, format, wide, tue; gregorian, format, wide, wed
dv	12	0	0	//ldml/dates/calendars/calendar[@type="([^"]*+)"]/months/monthContext[@type="([^"]*+)"]/monthWidth[@type="([^"]*+)"]/month[@type="([^"]*+)"]	gregorian, format, wide, 1; gregorian, format, wide, 10; gregorian, format, wide, 11; gregorian, format, wide, 12; gregorian, format, wide, 2; gregorian, format, wide, 3; gregorian, format, wide, 4; gregorian, format, wide, 5; gregorian, format, wide, 6; gregorian, format, wide, 7; gregorian, format, wide, 8; gregorian, format, wide, 9
dv	1	0	0	//ldml/dates/timeZoneNames/fallbackFormat	
dv	1	0	0	//ldml/dates/timeZoneNames/gmtFormat	
dv	1	0	0	//ldml/dates/timeZoneNames/gmtFormat[@alt="([^"]*+)"]	utc
dv	1	0	0	//ldml/dates/timeZoneNames/hourFormat	
dv	1	0	0	//ldml/dates/timeZoneNames/metazone[@type="([^"]*+)"]/long/standard	GMT
dv	1	0	0	//ldml/dates/timeZoneNames/regionFormat	
dv	2	0	0	//ldml/dates/timeZoneNames/regionFormat[@type="([^"]*+)"]	daylight
dv	1	0	0	//ldml/dates/timeZoneNames/zone[@type="([^"]*+)"]/long/standard	Etc/UTC
dv	1	0	0	//ldml/dates/timeZoneNames/zone[@type="([^"]*+)"]/short/standard	Etc/UTC
dv	1	0	0	//ldml/delimiters/alternateQuotationEnd	
dv	1	0	0	//ldml/delimiters/alternateQuotationStart	
dv	1	0	0	//ldml/delimiters/quotationEnd	
dv	1	0	0	//ldml/delimiters/quotationStart	
dv	3	0	0	//ldml/localeDisplayNames/codePatterns/codePattern[@type="([^"]*+)"]	language; script; territory
dv	1	0	1	//ldml/localeDisplayNames/languages/language[@type="([^"]*+)"]	dv; en
dv	1	0	0	//ldml/localeDisplayNames/localeDisplayPattern/localePattern	
dv	1	0	0	//ldml/localeDisplayNames/localeDisplayPattern/localeSeparator	
dv	3	0	0	//ldml/localeDisplayNames/measurementSystemNames/measurementSystemName[@type="([^"]*+)"]	UK; US; metric
dv	1	0	0	//ldml/localeDisplayNames/scripts/script[@type="([^"]*+)"]	Thaa
dv	0	0	1	//ldml/localeDisplayNames/territories/territory[@type="([^"]*+)"]	MV
dv	0	0	1	//ldml/numbers/currencyFormats[@numberSystem="([^"]*+)"]/currencyFormatLength/currencyFormat[@type="([^"]*+)"]/pattern[@type="([^"]*+)"]	latn
dv	0	0	1	//ldml/numbers/decimalFormats[@numberSystem="([^"]*+)"]/decimalFormatLength/decimalFormat[@type="([^"]*+)"]/pattern[@type="([^"]*+)"]	latn
dv	0	0	1	//ldml/numbers/percentFormats[@numberSystem="([^"]*+)"]/percentFormatLength/percentFormat[@type="([^"]*+)"]/pattern[@type="([^"]*+)"]	latn
dv	1	0	0	//ldml/numbers/scientificFormats[@numberSystem="([^"]*+)"]/scientificFormatLength/scientificFormat[@type="([^"]*+)"]/pattern[@type="([^"]*+)"]	latn
dv	1	0	0	//ldml/numbers/symbols[@numberSystem="([^"]*+)"]/decimal	latn
dv	1	0	0	//ldml/numbers/symbols[@numberSystem="([^"]*+)"]/group	latn
dv	1	0	0	//ldml/numbers/symbols[@numberSystem="([^"]*+)"]/minusSign	latn
dv	1	0	0	//ldml/numbers/symbols[@numberSystem="([^"]*+)"]/percentSign	latn
dv	1	0	0	//ldml/numbers/symbols[@numberSystem="([^"]*+)"]/plusSign	latn
dv	62	0	5	Totals	
					
dyo	4	0	0	//ldml/dates/calendars/calendar[@type="([^"]*+)"]/dateTimeFormats/availableFormats/dateFormatItem[@id="([^"]*+)"]	gregorian, Hmsv; gregorian, hmsv; gregorian, yMMMMEd; gregorian, yMMMMd
dyo	1	0	0	//ldml/dates/calendars/calendar[@type="([^"]*+)"]/dateTimeFormats/intervalFormats/intervalFormatFallback	gregorian
dyo	2	0	0	//ldml/dates/calendars/calendar[@type="([^"]*+)"]/dayPeriods/dayPeriodContext[@type="([^"]*+)"]/dayPeriodWidth[@type="([^"]*+)"]/dayPeriod[@type="([^"]*+)"]	gregorian, format, wide, am; gregorian, format, wide, pm
dyo	1	0	0	//ldml/dates/timeZoneNames/fallbackFormat	
dyo	1	0	0	//ldml/dates/timeZoneNames/gmtFormat	
dyo	1	0	0	//ldml/dates/timeZoneNames/gmtFormat[@alt="([^"]*+)"]	utc
dyo	1	0	0	//ldml/dates/timeZoneNames/hourFormat	
dyo	1	0	0	//ldml/dates/timeZoneNames/metazone[@type="([^"]*+)"]/long/standard	GMT
dyo	1	0	0	//ldml/dates/timeZoneNames/regionFormat	
dyo	2	0	0	//ldml/dates/timeZoneNames/regionFormat[@type="([^"]*+)"]	daylight
dyo	1	0	0	//ldml/dates/timeZoneNames/zone[@type="([^"]*+)"]/long/standard	Etc/UTC
dyo	1	0	0	//ldml/dates/timeZoneNames/zone[@type="([^"]*+)"]/short/standard	Etc/UTC
dyo	3	0	0	//ldml/localeDisplayNames/codePatterns/codePattern[@type="([^"]*+)"]	language; script; territory
dyo	1	0	0	//ldml/localeDisplayNames/localeDisplayPattern/localePattern	
dyo	1	0	0	//ldml/localeDisplayNames/localeDisplayPattern/localeSeparator	
dyo	3	0	0	//ldml/localeDisplayNames/measurementSystemNames/measurementSystemName[@type="([^"]*+)"]	UK; US; metric
dyo	1	0	0	//ldml/localeDisplayNames/scripts/script[@type="([^"]*+)"]	Latn
dyo	1	0	0	//ldml/numbers/scientificFormats[@numberSystem="([^"]*+)"]/scientificFormatLength/scientificFormat[@type="([^"]*+)"]/pattern[@type="([^"]*+)"]	latn
dyo	1	0	0	//ldml/numbers/symbols[@numberSystem="([^"]*+)"]/minusSign	latn
dyo	1	0	0	//ldml/numbers/symbols[@numberSystem="([^"]*+)"]/percentSign	latn
dyo	1	0	0	//ldml/numbers/symbols[@numberSystem="([^"]*+)"]/plusSign	latn
dyo	30	0	0	Totals	
					
dz	4	0	0	//ldml/dates/calendars/calendar[@type="([^"]*+)"]/dateTimeFormats/availableFormats/dateFormatItem[@id="([^"]*+)"]	gregorian, Hmsv; gregorian, hmsv; gregorian, yMMMMEd; gregorian, yMMMMd
dz	1	0	0	//ldml/dates/timeZoneNames/gmtFormat[@alt="([^"]*+)"]	utc
dz	2	0	0	//ldml/dates/timeZoneNames/regionFormat[@type="([^"]*+)"]	daylight
dz	1	0	0	//ldml/dates/timeZoneNames/zone[@type="([^"]*+)"]/long/standard	Etc/UTC
dz	1	0	0	//ldml/dates/timeZoneNames/zone[@type="([^"]*+)"]/short/standard	Etc/UTC
dz	1	0	0	//ldml/numbers/currencyFormats[@numberSystem="([^"]*+)"]/currencyFormatLength/currencyFormat[@type="([^"]*+)"]/pattern[@type="([^"]*+)"]	tibt
dz	1	0	0	//ldml/numbers/decimalFormats[@numberSystem="([^"]*+)"]/decimalFormatLength/decimalFormat[@type="([^"]*+)"]/pattern[@type="([^"]*+)"]	tibt
dz	1	0	0	//ldml/numbers/percentFormats[@numberSystem="([^"]*+)"]/percentFormatLength/percentFormat[@type="([^"]*+)"]/pattern[@type="([^"]*+)"]	tibt
dz	1	0	0	//ldml/numbers/scientificFormats[@numberSystem="([^"]*+)"]/scientificFormatLength/scientificFormat[@type="([^"]*+)"]/pattern[@type="([^"]*+)"]	tibt
dz	13	0	0	Totals	
					
ebu	5	0	0	//ldml/dates/calendars/calendar[@type="([^"]*+)"]/dateTimeFormats/availableFormats/dateFormatItem[@id="([^"]*+)"]	gregorian, Hmsv; gregorian, hms; gregorian, hmsv; gregorian, yMMMMEd; gregorian, yMMMMd
ebu	1	0	0	//ldml/dates/calendars/calendar[@type="([^"]*+)"]/dateTimeFormats/intervalFormats/intervalFormatFallback	gregorian
ebu	1	0	0	//ldml/dates/timeZoneNames/fallbackFormat	
ebu	1	0	0	//ldml/dates/timeZoneNames/gmtFormat	
ebu	1	0	0	//ldml/dates/timeZoneNames/gmtFormat[@alt="([^"]*+)"]	utc
ebu	1	0	0	//ldml/dates/timeZoneNames/hourFormat	
ebu	1	0	0	//ldml/dates/timeZoneNames/metazone[@type="([^"]*+)"]/long/standard	GMT
ebu	1	0	0	//ldml/dates/timeZoneNames/regionFormat	
ebu	2	0	0	//ldml/dates/timeZoneNames/regionFormat[@type="([^"]*+)"]	daylight
ebu	1	0	0	//ldml/dates/timeZoneNames/zone[@type="([^"]*+)"]/long/standard	Etc/UTC
ebu	1	0	0	//ldml/dates/timeZoneNames/zone[@type="([^"]*+)"]/short/standard	Etc/UTC
ebu	3	0	0	//ldml/localeDisplayNames/codePatterns/codePattern[@type="([^"]*+)"]	language; script; territory
ebu	1	0	0	//ldml/localeDisplayNames/localeDisplayPattern/localePattern	
ebu	1	0	0	//ldml/localeDisplayNames/localeDisplayPattern/localeSeparator	
ebu	3	0	0	//ldml/localeDisplayNames/measurementSystemNames/measurementSystemName[@type="([^"]*+)"]	UK; US; metric
ebu	1	0	0	//ldml/localeDisplayNames/scripts/script[@type="([^"]*+)"]	Latn
ebu	1	0	0	//ldml/numbers/decimalFormats[@numberSystem="([^"]*+)"]/decimalFormatLength/decimalFormat[@type="([^"]*+)"]/pattern[@type="([^"]*+)"]	latn
ebu	1	0	0	//ldml/numbers/percentFormats[@numberSystem="([^"]*+)"]/percentFormatLength/percentFormat[@type="([^"]*+)"]/pattern[@type="([^"]*+)"]	latn
ebu	1	0	0	//ldml/numbers/scientificFormats[@numberSystem="([^"]*+)"]/scientificFormatLength/scientificFormat[@type="([^"]*+)"]/pattern[@type="([^"]*+)"]	latn
ebu	1	0	0	//ldml/numbers/symbols[@numberSystem="([^"]*+)"]/decimal	latn
ebu	1	0	0	//ldml/numbers/symbols[@numberSystem="([^"]*+)"]/group	latn
ebu	1	0	0	//ldml/numbers/symbols[@numberSystem="([^"]*+)"]/minusSign	latn
ebu	1	0	0	//ldml/numbers/symbols[@numberSystem="([^"]*+)"]/percentSign	latn
ebu	1	0	0	//ldml/numbers/symbols[@numberSystem="([^"]*+)"]/plusSign	latn
ebu	33	0	0	Totals	
					
en_Dsrt	10	0	0	//ldml/dates/calendars/calendar[@type="([^"]*+)"]/dateTimeFormats/availableFormats/dateFormatItem[@id="([^"]*+)"]	gregorian, Hm; gregorian, Hms; gregorian, Hmsv; gregorian, hm; gregorian, hms; gregorian, hmsv; gregorian, yMMMMEd; gregorian, yMMMMd; gregorian, yMMMd; gregorian, yMd
en_Dsrt	1	0	0	//ldml/dates/calendars/calendar[@type="([^"]*+)"]/dateTimeFormats/intervalFormats/intervalFormatFallback	gregorian
en_Dsrt	1	0	0	//ldml/dates/timeZoneNames/fallbackFormat	
en_Dsrt	1	0	0	//ldml/dates/timeZoneNames/gmtFormat[@alt="([^"]*+)"]	utc
en_Dsrt	1	0	0	//ldml/dates/timeZoneNames/hourFormat	
en_Dsrt	1	0	0	//ldml/dates/timeZoneNames/metazone[@type="([^"]*+)"]/long/standard	GMT
en_Dsrt	2	0	0	//ldml/dates/timeZoneNames/regionFormat[@type="([^"]*+)"]	daylight
en_Dsrt	1	0	0	//ldml/dates/timeZoneNames/zone[@type="([^"]*+)"]/long/standard	Etc/UTC
en_Dsrt	1	0	0	//ldml/dates/timeZoneNames/zone[@type="([^"]*+)"]/short/standard	Etc/UTC
en_Dsrt	1	0	0	//ldml/delimiters/alternateQuotationEnd	
en_Dsrt	1	0	0	//ldml/delimiters/alternateQuotationStart	
en_Dsrt	1	0	0	//ldml/delimiters/quotationEnd	
en_Dsrt	1	0	0	//ldml/delimiters/quotationStart	
en_Dsrt	3	0	0	//ldml/localeDisplayNames/codePatterns/codePattern[@type="([^"]*+)"]	language; script; territory
en_Dsrt	1	0	0	//ldml/localeDisplayNames/localeDisplayPattern/localePattern	
en_Dsrt	1	0	0	//ldml/localeDisplayNames/localeDisplayPattern/localeSeparator	
en_Dsrt	1	0	0	//ldml/localeDisplayNames/measurementSystemNames/measurementSystemName[@type="([^"]*+)"]	UK
en_Dsrt	5	1	0	//ldml/localeDisplayNames/territories/territory[@type="([^"]*+)"]	DG; IO; LC; SS; SX; UA
en_Dsrt	2	0	0	//ldml/localeDisplayNames/territories/territory[@type="([^"]*+)"][@alt="([^"]*+)"]	IO, biot; IO, chagos
en_Dsrt	1	0	0	//ldml/numbers/currencyFormats[@numberSystem="([^"]*+)"]/currencyFormatLength/currencyFormat[@type="([^"]*+)"]/pattern[@type="([^"]*+)"]	latn
en_Dsrt	1	0	0	//ldml/numbers/decimalFormats[@numberSystem="([^"]*+)"]/decimalFormatLength/decimalFormat[@type="([^"]*+)"]/pattern[@type="([^"]*+)"]	latn
en_Dsrt	1	0	0	//ldml/numbers/percentFormats[@numberSystem="([^"]*+)"]/percentFormatLength/percentFormat[@type="([^"]*+)"]/pattern[@type="([^"]*+)"]	latn
en_Dsrt	1	0	0	//ldml/numbers/scientificFormats[@numberSystem="([^"]*+)"]/scientificFormatLength/scientificFormat[@type="([^"]*+)"]/pattern[@type="([^"]*+)"]	latn
en_Dsrt	1	0	0	//ldml/numbers/symbols[@numberSystem="([^"]*+)"]/decimal	latn
en_Dsrt	1	0	0	//ldml/numbers/symbols[@numberSystem="([^"]*+)"]/group	latn
en_Dsrt	1	0	0	//ldml/numbers/symbols[@numberSystem="([^"]*+)"]/minusSign	latn
en_Dsrt	1	0	0	//ldml/numbers/symbols[@numberSystem="([^"]*+)"]/percentSign	latn
en_Dsrt	1	0	0	//ldml/numbers/symbols[@numberSystem="([^"]*+)"]/plusSign	latn
en_Dsrt	45	1	0	Totals	
					
en_Shaw	2	0	8	//ldml/dates/calendars/calendar[@type="([^"]*+)"]/dateTimeFormats/availableFormats/dateFormatItem[@id="([^"]*+)"]	gregorian, Hm; gregorian, Hms; gregorian, Hmsv; gregorian, hm; gregorian, hms; gregorian, hmsv; gregorian, yMMMMEd; gregorian, yMMMMd; gregorian, yMMMd; gregorian, yMd
en_Shaw	0	0	1	//ldml/dates/calendars/calendar[@type="([^"]*+)"]/dateTimeFormats/intervalFormats/intervalFormatFallback	gregorian
en_Shaw	0	0	1	//ldml/dates/timeZoneNames/fallbackFormat	
en_Shaw	1	0	0	//ldml/dates/timeZoneNames/gmtFormat[@alt="([^"]*+)"]	utc
en_Shaw	0	0	1	//ldml/dates/timeZoneNames/hourFormat	
en_Shaw	0	0	1	//ldml/dates/timeZoneNames/metazone[@type="([^"]*+)"]/long/standard	GMT
en_Shaw	0	0	2	//ldml/dates/timeZoneNames/regionFormat[@type="([^"]*+)"]	daylight
en_Shaw	0	0	1	//ldml/dates/timeZoneNames/zone[@type="([^"]*+)"]/long/standard	Etc/UTC
en_Shaw	0	0	1	//ldml/dates/timeZoneNames/zone[@type="([^"]*+)"]/short/standard	Etc/UTC
en_Shaw	0	0	1	//ldml/delimiters/alternateQuotationEnd	
en_Shaw	0	0	1	//ldml/delimiters/alternateQuotationStart	
en_Shaw	0	0	1	//ldml/delimiters/quotationEnd	
en_Shaw	0	0	1	//ldml/delimiters/quotationStart	
en_Shaw	0	0	3	//ldml/localeDisplayNames/codePatterns/codePattern[@type="([^"]*+)"]	language; script; territory
en_Shaw	0	0	1	//ldml/localeDisplayNames/languages/language[@type="([^"]*+)"]	en
en_Shaw	0	0	1	//ldml/localeDisplayNames/localeDisplayPattern/localePattern	
en_Shaw	0	0	1	//ldml/localeDisplayNames/localeDisplayPattern/localeSeparator	
en_Shaw	0	0	3	//ldml/localeDisplayNames/measurementSystemNames/measurementSystemName[@type="([^"]*+)"]	UK; US; metric
en_Shaw	2	0	1	//ldml/localeDisplayNames/scripts/script[@type="([^"]*+)"]	Dsrt; Latn; Shaw
en_Shaw	37	0	85	//ldml/localeDisplayNames/territories/territory[@type="([^"]*+)"]	AE; AG; AI; AS; AT; AU; BB; BE; BI; BM; BS; BW; BZ; CA; CC; CH; CK; CM; CX; CY; CZ; DE; DG; DK; DM; EE; ER; ES; FI; FJ; FK; FM; FR; GB; GD; GE; GG; GH; GI; GM; GS; GU; GY; HK; HU; ID; IE; IL; IM; IN; IO; IT; JE; JM; JP; KE; KI; KN; KY; LC; LR; LS; LT; LV; MG; MH; MO; MP; MS; MT; MU; MV; MW; MY; NA; NF; NG; NL; NO; NR; NU; NZ; PG; PH; PK; PL; PN; PR; PT; PW; RO; RW; SB; SC; SD; SE; SG; SH; SI; SK; SL; SS; SX; SZ; TC; TK; TO; TT; TV; TZ; UA; UG; UM; US; VC; VG; VI; VU; WS; ZA; ZM; ZW
en_Shaw	2	0	0	//ldml/localeDisplayNames/territories/territory[@type="([^"]*+)"][@alt="([^"]*+)"]	IO, biot; IO, chagos
en_Shaw	0	0	1	//ldml/numbers/currencyFormats[@numberSystem="([^"]*+)"]/currencyFormatLength/currencyFormat[@type="([^"]*+)"]/pattern[@type="([^"]*+)"]	latn
en_Shaw	0	0	1	//ldml/numbers/decimalFormats[@numberSystem="([^"]*+)"]/decimalFormatLength/decimalFormat[@type="([^"]*+)"]/pattern[@type="([^"]*+)"]	latn
en_Shaw	0	0	1	//ldml/numbers/defaultNumberingSystem	
en_Shaw	0	0	1	//ldml/numbers/otherNumberingSystems/native	
en_Shaw	0	0	1	//ldml/numbers/percentFormats[@numberSystem="([^"]*+)"]/percentFormatLength/percentFormat[@type="([^"]*+)"]/pattern[@type="([^"]*+)"]	latn
en_Shaw	0	0	1	//ldml/numbers/scientificFormats[@numberSystem="([^"]*+)"]/scientificFormatLength/scientificFormat[@type="([^"]*+)"]/pattern[@type="([^"]*+)"]	latn
en_Shaw	0	0	1	//ldml/numbers/symbols[@numberSystem="([^"]*+)"]/decimal	latn
en_Shaw	0	0	1	//ldml/numbers/symbols[@numberSystem="([^"]*+)"]/group	latn
en_Shaw	0	0	1	//ldml/numbers/symbols[@numberSystem="([^"]*+)"]/minusSign	latn
en_Shaw	0	0	1	//ldml/numbers/symbols[@numberSystem="([^"]*+)"]/percentSign	latn
en_Shaw	0	0	1	//ldml/numbers/symbols[@numberSystem="([^"]*+)"]/plusSign	latn
en_Shaw	44	0	126	Totals	
					
eo	2	0	0	//ldml/dates/calendars/calendar[@type="([^"]*+)"]/dateTimeFormats/availableFormats/dateFormatItem[@id="([^"]*+)"]	gregorian, yMMMMEd; gregorian, yMMMMd
eo	1	0	0	//ldml/dates/timeZoneNames/gmtFormat[@alt="([^"]*+)"]	utc
eo	1	0	0	//ldml/dates/timeZoneNames/zone[@type="([^"]*+)"]/short/standard	Etc/UTC
eo	4	0	0	Totals	
					
ewo	4	0	0	//ldml/dates/calendars/calendar[@type="([^"]*+)"]/dateTimeFormats/availableFormats/dateFormatItem[@id="([^"]*+)"]	gregorian, Hmsv; gregorian, hmsv; gregorian, yMMMMEd; gregorian, yMMMMd
ewo	1	0	0	//ldml/dates/calendars/calendar[@type="([^"]*+)"]/dateTimeFormats/intervalFormats/intervalFormatFallback	gregorian
ewo	1	0	0	//ldml/dates/timeZoneNames/fallbackFormat	
ewo	1	0	0	//ldml/dates/timeZoneNames/gmtFormat	
ewo	1	0	0	//ldml/dates/timeZoneNames/gmtFormat[@alt="([^"]*+)"]	utc
ewo	1	0	0	//ldml/dates/timeZoneNames/hourFormat	
ewo	1	0	0	//ldml/dates/timeZoneNames/metazone[@type="([^"]*+)"]/long/standard	GMT
ewo	1	0	0	//ldml/dates/timeZoneNames/regionFormat	
ewo	2	0	0	//ldml/dates/timeZoneNames/regionFormat[@type="([^"]*+)"]	daylight
ewo	1	0	0	//ldml/dates/timeZoneNames/zone[@type="([^"]*+)"]/long/standard	Etc/UTC
ewo	1	0	0	//ldml/dates/timeZoneNames/zone[@type="([^"]*+)"]/short/standard	Etc/UTC
ewo	3	0	0	//ldml/localeDisplayNames/codePatterns/codePattern[@type="([^"]*+)"]	language; script; territory
ewo	1	0	0	//ldml/localeDisplayNames/localeDisplayPattern/localePattern	
ewo	1	0	0	//ldml/localeDisplayNames/localeDisplayPattern/localeSeparator	
ewo	3	0	0	//ldml/localeDisplayNames/measurementSystemNames/measurementSystemName[@type="([^"]*+)"]	UK; US; metric
ewo	1	0	0	//ldml/localeDisplayNames/scripts/script[@type="([^"]*+)"]	Latn
ewo	1	0	0	//ldml/numbers/scientificFormats[@numberSystem="([^"]*+)"]/scientificFormatLength/scientificFormat[@type="([^"]*+)"]/pattern[@type="([^"]*+)"]	latn
ewo	1	0	0	//ldml/numbers/symbols[@numberSystem="([^"]*+)"]/minusSign	latn
ewo	1	0	0	//ldml/numbers/symbols[@numberSystem="([^"]*+)"]/percentSign	latn
ewo	1	0	0	//ldml/numbers/symbols[@numberSystem="([^"]*+)"]/plusSign	latn
ewo	28	0	0	Totals	
					
ff	9	0	0	//ldml/dates/calendars/calendar[@type="([^"]*+)"]/dateTimeFormats/availableFormats/dateFormatItem[@id="([^"]*+)"]	gregorian, Hm; gregorian, Hms; gregorian, Hmsv; gregorian, hm; gregorian, hms; gregorian, hmsv; gregorian, yMMMMEd; gregorian, yMMMMd; gregorian, yMd
ff	1	0	0	//ldml/dates/calendars/calendar[@type="([^"]*+)"]/dateTimeFormats/intervalFormats/intervalFormatFallback	gregorian
ff	1	0	0	//ldml/dates/timeZoneNames/fallbackFormat	
ff	1	0	0	//ldml/dates/timeZoneNames/gmtFormat	
ff	1	0	0	//ldml/dates/timeZoneNames/gmtFormat[@alt="([^"]*+)"]	utc
ff	1	0	0	//ldml/dates/timeZoneNames/hourFormat	
ff	1	0	0	//ldml/dates/timeZoneNames/metazone[@type="([^"]*+)"]/long/standard	GMT
ff	1	0	0	//ldml/dates/timeZoneNames/regionFormat	
ff	2	0	0	//ldml/dates/timeZoneNames/regionFormat[@type="([^"]*+)"]	daylight
ff	1	0	0	//ldml/dates/timeZoneNames/zone[@type="([^"]*+)"]/long/standard	Etc/UTC
ff	1	0	0	//ldml/dates/timeZoneNames/zone[@type="([^"]*+)"]/short/standard	Etc/UTC
ff	3	0	0	//ldml/localeDisplayNames/codePatterns/codePattern[@type="([^"]*+)"]	language; script; territory
ff	1	0	0	//ldml/localeDisplayNames/localeDisplayPattern/localePattern	
ff	1	0	0	//ldml/localeDisplayNames/localeDisplayPattern/localeSeparator	
ff	3	0	0	//ldml/localeDisplayNames/measurementSystemNames/measurementSystemName[@type="([^"]*+)"]	UK; US; metric
ff	2	0	0	//ldml/localeDisplayNames/scripts/script[@type="([^"]*+)"]	Adlm; Latn
ff	1	0	0	//ldml/numbers/currencyFormats[@numberSystem="([^"]*+)"]/currencyFormatLength/currencyFormat[@type="([^"]*+)"]/pattern[@type="([^"]*+)"]	adlm
ff	2	0	0	//ldml/numbers/decimalFormats[@numberSystem="([^"]*+)"]/decimalFormatLength/decimalFormat[@type="([^"]*+)"]/pattern[@type="([^"]*+)"]	adlm; latn
ff	2	0	0	//ldml/numbers/percentFormats[@numberSystem="([^"]*+)"]/percentFormatLength/percentFormat[@type="([^"]*+)"]/pattern[@type="([^"]*+)"]	adlm; latn
ff	2	0	0	//ldml/numbers/scientificFormats[@numberSystem="([^"]*+)"]/scientificFormatLength/scientificFormat[@type="([^"]*+)"]/pattern[@type="([^"]*+)"]	adlm; latn
ff	1	0	0	//ldml/numbers/symbols[@numberSystem="([^"]*+)"]/decimal	adlm
ff	1	0	0	//ldml/numbers/symbols[@numberSystem="([^"]*+)"]/group	adlm
ff	2	0	0	//ldml/numbers/symbols[@numberSystem="([^"]*+)"]/minusSign	adlm; latn
ff	2	0	0	//ldml/numbers/symbols[@numberSystem="([^"]*+)"]/percentSign	adlm; latn
ff	2	0	0	//ldml/numbers/symbols[@numberSystem="([^"]*+)"]/plusSign	adlm; latn
ff	45	0	0	Totals	
					
ff_Adlm	2	0	0	//ldml/dates/calendars/calendar[@type="([^"]*+)"]/dateTimeFormats/availableFormats/dateFormatItem[@id="([^"]*+)"]	gregorian, yMMMMEd; gregorian, yMMMMd
ff_Adlm	1	0	0	//ldml/dates/timeZoneNames/gmtFormat[@alt="([^"]*+)"]	utc
ff_Adlm	3	0	0	Totals	
					
fo	2	0	0	//ldml/dates/calendars/calendar[@type="([^"]*+)"]/dateTimeFormats/availableFormats/dateFormatItem[@id="([^"]*+)"]	gregorian, yMMMMEd; gregorian, yMMMMd
fo	1	0	0	//ldml/dates/timeZoneNames/gmtFormat[@alt="([^"]*+)"]	utc
fo	1	0	0	//ldml/dates/timeZoneNames/zone[@type="([^"]*+)"]/short/standard	Etc/UTC
fo	4	0	0	Totals	
					
frr	2	0	8	//ldml/dates/calendars/calendar[@type="([^"]*+)"]/dateTimeFormats/availableFormats/dateFormatItem[@id="([^"]*+)"]	gregorian, Hm; gregorian, Hms; gregorian, Hmsv; gregorian, hm; gregorian, hms; gregorian, hmsv; gregorian, yMMMMEd; gregorian, yMMMMd; gregorian, yMMMd; gregorian, yMd
frr	0	0	1	//ldml/dates/calendars/calendar[@type="([^"]*+)"]/dateTimeFormats/intervalFormats/intervalFormatFallback	gregorian
frr	0	0	2	//ldml/dates/calendars/calendar[@type="([^"]*+)"]/dayPeriods/dayPeriodContext[@type="([^"]*+)"]/dayPeriodWidth[@type="([^"]*+)"]/dayPeriod[@type="([^"]*+)"]	gregorian, format, wide, am; gregorian, format, wide, pm
frr	0	0	7	//ldml/dates/calendars/calendar[@type="([^"]*+)"]/days/dayContext[@type="([^"]*+)"]/dayWidth[@type="([^"]*+)"]/day[@type="([^"]*+)"]	gregorian, format, wide, fri; gregorian, format, wide, mon; gregorian, format, wide, sat; gregorian, format, wide, sun; gregorian, format, wide, thu; gregorian, format, wide, tue; gregorian, format, wide, wed
frr	0	0	12	//ldml/dates/calendars/calendar[@type="([^"]*+)"]/months/monthContext[@type="([^"]*+)"]/monthWidth[@type="([^"]*+)"]/month[@type="([^"]*+)"]	gregorian, format, wide, 1; gregorian, format, wide, 10; gregorian, format, wide, 11; gregorian, format, wide, 12; gregorian, format, wide, 2; gregorian, format, wide, 3; gregorian, format, wide, 4; gregorian, format, wide, 5; gregorian, format, wide, 6; gregorian, format, wide, 7; gregorian, format, wide, 8; gregorian, format, wide, 9
frr	0	0	1	//ldml/dates/timeZoneNames/fallbackFormat	
frr	0	0	1	//ldml/dates/timeZoneNames/gmtFormat	
frr	1	0	0	//ldml/dates/timeZoneNames/gmtFormat[@alt="([^"]*+)"]	utc
frr	0	0	1	//ldml/dates/timeZoneNames/hourFormat	
frr	0	0	1	//ldml/dates/timeZoneNames/metazone[@type="([^"]*+)"]/long/standard	GMT
frr	0	0	1	//ldml/dates/timeZoneNames/regionFormat	
frr	0	0	2	//ldml/dates/timeZoneNames/regionFormat[@type="([^"]*+)"]	daylight
frr	0	0	1	//ldml/dates/timeZoneNames/zone[@type="([^"]*+)"]/long/standard	Etc/UTC
frr	0	0	1	//ldml/dates/timeZoneNames/zone[@type="([^"]*+)"]/short/standard	Etc/UTC
frr	0	0	1	//ldml/delimiters/alternateQuotationEnd	
frr	0	0	1	//ldml/delimiters/alternateQuotationStart	
frr	0	0	1	//ldml/delimiters/quotationEnd	
frr	0	0	1	//ldml/delimiters/quotationStart	
frr	0	0	3	//ldml/localeDisplayNames/codePatterns/codePattern[@type="([^"]*+)"]	language; script; territory
frr	0	0	1	//ldml/localeDisplayNames/languages/language[@type="([^"]*+)"]	en
frr	0	0	1	//ldml/localeDisplayNames/localeDisplayPattern/localePattern	
frr	0	0	1	//ldml/localeDisplayNames/localeDisplayPattern/localeSeparator	
frr	0	0	3	//ldml/localeDisplayNames/measurementSystemNames/measurementSystemName[@type="([^"]*+)"]	UK; US; metric
frr	0	0	1	//ldml/localeDisplayNames/scripts/script[@type="([^"]*+)"]	Latn
frr	0	0	1	//ldml/localeDisplayNames/territories/territory[@type="([^"]*+)"]	DE
frr	0	0	1	//ldml/numbers/currencyFormats[@numberSystem="([^"]*+)"]/currencyFormatLength/currencyFormat[@type="([^"]*+)"]/pattern[@type="([^"]*+)"]	latn
frr	0	0	1	//ldml/numbers/decimalFormats[@numberSystem="([^"]*+)"]/decimalFormatLength/decimalFormat[@type="([^"]*+)"]/pattern[@type="([^"]*+)"]	latn
frr	0	0	1	//ldml/numbers/defaultNumberingSystem	
frr	0	0	1	//ldml/numbers/otherNumberingSystems/native	
frr	0	0	1	//ldml/numbers/percentFormats[@numberSystem="([^"]*+)"]/percentFormatLength/percentFormat[@type="([^"]*+)"]/pattern[@type="([^"]*+)"]	latn
frr	0	0	1	//ldml/numbers/scientificFormats[@numberSystem="([^"]*+)"]/scientificFormatLength/scientificFormat[@type="([^"]*+)"]/pattern[@type="([^"]*+)"]	latn
frr	0	0	1	//ldml/numbers/symbols[@numberSystem="([^"]*+)"]/decimal	latn
frr	0	0	1	//ldml/numbers/symbols[@numberSystem="([^"]*+)"]/group	latn
frr	0	0	1	//ldml/numbers/symbols[@numberSystem="([^"]*+)"]/minusSign	latn
frr	0	0	1	//ldml/numbers/symbols[@numberSystem="([^"]*+)"]/percentSign	latn
frr	0	0	1	//ldml/numbers/symbols[@numberSystem="([^"]*+)"]/plusSign	latn
frr	3	0	65	Totals	
					
fur	9	0	0	//ldml/dates/calendars/calendar[@type="([^"]*+)"]/dateTimeFormats/availableFormats/dateFormatItem[@id="([^"]*+)"]	gregorian, Hms; gregorian, Hmsv; gregorian, hm; gregorian, hms; gregorian, hmsv; gregorian, yMMMMEd; gregorian, yMMMMd; gregorian, yMMMd; gregorian, yMd
fur	1	0	0	//ldml/dates/timeZoneNames/gmtFormat[@alt="([^"]*+)"]	utc
fur	1	0	0	//ldml/dates/timeZoneNames/metazone[@type="([^"]*+)"]/long/standard	GMT
fur	1	0	0	//ldml/dates/timeZoneNames/regionFormat	
fur	2	0	0	//ldml/dates/timeZoneNames/regionFormat[@type="([^"]*+)"]	daylight
fur	1	0	0	//ldml/dates/timeZoneNames/zone[@type="([^"]*+)"]/long/standard	Etc/UTC
fur	1	0	0	//ldml/dates/timeZoneNames/zone[@type="([^"]*+)"]/short/standard	Etc/UTC
fur	0	0	1	//ldml/numbers/defaultNumberingSystem	
fur	0	0	1	//ldml/numbers/otherNumberingSystems/native	
fur	16	0	2	Totals	
					
fy	2	0	0	//ldml/dates/calendars/calendar[@type="([^"]*+)"]/dateTimeFormats/availableFormats/dateFormatItem[@id="([^"]*+)"]	gregorian, yMMMMEd; gregorian, yMMMMd
fy	1	0	0	//ldml/dates/timeZoneNames/gmtFormat[@alt="([^"]*+)"]	utc
fy	0	0	1	//ldml/dates/timeZoneNames/zone[@type="([^"]*+)"]/long/standard	Etc/UTC
fy	1	0	0	//ldml/dates/timeZoneNames/zone[@type="([^"]*+)"]/short/standard	Etc/UTC
fy	4	0	1	Totals	
					
gez	10	0	0	//ldml/dates/calendars/calendar[@type="([^"]*+)"]/dateTimeFormats/availableFormats/dateFormatItem[@id="([^"]*+)"]	gregorian, Hm; gregorian, Hms; gregorian, Hmsv; gregorian, hm; gregorian, hms; gregorian, hmsv; gregorian, yMMMMEd; gregorian, yMMMMd; gregorian, yMMMd; gregorian, yMd
gez	1	0	0	//ldml/dates/calendars/calendar[@type="([^"]*+)"]/dateTimeFormats/intervalFormats/intervalFormatFallback	gregorian
gez	0	0	2	//ldml/dates/calendars/calendar[@type="([^"]*+)"]/dayPeriods/dayPeriodContext[@type="([^"]*+)"]/dayPeriodWidth[@type="([^"]*+)"]/dayPeriod[@type="([^"]*+)"]	gregorian, format, wide, am; gregorian, format, wide, pm
gez	0	0	7	//ldml/dates/calendars/calendar[@type="([^"]*+)"]/days/dayContext[@type="([^"]*+)"]/dayWidth[@type="([^"]*+)"]/day[@type="([^"]*+)"]	gregorian, format, wide, fri; gregorian, format, wide, mon; gregorian, format, wide, sat; gregorian, format, wide, sun; gregorian, format, wide, thu; gregorian, format, wide, tue; gregorian, format, wide, wed
gez	0	0	12	//ldml/dates/calendars/calendar[@type="([^"]*+)"]/months/monthContext[@type="([^"]*+)"]/monthWidth[@type="([^"]*+)"]/month[@type="([^"]*+)"]	gregorian, format, wide, 1; gregorian, format, wide, 10; gregorian, format, wide, 11; gregorian, format, wide, 12; gregorian, format, wide, 2; gregorian, format, wide, 3; gregorian, format, wide, 4; gregorian, format, wide, 5; gregorian, format, wide, 6; gregorian, format, wide, 7; gregorian, format, wide, 8; gregorian, format, wide, 9
gez	1	0	0	//ldml/dates/timeZoneNames/fallbackFormat	
gez	1	0	0	//ldml/dates/timeZoneNames/gmtFormat	
gez	1	0	0	//ldml/dates/timeZoneNames/gmtFormat[@alt="([^"]*+)"]	utc
gez	1	0	0	//ldml/dates/timeZoneNames/hourFormat	
gez	1	0	0	//ldml/dates/timeZoneNames/metazone[@type="([^"]*+)"]/long/standard	GMT
gez	1	0	0	//ldml/dates/timeZoneNames/regionFormat	
gez	2	0	0	//ldml/dates/timeZoneNames/regionFormat[@type="([^"]*+)"]	daylight
gez	1	0	0	//ldml/dates/timeZoneNames/zone[@type="([^"]*+)"]/long/standard	Etc/UTC
gez	1	0	0	//ldml/dates/timeZoneNames/zone[@type="([^"]*+)"]/short/standard	Etc/UTC
gez	1	0	0	//ldml/delimiters/alternateQuotationEnd	
gez	1	0	0	//ldml/delimiters/alternateQuotationStart	
gez	1	0	0	//ldml/delimiters/quotationEnd	
gez	1	0	0	//ldml/delimiters/quotationStart	
gez	3	0	0	//ldml/localeDisplayNames/codePatterns/codePattern[@type="([^"]*+)"]	language; script; territory
gez	0	0	2	//ldml/localeDisplayNames/languages/language[@type="([^"]*+)"]	en; gez
gez	1	0	0	//ldml/localeDisplayNames/localeDisplayPattern/localePattern	
gez	1	0	0	//ldml/localeDisplayNames/localeDisplayPattern/localeSeparator	
gez	3	0	0	//ldml/localeDisplayNames/measurementSystemNames/measurementSystemName[@type="([^"]*+)"]	UK; US; metric
gez	1	0	0	//ldml/localeDisplayNames/scripts/script[@type="([^"]*+)"]	Ethi
gez	0	0	2	//ldml/localeDisplayNames/territories/territory[@type="([^"]*+)"]	ER; ET
gez	0	0	1	//ldml/numbers/currencyFormats[@numberSystem="([^"]*+)"]/currencyFormatLength/currencyFormat[@type="([^"]*+)"]/pattern[@type="([^"]*+)"]	latn
gez	1	0	0	//ldml/numbers/decimalFormats[@numberSystem="([^"]*+)"]/decimalFormatLength/decimalFormat[@type="([^"]*+)"]/pattern[@type="([^"]*+)"]	latn
gez	1	0	0	//ldml/numbers/percentFormats[@numberSystem="([^"]*+)"]/percentFormatLength/percentFormat[@type="([^"]*+)"]/pattern[@type="([^"]*+)"]	latn
gez	1	0	0	//ldml/numbers/scientificFormats[@numberSystem="([^"]*+)"]/scientificFormatLength/scientificFormat[@type="([^"]*+)"]/pattern[@type="([^"]*+)"]	latn
gez	1	0	0	//ldml/numbers/symbols[@numberSystem="([^"]*+)"]/decimal	latn
gez	0	0	1	//ldml/numbers/symbols[@numberSystem="([^"]*+)"]/group	latn
gez	1	0	0	//ldml/numbers/symbols[@numberSystem="([^"]*+)"]/minusSign	latn
gez	1	0	0	//ldml/numbers/symbols[@numberSystem="([^"]*+)"]/percentSign	latn
gez	1	0	0	//ldml/numbers/symbols[@numberSystem="([^"]*+)"]/plusSign	latn
gez	41	0	27	Totals	
					
gn	10	0	0	//ldml/dates/calendars/calendar[@type="([^"]*+)"]/dateTimeFormats/availableFormats/dateFormatItem[@id="([^"]*+)"]	gregorian, Hm; gregorian, Hms; gregorian, Hmsv; gregorian, hm; gregorian, hms; gregorian, hmsv; gregorian, yMMMMEd; gregorian, yMMMMd; gregorian, yMMMd; gregorian, yMd
gn	1	0	0	//ldml/dates/calendars/calendar[@type="([^"]*+)"]/dateTimeFormats/intervalFormats/intervalFormatFallback	gregorian
gn	2	0	0	//ldml/dates/calendars/calendar[@type="([^"]*+)"]/dayPeriods/dayPeriodContext[@type="([^"]*+)"]/dayPeriodWidth[@type="([^"]*+)"]/dayPeriod[@type="([^"]*+)"]	gregorian, format, wide, am; gregorian, format, wide, pm
gn	1	0	0	//ldml/dates/timeZoneNames/fallbackFormat	
gn	1	0	0	//ldml/dates/timeZoneNames/gmtFormat	
gn	1	0	0	//ldml/dates/timeZoneNames/gmtFormat[@alt="([^"]*+)"]	utc
gn	1	0	0	//ldml/dates/timeZoneNames/hourFormat	
gn	1	0	0	//ldml/dates/timeZoneNames/metazone[@type="([^"]*+)"]/long/standard	GMT
gn	1	0	0	//ldml/dates/timeZoneNames/regionFormat	
gn	2	0	0	//ldml/dates/timeZoneNames/regionFormat[@type="([^"]*+)"]	daylight
gn	1	0	0	//ldml/dates/timeZoneNames/zone[@type="([^"]*+)"]/long/standard	Etc/UTC
gn	1	0	0	//ldml/dates/timeZoneNames/zone[@type="([^"]*+)"]/short/standard	Etc/UTC
gn	1	0	0	//ldml/delimiters/alternateQuotationEnd	
gn	1	0	0	//ldml/delimiters/alternateQuotationStart	
gn	1	0	0	//ldml/delimiters/quotationEnd	
gn	1	0	0	//ldml/delimiters/quotationStart	
gn	3	0	0	//ldml/localeDisplayNames/codePatterns/codePattern[@type="([^"]*+)"]	language; script; territory
gn	1	0	0	//ldml/localeDisplayNames/languages/language[@type="([^"]*+)"]	en
gn	1	0	0	//ldml/localeDisplayNames/localeDisplayPattern/localePattern	
gn	1	0	0	//ldml/localeDisplayNames/localeDisplayPattern/localeSeparator	
gn	3	0	0	//ldml/localeDisplayNames/measurementSystemNames/measurementSystemName[@type="([^"]*+)"]	UK; US; metric
gn	1	0	0	//ldml/localeDisplayNames/scripts/script[@type="([^"]*+)"]	Latn
gn	0	0	1	//ldml/localeDisplayNames/territories/territory[@type="([^"]*+)"]	PY
gn	1	0	0	//ldml/numbers/currencyFormats[@numberSystem="([^"]*+)"]/currencyFormatLength/currencyFormat[@type="([^"]*+)"]/pattern[@type="([^"]*+)"]	latn
gn	1	0	0	//ldml/numbers/decimalFormats[@numberSystem="([^"]*+)"]/decimalFormatLength/decimalFormat[@type="([^"]*+)"]/pattern[@type="([^"]*+)"]	latn
gn	1	0	0	//ldml/numbers/percentFormats[@numberSystem="([^"]*+)"]/percentFormatLength/percentFormat[@type="([^"]*+)"]/pattern[@type="([^"]*+)"]	latn
gn	1	0	0	//ldml/numbers/scientificFormats[@numberSystem="([^"]*+)"]/scientificFormatLength/scientificFormat[@type="([^"]*+)"]/pattern[@type="([^"]*+)"]	latn
gn	0	0	1	//ldml/numbers/symbols[@numberSystem="([^"]*+)"]/decimal	latn
gn	0	0	1	//ldml/numbers/symbols[@numberSystem="([^"]*+)"]/group	latn
gn	1	0	0	//ldml/numbers/symbols[@numberSystem="([^"]*+)"]/minusSign	latn
gn	1	0	0	//ldml/numbers/symbols[@numberSystem="([^"]*+)"]/percentSign	latn
gn	1	0	0	//ldml/numbers/symbols[@numberSystem="([^"]*+)"]/plusSign	latn
gn	44	0	3	Totals	
					
gsw	8	0	0	//ldml/dates/calendars/calendar[@type="([^"]*+)"]/dateTimeFormats/availableFormats/dateFormatItem[@id="([^"]*+)"]	gregorian, Hmsv; gregorian, hm; gregorian, hms; gregorian, hmsv; gregorian, yMMMMEd; gregorian, yMMMMd; gregorian, yMMMd; gregorian, yMd
gsw	1	0	0	//ldml/dates/timeZoneNames/gmtFormat[@alt="([^"]*+)"]	utc
gsw	1	0	0	//ldml/dates/timeZoneNames/metazone[@type="([^"]*+)"]/long/standard	GMT
gsw	1	0	0	//ldml/dates/timeZoneNames/regionFormat	
gsw	2	0	0	//ldml/dates/timeZoneNames/regionFormat[@type="([^"]*+)"]	daylight
gsw	1	0	0	//ldml/dates/timeZoneNames/zone[@type="([^"]*+)"]/long/standard	Etc/UTC
gsw	1	0	0	//ldml/dates/timeZoneNames/zone[@type="([^"]*+)"]/short/standard	Etc/UTC
gsw	1	0	0	//ldml/localeDisplayNames/measurementSystemNames/measurementSystemName[@type="([^"]*+)"]	UK
gsw	16	0	0	Totals	
					
guz	7	0	0	//ldml/dates/calendars/calendar[@type="([^"]*+)"]/dateTimeFormats/availableFormats/dateFormatItem[@id="([^"]*+)"]	gregorian, Hmsv; gregorian, hms; gregorian, hmsv; gregorian, yMMMMEd; gregorian, yMMMMd; gregorian, yMMMd; gregorian, yMd
guz	1	0	0	//ldml/dates/calendars/calendar[@type="([^"]*+)"]/dateTimeFormats/intervalFormats/intervalFormatFallback	gregorian
guz	1	0	0	//ldml/dates/timeZoneNames/fallbackFormat	
guz	1	0	0	//ldml/dates/timeZoneNames/gmtFormat	
guz	1	0	0	//ldml/dates/timeZoneNames/gmtFormat[@alt="([^"]*+)"]	utc
guz	1	0	0	//ldml/dates/timeZoneNames/hourFormat	
guz	1	0	0	//ldml/dates/timeZoneNames/metazone[@type="([^"]*+)"]/long/standard	GMT
guz	1	0	0	//ldml/dates/timeZoneNames/regionFormat	
guz	2	0	0	//ldml/dates/timeZoneNames/regionFormat[@type="([^"]*+)"]	daylight
guz	1	0	0	//ldml/dates/timeZoneNames/zone[@type="([^"]*+)"]/long/standard	Etc/UTC
guz	1	0	0	//ldml/dates/timeZoneNames/zone[@type="([^"]*+)"]/short/standard	Etc/UTC
guz	3	0	0	//ldml/localeDisplayNames/codePatterns/codePattern[@type="([^"]*+)"]	language; script; territory
guz	1	0	0	//ldml/localeDisplayNames/localeDisplayPattern/localePattern	
guz	1	0	0	//ldml/localeDisplayNames/localeDisplayPattern/localeSeparator	
guz	3	0	0	//ldml/localeDisplayNames/measurementSystemNames/measurementSystemName[@type="([^"]*+)"]	UK; US; metric
guz	1	0	0	//ldml/localeDisplayNames/scripts/script[@type="([^"]*+)"]	Latn
guz	1	0	0	//ldml/numbers/decimalFormats[@numberSystem="([^"]*+)"]/decimalFormatLength/decimalFormat[@type="([^"]*+)"]/pattern[@type="([^"]*+)"]	latn
guz	1	0	0	//ldml/numbers/percentFormats[@numberSystem="([^"]*+)"]/percentFormatLength/percentFormat[@type="([^"]*+)"]/pattern[@type="([^"]*+)"]	latn
guz	1	0	0	//ldml/numbers/scientificFormats[@numberSystem="([^"]*+)"]/scientificFormatLength/scientificFormat[@type="([^"]*+)"]/pattern[@type="([^"]*+)"]	latn
guz	1	0	0	//ldml/numbers/symbols[@numberSystem="([^"]*+)"]/decimal	latn
guz	1	0	0	//ldml/numbers/symbols[@numberSystem="([^"]*+)"]/group	latn
guz	1	0	0	//ldml/numbers/symbols[@numberSystem="([^"]*+)"]/minusSign	latn
guz	1	0	0	//ldml/numbers/symbols[@numberSystem="([^"]*+)"]/percentSign	latn
guz	1	0	0	//ldml/numbers/symbols[@numberSystem="([^"]*+)"]/plusSign	latn
guz	35	0	0	Totals	
					
gv	10	0	0	//ldml/dates/calendars/calendar[@type="([^"]*+)"]/dateTimeFormats/availableFormats/dateFormatItem[@id="([^"]*+)"]	gregorian, Hm; gregorian, Hms; gregorian, Hmsv; gregorian, hm; gregorian, hms; gregorian, hmsv; gregorian, yMMMMEd; gregorian, yMMMMd; gregorian, yMMMd; gregorian, yMd
gv	1	0	0	//ldml/dates/calendars/calendar[@type="([^"]*+)"]/dateTimeFormats/intervalFormats/intervalFormatFallback	gregorian
gv	1	0	0	//ldml/dates/timeZoneNames/fallbackFormat	
gv	1	0	0	//ldml/dates/timeZoneNames/gmtFormat	
gv	1	0	0	//ldml/dates/timeZoneNames/gmtFormat[@alt="([^"]*+)"]	utc
gv	1	0	0	//ldml/dates/timeZoneNames/hourFormat	
gv	1	0	0	//ldml/dates/timeZoneNames/metazone[@type="([^"]*+)"]/long/standard	GMT
gv	1	0	0	//ldml/dates/timeZoneNames/regionFormat	
gv	2	0	0	//ldml/dates/timeZoneNames/regionFormat[@type="([^"]*+)"]	daylight
gv	1	0	0	//ldml/dates/timeZoneNames/zone[@type="([^"]*+)"]/long/standard	Etc/UTC
gv	1	0	0	//ldml/dates/timeZoneNames/zone[@type="([^"]*+)"]/short/standard	Etc/UTC
gv	1	0	0	//ldml/delimiters/alternateQuotationEnd	
gv	1	0	0	//ldml/delimiters/alternateQuotationStart	
gv	1	0	0	//ldml/delimiters/quotationEnd	
gv	1	0	0	//ldml/delimiters/quotationStart	
gv	3	0	0	//ldml/localeDisplayNames/codePatterns/codePattern[@type="([^"]*+)"]	language; script; territory
gv	1	0	0	//ldml/localeDisplayNames/languages/language[@type="([^"]*+)"]	en
gv	1	0	0	//ldml/localeDisplayNames/localeDisplayPattern/localePattern	
gv	1	0	0	//ldml/localeDisplayNames/localeDisplayPattern/localeSeparator	
gv	3	0	0	//ldml/localeDisplayNames/measurementSystemNames/measurementSystemName[@type="([^"]*+)"]	UK; US; metric
gv	1	0	0	//ldml/localeDisplayNames/scripts/script[@type="([^"]*+)"]	Latn
gv	1	0	0	//ldml/numbers/decimalFormats[@numberSystem="([^"]*+)"]/decimalFormatLength/decimalFormat[@type="([^"]*+)"]/pattern[@type="([^"]*+)"]	latn
gv	1	0	0	//ldml/numbers/percentFormats[@numberSystem="([^"]*+)"]/percentFormatLength/percentFormat[@type="([^"]*+)"]/pattern[@type="([^"]*+)"]	latn
gv	1	0	0	//ldml/numbers/scientificFormats[@numberSystem="([^"]*+)"]/scientificFormatLength/scientificFormat[@type="([^"]*+)"]/pattern[@type="([^"]*+)"]	latn
gv	1	0	0	//ldml/numbers/symbols[@numberSystem="([^"]*+)"]/decimal	latn
gv	1	0	0	//ldml/numbers/symbols[@numberSystem="([^"]*+)"]/group	latn
gv	1	0	0	//ldml/numbers/symbols[@numberSystem="([^"]*+)"]/minusSign	latn
gv	1	0	0	//ldml/numbers/symbols[@numberSystem="([^"]*+)"]/percentSign	latn
gv	1	0	0	//ldml/numbers/symbols[@numberSystem="([^"]*+)"]/plusSign	latn
gv	43	0	0	Totals	
					
ha_Arab	10	0	0	//ldml/dates/calendars/calendar[@type="([^"]*+)"]/dateTimeFormats/availableFormats/dateFormatItem[@id="([^"]*+)"]	gregorian, Hm; gregorian, Hms; gregorian, Hmsv; gregorian, hm; gregorian, hms; gregorian, hmsv; gregorian, yMMMMEd; gregorian, yMMMMd; gregorian, yMMMd; gregorian, yMd
ha_Arab	1	0	0	//ldml/dates/calendars/calendar[@type="([^"]*+)"]/dateTimeFormats/intervalFormats/intervalFormatFallback	gregorian
ha_Arab	0	0	2	//ldml/dates/calendars/calendar[@type="([^"]*+)"]/dayPeriods/dayPeriodContext[@type="([^"]*+)"]/dayPeriodWidth[@type="([^"]*+)"]/dayPeriod[@type="([^"]*+)"]	gregorian, format, wide, am; gregorian, format, wide, pm
ha_Arab	0	0	7	//ldml/dates/calendars/calendar[@type="([^"]*+)"]/days/dayContext[@type="([^"]*+)"]/dayWidth[@type="([^"]*+)"]/day[@type="([^"]*+)"]	gregorian, format, wide, fri; gregorian, format, wide, mon; gregorian, format, wide, sat; gregorian, format, wide, sun; gregorian, format, wide, thu; gregorian, format, wide, tue; gregorian, format, wide, wed
ha_Arab	0	0	12	//ldml/dates/calendars/calendar[@type="([^"]*+)"]/months/monthContext[@type="([^"]*+)"]/monthWidth[@type="([^"]*+)"]/month[@type="([^"]*+)"]	gregorian, format, wide, 1; gregorian, format, wide, 10; gregorian, format, wide, 11; gregorian, format, wide, 12; gregorian, format, wide, 2; gregorian, format, wide, 3; gregorian, format, wide, 4; gregorian, format, wide, 5; gregorian, format, wide, 6; gregorian, format, wide, 7; gregorian, format, wide, 8; gregorian, format, wide, 9
ha_Arab	1	0	0	//ldml/dates/timeZoneNames/fallbackFormat	
ha_Arab	1	0	0	//ldml/dates/timeZoneNames/gmtFormat	
ha_Arab	1	0	0	//ldml/dates/timeZoneNames/gmtFormat[@alt="([^"]*+)"]	utc
ha_Arab	1	0	0	//ldml/dates/timeZoneNames/hourFormat	
ha_Arab	1	0	0	//ldml/dates/timeZoneNames/metazone[@type="([^"]*+)"]/long/standard	GMT
ha_Arab	1	0	0	//ldml/dates/timeZoneNames/regionFormat	
ha_Arab	2	0	0	//ldml/dates/timeZoneNames/regionFormat[@type="([^"]*+)"]	daylight
ha_Arab	1	0	0	//ldml/dates/timeZoneNames/zone[@type="([^"]*+)"]/long/standard	Etc/UTC
ha_Arab	1	0	0	//ldml/dates/timeZoneNames/zone[@type="([^"]*+)"]/short/standard	Etc/UTC
ha_Arab	1	0	0	//ldml/delimiters/alternateQuotationEnd	
ha_Arab	1	0	0	//ldml/delimiters/alternateQuotationStart	
ha_Arab	1	0	0	//ldml/delimiters/quotationEnd	
ha_Arab	1	0	0	//ldml/delimiters/quotationStart	
ha_Arab	3	0	0	//ldml/localeDisplayNames/codePatterns/codePattern[@type="([^"]*+)"]	language; script; territory
ha_Arab	3	0	0	//ldml/localeDisplayNames/languages/language[@type="([^"]*+)"]	en; ha
ha_Arab	1	0	0	//ldml/localeDisplayNames/localeDisplayPattern/localePattern	
ha_Arab	1	0	0	//ldml/localeDisplayNames/localeDisplayPattern/localeSeparator	
ha_Arab	3	0	0	//ldml/localeDisplayNames/measurementSystemNames/measurementSystemName[@type="([^"]*+)"]	UK; US; metric
ha_Arab	2	0	0	//ldml/localeDisplayNames/scripts/script[@type="([^"]*+)"]	Arab; Latn
ha_Arab	5	0	0	//ldml/localeDisplayNames/territories/territory[@type="([^"]*+)"]	GH; NE; NG; SD
ha_Arab	3	0	0	//ldml/numbers/currencyFormats[@numberSystem="([^"]*+)"]/currencyFormatLength/currencyFormat[@type="([^"]*+)"]/pattern[@type="([^"]*+)"]	arab; arabext; latn
ha_Arab	3	0	0	//ldml/numbers/decimalFormats[@numberSystem="([^"]*+)"]/decimalFormatLength/decimalFormat[@type="([^"]*+)"]/pattern[@type="([^"]*+)"]	arab; arabext; latn
ha_Arab	3	0	0	//ldml/numbers/percentFormats[@numberSystem="([^"]*+)"]/percentFormatLength/percentFormat[@type="([^"]*+)"]/pattern[@type="([^"]*+)"]	arab; arabext; latn
ha_Arab	3	0	0	//ldml/numbers/scientificFormats[@numberSystem="([^"]*+)"]/scientificFormatLength/scientificFormat[@type="([^"]*+)"]/pattern[@type="([^"]*+)"]	arab; arabext; latn
ha_Arab	3	0	0	//ldml/numbers/symbols[@numberSystem="([^"]*+)"]/decimal	arab; arabext; latn
ha_Arab	3	0	0	//ldml/numbers/symbols[@numberSystem="([^"]*+)"]/group	arab; arabext; latn
ha_Arab	3	0	0	//ldml/numbers/symbols[@numberSystem="([^"]*+)"]/minusSign	arab; arabext; latn
ha_Arab	3	0	0	//ldml/numbers/symbols[@numberSystem="([^"]*+)"]/percentSign	arab; arabext; latn
ha_Arab	3	0	0	//ldml/numbers/symbols[@numberSystem="([^"]*+)"]/plusSign	arab; arabext; latn
ha_Arab	70	0	21	Totals	
					
haw	2	0	0	//ldml/dates/calendars/calendar[@type="([^"]*+)"]/dateTimeFormats/availableFormats/dateFormatItem[@id="([^"]*+)"]	gregorian, yMMMMEd; gregorian, yMMMMd
haw	1	0	0	//ldml/dates/timeZoneNames/fallbackFormat	
haw	1	0	0	//ldml/dates/timeZoneNames/gmtFormat	
haw	1	0	0	//ldml/dates/timeZoneNames/gmtFormat[@alt="([^"]*+)"]	utc
haw	1	0	0	//ldml/dates/timeZoneNames/hourFormat	
haw	1	0	0	//ldml/dates/timeZoneNames/metazone[@type="([^"]*+)"]/long/standard	GMT
haw	1	0	0	//ldml/dates/timeZoneNames/regionFormat	
haw	2	0	0	//ldml/dates/timeZoneNames/regionFormat[@type="([^"]*+)"]	daylight
haw	1	0	0	//ldml/dates/timeZoneNames/zone[@type="([^"]*+)"]/long/standard	Etc/UTC
haw	1	0	0	//ldml/dates/timeZoneNames/zone[@type="([^"]*+)"]/short/standard	Etc/UTC
haw	1	0	0	//ldml/delimiters/alternateQuotationEnd	
haw	1	0	0	//ldml/delimiters/alternateQuotationStart	
haw	1	0	0	//ldml/delimiters/quotationEnd	
haw	1	0	0	//ldml/delimiters/quotationStart	
haw	3	0	0	//ldml/localeDisplayNames/codePatterns/codePattern[@type="([^"]*+)"]	language; script; territory
haw	1	0	0	//ldml/localeDisplayNames/localeDisplayPattern/localePattern	
haw	1	0	0	//ldml/localeDisplayNames/localeDisplayPattern/localeSeparator	
haw	1	0	0	//ldml/localeDisplayNames/measurementSystemNames/measurementSystemName[@type="([^"]*+)"]	UK
haw	1	0	0	//ldml/localeDisplayNames/scripts/script[@type="([^"]*+)"]	Latn
haw	23	0	0	Totals	
					
hnj	10	0	0	//ldml/dates/calendars/calendar[@type="([^"]*+)"]/dateTimeFormats/availableFormats/dateFormatItem[@id="([^"]*+)"]	gregorian, Hm; gregorian, Hms; gregorian, Hmsv; gregorian, hm; gregorian, hms; gregorian, hmsv; gregorian, yMMMMEd; gregorian, yMMMMd; gregorian, yMMMd; gregorian, yMd
hnj	1	0	0	//ldml/dates/calendars/calendar[@type="([^"]*+)"]/dateTimeFormats/intervalFormats/intervalFormatFallback	gregorian
hnj	2	0	0	//ldml/dates/calendars/calendar[@type="([^"]*+)"]/dayPeriods/dayPeriodContext[@type="([^"]*+)"]/dayPeriodWidth[@type="([^"]*+)"]/dayPeriod[@type="([^"]*+)"]	gregorian, format, wide, am; gregorian, format, wide, pm
hnj	7	0	0	//ldml/dates/calendars/calendar[@type="([^"]*+)"]/days/dayContext[@type="([^"]*+)"]/dayWidth[@type="([^"]*+)"]/day[@type="([^"]*+)"]	gregorian, format, wide, fri; gregorian, format, wide, mon; gregorian, format, wide, sat; gregorian, format, wide, sun; gregorian, format, wide, thu; gregorian, format, wide, tue; gregorian, format, wide, wed
hnj	1	0	0	//ldml/dates/timeZoneNames/fallbackFormat	
hnj	1	0	0	//ldml/dates/timeZoneNames/gmtFormat	
hnj	1	0	0	//ldml/dates/timeZoneNames/gmtFormat[@alt="([^"]*+)"]	utc
hnj	1	0	0	//ldml/dates/timeZoneNames/hourFormat	
hnj	1	0	0	//ldml/dates/timeZoneNames/metazone[@type="([^"]*+)"]/long/standard	GMT
hnj	1	0	0	//ldml/dates/timeZoneNames/regionFormat	
hnj	2	0	0	//ldml/dates/timeZoneNames/regionFormat[@type="([^"]*+)"]	daylight
hnj	1	0	0	//ldml/dates/timeZoneNames/zone[@type="([^"]*+)"]/long/standard	Etc/UTC
hnj	1	0	0	//ldml/dates/timeZoneNames/zone[@type="([^"]*+)"]/short/standard	Etc/UTC
hnj	1	0	0	//ldml/delimiters/alternateQuotationEnd	
hnj	1	0	0	//ldml/delimiters/alternateQuotationStart	
hnj	1	0	0	//ldml/delimiters/quotationEnd	
hnj	1	0	0	//ldml/delimiters/quotationStart	
hnj	3	0	0	//ldml/localeDisplayNames/codePatterns/codePattern[@type="([^"]*+)"]	language; script; territory
hnj	1	0	0	//ldml/localeDisplayNames/localeDisplayPattern/localePattern	
hnj	1	0	0	//ldml/localeDisplayNames/localeDisplayPattern/localeSeparator	
hnj	3	0	0	//ldml/localeDisplayNames/measurementSystemNames/measurementSystemName[@type="([^"]*+)"]	UK; US; metric
hnj	1	0	1	//ldml/localeDisplayNames/scripts/script[@type="([^"]*+)"]	Hmnp; Laoo
hnj	2	0	0	//ldml/numbers/currencyFormats[@numberSystem="([^"]*+)"]/currencyFormatLength/currencyFormat[@type="([^"]*+)"]/pattern[@type="([^"]*+)"]	hmnp; latn
hnj	2	0	0	//ldml/numbers/decimalFormats[@numberSystem="([^"]*+)"]/decimalFormatLength/decimalFormat[@type="([^"]*+)"]/pattern[@type="([^"]*+)"]	hmnp; latn
hnj	2	0	0	//ldml/numbers/percentFormats[@numberSystem="([^"]*+)"]/percentFormatLength/percentFormat[@type="([^"]*+)"]/pattern[@type="([^"]*+)"]	hmnp; latn
hnj	2	0	0	//ldml/numbers/scientificFormats[@numberSystem="([^"]*+)"]/scientificFormatLength/scientificFormat[@type="([^"]*+)"]/pattern[@type="([^"]*+)"]	hmnp; latn
hnj	2	0	0	//ldml/numbers/symbols[@numberSystem="([^"]*+)"]/decimal	hmnp; latn
hnj	2	0	0	//ldml/numbers/symbols[@numberSystem="([^"]*+)"]/group	hmnp; latn
hnj	2	0	0	//ldml/numbers/symbols[@numberSystem="([^"]*+)"]/minusSign	hmnp; latn
hnj	2	0	0	//ldml/numbers/symbols[@numberSystem="([^"]*+)"]/percentSign	hmnp; latn
hnj	2	0	0	//ldml/numbers/symbols[@numberSystem="([^"]*+)"]/plusSign	hmnp; latn
hnj	61	0	1	Totals	
					
hrx	10	0	0	//ldml/dates/calendars/calendar[@type="([^"]*+)"]/dateTimeFormats/availableFormats/dateFormatItem[@id="([^"]*+)"]	gregorian, Hm; gregorian, Hms; gregorian, Hmsv; gregorian, hm; gregorian, hms; gregorian, hmsv; gregorian, yMMMMEd; gregorian, yMMMMd; gregorian, yMMMd; gregorian, yMd
hrx	1	0	0	//ldml/dates/calendars/calendar[@type="([^"]*+)"]/dateTimeFormats/intervalFormats/intervalFormatFallback	gregorian
hrx	2	0	0	//ldml/dates/calendars/calendar[@type="([^"]*+)"]/dayPeriods/dayPeriodContext[@type="([^"]*+)"]/dayPeriodWidth[@type="([^"]*+)"]/dayPeriod[@type="([^"]*+)"]	gregorian, format, wide, am; gregorian, format, wide, pm
hrx	7	0	0	//ldml/dates/calendars/calendar[@type="([^"]*+)"]/days/dayContext[@type="([^"]*+)"]/dayWidth[@type="([^"]*+)"]/day[@type="([^"]*+)"]	gregorian, format, wide, fri; gregorian, format, wide, mon; gregorian, format, wide, sat; gregorian, format, wide, sun; gregorian, format, wide, thu; gregorian, format, wide, tue; gregorian, format, wide, wed
hrx	12	0	0	//ldml/dates/calendars/calendar[@type="([^"]*+)"]/months/monthContext[@type="([^"]*+)"]/monthWidth[@type="([^"]*+)"]/month[@type="([^"]*+)"]	gregorian, format, wide, 1; gregorian, format, wide, 10; gregorian, format, wide, 11; gregorian, format, wide, 12; gregorian, format, wide, 2; gregorian, format, wide, 3; gregorian, format, wide, 4; gregorian, format, wide, 5; gregorian, format, wide, 6; gregorian, format, wide, 7; gregorian, format, wide, 8; gregorian, format, wide, 9
hrx	1	0	0	//ldml/dates/timeZoneNames/fallbackFormat	
hrx	1	0	0	//ldml/dates/timeZoneNames/gmtFormat	
hrx	1	0	0	//ldml/dates/timeZoneNames/gmtFormat[@alt="([^"]*+)"]	utc
hrx	1	0	0	//ldml/dates/timeZoneNames/hourFormat	
hrx	1	0	0	//ldml/dates/timeZoneNames/metazone[@type="([^"]*+)"]/long/standard	GMT
hrx	1	0	0	//ldml/dates/timeZoneNames/regionFormat	
hrx	2	0	0	//ldml/dates/timeZoneNames/regionFormat[@type="([^"]*+)"]	daylight
hrx	1	0	0	//ldml/dates/timeZoneNames/zone[@type="([^"]*+)"]/long/standard	Etc/UTC
hrx	1	0	0	//ldml/dates/timeZoneNames/zone[@type="([^"]*+)"]/short/standard	Etc/UTC
hrx	1	0	0	//ldml/delimiters/alternateQuotationEnd	
hrx	1	0	0	//ldml/delimiters/alternateQuotationStart	
hrx	1	0	0	//ldml/delimiters/quotationEnd	
hrx	1	0	0	//ldml/delimiters/quotationStart	
hrx	3	0	0	//ldml/localeDisplayNames/codePatterns/codePattern[@type="([^"]*+)"]	language; script; territory
hrx	1	0	0	//ldml/localeDisplayNames/languages/language[@type="([^"]*+)"]	en
hrx	1	0	0	//ldml/localeDisplayNames/localeDisplayPattern/localePattern	
hrx	1	0	0	//ldml/localeDisplayNames/localeDisplayPattern/localeSeparator	
hrx	3	0	0	//ldml/localeDisplayNames/measurementSystemNames/measurementSystemName[@type="([^"]*+)"]	UK; US; metric
hrx	1	0	0	//ldml/localeDisplayNames/scripts/script[@type="([^"]*+)"]	Zzzz
hrx	2	0	0	//ldml/localeDisplayNames/territories/territory[@type="([^"]*+)"]	BR
hrx	1	0	0	//ldml/numbers/currencyFormats[@numberSystem="([^"]*+)"]/currencyFormatLength/currencyFormat[@type="([^"]*+)"]/pattern[@type="([^"]*+)"]	latn
hrx	1	0	0	//ldml/numbers/decimalFormats[@numberSystem="([^"]*+)"]/decimalFormatLength/decimalFormat[@type="([^"]*+)"]/pattern[@type="([^"]*+)"]	latn
hrx	1	0	0	//ldml/numbers/percentFormats[@numberSystem="([^"]*+)"]/percentFormatLength/percentFormat[@type="([^"]*+)"]/pattern[@type="([^"]*+)"]	latn
hrx	1	0	0	//ldml/numbers/scientificFormats[@numberSystem="([^"]*+)"]/scientificFormatLength/scientificFormat[@type="([^"]*+)"]/pattern[@type="([^"]*+)"]	latn
hrx	1	0	0	//ldml/numbers/symbols[@numberSystem="([^"]*+)"]/decimal	latn
hrx	1	0	0	//ldml/numbers/symbols[@numberSystem="([^"]*+)"]/group	latn
hrx	1	0	0	//ldml/numbers/symbols[@numberSystem="([^"]*+)"]/minusSign	latn
hrx	1	0	0	//ldml/numbers/symbols[@numberSystem="([^"]*+)"]/percentSign	latn
hrx	1	0	0	//ldml/numbers/symbols[@numberSystem="([^"]*+)"]/plusSign	latn
hrx	67	0	0	Totals	
					
hsb	2	0	0	//ldml/dates/calendars/calendar[@type="([^"]*+)"]/dateTimeFormats/availableFormats/dateFormatItem[@id="([^"]*+)"]	gregorian, yMMMMEd; gregorian, yMMMMd
hsb	1	0	0	//ldml/dates/timeZoneNames/gmtFormat[@alt="([^"]*+)"]	utc
hsb	1	0	0	//ldml/dates/timeZoneNames/zone[@type="([^"]*+)"]/short/standard	Etc/UTC
hsb	4	0	0	Totals	
					
ht	8	0	0	//ldml/dates/calendars/calendar[@type="([^"]*+)"]/dateTimeFormats/availableFormats/dateFormatItem[@id="([^"]*+)"]	gregorian, Hm; gregorian, Hms; gregorian, Hmsv; gregorian, hm; gregorian, hms; gregorian, hmsv; gregorian, yMMMd; gregorian, yMd
ht	1	0	0	//ldml/dates/calendars/calendar[@type="([^"]*+)"]/dateTimeFormats/intervalFormats/intervalFormatFallback	gregorian
ht	2	0	0	//ldml/dates/calendars/calendar[@type="([^"]*+)"]/dayPeriods/dayPeriodContext[@type="([^"]*+)"]/dayPeriodWidth[@type="([^"]*+)"]/dayPeriod[@type="([^"]*+)"]	gregorian, format, wide, am; gregorian, format, wide, pm
ht	7	0	0	//ldml/dates/calendars/calendar[@type="([^"]*+)"]/days/dayContext[@type="([^"]*+)"]/dayWidth[@type="([^"]*+)"]/day[@type="([^"]*+)"]	gregorian, format, wide, fri; gregorian, format, wide, mon; gregorian, format, wide, sat; gregorian, format, wide, sun; gregorian, format, wide, thu; gregorian, format, wide, tue; gregorian, format, wide, wed
ht	12	0	0	//ldml/dates/calendars/calendar[@type="([^"]*+)"]/months/monthContext[@type="([^"]*+)"]/monthWidth[@type="([^"]*+)"]/month[@type="([^"]*+)"]	gregorian, format, wide, 1; gregorian, format, wide, 10; gregorian, format, wide, 11; gregorian, format, wide, 12; gregorian, format, wide, 2; gregorian, format, wide, 3; gregorian, format, wide, 4; gregorian, format, wide, 5; gregorian, format, wide, 6; gregorian, format, wide, 7; gregorian, format, wide, 8; gregorian, format, wide, 9
ht	1	0	0	//ldml/dates/timeZoneNames/fallbackFormat	
ht	1	0	0	//ldml/dates/timeZoneNames/gmtFormat	
ht	1	0	0	//ldml/dates/timeZoneNames/hourFormat	
ht	1	0	0	//ldml/dates/timeZoneNames/metazone[@type="([^"]*+)"]/long/standard	GMT
ht	1	0	0	//ldml/dates/timeZoneNames/regionFormat	
ht	2	0	0	//ldml/dates/timeZoneNames/regionFormat[@type="([^"]*+)"]	daylight
ht	1	0	0	//ldml/dates/timeZoneNames/zone[@type="([^"]*+)"]/long/standard	Etc/UTC
ht	1	0	0	//ldml/dates/timeZoneNames/zone[@type="([^"]*+)"]/short/standard	Etc/UTC
ht	1	0	0	//ldml/delimiters/alternateQuotationEnd	
ht	1	0	0	//ldml/delimiters/alternateQuotationStart	
ht	1	0	0	//ldml/delimiters/quotationEnd	
ht	1	0	0	//ldml/delimiters/quotationStart	
ht	3	0	0	//ldml/localeDisplayNames/codePatterns/codePattern[@type="([^"]*+)"]	language; script; territory
ht	1	0	0	//ldml/localeDisplayNames/languages/language[@type="([^"]*+)"]	en
ht	1	0	0	//ldml/localeDisplayNames/localeDisplayPattern/localePattern	
ht	1	0	0	//ldml/localeDisplayNames/localeDisplayPattern/localeSeparator	
ht	3	0	0	//ldml/localeDisplayNames/measurementSystemNames/measurementSystemName[@type="([^"]*+)"]	UK; US; metric
ht	1	0	0	//ldml/localeDisplayNames/scripts/script[@type="([^"]*+)"]	Latn
ht	2	0	0	//ldml/localeDisplayNames/territories/territory[@type="([^"]*+)"]	HT
ht	1	0	0	//ldml/numbers/currencyFormats[@numberSystem="([^"]*+)"]/currencyFormatLength/currencyFormat[@type="([^"]*+)"]/pattern[@type="([^"]*+)"]	latn
ht	1	0	0	//ldml/numbers/decimalFormats[@numberSystem="([^"]*+)"]/decimalFormatLength/decimalFormat[@type="([^"]*+)"]/pattern[@type="([^"]*+)"]	latn
ht	1	0	0	//ldml/numbers/defaultNumberingSystem	
ht	1	0	0	//ldml/numbers/otherNumberingSystems/native	
ht	1	0	0	//ldml/numbers/percentFormats[@numberSystem="([^"]*+)"]/percentFormatLength/percentFormat[@type="([^"]*+)"]/pattern[@type="([^"]*+)"]	latn
ht	1	0	0	//ldml/numbers/scientificFormats[@numberSystem="([^"]*+)"]/scientificFormatLength/scientificFormat[@type="([^"]*+)"]/pattern[@type="([^"]*+)"]	latn
ht	1	0	0	//ldml/numbers/symbols[@numberSystem="([^"]*+)"]/plusSign	latn
ht	62	0	0	Totals	
					
ia	2	0	0	//ldml/dates/calendars/calendar[@type="([^"]*+)"]/dateTimeFormats/availableFormats/dateFormatItem[@id="([^"]*+)"]	gregorian, yMMMMEd; gregorian, yMMMMd
ia	1	0	0	//ldml/dates/timeZoneNames/gmtFormat[@alt="([^"]*+)"]	utc
ia	3	0	0	Totals	
					
ie	2	0	0	//ldml/dates/calendars/calendar[@type="([^"]*+)"]/dateTimeFormats/availableFormats/dateFormatItem[@id="([^"]*+)"]	gregorian, yMMMMEd; gregorian, yMMMMd
ie	1	0	0	//ldml/dates/timeZoneNames/gmtFormat[@alt="([^"]*+)"]	utc
ie	0	0	1	//ldml/dates/timeZoneNames/zone[@type="([^"]*+)"]/long/standard	Etc/UTC
ie	1	0	0	//ldml/dates/timeZoneNames/zone[@type="([^"]*+)"]/short/standard	Etc/UTC
ie	4	0	1	Totals	
					
ii	2	0	0	//ldml/dates/calendars/calendar[@type="([^"]*+)"]/dateTimeFormats/availableFormats/dateFormatItem[@id="([^"]*+)"]	gregorian, yMMMMEd; gregorian, yMMMMd
ii	1	0	0	//ldml/dates/timeZoneNames/gmtFormat[@alt="([^"]*+)"]	utc
ii	1	0	0	//ldml/dates/timeZoneNames/zone[@type="([^"]*+)"]/long/standard	Etc/UTC
ii	1	0	0	//ldml/dates/timeZoneNames/zone[@type="([^"]*+)"]/short/standard	Etc/UTC
ii	5	0	0	Totals	
					
io	10	0	0	//ldml/dates/calendars/calendar[@type="([^"]*+)"]/dateTimeFormats/availableFormats/dateFormatItem[@id="([^"]*+)"]	gregorian, Hm; gregorian, Hms; gregorian, Hmsv; gregorian, hm; gregorian, hms; gregorian, hmsv; gregorian, yMMMMEd; gregorian, yMMMMd; gregorian, yMMMd; gregorian, yMd
io	1	0	0	//ldml/dates/calendars/calendar[@type="([^"]*+)"]/dateTimeFormats/intervalFormats/intervalFormatFallback	gregorian
io	2	0	0	//ldml/dates/calendars/calendar[@type="([^"]*+)"]/dayPeriods/dayPeriodContext[@type="([^"]*+)"]/dayPeriodWidth[@type="([^"]*+)"]/dayPeriod[@type="([^"]*+)"]	gregorian, format, wide, am; gregorian, format, wide, pm
io	7	0	0	//ldml/dates/calendars/calendar[@type="([^"]*+)"]/days/dayContext[@type="([^"]*+)"]/dayWidth[@type="([^"]*+)"]/day[@type="([^"]*+)"]	gregorian, format, wide, fri; gregorian, format, wide, mon; gregorian, format, wide, sat; gregorian, format, wide, sun; gregorian, format, wide, thu; gregorian, format, wide, tue; gregorian, format, wide, wed
io	12	0	0	//ldml/dates/calendars/calendar[@type="([^"]*+)"]/months/monthContext[@type="([^"]*+)"]/monthWidth[@type="([^"]*+)"]/month[@type="([^"]*+)"]	gregorian, format, wide, 1; gregorian, format, wide, 10; gregorian, format, wide, 11; gregorian, format, wide, 12; gregorian, format, wide, 2; gregorian, format, wide, 3; gregorian, format, wide, 4; gregorian, format, wide, 5; gregorian, format, wide, 6; gregorian, format, wide, 7; gregorian, format, wide, 8; gregorian, format, wide, 9
io	1	0	0	//ldml/dates/timeZoneNames/fallbackFormat	
io	1	0	0	//ldml/dates/timeZoneNames/gmtFormat	
io	1	0	0	//ldml/dates/timeZoneNames/gmtFormat[@alt="([^"]*+)"]	utc
io	1	0	0	//ldml/dates/timeZoneNames/hourFormat	
io	1	0	0	//ldml/dates/timeZoneNames/metazone[@type="([^"]*+)"]/long/standard	GMT
io	1	0	0	//ldml/dates/timeZoneNames/regionFormat	
io	2	0	0	//ldml/dates/timeZoneNames/regionFormat[@type="([^"]*+)"]	daylight
io	1	0	0	//ldml/dates/timeZoneNames/zone[@type="([^"]*+)"]/long/standard	Etc/UTC
io	1	0	0	//ldml/dates/timeZoneNames/zone[@type="([^"]*+)"]/short/standard	Etc/UTC
io	1	0	0	//ldml/delimiters/alternateQuotationEnd	
io	1	0	0	//ldml/delimiters/alternateQuotationStart	
io	1	0	0	//ldml/delimiters/quotationEnd	
io	1	0	0	//ldml/delimiters/quotationStart	
io	3	0	0	//ldml/localeDisplayNames/codePatterns/codePattern[@type="([^"]*+)"]	language; script; territory
io	1	0	0	//ldml/localeDisplayNames/languages/language[@type="([^"]*+)"]	en
io	1	0	0	//ldml/localeDisplayNames/localeDisplayPattern/localePattern	
io	1	0	0	//ldml/localeDisplayNames/localeDisplayPattern/localeSeparator	
io	3	0	0	//ldml/localeDisplayNames/measurementSystemNames/measurementSystemName[@type="([^"]*+)"]	UK; US; metric
io	1	0	0	//ldml/localeDisplayNames/scripts/script[@type="([^"]*+)"]	Latn
io	2	0	0	//ldml/localeDisplayNames/territories/territory[@type="([^"]*+)"]	001
io	1	0	0	//ldml/numbers/currencyFormats[@numberSystem="([^"]*+)"]/currencyFormatLength/currencyFormat[@type="([^"]*+)"]/pattern[@type="([^"]*+)"]	latn
io	1	0	0	//ldml/numbers/decimalFormats[@numberSystem="([^"]*+)"]/decimalFormatLength/decimalFormat[@type="([^"]*+)"]/pattern[@type="([^"]*+)"]	latn
io	1	0	0	//ldml/numbers/percentFormats[@numberSystem="([^"]*+)"]/percentFormatLength/percentFormat[@type="([^"]*+)"]/pattern[@type="([^"]*+)"]	latn
io	1	0	0	//ldml/numbers/scientificFormats[@numberSystem="([^"]*+)"]/scientificFormatLength/scientificFormat[@type="([^"]*+)"]/pattern[@type="([^"]*+)"]	latn
io	1	0	0	//ldml/numbers/symbols[@numberSystem="([^"]*+)"]/decimal	latn
io	1	0	0	//ldml/numbers/symbols[@numberSystem="([^"]*+)"]/group	latn
io	1	0	0	//ldml/numbers/symbols[@numberSystem="([^"]*+)"]/minusSign	latn
io	1	0	0	//ldml/numbers/symbols[@numberSystem="([^"]*+)"]/percentSign	latn
io	1	0	0	//ldml/numbers/symbols[@numberSystem="([^"]*+)"]/plusSign	latn
io	67	0	0	Totals	
					
isv	10	0	0	//ldml/dates/calendars/calendar[@type="([^"]*+)"]/dateTimeFormats/availableFormats/dateFormatItem[@id="([^"]*+)"]	gregorian, Hm; gregorian, Hms; gregorian, Hmsv; gregorian, hm; gregorian, hms; gregorian, hmsv; gregorian, yMMMMEd; gregorian, yMMMMd; gregorian, yMMMd; gregorian, yMd
isv	1	0	0	//ldml/dates/calendars/calendar[@type="([^"]*+)"]/dateTimeFormats/intervalFormats/intervalFormatFallback	gregorian
isv	2	0	0	//ldml/dates/calendars/calendar[@type="([^"]*+)"]/dayPeriods/dayPeriodContext[@type="([^"]*+)"]/dayPeriodWidth[@type="([^"]*+)"]/dayPeriod[@type="([^"]*+)"]	gregorian, format, wide, am; gregorian, format, wide, pm
isv	7	0	0	//ldml/dates/calendars/calendar[@type="([^"]*+)"]/days/dayContext[@type="([^"]*+)"]/dayWidth[@type="([^"]*+)"]/day[@type="([^"]*+)"]	gregorian, format, wide, fri; gregorian, format, wide, mon; gregorian, format, wide, sat; gregorian, format, wide, sun; gregorian, format, wide, thu; gregorian, format, wide, tue; gregorian, format, wide, wed
isv	12	0	0	//ldml/dates/calendars/calendar[@type="([^"]*+)"]/months/monthContext[@type="([^"]*+)"]/monthWidth[@type="([^"]*+)"]/month[@type="([^"]*+)"]	gregorian, format, wide, 1; gregorian, format, wide, 10; gregorian, format, wide, 11; gregorian, format, wide, 12; gregorian, format, wide, 2; gregorian, format, wide, 3; gregorian, format, wide, 4; gregorian, format, wide, 5; gregorian, format, wide, 6; gregorian, format, wide, 7; gregorian, format, wide, 8; gregorian, format, wide, 9
isv	1	0	0	//ldml/dates/timeZoneNames/fallbackFormat	
isv	1	0	0	//ldml/dates/timeZoneNames/gmtFormat	
isv	1	0	0	//ldml/dates/timeZoneNames/gmtFormat[@alt="([^"]*+)"]	utc
isv	1	0	0	//ldml/dates/timeZoneNames/hourFormat	
isv	1	0	0	//ldml/dates/timeZoneNames/metazone[@type="([^"]*+)"]/long/standard	GMT
isv	1	0	0	//ldml/dates/timeZoneNames/regionFormat	
isv	2	0	0	//ldml/dates/timeZoneNames/regionFormat[@type="([^"]*+)"]	daylight
isv	1	0	0	//ldml/dates/timeZoneNames/zone[@type="([^"]*+)"]/long/standard	Etc/UTC
isv	1	0	0	//ldml/dates/timeZoneNames/zone[@type="([^"]*+)"]/short/standard	Etc/UTC
isv	1	0	0	//ldml/delimiters/alternateQuotationEnd	
isv	1	0	0	//ldml/delimiters/alternateQuotationStart	
isv	1	0	0	//ldml/delimiters/quotationEnd	
isv	1	0	0	//ldml/delimiters/quotationStart	
isv	3	0	0	//ldml/localeDisplayNames/codePatterns/codePattern[@type="([^"]*+)"]	language; script; territory
isv	1	0	0	//ldml/localeDisplayNames/languages/language[@type="([^"]*+)"]	en
isv	1	0	0	//ldml/localeDisplayNames/localeDisplayPattern/localePattern	
isv	1	0	0	//ldml/localeDisplayNames/localeDisplayPattern/localeSeparator	
isv	3	0	0	//ldml/localeDisplayNames/measurementSystemNames/measurementSystemName[@type="([^"]*+)"]	UK; US; metric
isv	2	0	0	//ldml/localeDisplayNames/scripts/script[@type="([^"]*+)"]	Cyrl; Latn
isv	2	0	0	//ldml/localeDisplayNames/territories/territory[@type="([^"]*+)"]	001
isv	1	0	0	//ldml/numbers/currencyFormats[@numberSystem="([^"]*+)"]/currencyFormatLength/currencyFormat[@type="([^"]*+)"]/pattern[@type="([^"]*+)"]	latn
isv	1	0	0	//ldml/numbers/decimalFormats[@numberSystem="([^"]*+)"]/decimalFormatLength/decimalFormat[@type="([^"]*+)"]/pattern[@type="([^"]*+)"]	latn
isv	1	0	0	//ldml/numbers/percentFormats[@numberSystem="([^"]*+)"]/percentFormatLength/percentFormat[@type="([^"]*+)"]/pattern[@type="([^"]*+)"]	latn
isv	1	0	0	//ldml/numbers/scientificFormats[@numberSystem="([^"]*+)"]/scientificFormatLength/scientificFormat[@type="([^"]*+)"]/pattern[@type="([^"]*+)"]	latn
isv	1	0	0	//ldml/numbers/symbols[@numberSystem="([^"]*+)"]/decimal	latn
isv	1	0	0	//ldml/numbers/symbols[@numberSystem="([^"]*+)"]/group	latn
isv	1	0	0	//ldml/numbers/symbols[@numberSystem="([^"]*+)"]/minusSign	latn
isv	1	0	0	//ldml/numbers/symbols[@numberSystem="([^"]*+)"]/percentSign	latn
isv	1	0	0	//ldml/numbers/symbols[@numberSystem="([^"]*+)"]/plusSign	latn
isv	68	0	0	Totals	
					
isv_Cyrl	10	0	0	//ldml/dates/calendars/calendar[@type="([^"]*+)"]/dateTimeFormats/availableFormats/dateFormatItem[@id="([^"]*+)"]	gregorian, Hm; gregorian, Hms; gregorian, Hmsv; gregorian, hm; gregorian, hms; gregorian, hmsv; gregorian, yMMMMEd; gregorian, yMMMMd; gregorian, yMMMd; gregorian, yMd
isv_Cyrl	1	0	0	//ldml/dates/calendars/calendar[@type="([^"]*+)"]/dateTimeFormats/intervalFormats/intervalFormatFallback	gregorian
isv_Cyrl	2	0	0	//ldml/dates/calendars/calendar[@type="([^"]*+)"]/dayPeriods/dayPeriodContext[@type="([^"]*+)"]/dayPeriodWidth[@type="([^"]*+)"]/dayPeriod[@type="([^"]*+)"]	gregorian, format, wide, am; gregorian, format, wide, pm
isv_Cyrl	7	0	0	//ldml/dates/calendars/calendar[@type="([^"]*+)"]/days/dayContext[@type="([^"]*+)"]/dayWidth[@type="([^"]*+)"]/day[@type="([^"]*+)"]	gregorian, format, wide, fri; gregorian, format, wide, mon; gregorian, format, wide, sat; gregorian, format, wide, sun; gregorian, format, wide, thu; gregorian, format, wide, tue; gregorian, format, wide, wed
isv_Cyrl	12	0	0	//ldml/dates/calendars/calendar[@type="([^"]*+)"]/months/monthContext[@type="([^"]*+)"]/monthWidth[@type="([^"]*+)"]/month[@type="([^"]*+)"]	gregorian, format, wide, 1; gregorian, format, wide, 10; gregorian, format, wide, 11; gregorian, format, wide, 12; gregorian, format, wide, 2; gregorian, format, wide, 3; gregorian, format, wide, 4; gregorian, format, wide, 5; gregorian, format, wide, 6; gregorian, format, wide, 7; gregorian, format, wide, 8; gregorian, format, wide, 9
isv_Cyrl	1	0	0	//ldml/dates/timeZoneNames/fallbackFormat	
isv_Cyrl	1	0	0	//ldml/dates/timeZoneNames/gmtFormat	
isv_Cyrl	1	0	0	//ldml/dates/timeZoneNames/gmtFormat[@alt="([^"]*+)"]	utc
isv_Cyrl	1	0	0	//ldml/dates/timeZoneNames/hourFormat	
isv_Cyrl	1	0	0	//ldml/dates/timeZoneNames/metazone[@type="([^"]*+)"]/long/standard	GMT
isv_Cyrl	1	0	0	//ldml/dates/timeZoneNames/regionFormat	
isv_Cyrl	2	0	0	//ldml/dates/timeZoneNames/regionFormat[@type="([^"]*+)"]	daylight
isv_Cyrl	1	0	0	//ldml/dates/timeZoneNames/zone[@type="([^"]*+)"]/long/standard	Etc/UTC
isv_Cyrl	1	0	0	//ldml/dates/timeZoneNames/zone[@type="([^"]*+)"]/short/standard	Etc/UTC
isv_Cyrl	1	0	0	//ldml/delimiters/alternateQuotationEnd	
isv_Cyrl	1	0	0	//ldml/delimiters/alternateQuotationStart	
isv_Cyrl	1	0	0	//ldml/delimiters/quotationEnd	
isv_Cyrl	1	0	0	//ldml/delimiters/quotationStart	
isv_Cyrl	3	0	0	//ldml/localeDisplayNames/codePatterns/codePattern[@type="([^"]*+)"]	language; script; territory
isv_Cyrl	1	0	0	//ldml/localeDisplayNames/languages/language[@type="([^"]*+)"]	en
isv_Cyrl	1	0	0	//ldml/localeDisplayNames/localeDisplayPattern/localePattern	
isv_Cyrl	1	0	0	//ldml/localeDisplayNames/localeDisplayPattern/localeSeparator	
isv_Cyrl	3	0	0	//ldml/localeDisplayNames/measurementSystemNames/measurementSystemName[@type="([^"]*+)"]	UK; US; metric
isv_Cyrl	2	0	0	//ldml/localeDisplayNames/scripts/script[@type="([^"]*+)"]	Cyrl; Latn
isv_Cyrl	2	0	0	//ldml/localeDisplayNames/territories/territory[@type="([^"]*+)"]	001
isv_Cyrl	1	0	0	//ldml/numbers/currencyFormats[@numberSystem="([^"]*+)"]/currencyFormatLength/currencyFormat[@type="([^"]*+)"]/pattern[@type="([^"]*+)"]	latn
isv_Cyrl	1	0	0	//ldml/numbers/decimalFormats[@numberSystem="([^"]*+)"]/decimalFormatLength/decimalFormat[@type="([^"]*+)"]/pattern[@type="([^"]*+)"]	latn
isv_Cyrl	1	0	0	//ldml/numbers/percentFormats[@numberSystem="([^"]*+)"]/percentFormatLength/percentFormat[@type="([^"]*+)"]/pattern[@type="([^"]*+)"]	latn
isv_Cyrl	1	0	0	//ldml/numbers/scientificFormats[@numberSystem="([^"]*+)"]/scientificFormatLength/scientificFormat[@type="([^"]*+)"]/pattern[@type="([^"]*+)"]	latn
isv_Cyrl	1	0	0	//ldml/numbers/symbols[@numberSystem="([^"]*+)"]/decimal	latn
isv_Cyrl	1	0	0	//ldml/numbers/symbols[@numberSystem="([^"]*+)"]/group	latn
isv_Cyrl	1	0	0	//ldml/numbers/symbols[@numberSystem="([^"]*+)"]/minusSign	latn
isv_Cyrl	1	0	0	//ldml/numbers/symbols[@numberSystem="([^"]*+)"]/percentSign	latn
isv_Cyrl	1	0	0	//ldml/numbers/symbols[@numberSystem="([^"]*+)"]/plusSign	latn
isv_Cyrl	68	0	0	Totals	
					
iu	4	0	0	//ldml/dates/calendars/calendar[@type="([^"]*+)"]/dateTimeFormats/availableFormats/dateFormatItem[@id="([^"]*+)"]	gregorian, Hmsv; gregorian, hmsv; gregorian, yMMMMEd; gregorian, yMMMMd
iu	1	0	0	//ldml/dates/calendars/calendar[@type="([^"]*+)"]/dateTimeFormats/intervalFormats/intervalFormatFallback	gregorian
iu	0	0	2	//ldml/dates/calendars/calendar[@type="([^"]*+)"]/dayPeriods/dayPeriodContext[@type="([^"]*+)"]/dayPeriodWidth[@type="([^"]*+)"]/dayPeriod[@type="([^"]*+)"]	gregorian, format, wide, am; gregorian, format, wide, pm
iu	0	0	7	//ldml/dates/calendars/calendar[@type="([^"]*+)"]/days/dayContext[@type="([^"]*+)"]/dayWidth[@type="([^"]*+)"]/day[@type="([^"]*+)"]	gregorian, format, wide, fri; gregorian, format, wide, mon; gregorian, format, wide, sat; gregorian, format, wide, sun; gregorian, format, wide, thu; gregorian, format, wide, tue; gregorian, format, wide, wed
iu	0	0	12	//ldml/dates/calendars/calendar[@type="([^"]*+)"]/months/monthContext[@type="([^"]*+)"]/monthWidth[@type="([^"]*+)"]/month[@type="([^"]*+)"]	gregorian, format, wide, 1; gregorian, format, wide, 10; gregorian, format, wide, 11; gregorian, format, wide, 12; gregorian, format, wide, 2; gregorian, format, wide, 3; gregorian, format, wide, 4; gregorian, format, wide, 5; gregorian, format, wide, 6; gregorian, format, wide, 7; gregorian, format, wide, 8; gregorian, format, wide, 9
iu	1	0	0	//ldml/dates/timeZoneNames/fallbackFormat	
iu	1	0	0	//ldml/dates/timeZoneNames/gmtFormat	
iu	1	0	0	//ldml/dates/timeZoneNames/gmtFormat[@alt="([^"]*+)"]	utc
iu	1	0	0	//ldml/dates/timeZoneNames/hourFormat	
iu	1	0	0	//ldml/dates/timeZoneNames/metazone[@type="([^"]*+)"]/long/standard	GMT
iu	1	0	0	//ldml/dates/timeZoneNames/regionFormat	
iu	2	0	0	//ldml/dates/timeZoneNames/regionFormat[@type="([^"]*+)"]	daylight
iu	1	0	0	//ldml/dates/timeZoneNames/zone[@type="([^"]*+)"]/long/standard	Etc/UTC
iu	1	0	0	//ldml/dates/timeZoneNames/zone[@type="([^"]*+)"]/short/standard	Etc/UTC
iu	1	0	0	//ldml/delimiters/alternateQuotationEnd	
iu	1	0	0	//ldml/delimiters/alternateQuotationStart	
iu	1	0	0	//ldml/delimiters/quotationEnd	
iu	1	0	0	//ldml/delimiters/quotationStart	
iu	3	0	0	//ldml/localeDisplayNames/codePatterns/codePattern[@type="([^"]*+)"]	language; script; territory
iu	1	0	1	//ldml/localeDisplayNames/languages/language[@type="([^"]*+)"]	en; iu
iu	1	0	0	//ldml/localeDisplayNames/localeDisplayPattern/localePattern	
iu	1	0	0	//ldml/localeDisplayNames/localeDisplayPattern/localeSeparator	
iu	3	0	0	//ldml/localeDisplayNames/measurementSystemNames/measurementSystemName[@type="([^"]*+)"]	UK; US; metric
iu	2	0	0	//ldml/localeDisplayNames/scripts/script[@type="([^"]*+)"]	Cans; Latn
iu	0	0	1	//ldml/localeDisplayNames/territories/territory[@type="([^"]*+)"]	CA
iu	1	0	0	//ldml/numbers/currencyFormats[@numberSystem="([^"]*+)"]/currencyFormatLength/currencyFormat[@type="([^"]*+)"]/pattern[@type="([^"]*+)"]	latn
iu	1	0	0	//ldml/numbers/decimalFormats[@numberSystem="([^"]*+)"]/decimalFormatLength/decimalFormat[@type="([^"]*+)"]/pattern[@type="([^"]*+)"]	latn
iu	1	0	0	//ldml/numbers/percentFormats[@numberSystem="([^"]*+)"]/percentFormatLength/percentFormat[@type="([^"]*+)"]/pattern[@type="([^"]*+)"]	latn
iu	1	0	0	//ldml/numbers/scientificFormats[@numberSystem="([^"]*+)"]/scientificFormatLength/scientificFormat[@type="([^"]*+)"]/pattern[@type="([^"]*+)"]	latn
iu	1	0	0	//ldml/numbers/symbols[@numberSystem="([^"]*+)"]/decimal	latn
iu	1	0	0	//ldml/numbers/symbols[@numberSystem="([^"]*+)"]/group	latn
iu	1	0	0	//ldml/numbers/symbols[@numberSystem="([^"]*+)"]/minusSign	latn
iu	1	0	0	//ldml/numbers/symbols[@numberSystem="([^"]*+)"]/percentSign	latn
iu	1	0	0	//ldml/numbers/symbols[@numberSystem="([^"]*+)"]/plusSign	latn
iu	39	0	23	Totals	
					
iu_Latn	10	0	0	//ldml/dates/calendars/calendar[@type="([^"]*+)"]/dateTimeFormats/availableFormats/dateFormatItem[@id="([^"]*+)"]	gregorian, Hm; gregorian, Hms; gregorian, Hmsv; gregorian, hm; gregorian, hms; gregorian, hmsv; gregorian, yMMMMEd; gregorian, yMMMMd; gregorian, yMMMd; gregorian, yMd
iu_Latn	1	0	0	//ldml/dates/calendars/calendar[@type="([^"]*+)"]/dateTimeFormats/intervalFormats/intervalFormatFallback	gregorian
iu_Latn	2	0	0	//ldml/dates/calendars/calendar[@type="([^"]*+)"]/dayPeriods/dayPeriodContext[@type="([^"]*+)"]/dayPeriodWidth[@type="([^"]*+)"]/dayPeriod[@type="([^"]*+)"]	gregorian, format, wide, am; gregorian, format, wide, pm
iu_Latn	7	0	0	//ldml/dates/calendars/calendar[@type="([^"]*+)"]/days/dayContext[@type="([^"]*+)"]/dayWidth[@type="([^"]*+)"]/day[@type="([^"]*+)"]	gregorian, format, wide, fri; gregorian, format, wide, mon; gregorian, format, wide, sat; gregorian, format, wide, sun; gregorian, format, wide, thu; gregorian, format, wide, tue; gregorian, format, wide, wed
iu_Latn	12	0	0	//ldml/dates/calendars/calendar[@type="([^"]*+)"]/months/monthContext[@type="([^"]*+)"]/monthWidth[@type="([^"]*+)"]/month[@type="([^"]*+)"]	gregorian, format, wide, 1; gregorian, format, wide, 10; gregorian, format, wide, 11; gregorian, format, wide, 12; gregorian, format, wide, 2; gregorian, format, wide, 3; gregorian, format, wide, 4; gregorian, format, wide, 5; gregorian, format, wide, 6; gregorian, format, wide, 7; gregorian, format, wide, 8; gregorian, format, wide, 9
iu_Latn	1	0	0	//ldml/dates/timeZoneNames/fallbackFormat	
iu_Latn	1	0	0	//ldml/dates/timeZoneNames/gmtFormat	
iu_Latn	1	0	0	//ldml/dates/timeZoneNames/gmtFormat[@alt="([^"]*+)"]	utc
iu_Latn	1	0	0	//ldml/dates/timeZoneNames/hourFormat	
iu_Latn	1	0	0	//ldml/dates/timeZoneNames/metazone[@type="([^"]*+)"]/long/standard	GMT
iu_Latn	1	0	0	//ldml/dates/timeZoneNames/regionFormat	
iu_Latn	2	0	0	//ldml/dates/timeZoneNames/regionFormat[@type="([^"]*+)"]	daylight
iu_Latn	1	0	0	//ldml/dates/timeZoneNames/zone[@type="([^"]*+)"]/long/standard	Etc/UTC
iu_Latn	1	0	0	//ldml/dates/timeZoneNames/zone[@type="([^"]*+)"]/short/standard	Etc/UTC
iu_Latn	1	0	0	//ldml/delimiters/alternateQuotationEnd	
iu_Latn	1	0	0	//ldml/delimiters/alternateQuotationStart	
iu_Latn	1	0	0	//ldml/delimiters/quotationEnd	
iu_Latn	1	0	0	//ldml/delimiters/quotationStart	
iu_Latn	3	0	0	//ldml/localeDisplayNames/codePatterns/codePattern[@type="([^"]*+)"]	language; script; territory
iu_Latn	3	0	0	//ldml/localeDisplayNames/languages/language[@type="([^"]*+)"]	en; iu
iu_Latn	1	0	0	//ldml/localeDisplayNames/localeDisplayPattern/localePattern	
iu_Latn	1	0	0	//ldml/localeDisplayNames/localeDisplayPattern/localeSeparator	
iu_Latn	3	0	0	//ldml/localeDisplayNames/measurementSystemNames/measurementSystemName[@type="([^"]*+)"]	UK; US; metric
iu_Latn	2	0	0	//ldml/localeDisplayNames/scripts/script[@type="([^"]*+)"]	Cans; Latn
iu_Latn	2	0	0	//ldml/localeDisplayNames/territories/territory[@type="([^"]*+)"]	CA
iu_Latn	1	0	0	//ldml/numbers/currencyFormats[@numberSystem="([^"]*+)"]/currencyFormatLength/currencyFormat[@type="([^"]*+)"]/pattern[@type="([^"]*+)"]	latn
iu_Latn	1	0	0	//ldml/numbers/decimalFormats[@numberSystem="([^"]*+)"]/decimalFormatLength/decimalFormat[@type="([^"]*+)"]/pattern[@type="([^"]*+)"]	latn
iu_Latn	1	0	0	//ldml/numbers/percentFormats[@numberSystem="([^"]*+)"]/percentFormatLength/percentFormat[@type="([^"]*+)"]/pattern[@type="([^"]*+)"]	latn
iu_Latn	1	0	0	//ldml/numbers/scientificFormats[@numberSystem="([^"]*+)"]/scientificFormatLength/scientificFormat[@type="([^"]*+)"]/pattern[@type="([^"]*+)"]	latn
iu_Latn	1	0	0	//ldml/numbers/symbols[@numberSystem="([^"]*+)"]/decimal	latn
iu_Latn	1	0	0	//ldml/numbers/symbols[@numberSystem="([^"]*+)"]/group	latn
iu_Latn	1	0	0	//ldml/numbers/symbols[@numberSystem="([^"]*+)"]/minusSign	latn
iu_Latn	1	0	0	//ldml/numbers/symbols[@numberSystem="([^"]*+)"]/percentSign	latn
iu_Latn	1	0	0	//ldml/numbers/symbols[@numberSystem="([^"]*+)"]/plusSign	latn
iu_Latn	70	0	0	Totals	
					
jbo	10	0	0	//ldml/dates/calendars/calendar[@type="([^"]*+)"]/dateTimeFormats/availableFormats/dateFormatItem[@id="([^"]*+)"]	gregorian, Hm; gregorian, Hms; gregorian, Hmsv; gregorian, hm; gregorian, hms; gregorian, hmsv; gregorian, yMMMMEd; gregorian, yMMMMd; gregorian, yMMMd; gregorian, yMd
jbo	1	0	0	//ldml/dates/calendars/calendar[@type="([^"]*+)"]/dateTimeFormats/intervalFormats/intervalFormatFallback	gregorian
jbo	2	0	0	//ldml/dates/calendars/calendar[@type="([^"]*+)"]/dayPeriods/dayPeriodContext[@type="([^"]*+)"]/dayPeriodWidth[@type="([^"]*+)"]/dayPeriod[@type="([^"]*+)"]	gregorian, format, wide, am; gregorian, format, wide, pm
jbo	7	0	0	//ldml/dates/calendars/calendar[@type="([^"]*+)"]/days/dayContext[@type="([^"]*+)"]/dayWidth[@type="([^"]*+)"]/day[@type="([^"]*+)"]	gregorian, format, wide, fri; gregorian, format, wide, mon; gregorian, format, wide, sat; gregorian, format, wide, sun; gregorian, format, wide, thu; gregorian, format, wide, tue; gregorian, format, wide, wed
jbo	12	0	0	//ldml/dates/calendars/calendar[@type="([^"]*+)"]/months/monthContext[@type="([^"]*+)"]/monthWidth[@type="([^"]*+)"]/month[@type="([^"]*+)"]	gregorian, format, wide, 1; gregorian, format, wide, 10; gregorian, format, wide, 11; gregorian, format, wide, 12; gregorian, format, wide, 2; gregorian, format, wide, 3; gregorian, format, wide, 4; gregorian, format, wide, 5; gregorian, format, wide, 6; gregorian, format, wide, 7; gregorian, format, wide, 8; gregorian, format, wide, 9
jbo	1	0	0	//ldml/dates/timeZoneNames/fallbackFormat	
jbo	1	0	0	//ldml/dates/timeZoneNames/gmtFormat	
jbo	1	0	0	//ldml/dates/timeZoneNames/gmtFormat[@alt="([^"]*+)"]	utc
jbo	1	0	0	//ldml/dates/timeZoneNames/hourFormat	
jbo	1	0	0	//ldml/dates/timeZoneNames/metazone[@type="([^"]*+)"]/long/standard	GMT
jbo	1	0	0	//ldml/dates/timeZoneNames/regionFormat	
jbo	2	0	0	//ldml/dates/timeZoneNames/regionFormat[@type="([^"]*+)"]	daylight
jbo	1	0	0	//ldml/dates/timeZoneNames/zone[@type="([^"]*+)"]/long/standard	Etc/UTC
jbo	1	0	0	//ldml/dates/timeZoneNames/zone[@type="([^"]*+)"]/short/standard	Etc/UTC
jbo	1	0	0	//ldml/delimiters/alternateQuotationEnd	
jbo	1	0	0	//ldml/delimiters/alternateQuotationStart	
jbo	1	0	0	//ldml/delimiters/quotationEnd	
jbo	1	0	0	//ldml/delimiters/quotationStart	
jbo	3	0	0	//ldml/localeDisplayNames/codePatterns/codePattern[@type="([^"]*+)"]	language; script; territory
jbo	1	0	0	//ldml/localeDisplayNames/languages/language[@type="([^"]*+)"]	en
jbo	1	0	0	//ldml/localeDisplayNames/localeDisplayPattern/localePattern	
jbo	1	0	0	//ldml/localeDisplayNames/localeDisplayPattern/localeSeparator	
jbo	3	0	0	//ldml/localeDisplayNames/measurementSystemNames/measurementSystemName[@type="([^"]*+)"]	UK; US; metric
jbo	1	0	0	//ldml/localeDisplayNames/scripts/script[@type="([^"]*+)"]	Latn
jbo	2	0	0	//ldml/localeDisplayNames/territories/territory[@type="([^"]*+)"]	001
jbo	1	0	0	//ldml/numbers/currencyFormats[@numberSystem="([^"]*+)"]/currencyFormatLength/currencyFormat[@type="([^"]*+)"]/pattern[@type="([^"]*+)"]	latn
jbo	1	0	0	//ldml/numbers/decimalFormats[@numberSystem="([^"]*+)"]/decimalFormatLength/decimalFormat[@type="([^"]*+)"]/pattern[@type="([^"]*+)"]	latn
jbo	1	0	0	//ldml/numbers/percentFormats[@numberSystem="([^"]*+)"]/percentFormatLength/percentFormat[@type="([^"]*+)"]/pattern[@type="([^"]*+)"]	latn
jbo	1	0	0	//ldml/numbers/scientificFormats[@numberSystem="([^"]*+)"]/scientificFormatLength/scientificFormat[@type="([^"]*+)"]/pattern[@type="([^"]*+)"]	latn
jbo	1	0	0	//ldml/numbers/symbols[@numberSystem="([^"]*+)"]/decimal	latn
jbo	1	0	0	//ldml/numbers/symbols[@numberSystem="([^"]*+)"]/group	latn
jbo	1	0	0	//ldml/numbers/symbols[@numberSystem="([^"]*+)"]/minusSign	latn
jbo	1	0	0	//ldml/numbers/symbols[@numberSystem="([^"]*+)"]/percentSign	latn
jbo	1	0	0	//ldml/numbers/symbols[@numberSystem="([^"]*+)"]/plusSign	latn
jbo	67	0	0	Totals	
					
jgo	9	0	0	//ldml/dates/calendars/calendar[@type="([^"]*+)"]/dateTimeFormats/availableFormats/dateFormatItem[@id="([^"]*+)"]	gregorian, Hm; gregorian, Hms; gregorian, Hmsv; gregorian, hm; gregorian, hms; gregorian, hmsv; gregorian, yMMMMEd; gregorian, yMMMMd; gregorian, yMMMd
jgo	1	0	0	//ldml/dates/timeZoneNames/gmtFormat[@alt="([^"]*+)"]	utc
jgo	1	0	0	//ldml/dates/timeZoneNames/metazone[@type="([^"]*+)"]/long/standard	GMT
jgo	2	0	0	//ldml/dates/timeZoneNames/regionFormat[@type="([^"]*+)"]	daylight
jgo	1	0	0	//ldml/dates/timeZoneNames/zone[@type="([^"]*+)"]/long/standard	Etc/UTC
jgo	1	0	0	//ldml/dates/timeZoneNames/zone[@type="([^"]*+)"]/short/standard	Etc/UTC
jgo	3	0	0	//ldml/localeDisplayNames/codePatterns/codePattern[@type="([^"]*+)"]	language; script; territory
jgo	1	0	0	//ldml/localeDisplayNames/localeDisplayPattern/localePattern	
jgo	1	0	0	//ldml/localeDisplayNames/localeDisplayPattern/localeSeparator	
jgo	3	0	0	//ldml/localeDisplayNames/measurementSystemNames/measurementSystemName[@type="([^"]*+)"]	UK; US; metric
jgo	23	0	0	Totals	
					
jmc	7	0	0	//ldml/dates/calendars/calendar[@type="([^"]*+)"]/dateTimeFormats/availableFormats/dateFormatItem[@id="([^"]*+)"]	gregorian, Hmsv; gregorian, hms; gregorian, hmsv; gregorian, yMMMMEd; gregorian, yMMMMd; gregorian, yMMMd; gregorian, yMd
jmc	1	0	0	//ldml/dates/calendars/calendar[@type="([^"]*+)"]/dateTimeFormats/intervalFormats/intervalFormatFallback	gregorian
jmc	1	0	0	//ldml/dates/timeZoneNames/fallbackFormat	
jmc	1	0	0	//ldml/dates/timeZoneNames/gmtFormat	
jmc	1	0	0	//ldml/dates/timeZoneNames/gmtFormat[@alt="([^"]*+)"]	utc
jmc	1	0	0	//ldml/dates/timeZoneNames/hourFormat	
jmc	1	0	0	//ldml/dates/timeZoneNames/metazone[@type="([^"]*+)"]/long/standard	GMT
jmc	1	0	0	//ldml/dates/timeZoneNames/regionFormat	
jmc	2	0	0	//ldml/dates/timeZoneNames/regionFormat[@type="([^"]*+)"]	daylight
jmc	1	0	0	//ldml/dates/timeZoneNames/zone[@type="([^"]*+)"]/long/standard	Etc/UTC
jmc	1	0	0	//ldml/dates/timeZoneNames/zone[@type="([^"]*+)"]/short/standard	Etc/UTC
jmc	3	0	0	//ldml/localeDisplayNames/codePatterns/codePattern[@type="([^"]*+)"]	language; script; territory
jmc	1	0	0	//ldml/localeDisplayNames/localeDisplayPattern/localePattern	
jmc	1	0	0	//ldml/localeDisplayNames/localeDisplayPattern/localeSeparator	
jmc	3	0	0	//ldml/localeDisplayNames/measurementSystemNames/measurementSystemName[@type="([^"]*+)"]	UK; US; metric
jmc	1	0	0	//ldml/localeDisplayNames/scripts/script[@type="([^"]*+)"]	Latn
jmc	1	0	0	//ldml/numbers/decimalFormats[@numberSystem="([^"]*+)"]/decimalFormatLength/decimalFormat[@type="([^"]*+)"]/pattern[@type="([^"]*+)"]	latn
jmc	1	0	0	//ldml/numbers/percentFormats[@numberSystem="([^"]*+)"]/percentFormatLength/percentFormat[@type="([^"]*+)"]/pattern[@type="([^"]*+)"]	latn
jmc	1	0	0	//ldml/numbers/scientificFormats[@numberSystem="([^"]*+)"]/scientificFormatLength/scientificFormat[@type="([^"]*+)"]/pattern[@type="([^"]*+)"]	latn
jmc	1	0	0	//ldml/numbers/symbols[@numberSystem="([^"]*+)"]/decimal	latn
jmc	1	0	0	//ldml/numbers/symbols[@numberSystem="([^"]*+)"]/group	latn
jmc	1	0	0	//ldml/numbers/symbols[@numberSystem="([^"]*+)"]/minusSign	latn
jmc	1	0	0	//ldml/numbers/symbols[@numberSystem="([^"]*+)"]/percentSign	latn
jmc	1	0	0	//ldml/numbers/symbols[@numberSystem="([^"]*+)"]/plusSign	latn
jmc	35	0	0	Totals	
					
kaa	10	0	0	//ldml/dates/calendars/calendar[@type="([^"]*+)"]/dateTimeFormats/availableFormats/dateFormatItem[@id="([^"]*+)"]	gregorian, Hm; gregorian, Hms; gregorian, Hmsv; gregorian, hm; gregorian, hms; gregorian, hmsv; gregorian, yMMMMEd; gregorian, yMMMMd; gregorian, yMMMd; gregorian, yMd
kaa	1	0	0	//ldml/dates/calendars/calendar[@type="([^"]*+)"]/dateTimeFormats/intervalFormats/intervalFormatFallback	gregorian
kaa	2	0	0	//ldml/dates/calendars/calendar[@type="([^"]*+)"]/dayPeriods/dayPeriodContext[@type="([^"]*+)"]/dayPeriodWidth[@type="([^"]*+)"]/dayPeriod[@type="([^"]*+)"]	gregorian, format, wide, am; gregorian, format, wide, pm
kaa	1	0	0	//ldml/dates/timeZoneNames/fallbackFormat	
kaa	1	0	0	//ldml/dates/timeZoneNames/gmtFormat	
kaa	1	0	0	//ldml/dates/timeZoneNames/gmtFormat[@alt="([^"]*+)"]	utc
kaa	1	0	0	//ldml/dates/timeZoneNames/hourFormat	
kaa	1	0	0	//ldml/dates/timeZoneNames/metazone[@type="([^"]*+)"]/long/standard	GMT
kaa	1	0	0	//ldml/dates/timeZoneNames/regionFormat	
kaa	2	0	0	//ldml/dates/timeZoneNames/regionFormat[@type="([^"]*+)"]	daylight
kaa	1	0	0	//ldml/dates/timeZoneNames/zone[@type="([^"]*+)"]/long/standard	Etc/UTC
kaa	1	0	0	//ldml/dates/timeZoneNames/zone[@type="([^"]*+)"]/short/standard	Etc/UTC
kaa	1	0	0	//ldml/delimiters/alternateQuotationEnd	
kaa	1	0	0	//ldml/delimiters/alternateQuotationStart	
kaa	1	0	0	//ldml/delimiters/quotationEnd	
kaa	1	0	0	//ldml/delimiters/quotationStart	
kaa	0	0	1	//ldml/localeDisplayNames/languages/language[@type="([^"]*+)"]	en
kaa	3	0	0	//ldml/localeDisplayNames/measurementSystemNames/measurementSystemName[@type="([^"]*+)"]	UK; US; metric
kaa	1	0	0	//ldml/numbers/currencyFormats[@numberSystem="([^"]*+)"]/currencyFormatLength/currencyFormat[@type="([^"]*+)"]/pattern[@type="([^"]*+)"]	latn
kaa	1	0	0	//ldml/numbers/decimalFormats[@numberSystem="([^"]*+)"]/decimalFormatLength/decimalFormat[@type="([^"]*+)"]/pattern[@type="([^"]*+)"]	latn
kaa	0	0	1	//ldml/numbers/defaultNumberingSystem	
kaa	0	0	1	//ldml/numbers/otherNumberingSystems/native	
kaa	1	0	0	//ldml/numbers/percentFormats[@numberSystem="([^"]*+)"]/percentFormatLength/percentFormat[@type="([^"]*+)"]/pattern[@type="([^"]*+)"]	latn
kaa	1	0	0	//ldml/numbers/scientificFormats[@numberSystem="([^"]*+)"]/scientificFormatLength/scientificFormat[@type="([^"]*+)"]/pattern[@type="([^"]*+)"]	latn
kaa	1	0	0	//ldml/numbers/symbols[@numberSystem="([^"]*+)"]/decimal	latn
kaa	0	0	1	//ldml/numbers/symbols[@numberSystem="([^"]*+)"]/group	latn
kaa	0	0	1	//ldml/numbers/symbols[@numberSystem="([^"]*+)"]/minusSign	latn
kaa	0	0	1	//ldml/numbers/symbols[@numberSystem="([^"]*+)"]/percentSign	latn
kaa	0	0	1	//ldml/numbers/symbols[@numberSystem="([^"]*+)"]/plusSign	latn
kaa	35	0	7	Totals	
					
kaa_Latn	10	0	0	//ldml/dates/calendars/calendar[@type="([^"]*+)"]/dateTimeFormats/availableFormats/dateFormatItem[@id="([^"]*+)"]	gregorian, Hm; gregorian, Hms; gregorian, Hmsv; gregorian, hm; gregorian, hms; gregorian, hmsv; gregorian, yMMMMEd; gregorian, yMMMMd; gregorian, yMMMd; gregorian, yMd
kaa_Latn	1	0	0	//ldml/dates/calendars/calendar[@type="([^"]*+)"]/dateTimeFormats/intervalFormats/intervalFormatFallback	gregorian
kaa_Latn	2	0	0	//ldml/dates/calendars/calendar[@type="([^"]*+)"]/dayPeriods/dayPeriodContext[@type="([^"]*+)"]/dayPeriodWidth[@type="([^"]*+)"]/dayPeriod[@type="([^"]*+)"]	gregorian, format, wide, am; gregorian, format, wide, pm
kaa_Latn	7	0	0	//ldml/dates/calendars/calendar[@type="([^"]*+)"]/days/dayContext[@type="([^"]*+)"]/dayWidth[@type="([^"]*+)"]/day[@type="([^"]*+)"]	gregorian, format, wide, fri; gregorian, format, wide, mon; gregorian, format, wide, sat; gregorian, format, wide, sun; gregorian, format, wide, thu; gregorian, format, wide, tue; gregorian, format, wide, wed
kaa_Latn	12	0	0	//ldml/dates/calendars/calendar[@type="([^"]*+)"]/months/monthContext[@type="([^"]*+)"]/monthWidth[@type="([^"]*+)"]/month[@type="([^"]*+)"]	gregorian, format, wide, 1; gregorian, format, wide, 10; gregorian, format, wide, 11; gregorian, format, wide, 12; gregorian, format, wide, 2; gregorian, format, wide, 3; gregorian, format, wide, 4; gregorian, format, wide, 5; gregorian, format, wide, 6; gregorian, format, wide, 7; gregorian, format, wide, 8; gregorian, format, wide, 9
kaa_Latn	1	0	0	//ldml/dates/timeZoneNames/fallbackFormat	
kaa_Latn	1	0	0	//ldml/dates/timeZoneNames/gmtFormat	
kaa_Latn	1	0	0	//ldml/dates/timeZoneNames/gmtFormat[@alt="([^"]*+)"]	utc
kaa_Latn	1	0	0	//ldml/dates/timeZoneNames/hourFormat	
kaa_Latn	1	0	0	//ldml/dates/timeZoneNames/metazone[@type="([^"]*+)"]/long/standard	GMT
kaa_Latn	1	0	0	//ldml/dates/timeZoneNames/regionFormat	
kaa_Latn	2	0	0	//ldml/dates/timeZoneNames/regionFormat[@type="([^"]*+)"]	daylight
kaa_Latn	1	0	0	//ldml/dates/timeZoneNames/zone[@type="([^"]*+)"]/long/standard	Etc/UTC
kaa_Latn	1	0	0	//ldml/dates/timeZoneNames/zone[@type="([^"]*+)"]/short/standard	Etc/UTC
kaa_Latn	1	0	0	//ldml/delimiters/alternateQuotationEnd	
kaa_Latn	1	0	0	//ldml/delimiters/alternateQuotationStart	
kaa_Latn	1	0	0	//ldml/delimiters/quotationEnd	
kaa_Latn	1	0	0	//ldml/delimiters/quotationStart	
kaa_Latn	3	0	0	//ldml/localeDisplayNames/codePatterns/codePattern[@type="([^"]*+)"]	language; script; territory
kaa_Latn	3	0	0	//ldml/localeDisplayNames/languages/language[@type="([^"]*+)"]	en; kaa
kaa_Latn	1	0	0	//ldml/localeDisplayNames/localeDisplayPattern/localePattern	
kaa_Latn	1	0	0	//ldml/localeDisplayNames/localeDisplayPattern/localeSeparator	
kaa_Latn	3	0	0	//ldml/localeDisplayNames/measurementSystemNames/measurementSystemName[@type="([^"]*+)"]	UK; US; metric
kaa_Latn	2	0	0	//ldml/localeDisplayNames/scripts/script[@type="([^"]*+)"]	Cyrl; Latn
kaa_Latn	2	0	0	//ldml/localeDisplayNames/territories/territory[@type="([^"]*+)"]	UZ
kaa_Latn	1	0	0	//ldml/numbers/currencyFormats[@numberSystem="([^"]*+)"]/currencyFormatLength/currencyFormat[@type="([^"]*+)"]/pattern[@type="([^"]*+)"]	latn
kaa_Latn	1	0	0	//ldml/numbers/decimalFormats[@numberSystem="([^"]*+)"]/decimalFormatLength/decimalFormat[@type="([^"]*+)"]/pattern[@type="([^"]*+)"]	latn
kaa_Latn	1	0	0	//ldml/numbers/percentFormats[@numberSystem="([^"]*+)"]/percentFormatLength/percentFormat[@type="([^"]*+)"]/pattern[@type="([^"]*+)"]	latn
kaa_Latn	1	0	0	//ldml/numbers/scientificFormats[@numberSystem="([^"]*+)"]/scientificFormatLength/scientificFormat[@type="([^"]*+)"]/pattern[@type="([^"]*+)"]	latn
kaa_Latn	1	0	0	//ldml/numbers/symbols[@numberSystem="([^"]*+)"]/decimal	latn
kaa_Latn	1	0	0	//ldml/numbers/symbols[@numberSystem="([^"]*+)"]/group	latn
kaa_Latn	1	0	0	//ldml/numbers/symbols[@numberSystem="([^"]*+)"]/minusSign	latn
kaa_Latn	1	0	0	//ldml/numbers/symbols[@numberSystem="([^"]*+)"]/percentSign	latn
kaa_Latn	1	0	0	//ldml/numbers/symbols[@numberSystem="([^"]*+)"]/plusSign	latn
kaa_Latn	70	0	0	Totals	
					
kab	2	0	7	//ldml/dates/calendars/calendar[@type="([^"]*+)"]/dateTimeFormats/availableFormats/dateFormatItem[@id="([^"]*+)"]	gregorian, Hm; gregorian, Hms; gregorian, Hmsv; gregorian, hm; gregorian, hms; gregorian, hmsv; gregorian, yMMMMEd; gregorian, yMMMMd; gregorian, yMd
kab	0	0	1	//ldml/dates/calendars/calendar[@type="([^"]*+)"]/dateTimeFormats/intervalFormats/intervalFormatFallback	gregorian
kab	0	0	1	//ldml/dates/timeZoneNames/fallbackFormat	
kab	0	0	1	//ldml/dates/timeZoneNames/gmtFormat	
kab	1	0	0	//ldml/dates/timeZoneNames/gmtFormat[@alt="([^"]*+)"]	utc
kab	0	0	1	//ldml/dates/timeZoneNames/hourFormat	
kab	0	0	1	//ldml/dates/timeZoneNames/metazone[@type="([^"]*+)"]/long/standard	GMT
kab	0	0	1	//ldml/dates/timeZoneNames/regionFormat	
kab	0	0	2	//ldml/dates/timeZoneNames/regionFormat[@type="([^"]*+)"]	daylight
kab	0	0	1	//ldml/dates/timeZoneNames/zone[@type="([^"]*+)"]/long/standard	Etc/UTC
kab	1	0	0	//ldml/dates/timeZoneNames/zone[@type="([^"]*+)"]/short/standard	Etc/UTC
kab	0	0	3	//ldml/localeDisplayNames/codePatterns/codePattern[@type="([^"]*+)"]	language; script; territory
kab	0	0	1	//ldml/localeDisplayNames/localeDisplayPattern/localePattern	
kab	0	0	1	//ldml/localeDisplayNames/localeDisplayPattern/localeSeparator	
kab	0	0	3	//ldml/localeDisplayNames/measurementSystemNames/measurementSystemName[@type="([^"]*+)"]	UK; US; metric
kab	0	0	1	//ldml/localeDisplayNames/scripts/script[@type="([^"]*+)"]	Latn
kab	0	0	1	//ldml/numbers/decimalFormats[@numberSystem="([^"]*+)"]/decimalFormatLength/decimalFormat[@type="([^"]*+)"]/pattern[@type="([^"]*+)"]	latn
kab	0	0	1	//ldml/numbers/defaultNumberingSystem	
kab	0	0	1	//ldml/numbers/otherNumberingSystems/native	
kab	0	0	1	//ldml/numbers/percentFormats[@numberSystem="([^"]*+)"]/percentFormatLength/percentFormat[@type="([^"]*+)"]/pattern[@type="([^"]*+)"]	latn
kab	0	0	1	//ldml/numbers/scientificFormats[@numberSystem="([^"]*+)"]/scientificFormatLength/scientificFormat[@type="([^"]*+)"]/pattern[@type="([^"]*+)"]	latn
kab	0	0	1	//ldml/numbers/symbols[@numberSystem="([^"]*+)"]/minusSign	latn
kab	0	0	1	//ldml/numbers/symbols[@numberSystem="([^"]*+)"]/percentSign	latn
kab	0	0	1	//ldml/numbers/symbols[@numberSystem="([^"]*+)"]/plusSign	latn
kab	4	0	33	Totals	
					
kaj	10	0	0	//ldml/dates/calendars/calendar[@type="([^"]*+)"]/dateTimeFormats/availableFormats/dateFormatItem[@id="([^"]*+)"]	gregorian, Hm; gregorian, Hms; gregorian, Hmsv; gregorian, hm; gregorian, hms; gregorian, hmsv; gregorian, yMMMMEd; gregorian, yMMMMd; gregorian, yMMMd; gregorian, yMd
kaj	1	0	0	//ldml/dates/calendars/calendar[@type="([^"]*+)"]/dateTimeFormats/intervalFormats/intervalFormatFallback	gregorian
kaj	0	0	2	//ldml/dates/calendars/calendar[@type="([^"]*+)"]/dayPeriods/dayPeriodContext[@type="([^"]*+)"]/dayPeriodWidth[@type="([^"]*+)"]/dayPeriod[@type="([^"]*+)"]	gregorian, format, wide, am; gregorian, format, wide, pm
kaj	0	0	7	//ldml/dates/calendars/calendar[@type="([^"]*+)"]/days/dayContext[@type="([^"]*+)"]/dayWidth[@type="([^"]*+)"]/day[@type="([^"]*+)"]	gregorian, format, wide, fri; gregorian, format, wide, mon; gregorian, format, wide, sat; gregorian, format, wide, sun; gregorian, format, wide, thu; gregorian, format, wide, tue; gregorian, format, wide, wed
kaj	0	0	12	//ldml/dates/calendars/calendar[@type="([^"]*+)"]/months/monthContext[@type="([^"]*+)"]/monthWidth[@type="([^"]*+)"]/month[@type="([^"]*+)"]	gregorian, format, wide, 1; gregorian, format, wide, 10; gregorian, format, wide, 11; gregorian, format, wide, 12; gregorian, format, wide, 2; gregorian, format, wide, 3; gregorian, format, wide, 4; gregorian, format, wide, 5; gregorian, format, wide, 6; gregorian, format, wide, 7; gregorian, format, wide, 8; gregorian, format, wide, 9
kaj	1	0	0	//ldml/dates/timeZoneNames/fallbackFormat	
kaj	1	0	0	//ldml/dates/timeZoneNames/gmtFormat	
kaj	1	0	0	//ldml/dates/timeZoneNames/gmtFormat[@alt="([^"]*+)"]	utc
kaj	1	0	0	//ldml/dates/timeZoneNames/hourFormat	
kaj	1	0	0	//ldml/dates/timeZoneNames/metazone[@type="([^"]*+)"]/long/standard	GMT
kaj	1	0	0	//ldml/dates/timeZoneNames/regionFormat	
kaj	2	0	0	//ldml/dates/timeZoneNames/regionFormat[@type="([^"]*+)"]	daylight
kaj	1	0	0	//ldml/dates/timeZoneNames/zone[@type="([^"]*+)"]/long/standard	Etc/UTC
kaj	1	0	0	//ldml/dates/timeZoneNames/zone[@type="([^"]*+)"]/short/standard	Etc/UTC
kaj	1	0	0	//ldml/delimiters/alternateQuotationEnd	
kaj	1	0	0	//ldml/delimiters/alternateQuotationStart	
kaj	1	0	0	//ldml/delimiters/quotationEnd	
kaj	1	0	0	//ldml/delimiters/quotationStart	
kaj	3	0	0	//ldml/localeDisplayNames/codePatterns/codePattern[@type="([^"]*+)"]	language; script; territory
kaj	1	0	0	//ldml/localeDisplayNames/languages/language[@type="([^"]*+)"]	en
kaj	1	0	0	//ldml/localeDisplayNames/localeDisplayPattern/localePattern	
kaj	1	0	0	//ldml/localeDisplayNames/localeDisplayPattern/localeSeparator	
kaj	3	0	0	//ldml/localeDisplayNames/measurementSystemNames/measurementSystemName[@type="([^"]*+)"]	UK; US; metric
kaj	1	0	0	//ldml/localeDisplayNames/scripts/script[@type="([^"]*+)"]	Latn
kaj	2	0	0	//ldml/localeDisplayNames/territories/territory[@type="([^"]*+)"]	NG
kaj	1	0	0	//ldml/numbers/currencyFormats[@numberSystem="([^"]*+)"]/currencyFormatLength/currencyFormat[@type="([^"]*+)"]/pattern[@type="([^"]*+)"]	latn
kaj	1	0	0	//ldml/numbers/decimalFormats[@numberSystem="([^"]*+)"]/decimalFormatLength/decimalFormat[@type="([^"]*+)"]/pattern[@type="([^"]*+)"]	latn
kaj	1	0	0	//ldml/numbers/percentFormats[@numberSystem="([^"]*+)"]/percentFormatLength/percentFormat[@type="([^"]*+)"]/pattern[@type="([^"]*+)"]	latn
kaj	1	0	0	//ldml/numbers/scientificFormats[@numberSystem="([^"]*+)"]/scientificFormatLength/scientificFormat[@type="([^"]*+)"]/pattern[@type="([^"]*+)"]	latn
kaj	1	0	0	//ldml/numbers/symbols[@numberSystem="([^"]*+)"]/decimal	latn
kaj	1	0	0	//ldml/numbers/symbols[@numberSystem="([^"]*+)"]/group	latn
kaj	1	0	0	//ldml/numbers/symbols[@numberSystem="([^"]*+)"]/minusSign	latn
kaj	1	0	0	//ldml/numbers/symbols[@numberSystem="([^"]*+)"]/percentSign	latn
kaj	1	0	0	//ldml/numbers/symbols[@numberSystem="([^"]*+)"]/plusSign	latn
kaj	46	0	21	Totals	
					
kam	7	0	0	//ldml/dates/calendars/calendar[@type="([^"]*+)"]/dateTimeFormats/availableFormats/dateFormatItem[@id="([^"]*+)"]	gregorian, Hmsv; gregorian, hms; gregorian, hmsv; gregorian, yMMMMEd; gregorian, yMMMMd; gregorian, yMMMd; gregorian, yMd
kam	1	0	0	//ldml/dates/calendars/calendar[@type="([^"]*+)"]/dateTimeFormats/intervalFormats/intervalFormatFallback	gregorian
kam	1	0	0	//ldml/dates/timeZoneNames/fallbackFormat	
kam	1	0	0	//ldml/dates/timeZoneNames/gmtFormat	
kam	1	0	0	//ldml/dates/timeZoneNames/gmtFormat[@alt="([^"]*+)"]	utc
kam	1	0	0	//ldml/dates/timeZoneNames/hourFormat	
kam	1	0	0	//ldml/dates/timeZoneNames/metazone[@type="([^"]*+)"]/long/standard	GMT
kam	1	0	0	//ldml/dates/timeZoneNames/regionFormat	
kam	2	0	0	//ldml/dates/timeZoneNames/regionFormat[@type="([^"]*+)"]	daylight
kam	1	0	0	//ldml/dates/timeZoneNames/zone[@type="([^"]*+)"]/long/standard	Etc/UTC
kam	1	0	0	//ldml/dates/timeZoneNames/zone[@type="([^"]*+)"]/short/standard	Etc/UTC
kam	3	0	0	//ldml/localeDisplayNames/codePatterns/codePattern[@type="([^"]*+)"]	language; script; territory
kam	1	0	0	//ldml/localeDisplayNames/localeDisplayPattern/localePattern	
kam	1	0	0	//ldml/localeDisplayNames/localeDisplayPattern/localeSeparator	
kam	3	0	0	//ldml/localeDisplayNames/measurementSystemNames/measurementSystemName[@type="([^"]*+)"]	UK; US; metric
kam	1	0	0	//ldml/localeDisplayNames/scripts/script[@type="([^"]*+)"]	Latn
kam	1	0	0	//ldml/numbers/decimalFormats[@numberSystem="([^"]*+)"]/decimalFormatLength/decimalFormat[@type="([^"]*+)"]/pattern[@type="([^"]*+)"]	latn
kam	1	0	0	//ldml/numbers/percentFormats[@numberSystem="([^"]*+)"]/percentFormatLength/percentFormat[@type="([^"]*+)"]/pattern[@type="([^"]*+)"]	latn
kam	1	0	0	//ldml/numbers/scientificFormats[@numberSystem="([^"]*+)"]/scientificFormatLength/scientificFormat[@type="([^"]*+)"]/pattern[@type="([^"]*+)"]	latn
kam	1	0	0	//ldml/numbers/symbols[@numberSystem="([^"]*+)"]/decimal	latn
kam	1	0	0	//ldml/numbers/symbols[@numberSystem="([^"]*+)"]/group	latn
kam	1	0	0	//ldml/numbers/symbols[@numberSystem="([^"]*+)"]/minusSign	latn
kam	1	0	0	//ldml/numbers/symbols[@numberSystem="([^"]*+)"]/percentSign	latn
kam	1	0	0	//ldml/numbers/symbols[@numberSystem="([^"]*+)"]/plusSign	latn
kam	35	0	0	Totals	
					
kbd	10	0	0	//ldml/dates/calendars/calendar[@type="([^"]*+)"]/dateTimeFormats/availableFormats/dateFormatItem[@id="([^"]*+)"]	gregorian, Hm; gregorian, Hms; gregorian, Hmsv; gregorian, hm; gregorian, hms; gregorian, hmsv; gregorian, yMMMMEd; gregorian, yMMMMd; gregorian, yMMMd; gregorian, yMd
kbd	1	0	0	//ldml/dates/calendars/calendar[@type="([^"]*+)"]/dateTimeFormats/intervalFormats/intervalFormatFallback	gregorian
kbd	2	0	0	//ldml/dates/calendars/calendar[@type="([^"]*+)"]/dayPeriods/dayPeriodContext[@type="([^"]*+)"]/dayPeriodWidth[@type="([^"]*+)"]/dayPeriod[@type="([^"]*+)"]	gregorian, format, wide, am; gregorian, format, wide, pm
kbd	7	0	0	//ldml/dates/calendars/calendar[@type="([^"]*+)"]/days/dayContext[@type="([^"]*+)"]/dayWidth[@type="([^"]*+)"]/day[@type="([^"]*+)"]	gregorian, format, wide, fri; gregorian, format, wide, mon; gregorian, format, wide, sat; gregorian, format, wide, sun; gregorian, format, wide, thu; gregorian, format, wide, tue; gregorian, format, wide, wed
kbd	12	0	0	//ldml/dates/calendars/calendar[@type="([^"]*+)"]/months/monthContext[@type="([^"]*+)"]/monthWidth[@type="([^"]*+)"]/month[@type="([^"]*+)"]	gregorian, format, wide, 1; gregorian, format, wide, 10; gregorian, format, wide, 11; gregorian, format, wide, 12; gregorian, format, wide, 2; gregorian, format, wide, 3; gregorian, format, wide, 4; gregorian, format, wide, 5; gregorian, format, wide, 6; gregorian, format, wide, 7; gregorian, format, wide, 8; gregorian, format, wide, 9
kbd	1	0	0	//ldml/dates/timeZoneNames/fallbackFormat	
kbd	1	0	0	//ldml/dates/timeZoneNames/gmtFormat	
kbd	1	0	0	//ldml/dates/timeZoneNames/gmtFormat[@alt="([^"]*+)"]	utc
kbd	1	0	0	//ldml/dates/timeZoneNames/hourFormat	
kbd	1	0	0	//ldml/dates/timeZoneNames/metazone[@type="([^"]*+)"]/long/standard	GMT
kbd	1	0	0	//ldml/dates/timeZoneNames/regionFormat	
kbd	2	0	0	//ldml/dates/timeZoneNames/regionFormat[@type="([^"]*+)"]	daylight
kbd	1	0	0	//ldml/dates/timeZoneNames/zone[@type="([^"]*+)"]/long/standard	Etc/UTC
kbd	1	0	0	//ldml/dates/timeZoneNames/zone[@type="([^"]*+)"]/short/standard	Etc/UTC
kbd	1	0	0	//ldml/delimiters/alternateQuotationEnd	
kbd	1	0	0	//ldml/delimiters/alternateQuotationStart	
kbd	1	0	0	//ldml/delimiters/quotationEnd	
kbd	1	0	0	//ldml/delimiters/quotationStart	
kbd	3	0	0	//ldml/localeDisplayNames/codePatterns/codePattern[@type="([^"]*+)"]	language; script; territory
kbd	3	0	0	//ldml/localeDisplayNames/languages/language[@type="([^"]*+)"]	en; kbd
kbd	1	0	0	//ldml/localeDisplayNames/localeDisplayPattern/localePattern	
kbd	1	0	0	//ldml/localeDisplayNames/localeDisplayPattern/localeSeparator	
kbd	3	0	0	//ldml/localeDisplayNames/measurementSystemNames/measurementSystemName[@type="([^"]*+)"]	UK; US; metric
kbd	1	0	0	//ldml/localeDisplayNames/scripts/script[@type="([^"]*+)"]	Cyrl
kbd	3	0	0	//ldml/localeDisplayNames/territories/territory[@type="([^"]*+)"]	RU; TR
kbd	1	0	0	//ldml/numbers/currencyFormats[@numberSystem="([^"]*+)"]/currencyFormatLength/currencyFormat[@type="([^"]*+)"]/pattern[@type="([^"]*+)"]	latn
kbd	1	0	0	//ldml/numbers/decimalFormats[@numberSystem="([^"]*+)"]/decimalFormatLength/decimalFormat[@type="([^"]*+)"]/pattern[@type="([^"]*+)"]	latn
kbd	1	0	0	//ldml/numbers/percentFormats[@numberSystem="([^"]*+)"]/percentFormatLength/percentFormat[@type="([^"]*+)"]/pattern[@type="([^"]*+)"]	latn
kbd	1	0	0	//ldml/numbers/scientificFormats[@numberSystem="([^"]*+)"]/scientificFormatLength/scientificFormat[@type="([^"]*+)"]/pattern[@type="([^"]*+)"]	latn
kbd	1	0	0	//ldml/numbers/symbols[@numberSystem="([^"]*+)"]/decimal	latn
kbd	1	0	0	//ldml/numbers/symbols[@numberSystem="([^"]*+)"]/group	latn
kbd	1	0	0	//ldml/numbers/symbols[@numberSystem="([^"]*+)"]/minusSign	latn
kbd	1	0	0	//ldml/numbers/symbols[@numberSystem="([^"]*+)"]/percentSign	latn
kbd	1	0	0	//ldml/numbers/symbols[@numberSystem="([^"]*+)"]/plusSign	latn
kbd	70	0	0	Totals	
					
kcg	10	0	0	//ldml/dates/calendars/calendar[@type="([^"]*+)"]/dateTimeFormats/availableFormats/dateFormatItem[@id="([^"]*+)"]	gregorian, Hm; gregorian, Hms; gregorian, Hmsv; gregorian, hm; gregorian, hms; gregorian, hmsv; gregorian, yMMMMEd; gregorian, yMMMMd; gregorian, yMMMd; gregorian, yMd
kcg	1	0	0	//ldml/dates/calendars/calendar[@type="([^"]*+)"]/dateTimeFormats/intervalFormats/intervalFormatFallback	gregorian
kcg	2	0	0	//ldml/dates/calendars/calendar[@type="([^"]*+)"]/dayPeriods/dayPeriodContext[@type="([^"]*+)"]/dayPeriodWidth[@type="([^"]*+)"]/dayPeriod[@type="([^"]*+)"]	gregorian, format, wide, am; gregorian, format, wide, pm
kcg	0	0	7	//ldml/dates/calendars/calendar[@type="([^"]*+)"]/days/dayContext[@type="([^"]*+)"]/dayWidth[@type="([^"]*+)"]/day[@type="([^"]*+)"]	gregorian, format, wide, fri; gregorian, format, wide, mon; gregorian, format, wide, sat; gregorian, format, wide, sun; gregorian, format, wide, thu; gregorian, format, wide, tue; gregorian, format, wide, wed
kcg	0	0	12	//ldml/dates/calendars/calendar[@type="([^"]*+)"]/months/monthContext[@type="([^"]*+)"]/monthWidth[@type="([^"]*+)"]/month[@type="([^"]*+)"]	gregorian, format, wide, 1; gregorian, format, wide, 10; gregorian, format, wide, 11; gregorian, format, wide, 12; gregorian, format, wide, 2; gregorian, format, wide, 3; gregorian, format, wide, 4; gregorian, format, wide, 5; gregorian, format, wide, 6; gregorian, format, wide, 7; gregorian, format, wide, 8; gregorian, format, wide, 9
kcg	1	0	0	//ldml/dates/timeZoneNames/fallbackFormat	
kcg	1	0	0	//ldml/dates/timeZoneNames/gmtFormat	
kcg	1	0	0	//ldml/dates/timeZoneNames/gmtFormat[@alt="([^"]*+)"]	utc
kcg	1	0	0	//ldml/dates/timeZoneNames/hourFormat	
kcg	1	0	0	//ldml/dates/timeZoneNames/metazone[@type="([^"]*+)"]/long/standard	GMT
kcg	1	0	0	//ldml/dates/timeZoneNames/regionFormat	
kcg	2	0	0	//ldml/dates/timeZoneNames/regionFormat[@type="([^"]*+)"]	daylight
kcg	1	0	0	//ldml/dates/timeZoneNames/zone[@type="([^"]*+)"]/long/standard	Etc/UTC
kcg	1	0	0	//ldml/dates/timeZoneNames/zone[@type="([^"]*+)"]/short/standard	Etc/UTC
kcg	1	0	0	//ldml/delimiters/alternateQuotationEnd	
kcg	1	0	0	//ldml/delimiters/alternateQuotationStart	
kcg	1	0	0	//ldml/delimiters/quotationEnd	
kcg	1	0	0	//ldml/delimiters/quotationStart	
kcg	3	0	0	//ldml/localeDisplayNames/codePatterns/codePattern[@type="([^"]*+)"]	language; script; territory
kcg	1	0	0	//ldml/localeDisplayNames/languages/language[@type="([^"]*+)"]	en
kcg	1	0	0	//ldml/localeDisplayNames/localeDisplayPattern/localePattern	
kcg	1	0	0	//ldml/localeDisplayNames/localeDisplayPattern/localeSeparator	
kcg	3	0	0	//ldml/localeDisplayNames/measurementSystemNames/measurementSystemName[@type="([^"]*+)"]	UK; US; metric
kcg	1	0	0	//ldml/localeDisplayNames/scripts/script[@type="([^"]*+)"]	Latn
kcg	2	0	0	//ldml/localeDisplayNames/territories/territory[@type="([^"]*+)"]	NG
kcg	1	0	0	//ldml/numbers/currencyFormats[@numberSystem="([^"]*+)"]/currencyFormatLength/currencyFormat[@type="([^"]*+)"]/pattern[@type="([^"]*+)"]	latn
kcg	1	0	0	//ldml/numbers/decimalFormats[@numberSystem="([^"]*+)"]/decimalFormatLength/decimalFormat[@type="([^"]*+)"]/pattern[@type="([^"]*+)"]	latn
kcg	1	0	0	//ldml/numbers/percentFormats[@numberSystem="([^"]*+)"]/percentFormatLength/percentFormat[@type="([^"]*+)"]/pattern[@type="([^"]*+)"]	latn
kcg	1	0	0	//ldml/numbers/scientificFormats[@numberSystem="([^"]*+)"]/scientificFormatLength/scientificFormat[@type="([^"]*+)"]/pattern[@type="([^"]*+)"]	latn
kcg	1	0	0	//ldml/numbers/symbols[@numberSystem="([^"]*+)"]/decimal	latn
kcg	1	0	0	//ldml/numbers/symbols[@numberSystem="([^"]*+)"]/group	latn
kcg	1	0	0	//ldml/numbers/symbols[@numberSystem="([^"]*+)"]/minusSign	latn
kcg	1	0	0	//ldml/numbers/symbols[@numberSystem="([^"]*+)"]/percentSign	latn
kcg	1	0	0	//ldml/numbers/symbols[@numberSystem="([^"]*+)"]/plusSign	latn
kcg	48	0	19	Totals	
					
kde	7	0	0	//ldml/dates/calendars/calendar[@type="([^"]*+)"]/dateTimeFormats/availableFormats/dateFormatItem[@id="([^"]*+)"]	gregorian, Hmsv; gregorian, hms; gregorian, hmsv; gregorian, yMMMMEd; gregorian, yMMMMd; gregorian, yMMMd; gregorian, yMd
kde	1	0	0	//ldml/dates/calendars/calendar[@type="([^"]*+)"]/dateTimeFormats/intervalFormats/intervalFormatFallback	gregorian
kde	1	0	0	//ldml/dates/timeZoneNames/fallbackFormat	
kde	1	0	0	//ldml/dates/timeZoneNames/gmtFormat	
kde	1	0	0	//ldml/dates/timeZoneNames/gmtFormat[@alt="([^"]*+)"]	utc
kde	1	0	0	//ldml/dates/timeZoneNames/hourFormat	
kde	1	0	0	//ldml/dates/timeZoneNames/metazone[@type="([^"]*+)"]/long/standard	GMT
kde	1	0	0	//ldml/dates/timeZoneNames/regionFormat	
kde	2	0	0	//ldml/dates/timeZoneNames/regionFormat[@type="([^"]*+)"]	daylight
kde	1	0	0	//ldml/dates/timeZoneNames/zone[@type="([^"]*+)"]/long/standard	Etc/UTC
kde	1	0	0	//ldml/dates/timeZoneNames/zone[@type="([^"]*+)"]/short/standard	Etc/UTC
kde	3	0	0	//ldml/localeDisplayNames/codePatterns/codePattern[@type="([^"]*+)"]	language; script; territory
kde	1	0	0	//ldml/localeDisplayNames/localeDisplayPattern/localePattern	
kde	1	0	0	//ldml/localeDisplayNames/localeDisplayPattern/localeSeparator	
kde	3	0	0	//ldml/localeDisplayNames/measurementSystemNames/measurementSystemName[@type="([^"]*+)"]	UK; US; metric
kde	1	0	0	//ldml/localeDisplayNames/scripts/script[@type="([^"]*+)"]	Latn
kde	1	0	0	//ldml/numbers/decimalFormats[@numberSystem="([^"]*+)"]/decimalFormatLength/decimalFormat[@type="([^"]*+)"]/pattern[@type="([^"]*+)"]	latn
kde	1	0	0	//ldml/numbers/percentFormats[@numberSystem="([^"]*+)"]/percentFormatLength/percentFormat[@type="([^"]*+)"]/pattern[@type="([^"]*+)"]	latn
kde	1	0	0	//ldml/numbers/scientificFormats[@numberSystem="([^"]*+)"]/scientificFormatLength/scientificFormat[@type="([^"]*+)"]/pattern[@type="([^"]*+)"]	latn
kde	1	0	0	//ldml/numbers/symbols[@numberSystem="([^"]*+)"]/decimal	latn
kde	1	0	0	//ldml/numbers/symbols[@numberSystem="([^"]*+)"]/group	latn
kde	1	0	0	//ldml/numbers/symbols[@numberSystem="([^"]*+)"]/minusSign	latn
kde	1	0	0	//ldml/numbers/symbols[@numberSystem="([^"]*+)"]/percentSign	latn
kde	1	0	0	//ldml/numbers/symbols[@numberSystem="([^"]*+)"]/plusSign	latn
kde	35	0	0	Totals	
					
kea	2	0	0	//ldml/dates/calendars/calendar[@type="([^"]*+)"]/dateTimeFormats/availableFormats/dateFormatItem[@id="([^"]*+)"]	gregorian, yMMMMEd; gregorian, yMMMMd
kea	1	0	0	//ldml/dates/timeZoneNames/gmtFormat[@alt="([^"]*+)"]	utc
kea	1	0	0	//ldml/dates/timeZoneNames/zone[@type="([^"]*+)"]/short/standard	Etc/UTC
kea	4	0	0	Totals	
					
kek	8	0	0	//ldml/dates/calendars/calendar[@type="([^"]*+)"]/dateTimeFormats/availableFormats/dateFormatItem[@id="([^"]*+)"]	gregorian, Hm; gregorian, Hms; gregorian, Hmsv; gregorian, hms; gregorian, hmsv; gregorian, yMMMMEd; gregorian, yMMMMd; gregorian, yMMMd
kek	1	0	0	//ldml/dates/calendars/calendar[@type="([^"]*+)"]/dateTimeFormats/intervalFormats/intervalFormatFallback	gregorian
kek	1	0	0	//ldml/dates/timeZoneNames/fallbackFormat	
kek	1	0	0	//ldml/dates/timeZoneNames/gmtFormat	
kek	1	0	0	//ldml/dates/timeZoneNames/gmtFormat[@alt="([^"]*+)"]	utc
kek	1	0	0	//ldml/dates/timeZoneNames/hourFormat	
kek	1	0	0	//ldml/dates/timeZoneNames/metazone[@type="([^"]*+)"]/long/standard	GMT
kek	1	0	0	//ldml/dates/timeZoneNames/regionFormat	
kek	2	0	0	//ldml/dates/timeZoneNames/regionFormat[@type="([^"]*+)"]	daylight
kek	1	0	0	//ldml/dates/timeZoneNames/zone[@type="([^"]*+)"]/long/standard	Etc/UTC
kek	1	0	0	//ldml/dates/timeZoneNames/zone[@type="([^"]*+)"]/short/standard	Etc/UTC
kek	3	0	0	//ldml/localeDisplayNames/codePatterns/codePattern[@type="([^"]*+)"]	language; script; territory
kek	1	0	0	//ldml/localeDisplayNames/languages/language[@type="([^"]*+)"]	en
kek	1	0	0	//ldml/localeDisplayNames/localeDisplayPattern/localePattern	
kek	1	0	0	//ldml/localeDisplayNames/localeDisplayPattern/localeSeparator	
kek	3	0	0	//ldml/localeDisplayNames/measurementSystemNames/measurementSystemName[@type="([^"]*+)"]	UK; US; metric
kek	1	0	0	//ldml/localeDisplayNames/scripts/script[@type="([^"]*+)"]	Zzzz
kek	2	0	0	//ldml/localeDisplayNames/territories/territory[@type="([^"]*+)"]	GT
kek	1	0	0	//ldml/numbers/currencyFormats[@numberSystem="([^"]*+)"]/currencyFormatLength/currencyFormat[@type="([^"]*+)"]/pattern[@type="([^"]*+)"]	latn
kek	1	0	0	//ldml/numbers/decimalFormats[@numberSystem="([^"]*+)"]/decimalFormatLength/decimalFormat[@type="([^"]*+)"]/pattern[@type="([^"]*+)"]	latn
kek	1	0	0	//ldml/numbers/percentFormats[@numberSystem="([^"]*+)"]/percentFormatLength/percentFormat[@type="([^"]*+)"]/pattern[@type="([^"]*+)"]	latn
kek	1	0	0	//ldml/numbers/scientificFormats[@numberSystem="([^"]*+)"]/scientificFormatLength/scientificFormat[@type="([^"]*+)"]/pattern[@type="([^"]*+)"]	latn
kek	35	0	0	Totals	
					
ken	10	0	0	//ldml/dates/calendars/calendar[@type="([^"]*+)"]/dateTimeFormats/availableFormats/dateFormatItem[@id="([^"]*+)"]	gregorian, Hm; gregorian, Hms; gregorian, Hmsv; gregorian, hm; gregorian, hms; gregorian, hmsv; gregorian, yMMMMEd; gregorian, yMMMMd; gregorian, yMMMd; gregorian, yMd
ken	1	0	0	//ldml/dates/calendars/calendar[@type="([^"]*+)"]/dateTimeFormats/intervalFormats/intervalFormatFallback	gregorian
ken	2	0	0	//ldml/dates/calendars/calendar[@type="([^"]*+)"]/dayPeriods/dayPeriodContext[@type="([^"]*+)"]/dayPeriodWidth[@type="([^"]*+)"]/dayPeriod[@type="([^"]*+)"]	gregorian, format, wide, am; gregorian, format, wide, pm
ken	7	0	0	//ldml/dates/calendars/calendar[@type="([^"]*+)"]/days/dayContext[@type="([^"]*+)"]/dayWidth[@type="([^"]*+)"]/day[@type="([^"]*+)"]	gregorian, format, wide, fri; gregorian, format, wide, mon; gregorian, format, wide, sat; gregorian, format, wide, sun; gregorian, format, wide, thu; gregorian, format, wide, tue; gregorian, format, wide, wed
ken	12	0	0	//ldml/dates/calendars/calendar[@type="([^"]*+)"]/months/monthContext[@type="([^"]*+)"]/monthWidth[@type="([^"]*+)"]/month[@type="([^"]*+)"]	gregorian, format, wide, 1; gregorian, format, wide, 10; gregorian, format, wide, 11; gregorian, format, wide, 12; gregorian, format, wide, 2; gregorian, format, wide, 3; gregorian, format, wide, 4; gregorian, format, wide, 5; gregorian, format, wide, 6; gregorian, format, wide, 7; gregorian, format, wide, 8; gregorian, format, wide, 9
ken	1	0	0	//ldml/dates/timeZoneNames/fallbackFormat	
ken	1	0	0	//ldml/dates/timeZoneNames/gmtFormat	
ken	1	0	0	//ldml/dates/timeZoneNames/gmtFormat[@alt="([^"]*+)"]	utc
ken	1	0	0	//ldml/dates/timeZoneNames/hourFormat	
ken	1	0	0	//ldml/dates/timeZoneNames/metazone[@type="([^"]*+)"]/long/standard	GMT
ken	1	0	0	//ldml/dates/timeZoneNames/regionFormat	
ken	2	0	0	//ldml/dates/timeZoneNames/regionFormat[@type="([^"]*+)"]	daylight
ken	1	0	0	//ldml/dates/timeZoneNames/zone[@type="([^"]*+)"]/long/standard	Etc/UTC
ken	1	0	0	//ldml/dates/timeZoneNames/zone[@type="([^"]*+)"]/short/standard	Etc/UTC
ken	1	0	0	//ldml/delimiters/alternateQuotationEnd	
ken	1	0	0	//ldml/delimiters/alternateQuotationStart	
ken	1	0	0	//ldml/delimiters/quotationEnd	
ken	1	0	0	//ldml/delimiters/quotationStart	
ken	3	0	0	//ldml/localeDisplayNames/codePatterns/codePattern[@type="([^"]*+)"]	language; script; territory
ken	1	0	0	//ldml/localeDisplayNames/languages/language[@type="([^"]*+)"]	en
ken	1	0	0	//ldml/localeDisplayNames/localeDisplayPattern/localePattern	
ken	1	0	0	//ldml/localeDisplayNames/localeDisplayPattern/localeSeparator	
ken	3	0	0	//ldml/localeDisplayNames/measurementSystemNames/measurementSystemName[@type="([^"]*+)"]	UK; US; metric
ken	1	0	0	//ldml/localeDisplayNames/scripts/script[@type="([^"]*+)"]	Latn
ken	2	0	0	//ldml/localeDisplayNames/territories/territory[@type="([^"]*+)"]	CM
ken	1	0	0	//ldml/numbers/currencyFormats[@numberSystem="([^"]*+)"]/currencyFormatLength/currencyFormat[@type="([^"]*+)"]/pattern[@type="([^"]*+)"]	latn
ken	1	0	0	//ldml/numbers/decimalFormats[@numberSystem="([^"]*+)"]/decimalFormatLength/decimalFormat[@type="([^"]*+)"]/pattern[@type="([^"]*+)"]	latn
ken	1	0	0	//ldml/numbers/percentFormats[@numberSystem="([^"]*+)"]/percentFormatLength/percentFormat[@type="([^"]*+)"]/pattern[@type="([^"]*+)"]	latn
ken	1	0	0	//ldml/numbers/scientificFormats[@numberSystem="([^"]*+)"]/scientificFormatLength/scientificFormat[@type="([^"]*+)"]/pattern[@type="([^"]*+)"]	latn
ken	1	0	0	//ldml/numbers/symbols[@numberSystem="([^"]*+)"]/decimal	latn
ken	1	0	0	//ldml/numbers/symbols[@numberSystem="([^"]*+)"]/group	latn
ken	1	0	0	//ldml/numbers/symbols[@numberSystem="([^"]*+)"]/minusSign	latn
ken	1	0	0	//ldml/numbers/symbols[@numberSystem="([^"]*+)"]/percentSign	latn
ken	1	0	0	//ldml/numbers/symbols[@numberSystem="([^"]*+)"]/plusSign	latn
ken	67	0	0	Totals	
					
kgp	1	0	0	//ldml/dates/timeZoneNames/gmtFormat[@alt="([^"]*+)"]	utc
kgp	1	0	0	//ldml/dates/timeZoneNames/zone[@type="([^"]*+)"]/short/standard	Etc/UTC
kgp	2	0	0	Totals	
					
khq	9	0	0	//ldml/dates/calendars/calendar[@type="([^"]*+)"]/dateTimeFormats/availableFormats/dateFormatItem[@id="([^"]*+)"]	gregorian, Hm; gregorian, Hms; gregorian, Hmsv; gregorian, hm; gregorian, hms; gregorian, hmsv; gregorian, yMMMMEd; gregorian, yMMMMd; gregorian, yMd
khq	1	0	0	//ldml/dates/calendars/calendar[@type="([^"]*+)"]/dateTimeFormats/intervalFormats/intervalFormatFallback	gregorian
khq	1	0	0	//ldml/dates/timeZoneNames/fallbackFormat	
khq	1	0	0	//ldml/dates/timeZoneNames/gmtFormat	
khq	1	0	0	//ldml/dates/timeZoneNames/gmtFormat[@alt="([^"]*+)"]	utc
khq	1	0	0	//ldml/dates/timeZoneNames/hourFormat	
khq	1	0	0	//ldml/dates/timeZoneNames/metazone[@type="([^"]*+)"]/long/standard	GMT
khq	1	0	0	//ldml/dates/timeZoneNames/regionFormat	
khq	2	0	0	//ldml/dates/timeZoneNames/regionFormat[@type="([^"]*+)"]	daylight
khq	1	0	0	//ldml/dates/timeZoneNames/zone[@type="([^"]*+)"]/long/standard	Etc/UTC
khq	1	0	0	//ldml/dates/timeZoneNames/zone[@type="([^"]*+)"]/short/standard	Etc/UTC
khq	3	0	0	//ldml/localeDisplayNames/codePatterns/codePattern[@type="([^"]*+)"]	language; script; territory
khq	1	0	0	//ldml/localeDisplayNames/localeDisplayPattern/localePattern	
khq	1	0	0	//ldml/localeDisplayNames/localeDisplayPattern/localeSeparator	
khq	3	0	0	//ldml/localeDisplayNames/measurementSystemNames/measurementSystemName[@type="([^"]*+)"]	UK; US; metric
khq	1	0	0	//ldml/localeDisplayNames/scripts/script[@type="([^"]*+)"]	Latn
khq	1	0	0	//ldml/numbers/decimalFormats[@numberSystem="([^"]*+)"]/decimalFormatLength/decimalFormat[@type="([^"]*+)"]/pattern[@type="([^"]*+)"]	latn
khq	1	0	0	//ldml/numbers/percentFormats[@numberSystem="([^"]*+)"]/percentFormatLength/percentFormat[@type="([^"]*+)"]/pattern[@type="([^"]*+)"]	latn
khq	1	0	0	//ldml/numbers/scientificFormats[@numberSystem="([^"]*+)"]/scientificFormatLength/scientificFormat[@type="([^"]*+)"]/pattern[@type="([^"]*+)"]	latn
khq	1	0	0	//ldml/numbers/symbols[@numberSystem="([^"]*+)"]/decimal	latn
khq	1	0	0	//ldml/numbers/symbols[@numberSystem="([^"]*+)"]/minusSign	latn
khq	1	0	0	//ldml/numbers/symbols[@numberSystem="([^"]*+)"]/percentSign	latn
khq	1	0	0	//ldml/numbers/symbols[@numberSystem="([^"]*+)"]/plusSign	latn
khq	36	0	0	Totals	
					
ki	7	0	0	//ldml/dates/calendars/calendar[@type="([^"]*+)"]/dateTimeFormats/availableFormats/dateFormatItem[@id="([^"]*+)"]	gregorian, Hmsv; gregorian, hms; gregorian, hmsv; gregorian, yMMMMEd; gregorian, yMMMMd; gregorian, yMMMd; gregorian, yMd
ki	1	0	0	//ldml/dates/calendars/calendar[@type="([^"]*+)"]/dateTimeFormats/intervalFormats/intervalFormatFallback	gregorian
ki	1	0	0	//ldml/dates/timeZoneNames/fallbackFormat	
ki	1	0	0	//ldml/dates/timeZoneNames/gmtFormat	
ki	1	0	0	//ldml/dates/timeZoneNames/gmtFormat[@alt="([^"]*+)"]	utc
ki	1	0	0	//ldml/dates/timeZoneNames/hourFormat	
ki	1	0	0	//ldml/dates/timeZoneNames/metazone[@type="([^"]*+)"]/long/standard	GMT
ki	1	0	0	//ldml/dates/timeZoneNames/regionFormat	
ki	2	0	0	//ldml/dates/timeZoneNames/regionFormat[@type="([^"]*+)"]	daylight
ki	1	0	0	//ldml/dates/timeZoneNames/zone[@type="([^"]*+)"]/long/standard	Etc/UTC
ki	1	0	0	//ldml/dates/timeZoneNames/zone[@type="([^"]*+)"]/short/standard	Etc/UTC
ki	3	0	0	//ldml/localeDisplayNames/codePatterns/codePattern[@type="([^"]*+)"]	language; script; territory
ki	1	0	0	//ldml/localeDisplayNames/localeDisplayPattern/localePattern	
ki	1	0	0	//ldml/localeDisplayNames/localeDisplayPattern/localeSeparator	
ki	3	0	0	//ldml/localeDisplayNames/measurementSystemNames/measurementSystemName[@type="([^"]*+)"]	UK; US; metric
ki	1	0	0	//ldml/localeDisplayNames/scripts/script[@type="([^"]*+)"]	Latn
ki	1	0	0	//ldml/numbers/decimalFormats[@numberSystem="([^"]*+)"]/decimalFormatLength/decimalFormat[@type="([^"]*+)"]/pattern[@type="([^"]*+)"]	latn
ki	1	0	0	//ldml/numbers/percentFormats[@numberSystem="([^"]*+)"]/percentFormatLength/percentFormat[@type="([^"]*+)"]/pattern[@type="([^"]*+)"]	latn
ki	1	0	0	//ldml/numbers/scientificFormats[@numberSystem="([^"]*+)"]/scientificFormatLength/scientificFormat[@type="([^"]*+)"]/pattern[@type="([^"]*+)"]	latn
ki	1	0	0	//ldml/numbers/symbols[@numberSystem="([^"]*+)"]/decimal	latn
ki	1	0	0	//ldml/numbers/symbols[@numberSystem="([^"]*+)"]/group	latn
ki	1	0	0	//ldml/numbers/symbols[@numberSystem="([^"]*+)"]/minusSign	latn
ki	1	0	0	//ldml/numbers/symbols[@numberSystem="([^"]*+)"]/percentSign	latn
ki	1	0	0	//ldml/numbers/symbols[@numberSystem="([^"]*+)"]/plusSign	latn
ki	35	0	0	Totals	
					
kk_Arab	2	0	0	//ldml/dates/calendars/calendar[@type="([^"]*+)"]/dateTimeFormats/availableFormats/dateFormatItem[@id="([^"]*+)"]	gregorian, yMMMMEd; gregorian, yMMMMd
kk_Arab	1	0	0	//ldml/dates/timeZoneNames/gmtFormat[@alt="([^"]*+)"]	utc
kk_Arab	1	0	0	//ldml/dates/timeZoneNames/zone[@type="([^"]*+)"]/short/standard	Etc/UTC
kk_Arab	4	0	0	Totals	
					
kkj	8	0	0	//ldml/dates/calendars/calendar[@type="([^"]*+)"]/dateTimeFormats/availableFormats/dateFormatItem[@id="([^"]*+)"]	gregorian, Hm; gregorian, Hms; gregorian, Hmsv; gregorian, hm; gregorian, hms; gregorian, hmsv; gregorian, yMMMMEd; gregorian, yMMMMd
kkj	1	0	0	//ldml/dates/calendars/calendar[@type="([^"]*+)"]/dateTimeFormats/intervalFormats/intervalFormatFallback	gregorian
kkj	2	0	0	//ldml/dates/calendars/calendar[@type="([^"]*+)"]/dayPeriods/dayPeriodContext[@type="([^"]*+)"]/dayPeriodWidth[@type="([^"]*+)"]/dayPeriod[@type="([^"]*+)"]	gregorian, format, wide, am; gregorian, format, wide, pm
kkj	1	0	0	//ldml/dates/timeZoneNames/fallbackFormat	
kkj	1	0	0	//ldml/dates/timeZoneNames/gmtFormat	
kkj	1	0	0	//ldml/dates/timeZoneNames/gmtFormat[@alt="([^"]*+)"]	utc
kkj	1	0	0	//ldml/dates/timeZoneNames/hourFormat	
kkj	1	0	0	//ldml/dates/timeZoneNames/metazone[@type="([^"]*+)"]/long/standard	GMT
kkj	1	0	0	//ldml/dates/timeZoneNames/regionFormat	
kkj	2	0	0	//ldml/dates/timeZoneNames/regionFormat[@type="([^"]*+)"]	daylight
kkj	1	0	0	//ldml/dates/timeZoneNames/zone[@type="([^"]*+)"]/long/standard	Etc/UTC
kkj	1	0	0	//ldml/dates/timeZoneNames/zone[@type="([^"]*+)"]/short/standard	Etc/UTC
kkj	3	0	0	//ldml/localeDisplayNames/codePatterns/codePattern[@type="([^"]*+)"]	language; script; territory
kkj	1	0	0	//ldml/localeDisplayNames/localeDisplayPattern/localePattern	
kkj	1	0	0	//ldml/localeDisplayNames/localeDisplayPattern/localeSeparator	
kkj	3	0	0	//ldml/localeDisplayNames/measurementSystemNames/measurementSystemName[@type="([^"]*+)"]	UK; US; metric
kkj	1	0	0	//ldml/localeDisplayNames/scripts/script[@type="([^"]*+)"]	Latn
kkj	1	0	0	//ldml/numbers/currencyFormats[@numberSystem="([^"]*+)"]/currencyFormatLength/currencyFormat[@type="([^"]*+)"]/pattern[@type="([^"]*+)"]	latn
kkj	1	0	0	//ldml/numbers/decimalFormats[@numberSystem="([^"]*+)"]/decimalFormatLength/decimalFormat[@type="([^"]*+)"]/pattern[@type="([^"]*+)"]	latn
kkj	1	0	0	//ldml/numbers/percentFormats[@numberSystem="([^"]*+)"]/percentFormatLength/percentFormat[@type="([^"]*+)"]/pattern[@type="([^"]*+)"]	latn
kkj	1	0	0	//ldml/numbers/scientificFormats[@numberSystem="([^"]*+)"]/scientificFormatLength/scientificFormat[@type="([^"]*+)"]/pattern[@type="([^"]*+)"]	latn
kkj	1	0	0	//ldml/numbers/symbols[@numberSystem="([^"]*+)"]/minusSign	latn
kkj	1	0	0	//ldml/numbers/symbols[@numberSystem="([^"]*+)"]/percentSign	latn
kkj	1	0	0	//ldml/numbers/symbols[@numberSystem="([^"]*+)"]/plusSign	latn
kkj	37	0	0	Totals	
					
kl	4	0	6	//ldml/dates/calendars/calendar[@type="([^"]*+)"]/dateTimeFormats/availableFormats/dateFormatItem[@id="([^"]*+)"]	gregorian, Hm; gregorian, Hms; gregorian, Hmsv; gregorian, hm; gregorian, hms; gregorian, hmsv; gregorian, yMMMMEd; gregorian, yMMMMd; gregorian, yMMMd; gregorian, yMd
kl	0	0	1	//ldml/dates/calendars/calendar[@type="([^"]*+)"]/dateTimeFormats/intervalFormats/intervalFormatFallback	gregorian
kl	0	0	2	//ldml/dates/calendars/calendar[@type="([^"]*+)"]/dayPeriods/dayPeriodContext[@type="([^"]*+)"]/dayPeriodWidth[@type="([^"]*+)"]/dayPeriod[@type="([^"]*+)"]	gregorian, format, wide, am; gregorian, format, wide, pm
kl	0	0	1	//ldml/dates/timeZoneNames/fallbackFormat	
kl	0	0	1	//ldml/dates/timeZoneNames/gmtFormat	
kl	1	0	0	//ldml/dates/timeZoneNames/gmtFormat[@alt="([^"]*+)"]	utc
kl	0	0	1	//ldml/dates/timeZoneNames/hourFormat	
kl	1	0	0	//ldml/dates/timeZoneNames/metazone[@type="([^"]*+)"]/long/standard	GMT
kl	0	0	1	//ldml/dates/timeZoneNames/regionFormat	
kl	2	0	0	//ldml/dates/timeZoneNames/regionFormat[@type="([^"]*+)"]	daylight
kl	1	0	0	//ldml/dates/timeZoneNames/zone[@type="([^"]*+)"]/long/standard	Etc/UTC
kl	1	0	0	//ldml/dates/timeZoneNames/zone[@type="([^"]*+)"]/short/standard	Etc/UTC
kl	0	0	1	//ldml/delimiters/alternateQuotationEnd	
kl	0	0	1	//ldml/delimiters/alternateQuotationStart	
kl	0	0	1	//ldml/delimiters/quotationEnd	
kl	0	0	1	//ldml/delimiters/quotationStart	
kl	0	0	3	//ldml/localeDisplayNames/codePatterns/codePattern[@type="([^"]*+)"]	language; script; territory
kl	0	0	1	//ldml/localeDisplayNames/languages/language[@type="([^"]*+)"]	en
kl	0	0	3	//ldml/localeDisplayNames/measurementSystemNames/measurementSystemName[@type="([^"]*+)"]	UK; US; metric
kl	0	0	1	//ldml/localeDisplayNames/scripts/script[@type="([^"]*+)"]	Latn
kl	0	0	1	//ldml/numbers/decimalFormats[@numberSystem="([^"]*+)"]/decimalFormatLength/decimalFormat[@type="([^"]*+)"]/pattern[@type="([^"]*+)"]	latn
kl	0	0	1	//ldml/numbers/defaultNumberingSystem	
kl	0	0	1	//ldml/numbers/otherNumberingSystems/native	
kl	0	0	1	//ldml/numbers/scientificFormats[@numberSystem="([^"]*+)"]/scientificFormatLength/scientificFormat[@type="([^"]*+)"]/pattern[@type="([^"]*+)"]	latn
kl	0	0	1	//ldml/numbers/symbols[@numberSystem="([^"]*+)"]/minusSign	latn
kl	0	0	1	//ldml/numbers/symbols[@numberSystem="([^"]*+)"]/percentSign	latn
kl	0	0	1	//ldml/numbers/symbols[@numberSystem="([^"]*+)"]/plusSign	latn
kl	10	0	32	Totals	
					
kln	7	0	0	//ldml/dates/calendars/calendar[@type="([^"]*+)"]/dateTimeFormats/availableFormats/dateFormatItem[@id="([^"]*+)"]	gregorian, Hmsv; gregorian, hms; gregorian, hmsv; gregorian, yMMMMEd; gregorian, yMMMMd; gregorian, yMMMd; gregorian, yMd
kln	1	0	0	//ldml/dates/calendars/calendar[@type="([^"]*+)"]/dateTimeFormats/intervalFormats/intervalFormatFallback	gregorian
kln	1	0	0	//ldml/dates/timeZoneNames/fallbackFormat	
kln	1	0	0	//ldml/dates/timeZoneNames/gmtFormat	
kln	1	0	0	//ldml/dates/timeZoneNames/gmtFormat[@alt="([^"]*+)"]	utc
kln	1	0	0	//ldml/dates/timeZoneNames/hourFormat	
kln	1	0	0	//ldml/dates/timeZoneNames/metazone[@type="([^"]*+)"]/long/standard	GMT
kln	1	0	0	//ldml/dates/timeZoneNames/regionFormat	
kln	2	0	0	//ldml/dates/timeZoneNames/regionFormat[@type="([^"]*+)"]	daylight
kln	1	0	0	//ldml/dates/timeZoneNames/zone[@type="([^"]*+)"]/long/standard	Etc/UTC
kln	1	0	0	//ldml/dates/timeZoneNames/zone[@type="([^"]*+)"]/short/standard	Etc/UTC
kln	3	0	0	//ldml/localeDisplayNames/codePatterns/codePattern[@type="([^"]*+)"]	language; script; territory
kln	1	0	0	//ldml/localeDisplayNames/localeDisplayPattern/localePattern	
kln	1	0	0	//ldml/localeDisplayNames/localeDisplayPattern/localeSeparator	
kln	3	0	0	//ldml/localeDisplayNames/measurementSystemNames/measurementSystemName[@type="([^"]*+)"]	UK; US; metric
kln	1	0	0	//ldml/localeDisplayNames/scripts/script[@type="([^"]*+)"]	Latn
kln	1	0	0	//ldml/numbers/decimalFormats[@numberSystem="([^"]*+)"]/decimalFormatLength/decimalFormat[@type="([^"]*+)"]/pattern[@type="([^"]*+)"]	latn
kln	1	0	0	//ldml/numbers/percentFormats[@numberSystem="([^"]*+)"]/percentFormatLength/percentFormat[@type="([^"]*+)"]/pattern[@type="([^"]*+)"]	latn
kln	1	0	0	//ldml/numbers/scientificFormats[@numberSystem="([^"]*+)"]/scientificFormatLength/scientificFormat[@type="([^"]*+)"]/pattern[@type="([^"]*+)"]	latn
kln	1	0	0	//ldml/numbers/symbols[@numberSystem="([^"]*+)"]/decimal	latn
kln	1	0	0	//ldml/numbers/symbols[@numberSystem="([^"]*+)"]/group	latn
kln	1	0	0	//ldml/numbers/symbols[@numberSystem="([^"]*+)"]/minusSign	latn
kln	1	0	0	//ldml/numbers/symbols[@numberSystem="([^"]*+)"]/percentSign	latn
kln	1	0	0	//ldml/numbers/symbols[@numberSystem="([^"]*+)"]/plusSign	latn
kln	35	0	0	Totals	
					
kok_Latn	2	0	0	//ldml/dates/calendars/calendar[@type="([^"]*+)"]/dateTimeFormats/availableFormats/dateFormatItem[@id="([^"]*+)"]	gregorian, yMMMMEd; gregorian, yMMMMd
kok_Latn	1	0	0	//ldml/dates/timeZoneNames/gmtFormat[@alt="([^"]*+)"]	utc
kok_Latn	3	0	0	Totals	
					
kpe	10	0	0	//ldml/dates/calendars/calendar[@type="([^"]*+)"]/dateTimeFormats/availableFormats/dateFormatItem[@id="([^"]*+)"]	gregorian, Hm; gregorian, Hms; gregorian, Hmsv; gregorian, hm; gregorian, hms; gregorian, hmsv; gregorian, yMMMMEd; gregorian, yMMMMd; gregorian, yMMMd; gregorian, yMd
kpe	1	0	0	//ldml/dates/calendars/calendar[@type="([^"]*+)"]/dateTimeFormats/intervalFormats/intervalFormatFallback	gregorian
kpe	2	0	0	//ldml/dates/calendars/calendar[@type="([^"]*+)"]/dayPeriods/dayPeriodContext[@type="([^"]*+)"]/dayPeriodWidth[@type="([^"]*+)"]/dayPeriod[@type="([^"]*+)"]	gregorian, format, wide, am; gregorian, format, wide, pm
kpe	7	0	0	//ldml/dates/calendars/calendar[@type="([^"]*+)"]/days/dayContext[@type="([^"]*+)"]/dayWidth[@type="([^"]*+)"]/day[@type="([^"]*+)"]	gregorian, format, wide, fri; gregorian, format, wide, mon; gregorian, format, wide, sat; gregorian, format, wide, sun; gregorian, format, wide, thu; gregorian, format, wide, tue; gregorian, format, wide, wed
kpe	12	0	0	//ldml/dates/calendars/calendar[@type="([^"]*+)"]/months/monthContext[@type="([^"]*+)"]/monthWidth[@type="([^"]*+)"]/month[@type="([^"]*+)"]	gregorian, format, wide, 1; gregorian, format, wide, 10; gregorian, format, wide, 11; gregorian, format, wide, 12; gregorian, format, wide, 2; gregorian, format, wide, 3; gregorian, format, wide, 4; gregorian, format, wide, 5; gregorian, format, wide, 6; gregorian, format, wide, 7; gregorian, format, wide, 8; gregorian, format, wide, 9
kpe	1	0	0	//ldml/dates/timeZoneNames/fallbackFormat	
kpe	1	0	0	//ldml/dates/timeZoneNames/gmtFormat	
kpe	1	0	0	//ldml/dates/timeZoneNames/gmtFormat[@alt="([^"]*+)"]	utc
kpe	1	0	0	//ldml/dates/timeZoneNames/hourFormat	
kpe	1	0	0	//ldml/dates/timeZoneNames/metazone[@type="([^"]*+)"]/long/standard	GMT
kpe	1	0	0	//ldml/dates/timeZoneNames/regionFormat	
kpe	2	0	0	//ldml/dates/timeZoneNames/regionFormat[@type="([^"]*+)"]	daylight
kpe	1	0	0	//ldml/dates/timeZoneNames/zone[@type="([^"]*+)"]/long/standard	Etc/UTC
kpe	1	0	0	//ldml/dates/timeZoneNames/zone[@type="([^"]*+)"]/short/standard	Etc/UTC
kpe	1	0	0	//ldml/delimiters/alternateQuotationEnd	
kpe	1	0	0	//ldml/delimiters/alternateQuotationStart	
kpe	1	0	0	//ldml/delimiters/quotationEnd	
kpe	1	0	0	//ldml/delimiters/quotationStart	
kpe	3	0	0	//ldml/localeDisplayNames/codePatterns/codePattern[@type="([^"]*+)"]	language; script; territory
kpe	1	0	0	//ldml/localeDisplayNames/languages/language[@type="([^"]*+)"]	en
kpe	1	0	0	//ldml/localeDisplayNames/localeDisplayPattern/localePattern	
kpe	1	0	0	//ldml/localeDisplayNames/localeDisplayPattern/localeSeparator	
kpe	3	0	0	//ldml/localeDisplayNames/measurementSystemNames/measurementSystemName[@type="([^"]*+)"]	UK; US; metric
kpe	1	0	0	//ldml/localeDisplayNames/scripts/script[@type="([^"]*+)"]	Latn
kpe	3	0	0	//ldml/localeDisplayNames/territories/territory[@type="([^"]*+)"]	GN; LR
kpe	1	0	0	//ldml/numbers/currencyFormats[@numberSystem="([^"]*+)"]/currencyFormatLength/currencyFormat[@type="([^"]*+)"]/pattern[@type="([^"]*+)"]	latn
kpe	1	0	0	//ldml/numbers/decimalFormats[@numberSystem="([^"]*+)"]/decimalFormatLength/decimalFormat[@type="([^"]*+)"]/pattern[@type="([^"]*+)"]	latn
kpe	1	0	0	//ldml/numbers/percentFormats[@numberSystem="([^"]*+)"]/percentFormatLength/percentFormat[@type="([^"]*+)"]/pattern[@type="([^"]*+)"]	latn
kpe	1	0	0	//ldml/numbers/scientificFormats[@numberSystem="([^"]*+)"]/scientificFormatLength/scientificFormat[@type="([^"]*+)"]/pattern[@type="([^"]*+)"]	latn
kpe	1	0	0	//ldml/numbers/symbols[@numberSystem="([^"]*+)"]/decimal	latn
kpe	1	0	0	//ldml/numbers/symbols[@numberSystem="([^"]*+)"]/group	latn
kpe	1	0	0	//ldml/numbers/symbols[@numberSystem="([^"]*+)"]/minusSign	latn
kpe	1	0	0	//ldml/numbers/symbols[@numberSystem="([^"]*+)"]/percentSign	latn
kpe	1	0	0	//ldml/numbers/symbols[@numberSystem="([^"]*+)"]/plusSign	latn
kpe	68	0	0	Totals	
					
ksb	7	0	0	//ldml/dates/calendars/calendar[@type="([^"]*+)"]/dateTimeFormats/availableFormats/dateFormatItem[@id="([^"]*+)"]	gregorian, Hmsv; gregorian, hms; gregorian, hmsv; gregorian, yMMMMEd; gregorian, yMMMMd; gregorian, yMMMd; gregorian, yMd
ksb	1	0	0	//ldml/dates/calendars/calendar[@type="([^"]*+)"]/dateTimeFormats/intervalFormats/intervalFormatFallback	gregorian
ksb	1	0	0	//ldml/dates/timeZoneNames/fallbackFormat	
ksb	1	0	0	//ldml/dates/timeZoneNames/gmtFormat	
ksb	1	0	0	//ldml/dates/timeZoneNames/gmtFormat[@alt="([^"]*+)"]	utc
ksb	1	0	0	//ldml/dates/timeZoneNames/hourFormat	
ksb	1	0	0	//ldml/dates/timeZoneNames/metazone[@type="([^"]*+)"]/long/standard	GMT
ksb	1	0	0	//ldml/dates/timeZoneNames/regionFormat	
ksb	2	0	0	//ldml/dates/timeZoneNames/regionFormat[@type="([^"]*+)"]	daylight
ksb	1	0	0	//ldml/dates/timeZoneNames/zone[@type="([^"]*+)"]/long/standard	Etc/UTC
ksb	1	0	0	//ldml/dates/timeZoneNames/zone[@type="([^"]*+)"]/short/standard	Etc/UTC
ksb	3	0	0	//ldml/localeDisplayNames/codePatterns/codePattern[@type="([^"]*+)"]	language; script; territory
ksb	1	0	0	//ldml/localeDisplayNames/localeDisplayPattern/localePattern	
ksb	1	0	0	//ldml/localeDisplayNames/localeDisplayPattern/localeSeparator	
ksb	3	0	0	//ldml/localeDisplayNames/measurementSystemNames/measurementSystemName[@type="([^"]*+)"]	UK; US; metric
ksb	1	0	0	//ldml/localeDisplayNames/scripts/script[@type="([^"]*+)"]	Latn
ksb	1	0	0	//ldml/numbers/decimalFormats[@numberSystem="([^"]*+)"]/decimalFormatLength/decimalFormat[@type="([^"]*+)"]/pattern[@type="([^"]*+)"]	latn
ksb	1	0	0	//ldml/numbers/percentFormats[@numberSystem="([^"]*+)"]/percentFormatLength/percentFormat[@type="([^"]*+)"]/pattern[@type="([^"]*+)"]	latn
ksb	1	0	0	//ldml/numbers/scientificFormats[@numberSystem="([^"]*+)"]/scientificFormatLength/scientificFormat[@type="([^"]*+)"]/pattern[@type="([^"]*+)"]	latn
ksb	1	0	0	//ldml/numbers/symbols[@numberSystem="([^"]*+)"]/decimal	latn
ksb	1	0	0	//ldml/numbers/symbols[@numberSystem="([^"]*+)"]/group	latn
ksb	1	0	0	//ldml/numbers/symbols[@numberSystem="([^"]*+)"]/minusSign	latn
ksb	1	0	0	//ldml/numbers/symbols[@numberSystem="([^"]*+)"]/percentSign	latn
ksb	1	0	0	//ldml/numbers/symbols[@numberSystem="([^"]*+)"]/plusSign	latn
ksb	35	0	0	Totals	
					
ksf	4	0	0	//ldml/dates/calendars/calendar[@type="([^"]*+)"]/dateTimeFormats/availableFormats/dateFormatItem[@id="([^"]*+)"]	gregorian, Hmsv; gregorian, hmsv; gregorian, yMMMMEd; gregorian, yMMMMd
ksf	1	0	0	//ldml/dates/calendars/calendar[@type="([^"]*+)"]/dateTimeFormats/intervalFormats/intervalFormatFallback	gregorian
ksf	1	0	0	//ldml/dates/timeZoneNames/fallbackFormat	
ksf	1	0	0	//ldml/dates/timeZoneNames/gmtFormat	
ksf	1	0	0	//ldml/dates/timeZoneNames/gmtFormat[@alt="([^"]*+)"]	utc
ksf	1	0	0	//ldml/dates/timeZoneNames/hourFormat	
ksf	1	0	0	//ldml/dates/timeZoneNames/metazone[@type="([^"]*+)"]/long/standard	GMT
ksf	1	0	0	//ldml/dates/timeZoneNames/regionFormat	
ksf	2	0	0	//ldml/dates/timeZoneNames/regionFormat[@type="([^"]*+)"]	daylight
ksf	1	0	0	//ldml/dates/timeZoneNames/zone[@type="([^"]*+)"]/long/standard	Etc/UTC
ksf	1	0	0	//ldml/dates/timeZoneNames/zone[@type="([^"]*+)"]/short/standard	Etc/UTC
ksf	3	0	0	//ldml/localeDisplayNames/codePatterns/codePattern[@type="([^"]*+)"]	language; script; territory
ksf	1	0	0	//ldml/localeDisplayNames/localeDisplayPattern/localePattern	
ksf	1	0	0	//ldml/localeDisplayNames/localeDisplayPattern/localeSeparator	
ksf	3	0	0	//ldml/localeDisplayNames/measurementSystemNames/measurementSystemName[@type="([^"]*+)"]	UK; US; metric
ksf	1	0	0	//ldml/localeDisplayNames/scripts/script[@type="([^"]*+)"]	Latn
ksf	1	0	0	//ldml/numbers/percentFormats[@numberSystem="([^"]*+)"]/percentFormatLength/percentFormat[@type="([^"]*+)"]/pattern[@type="([^"]*+)"]	latn
ksf	1	0	0	//ldml/numbers/scientificFormats[@numberSystem="([^"]*+)"]/scientificFormatLength/scientificFormat[@type="([^"]*+)"]/pattern[@type="([^"]*+)"]	latn
ksf	1	0	0	//ldml/numbers/symbols[@numberSystem="([^"]*+)"]/minusSign	latn
ksf	1	0	0	//ldml/numbers/symbols[@numberSystem="([^"]*+)"]/percentSign	latn
ksf	1	0	0	//ldml/numbers/symbols[@numberSystem="([^"]*+)"]/plusSign	latn
ksf	29	0	0	Totals	
					
ksh	4	0	0	//ldml/dates/calendars/calendar[@type="([^"]*+)"]/dateTimeFormats/availableFormats/dateFormatItem[@id="([^"]*+)"]	gregorian, Hmsv; gregorian, hmsv; gregorian, yMMMMEd; gregorian, yMMMMd
ksh	0	1	0	//ldml/dates/calendars/calendar[@type="([^"]*+)"]/dateTimeFormats/intervalFormats/intervalFormatFallback	gregorian
ksh	1	0	0	//ldml/dates/timeZoneNames/gmtFormat[@alt="([^"]*+)"]	utc
ksh	1	0	0	//ldml/dates/timeZoneNames/zone[@type="([^"]*+)"]/long/standard	Etc/UTC
ksh	1	0	0	//ldml/dates/timeZoneNames/zone[@type="([^"]*+)"]/short/standard	Etc/UTC
ksh	7	1	0	Totals	
					
ku	2	0	0	//ldml/dates/calendars/calendar[@type="([^"]*+)"]/dateTimeFormats/availableFormats/dateFormatItem[@id="([^"]*+)"]	gregorian, yMMMMEd; gregorian, yMMMMd
ku	1	0	0	//ldml/dates/timeZoneNames/gmtFormat[@alt="([^"]*+)"]	utc
ku	3	0	0	Totals	
					
ku_Arab	10	0	0	//ldml/dates/calendars/calendar[@type="([^"]*+)"]/dateTimeFormats/availableFormats/dateFormatItem[@id="([^"]*+)"]	gregorian, Hm; gregorian, Hms; gregorian, Hmsv; gregorian, hm; gregorian, hms; gregorian, hmsv; gregorian, yMMMMEd; gregorian, yMMMMd; gregorian, yMMMd; gregorian, yMd
ku_Arab	1	0	0	//ldml/dates/calendars/calendar[@type="([^"]*+)"]/dateTimeFormats/intervalFormats/intervalFormatFallback	gregorian
ku_Arab	2	0	0	//ldml/dates/calendars/calendar[@type="([^"]*+)"]/dayPeriods/dayPeriodContext[@type="([^"]*+)"]/dayPeriodWidth[@type="([^"]*+)"]/dayPeriod[@type="([^"]*+)"]	gregorian, format, wide, am; gregorian, format, wide, pm
ku_Arab	7	0	0	//ldml/dates/calendars/calendar[@type="([^"]*+)"]/days/dayContext[@type="([^"]*+)"]/dayWidth[@type="([^"]*+)"]/day[@type="([^"]*+)"]	gregorian, format, wide, fri; gregorian, format, wide, mon; gregorian, format, wide, sat; gregorian, format, wide, sun; gregorian, format, wide, thu; gregorian, format, wide, tue; gregorian, format, wide, wed
ku_Arab	12	0	0	//ldml/dates/calendars/calendar[@type="([^"]*+)"]/months/monthContext[@type="([^"]*+)"]/monthWidth[@type="([^"]*+)"]/month[@type="([^"]*+)"]	gregorian, format, wide, 1; gregorian, format, wide, 10; gregorian, format, wide, 11; gregorian, format, wide, 12; gregorian, format, wide, 2; gregorian, format, wide, 3; gregorian, format, wide, 4; gregorian, format, wide, 5; gregorian, format, wide, 6; gregorian, format, wide, 7; gregorian, format, wide, 8; gregorian, format, wide, 9
ku_Arab	1	0	0	//ldml/dates/timeZoneNames/fallbackFormat	
ku_Arab	1	0	0	//ldml/dates/timeZoneNames/gmtFormat	
ku_Arab	1	0	0	//ldml/dates/timeZoneNames/gmtFormat[@alt="([^"]*+)"]	utc
ku_Arab	1	0	0	//ldml/dates/timeZoneNames/hourFormat	
ku_Arab	1	0	0	//ldml/dates/timeZoneNames/metazone[@type="([^"]*+)"]/long/standard	GMT
ku_Arab	1	0	0	//ldml/dates/timeZoneNames/regionFormat	
ku_Arab	2	0	0	//ldml/dates/timeZoneNames/regionFormat[@type="([^"]*+)"]	daylight
ku_Arab	1	0	0	//ldml/dates/timeZoneNames/zone[@type="([^"]*+)"]/long/standard	Etc/UTC
ku_Arab	1	0	0	//ldml/dates/timeZoneNames/zone[@type="([^"]*+)"]/short/standard	Etc/UTC
ku_Arab	1	0	0	//ldml/delimiters/alternateQuotationEnd	
ku_Arab	1	0	0	//ldml/delimiters/alternateQuotationStart	
ku_Arab	1	0	0	//ldml/delimiters/quotationEnd	
ku_Arab	1	0	0	//ldml/delimiters/quotationStart	
ku_Arab	3	0	0	//ldml/localeDisplayNames/codePatterns/codePattern[@type="([^"]*+)"]	language; script; territory
ku_Arab	3	0	0	//ldml/localeDisplayNames/languages/language[@type="([^"]*+)"]	en; ku
ku_Arab	2	0	0	//ldml/localeDisplayNames/languages/language[@type="([^"]*+)"][@menu="([^"]*+)"]	ku, core; ku, extension
ku_Arab	1	0	0	//ldml/localeDisplayNames/localeDisplayPattern/localePattern	
ku_Arab	1	0	0	//ldml/localeDisplayNames/localeDisplayPattern/localeSeparator	
ku_Arab	3	0	0	//ldml/localeDisplayNames/measurementSystemNames/measurementSystemName[@type="([^"]*+)"]	UK; US; metric
ku_Arab	2	0	0	//ldml/localeDisplayNames/scripts/script[@type="([^"]*+)"]	Arab; Latn
ku_Arab	5	0	0	//ldml/localeDisplayNames/territories/territory[@type="([^"]*+)"]	IQ; IR; SY; TR
ku_Arab	3	0	0	//ldml/numbers/currencyFormats[@numberSystem="([^"]*+)"]/currencyFormatLength/currencyFormat[@type="([^"]*+)"]/pattern[@type="([^"]*+)"]	arab; arabext; latn
ku_Arab	3	0	0	//ldml/numbers/decimalFormats[@numberSystem="([^"]*+)"]/decimalFormatLength/decimalFormat[@type="([^"]*+)"]/pattern[@type="([^"]*+)"]	arab; arabext; latn
ku_Arab	3	0	0	//ldml/numbers/percentFormats[@numberSystem="([^"]*+)"]/percentFormatLength/percentFormat[@type="([^"]*+)"]/pattern[@type="([^"]*+)"]	arab; arabext; latn
ku_Arab	3	0	0	//ldml/numbers/scientificFormats[@numberSystem="([^"]*+)"]/scientificFormatLength/scientificFormat[@type="([^"]*+)"]/pattern[@type="([^"]*+)"]	arab; arabext; latn
ku_Arab	3	0	0	//ldml/numbers/symbols[@numberSystem="([^"]*+)"]/decimal	arab; arabext; latn
ku_Arab	3	0	0	//ldml/numbers/symbols[@numberSystem="([^"]*+)"]/group	arab; arabext; latn
ku_Arab	3	0	0	//ldml/numbers/symbols[@numberSystem="([^"]*+)"]/minusSign	arab; arabext; latn
ku_Arab	3	0	0	//ldml/numbers/symbols[@numberSystem="([^"]*+)"]/percentSign	arab; arabext; latn
ku_Arab	3	0	0	//ldml/numbers/symbols[@numberSystem="([^"]*+)"]/plusSign	arab; arabext; latn
ku_Arab	93	0	0	Totals	
					
kw	10	0	0	//ldml/dates/calendars/calendar[@type="([^"]*+)"]/dateTimeFormats/availableFormats/dateFormatItem[@id="([^"]*+)"]	gregorian, Hm; gregorian, Hms; gregorian, Hmsv; gregorian, hm; gregorian, hms; gregorian, hmsv; gregorian, yMMMMEd; gregorian, yMMMMd; gregorian, yMMMd; gregorian, yMd
kw	1	0	0	//ldml/dates/calendars/calendar[@type="([^"]*+)"]/dateTimeFormats/intervalFormats/intervalFormatFallback	gregorian
kw	1	0	0	//ldml/dates/timeZoneNames/fallbackFormat	
kw	1	0	0	//ldml/dates/timeZoneNames/gmtFormat	
kw	1	0	0	//ldml/dates/timeZoneNames/gmtFormat[@alt="([^"]*+)"]	utc
kw	1	0	0	//ldml/dates/timeZoneNames/hourFormat	
kw	1	0	0	//ldml/dates/timeZoneNames/metazone[@type="([^"]*+)"]/long/standard	GMT
kw	1	0	0	//ldml/dates/timeZoneNames/regionFormat	
kw	2	0	0	//ldml/dates/timeZoneNames/regionFormat[@type="([^"]*+)"]	daylight
kw	1	0	0	//ldml/dates/timeZoneNames/zone[@type="([^"]*+)"]/long/standard	Etc/UTC
kw	1	0	0	//ldml/dates/timeZoneNames/zone[@type="([^"]*+)"]/short/standard	Etc/UTC
kw	1	0	0	//ldml/delimiters/alternateQuotationEnd	
kw	1	0	0	//ldml/delimiters/alternateQuotationStart	
kw	1	0	0	//ldml/delimiters/quotationEnd	
kw	1	0	0	//ldml/delimiters/quotationStart	
kw	2	0	1	//ldml/localeDisplayNames/codePatterns/codePattern[@type="([^"]*+)"]	language; script; territory
kw	0	0	1	//ldml/localeDisplayNames/languages/language[@type="([^"]*+)"]	en
kw	1	0	0	//ldml/localeDisplayNames/localeDisplayPattern/localePattern	
kw	1	0	0	//ldml/localeDisplayNames/localeDisplayPattern/localeSeparator	
kw	3	0	0	//ldml/localeDisplayNames/measurementSystemNames/measurementSystemName[@type="([^"]*+)"]	UK; US; metric
kw	0	0	1	//ldml/localeDisplayNames/scripts/script[@type="([^"]*+)"]	Latn
kw	1	0	0	//ldml/numbers/decimalFormats[@numberSystem="([^"]*+)"]/decimalFormatLength/decimalFormat[@type="([^"]*+)"]/pattern[@type="([^"]*+)"]	latn
kw	1	0	0	//ldml/numbers/percentFormats[@numberSystem="([^"]*+)"]/percentFormatLength/percentFormat[@type="([^"]*+)"]/pattern[@type="([^"]*+)"]	latn
kw	1	0	0	//ldml/numbers/scientificFormats[@numberSystem="([^"]*+)"]/scientificFormatLength/scientificFormat[@type="([^"]*+)"]/pattern[@type="([^"]*+)"]	latn
kw	1	0	0	//ldml/numbers/symbols[@numberSystem="([^"]*+)"]/decimal	latn
kw	1	0	0	//ldml/numbers/symbols[@numberSystem="([^"]*+)"]/group	latn
kw	1	0	0	//ldml/numbers/symbols[@numberSystem="([^"]*+)"]/minusSign	latn
kw	1	0	0	//ldml/numbers/symbols[@numberSystem="([^"]*+)"]/percentSign	latn
kw	1	0	0	//ldml/numbers/symbols[@numberSystem="([^"]*+)"]/plusSign	latn
kw	40	0	3	Totals	
					
kxv	2	0	0	//ldml/dates/calendars/calendar[@type="([^"]*+)"]/dateTimeFormats/availableFormats/dateFormatItem[@id="([^"]*+)"]	gregorian, yMMMMEd; gregorian, yMMMMd
kxv	1	0	0	//ldml/dates/timeZoneNames/gmtFormat[@alt="([^"]*+)"]	utc
kxv	1	0	0	//ldml/dates/timeZoneNames/zone[@type="([^"]*+)"]/short/standard	Etc/UTC
kxv	4	0	0	Totals	
					
kxv_Deva	2	0	0	//ldml/dates/calendars/calendar[@type="([^"]*+)"]/dateTimeFormats/availableFormats/dateFormatItem[@id="([^"]*+)"]	gregorian, yMMMMEd; gregorian, yMMMMd
kxv_Deva	1	0	0	//ldml/dates/timeZoneNames/gmtFormat[@alt="([^"]*+)"]	utc
kxv_Deva	1	0	0	//ldml/dates/timeZoneNames/zone[@type="([^"]*+)"]/long/standard	Etc/UTC
kxv_Deva	1	0	0	//ldml/dates/timeZoneNames/zone[@type="([^"]*+)"]/short/standard	Etc/UTC
kxv_Deva	5	0	0	Totals	
					
kxv_Orya	2	0	0	//ldml/dates/calendars/calendar[@type="([^"]*+)"]/dateTimeFormats/availableFormats/dateFormatItem[@id="([^"]*+)"]	gregorian, yMMMMEd; gregorian, yMMMMd
kxv_Orya	1	0	0	//ldml/dates/timeZoneNames/gmtFormat[@alt="([^"]*+)"]	utc
kxv_Orya	1	0	0	//ldml/dates/timeZoneNames/zone[@type="([^"]*+)"]/short/standard	Etc/UTC
kxv_Orya	4	0	0	Totals	
					
kxv_Telu	2	0	0	//ldml/dates/calendars/calendar[@type="([^"]*+)"]/dateTimeFormats/availableFormats/dateFormatItem[@id="([^"]*+)"]	gregorian, yMMMMEd; gregorian, yMMMMd
kxv_Telu	1	0	0	//ldml/dates/timeZoneNames/gmtFormat[@alt="([^"]*+)"]	utc
kxv_Telu	1	0	0	//ldml/dates/timeZoneNames/zone[@type="([^"]*+)"]/short/standard	Etc/UTC
kxv_Telu	4	0	0	Totals	
					
la	10	0	0	//ldml/dates/calendars/calendar[@type="([^"]*+)"]/dateTimeFormats/availableFormats/dateFormatItem[@id="([^"]*+)"]	gregorian, Hm; gregorian, Hms; gregorian, Hmsv; gregorian, hm; gregorian, hms; gregorian, hmsv; gregorian, yMMMMEd; gregorian, yMMMMd; gregorian, yMMMd; gregorian, yMd
la	1	0	0	//ldml/dates/calendars/calendar[@type="([^"]*+)"]/dateTimeFormats/intervalFormats/intervalFormatFallback	gregorian
la	0	2	0	//ldml/dates/calendars/calendar[@type="([^"]*+)"]/dayPeriods/dayPeriodContext[@type="([^"]*+)"]/dayPeriodWidth[@type="([^"]*+)"]/dayPeriod[@type="([^"]*+)"]	gregorian, format, wide, am; gregorian, format, wide, pm
la	0	7	0	//ldml/dates/calendars/calendar[@type="([^"]*+)"]/days/dayContext[@type="([^"]*+)"]/dayWidth[@type="([^"]*+)"]/day[@type="([^"]*+)"]	gregorian, format, wide, fri; gregorian, format, wide, mon; gregorian, format, wide, sat; gregorian, format, wide, sun; gregorian, format, wide, thu; gregorian, format, wide, tue; gregorian, format, wide, wed
la	0	12	0	//ldml/dates/calendars/calendar[@type="([^"]*+)"]/months/monthContext[@type="([^"]*+)"]/monthWidth[@type="([^"]*+)"]/month[@type="([^"]*+)"]	gregorian, format, wide, 1; gregorian, format, wide, 10; gregorian, format, wide, 11; gregorian, format, wide, 12; gregorian, format, wide, 2; gregorian, format, wide, 3; gregorian, format, wide, 4; gregorian, format, wide, 5; gregorian, format, wide, 6; gregorian, format, wide, 7; gregorian, format, wide, 8; gregorian, format, wide, 9
la	1	0	0	//ldml/dates/timeZoneNames/fallbackFormat	
la	1	0	0	//ldml/dates/timeZoneNames/gmtFormat	
la	1	0	0	//ldml/dates/timeZoneNames/gmtFormat[@alt="([^"]*+)"]	utc
la	1	0	0	//ldml/dates/timeZoneNames/hourFormat	
la	1	0	0	//ldml/dates/timeZoneNames/metazone[@type="([^"]*+)"]/long/standard	GMT
la	1	0	0	//ldml/dates/timeZoneNames/regionFormat	
la	2	0	0	//ldml/dates/timeZoneNames/regionFormat[@type="([^"]*+)"]	daylight
la	1	0	0	//ldml/dates/timeZoneNames/zone[@type="([^"]*+)"]/long/standard	Etc/UTC
la	1	0	0	//ldml/dates/timeZoneNames/zone[@type="([^"]*+)"]/short/standard	Etc/UTC
la	0	1	0	//ldml/delimiters/alternateQuotationEnd	
la	0	1	0	//ldml/delimiters/alternateQuotationStart	
la	0	1	0	//ldml/delimiters/quotationEnd	
la	0	1	0	//ldml/delimiters/quotationStart	
la	3	0	0	//ldml/localeDisplayNames/codePatterns/codePattern[@type="([^"]*+)"]	language; script; territory
la	0	2	0	//ldml/localeDisplayNames/languages/language[@type="([^"]*+)"]	en; la
la	1	0	0	//ldml/localeDisplayNames/localeDisplayPattern/localePattern	
la	1	0	0	//ldml/localeDisplayNames/localeDisplayPattern/localeSeparator	
la	3	0	0	//ldml/localeDisplayNames/measurementSystemNames/measurementSystemName[@type="([^"]*+)"]	UK; US; metric
la	0	1	0	//ldml/localeDisplayNames/scripts/script[@type="([^"]*+)"]	Latn
la	0	1	0	//ldml/localeDisplayNames/territories/territory[@type="([^"]*+)"]	VA
la	1	0	0	//ldml/numbers/currencyFormats[@numberSystem="([^"]*+)"]/currencyFormatLength/currencyFormat[@type="([^"]*+)"]/pattern[@type="([^"]*+)"]	latn
la	0	1	0	//ldml/numbers/decimalFormats[@numberSystem="([^"]*+)"]/decimalFormatLength/decimalFormat[@type="([^"]*+)"]/pattern[@type="([^"]*+)"]	latn
la	1	0	0	//ldml/numbers/percentFormats[@numberSystem="([^"]*+)"]/percentFormatLength/percentFormat[@type="([^"]*+)"]/pattern[@type="([^"]*+)"]	latn
la	1	0	0	//ldml/numbers/scientificFormats[@numberSystem="([^"]*+)"]/scientificFormatLength/scientificFormat[@type="([^"]*+)"]/pattern[@type="([^"]*+)"]	latn
la	0	1	0	//ldml/numbers/symbols[@numberSystem="([^"]*+)"]/decimal	latn
la	0	1	0	//ldml/numbers/symbols[@numberSystem="([^"]*+)"]/group	latn
la	0	1	0	//ldml/numbers/symbols[@numberSystem="([^"]*+)"]/minusSign	latn
la	0	1	0	//ldml/numbers/symbols[@numberSystem="([^"]*+)"]/percentSign	latn
la	0	1	0	//ldml/numbers/symbols[@numberSystem="([^"]*+)"]/plusSign	latn
la	32	35	0	Totals	
					
lag	7	0	0	//ldml/dates/calendars/calendar[@type="([^"]*+)"]/dateTimeFormats/availableFormats/dateFormatItem[@id="([^"]*+)"]	gregorian, Hmsv; gregorian, hms; gregorian, hmsv; gregorian, yMMMMEd; gregorian, yMMMMd; gregorian, yMMMd; gregorian, yMd
lag	1	0	0	//ldml/dates/calendars/calendar[@type="([^"]*+)"]/dateTimeFormats/intervalFormats/intervalFormatFallback	gregorian
lag	1	0	0	//ldml/dates/timeZoneNames/fallbackFormat	
lag	1	0	0	//ldml/dates/timeZoneNames/gmtFormat	
lag	1	0	0	//ldml/dates/timeZoneNames/gmtFormat[@alt="([^"]*+)"]	utc
lag	1	0	0	//ldml/dates/timeZoneNames/hourFormat	
lag	1	0	0	//ldml/dates/timeZoneNames/metazone[@type="([^"]*+)"]/long/standard	GMT
lag	1	0	0	//ldml/dates/timeZoneNames/regionFormat	
lag	2	0	0	//ldml/dates/timeZoneNames/regionFormat[@type="([^"]*+)"]	daylight
lag	1	0	0	//ldml/dates/timeZoneNames/zone[@type="([^"]*+)"]/long/standard	Etc/UTC
lag	1	0	0	//ldml/dates/timeZoneNames/zone[@type="([^"]*+)"]/short/standard	Etc/UTC
lag	3	0	0	//ldml/localeDisplayNames/codePatterns/codePattern[@type="([^"]*+)"]	language; script; territory
lag	1	0	0	//ldml/localeDisplayNames/localeDisplayPattern/localePattern	
lag	1	0	0	//ldml/localeDisplayNames/localeDisplayPattern/localeSeparator	
lag	3	0	0	//ldml/localeDisplayNames/measurementSystemNames/measurementSystemName[@type="([^"]*+)"]	UK; US; metric
lag	1	0	0	//ldml/localeDisplayNames/scripts/script[@type="([^"]*+)"]	Latn
lag	1	0	0	//ldml/numbers/currencyFormats[@numberSystem="([^"]*+)"]/currencyFormatLength/currencyFormat[@type="([^"]*+)"]/pattern[@type="([^"]*+)"]	latn
lag	1	0	0	//ldml/numbers/decimalFormats[@numberSystem="([^"]*+)"]/decimalFormatLength/decimalFormat[@type="([^"]*+)"]/pattern[@type="([^"]*+)"]	latn
lag	1	0	0	//ldml/numbers/percentFormats[@numberSystem="([^"]*+)"]/percentFormatLength/percentFormat[@type="([^"]*+)"]/pattern[@type="([^"]*+)"]	latn
lag	1	0	0	//ldml/numbers/scientificFormats[@numberSystem="([^"]*+)"]/scientificFormatLength/scientificFormat[@type="([^"]*+)"]/pattern[@type="([^"]*+)"]	latn
lag	1	0	0	//ldml/numbers/symbols[@numberSystem="([^"]*+)"]/decimal	latn
lag	1	0	0	//ldml/numbers/symbols[@numberSystem="([^"]*+)"]/group	latn
lag	1	0	0	//ldml/numbers/symbols[@numberSystem="([^"]*+)"]/minusSign	latn
lag	1	0	0	//ldml/numbers/symbols[@numberSystem="([^"]*+)"]/percentSign	latn
lag	1	0	0	//ldml/numbers/symbols[@numberSystem="([^"]*+)"]/plusSign	latn
lag	36	0	0	Totals	
					
lb	2	0	0	//ldml/dates/calendars/calendar[@type="([^"]*+)"]/dateTimeFormats/availableFormats/dateFormatItem[@id="([^"]*+)"]	gregorian, yMMMMEd; gregorian, yMMMMd
lb	1	0	0	//ldml/dates/timeZoneNames/gmtFormat[@alt="([^"]*+)"]	utc
lb	1	0	0	//ldml/dates/timeZoneNames/zone[@type="([^"]*+)"]/long/standard	Etc/UTC
lb	1	0	0	//ldml/dates/timeZoneNames/zone[@type="([^"]*+)"]/short/standard	Etc/UTC
lb	5	0	0	Totals	
					
lg	7	0	0	//ldml/dates/calendars/calendar[@type="([^"]*+)"]/dateTimeFormats/availableFormats/dateFormatItem[@id="([^"]*+)"]	gregorian, Hmsv; gregorian, hms; gregorian, hmsv; gregorian, yMMMMEd; gregorian, yMMMMd; gregorian, yMMMd; gregorian, yMd
lg	1	0	0	//ldml/dates/calendars/calendar[@type="([^"]*+)"]/dateTimeFormats/intervalFormats/intervalFormatFallback	gregorian
lg	2	0	0	//ldml/dates/calendars/calendar[@type="([^"]*+)"]/dayPeriods/dayPeriodContext[@type="([^"]*+)"]/dayPeriodWidth[@type="([^"]*+)"]/dayPeriod[@type="([^"]*+)"]	gregorian, format, wide, am; gregorian, format, wide, pm
lg	1	0	0	//ldml/dates/timeZoneNames/fallbackFormat	
lg	1	0	0	//ldml/dates/timeZoneNames/gmtFormat	
lg	1	0	0	//ldml/dates/timeZoneNames/gmtFormat[@alt="([^"]*+)"]	utc
lg	1	0	0	//ldml/dates/timeZoneNames/hourFormat	
lg	1	0	0	//ldml/dates/timeZoneNames/metazone[@type="([^"]*+)"]/long/standard	GMT
lg	1	0	0	//ldml/dates/timeZoneNames/regionFormat	
lg	2	0	0	//ldml/dates/timeZoneNames/regionFormat[@type="([^"]*+)"]	daylight
lg	1	0	0	//ldml/dates/timeZoneNames/zone[@type="([^"]*+)"]/long/standard	Etc/UTC
lg	1	0	0	//ldml/dates/timeZoneNames/zone[@type="([^"]*+)"]/short/standard	Etc/UTC
lg	3	0	0	//ldml/localeDisplayNames/codePatterns/codePattern[@type="([^"]*+)"]	language; script; territory
lg	1	0	0	//ldml/localeDisplayNames/localeDisplayPattern/localePattern	
lg	1	0	0	//ldml/localeDisplayNames/localeDisplayPattern/localeSeparator	
lg	3	0	0	//ldml/localeDisplayNames/measurementSystemNames/measurementSystemName[@type="([^"]*+)"]	UK; US; metric
lg	1	0	0	//ldml/localeDisplayNames/scripts/script[@type="([^"]*+)"]	Latn
lg	1	0	0	//ldml/numbers/decimalFormats[@numberSystem="([^"]*+)"]/decimalFormatLength/decimalFormat[@type="([^"]*+)"]/pattern[@type="([^"]*+)"]	latn
lg	1	0	0	//ldml/numbers/percentFormats[@numberSystem="([^"]*+)"]/percentFormatLength/percentFormat[@type="([^"]*+)"]/pattern[@type="([^"]*+)"]	latn
lg	1	0	0	//ldml/numbers/scientificFormats[@numberSystem="([^"]*+)"]/scientificFormatLength/scientificFormat[@type="([^"]*+)"]/pattern[@type="([^"]*+)"]	latn
lg	1	0	0	//ldml/numbers/symbols[@numberSystem="([^"]*+)"]/decimal	latn
lg	1	0	0	//ldml/numbers/symbols[@numberSystem="([^"]*+)"]/group	latn
lg	1	0	0	//ldml/numbers/symbols[@numberSystem="([^"]*+)"]/minusSign	latn
lg	1	0	0	//ldml/numbers/symbols[@numberSystem="([^"]*+)"]/percentSign	latn
lg	1	0	0	//ldml/numbers/symbols[@numberSystem="([^"]*+)"]/plusSign	latn
lg	37	0	0	Totals	
					
lij	2	0	0	//ldml/dates/calendars/calendar[@type="([^"]*+)"]/dateTimeFormats/availableFormats/dateFormatItem[@id="([^"]*+)"]	gregorian, yMMMMEd; gregorian, yMMMMd
lij	1	0	0	//ldml/dates/timeZoneNames/gmtFormat[@alt="([^"]*+)"]	utc
lij	0	0	1	//ldml/dates/timeZoneNames/zone[@type="([^"]*+)"]/long/standard	Etc/UTC
lij	1	0	0	//ldml/dates/timeZoneNames/zone[@type="([^"]*+)"]/short/standard	Etc/UTC
lij	4	0	1	Totals	
					
lkt	10	0	0	//ldml/dates/calendars/calendar[@type="([^"]*+)"]/dateTimeFormats/availableFormats/dateFormatItem[@id="([^"]*+)"]	gregorian, Hm; gregorian, Hms; gregorian, Hmsv; gregorian, hm; gregorian, hms; gregorian, hmsv; gregorian, yMMMMEd; gregorian, yMMMMd; gregorian, yMMMd; gregorian, yMd
lkt	1	0	0	//ldml/dates/calendars/calendar[@type="([^"]*+)"]/dateTimeFormats/intervalFormats/intervalFormatFallback	gregorian
lkt	2	0	0	//ldml/dates/calendars/calendar[@type="([^"]*+)"]/dayPeriods/dayPeriodContext[@type="([^"]*+)"]/dayPeriodWidth[@type="([^"]*+)"]/dayPeriod[@type="([^"]*+)"]	gregorian, format, wide, am; gregorian, format, wide, pm
lkt	1	0	0	//ldml/dates/timeZoneNames/fallbackFormat	
lkt	1	0	0	//ldml/dates/timeZoneNames/gmtFormat	
lkt	1	0	0	//ldml/dates/timeZoneNames/gmtFormat[@alt="([^"]*+)"]	utc
lkt	1	0	0	//ldml/dates/timeZoneNames/hourFormat	
lkt	1	0	0	//ldml/dates/timeZoneNames/metazone[@type="([^"]*+)"]/long/standard	GMT
lkt	1	0	0	//ldml/dates/timeZoneNames/regionFormat	
lkt	2	0	0	//ldml/dates/timeZoneNames/regionFormat[@type="([^"]*+)"]	daylight
lkt	1	0	0	//ldml/dates/timeZoneNames/zone[@type="([^"]*+)"]/long/standard	Etc/UTC
lkt	1	0	0	//ldml/dates/timeZoneNames/zone[@type="([^"]*+)"]/short/standard	Etc/UTC
lkt	1	0	0	//ldml/delimiters/alternateQuotationEnd	
lkt	1	0	0	//ldml/delimiters/alternateQuotationStart	
lkt	1	0	0	//ldml/delimiters/quotationEnd	
lkt	1	0	0	//ldml/delimiters/quotationStart	
lkt	3	0	0	//ldml/localeDisplayNames/codePatterns/codePattern[@type="([^"]*+)"]	language; script; territory
lkt	1	0	0	//ldml/localeDisplayNames/localeDisplayPattern/localePattern	
lkt	1	0	0	//ldml/localeDisplayNames/localeDisplayPattern/localeSeparator	
lkt	2	0	0	//ldml/localeDisplayNames/measurementSystemNames/measurementSystemName[@type="([^"]*+)"]	UK; metric
lkt	1	0	0	//ldml/localeDisplayNames/scripts/script[@type="([^"]*+)"]	Latn
lkt	1	0	0	//ldml/numbers/currencyFormats[@numberSystem="([^"]*+)"]/currencyFormatLength/currencyFormat[@type="([^"]*+)"]/pattern[@type="([^"]*+)"]	latn
lkt	1	0	0	//ldml/numbers/decimalFormats[@numberSystem="([^"]*+)"]/decimalFormatLength/decimalFormat[@type="([^"]*+)"]/pattern[@type="([^"]*+)"]	latn
lkt	1	0	0	//ldml/numbers/percentFormats[@numberSystem="([^"]*+)"]/percentFormatLength/percentFormat[@type="([^"]*+)"]/pattern[@type="([^"]*+)"]	latn
lkt	1	0	0	//ldml/numbers/scientificFormats[@numberSystem="([^"]*+)"]/scientificFormatLength/scientificFormat[@type="([^"]*+)"]/pattern[@type="([^"]*+)"]	latn
lkt	0	0	1	//ldml/numbers/symbols[@numberSystem="([^"]*+)"]/decimal	latn
lkt	0	0	1	//ldml/numbers/symbols[@numberSystem="([^"]*+)"]/group	latn
lkt	0	0	1	//ldml/numbers/symbols[@numberSystem="([^"]*+)"]/minusSign	latn
lkt	0	0	1	//ldml/numbers/symbols[@numberSystem="([^"]*+)"]/percentSign	latn
lkt	0	0	1	//ldml/numbers/symbols[@numberSystem="([^"]*+)"]/plusSign	latn
lkt	39	0	5	Totals	
					
lld	2	0	0	//ldml/dates/calendars/calendar[@type="([^"]*+)"]/dateTimeFormats/availableFormats/dateFormatItem[@id="([^"]*+)"]	gregorian, yMMMMEd; gregorian, yMMMMd
lld	1	0	0	//ldml/dates/timeZoneNames/gmtFormat[@alt="([^"]*+)"]	utc
lld	1	0	0	//ldml/dates/timeZoneNames/zone[@type="([^"]*+)"]/short/standard	Etc/UTC
lld	0	0	2	//ldml/localeDisplayNames/measurementSystemNames/measurementSystemName[@type="([^"]*+)"]	UK; US
lld	4	0	2	Totals	
					
lmo	2	0	0	//ldml/dates/calendars/calendar[@type="([^"]*+)"]/dateTimeFormats/availableFormats/dateFormatItem[@id="([^"]*+)"]	gregorian, yMMMMEd; gregorian, yMMMMd
lmo	1	0	0	//ldml/dates/timeZoneNames/gmtFormat[@alt="([^"]*+)"]	utc
lmo	1	0	0	//ldml/dates/timeZoneNames/zone[@type="([^"]*+)"]/long/standard	Etc/UTC
lmo	1	0	0	//ldml/dates/timeZoneNames/zone[@type="([^"]*+)"]/short/standard	Etc/UTC
lmo	5	0	0	Totals	
					
ln	4	0	0	//ldml/dates/calendars/calendar[@type="([^"]*+)"]/dateTimeFormats/availableFormats/dateFormatItem[@id="([^"]*+)"]	gregorian, Hmsv; gregorian, hmsv; gregorian, yMMMMEd; gregorian, yMMMMd
ln	1	0	0	//ldml/dates/calendars/calendar[@type="([^"]*+)"]/dateTimeFormats/intervalFormats/intervalFormatFallback	gregorian
ln	1	0	0	//ldml/dates/timeZoneNames/gmtFormat	
ln	1	0	0	//ldml/dates/timeZoneNames/gmtFormat[@alt="([^"]*+)"]	utc
ln	1	0	0	//ldml/dates/timeZoneNames/hourFormat	
ln	0	0	1	//ldml/dates/timeZoneNames/metazone[@type="([^"]*+)"]/long/standard	GMT
ln	2	0	0	//ldml/dates/timeZoneNames/regionFormat[@type="([^"]*+)"]	daylight
ln	1	0	0	//ldml/dates/timeZoneNames/zone[@type="([^"]*+)"]/long/standard	Etc/UTC
ln	1	0	0	//ldml/dates/timeZoneNames/zone[@type="([^"]*+)"]/short/standard	Etc/UTC
ln	1	0	2	//ldml/localeDisplayNames/codePatterns/codePattern[@type="([^"]*+)"]	language; script; territory
ln	1	0	0	//ldml/localeDisplayNames/localeDisplayPattern/localePattern	
ln	1	0	0	//ldml/localeDisplayNames/localeDisplayPattern/localeSeparator	
ln	3	0	0	//ldml/localeDisplayNames/measurementSystemNames/measurementSystemName[@type="([^"]*+)"]	UK; US; metric
ln	1	0	0	//ldml/localeDisplayNames/scripts/script[@type="([^"]*+)"]	Latn
ln	1	0	0	//ldml/numbers/percentFormats[@numberSystem="([^"]*+)"]/percentFormatLength/percentFormat[@type="([^"]*+)"]/pattern[@type="([^"]*+)"]	latn
ln	1	0	0	//ldml/numbers/scientificFormats[@numberSystem="([^"]*+)"]/scientificFormatLength/scientificFormat[@type="([^"]*+)"]/pattern[@type="([^"]*+)"]	latn
ln	0	0	1	//ldml/numbers/symbols[@numberSystem="([^"]*+)"]/minusSign	latn
ln	0	0	1	//ldml/numbers/symbols[@numberSystem="([^"]*+)"]/percentSign	latn
ln	0	0	1	//ldml/numbers/symbols[@numberSystem="([^"]*+)"]/plusSign	latn
ln	21	0	6	Totals	
					
lrc	10	0	0	//ldml/dates/calendars/calendar[@type="([^"]*+)"]/dateTimeFormats/availableFormats/dateFormatItem[@id="([^"]*+)"]	gregorian, Hm; gregorian, Hms; gregorian, Hmsv; gregorian, hm; gregorian, hms; gregorian, hmsv; gregorian, yMMMMEd; gregorian, yMMMMd; gregorian, yMMMd; gregorian, yMd
lrc	1	0	0	//ldml/dates/timeZoneNames/fallbackFormat	
lrc	1	0	0	//ldml/dates/timeZoneNames/gmtFormat	
lrc	1	0	0	//ldml/dates/timeZoneNames/gmtFormat[@alt="([^"]*+)"]	utc
lrc	1	0	0	//ldml/dates/timeZoneNames/hourFormat	
lrc	1	0	0	//ldml/dates/timeZoneNames/metazone[@type="([^"]*+)"]/long/standard	GMT
lrc	2	0	0	//ldml/dates/timeZoneNames/regionFormat[@type="([^"]*+)"]	daylight
lrc	1	0	0	//ldml/dates/timeZoneNames/zone[@type="([^"]*+)"]/long/standard	Etc/UTC
lrc	1	0	0	//ldml/dates/timeZoneNames/zone[@type="([^"]*+)"]/short/standard	Etc/UTC
lrc	3	0	0	//ldml/localeDisplayNames/territories/territory[@type="([^"]*+)"]	IQ; IR
lrc	2	0	0	//ldml/numbers/currencyFormats[@numberSystem="([^"]*+)"]/currencyFormatLength/currencyFormat[@type="([^"]*+)"]/pattern[@type="([^"]*+)"]	arab; arabext
lrc	2	0	0	//ldml/numbers/decimalFormats[@numberSystem="([^"]*+)"]/decimalFormatLength/decimalFormat[@type="([^"]*+)"]/pattern[@type="([^"]*+)"]	arab; arabext
lrc	2	0	0	//ldml/numbers/percentFormats[@numberSystem="([^"]*+)"]/percentFormatLength/percentFormat[@type="([^"]*+)"]/pattern[@type="([^"]*+)"]	arab; arabext
lrc	2	0	0	//ldml/numbers/scientificFormats[@numberSystem="([^"]*+)"]/scientificFormatLength/scientificFormat[@type="([^"]*+)"]/pattern[@type="([^"]*+)"]	arab; arabext
lrc	2	0	0	//ldml/numbers/symbols[@numberSystem="([^"]*+)"]/decimal	arab; arabext
lrc	2	0	0	//ldml/numbers/symbols[@numberSystem="([^"]*+)"]/group	arab; arabext
lrc	2	0	0	//ldml/numbers/symbols[@numberSystem="([^"]*+)"]/minusSign	arab; arabext
lrc	2	0	0	//ldml/numbers/symbols[@numberSystem="([^"]*+)"]/percentSign	arab; arabext
lrc	2	0	0	//ldml/numbers/symbols[@numberSystem="([^"]*+)"]/plusSign	arab; arabext
lrc	40	0	0	Totals	
					
ltg	2	0	8	//ldml/dates/calendars/calendar[@type="([^"]*+)"]/dateTimeFormats/availableFormats/dateFormatItem[@id="([^"]*+)"]	gregorian, Hm; gregorian, Hms; gregorian, Hmsv; gregorian, hm; gregorian, hms; gregorian, hmsv; gregorian, yMMMMEd; gregorian, yMMMMd; gregorian, yMMMd; gregorian, yMd
ltg	0	0	1	//ldml/dates/calendars/calendar[@type="([^"]*+)"]/dateTimeFormats/intervalFormats/intervalFormatFallback	gregorian
ltg	0	0	2	//ldml/dates/calendars/calendar[@type="([^"]*+)"]/dayPeriods/dayPeriodContext[@type="([^"]*+)"]/dayPeriodWidth[@type="([^"]*+)"]/dayPeriod[@type="([^"]*+)"]	gregorian, format, wide, am; gregorian, format, wide, pm
ltg	0	0	7	//ldml/dates/calendars/calendar[@type="([^"]*+)"]/days/dayContext[@type="([^"]*+)"]/dayWidth[@type="([^"]*+)"]/day[@type="([^"]*+)"]	gregorian, format, wide, fri; gregorian, format, wide, mon; gregorian, format, wide, sat; gregorian, format, wide, sun; gregorian, format, wide, thu; gregorian, format, wide, tue; gregorian, format, wide, wed
ltg	0	0	12	//ldml/dates/calendars/calendar[@type="([^"]*+)"]/months/monthContext[@type="([^"]*+)"]/monthWidth[@type="([^"]*+)"]/month[@type="([^"]*+)"]	gregorian, format, wide, 1; gregorian, format, wide, 10; gregorian, format, wide, 11; gregorian, format, wide, 12; gregorian, format, wide, 2; gregorian, format, wide, 3; gregorian, format, wide, 4; gregorian, format, wide, 5; gregorian, format, wide, 6; gregorian, format, wide, 7; gregorian, format, wide, 8; gregorian, format, wide, 9
ltg	0	0	1	//ldml/dates/timeZoneNames/fallbackFormat	
ltg	0	0	1	//ldml/dates/timeZoneNames/gmtFormat	
ltg	1	0	0	//ldml/dates/timeZoneNames/gmtFormat[@alt="([^"]*+)"]	utc
ltg	0	0	1	//ldml/dates/timeZoneNames/hourFormat	
ltg	0	0	1	//ldml/dates/timeZoneNames/metazone[@type="([^"]*+)"]/long/standard	GMT
ltg	0	0	1	//ldml/dates/timeZoneNames/regionFormat	
ltg	0	0	2	//ldml/dates/timeZoneNames/regionFormat[@type="([^"]*+)"]	daylight
ltg	1	0	0	//ldml/dates/timeZoneNames/zone[@type="([^"]*+)"]/long/standard	Etc/UTC
ltg	1	0	0	//ldml/dates/timeZoneNames/zone[@type="([^"]*+)"]/short/standard	Etc/UTC
ltg	1	0	0	//ldml/delimiters/alternateQuotationEnd	
ltg	1	0	0	//ldml/delimiters/alternateQuotationStart	
ltg	1	0	0	//ldml/delimiters/quotationEnd	
ltg	1	0	0	//ldml/delimiters/quotationStart	
ltg	0	0	3	//ldml/localeDisplayNames/codePatterns/codePattern[@type="([^"]*+)"]	language; script; territory
ltg	0	0	2	//ldml/localeDisplayNames/languages/language[@type="([^"]*+)"]	en; ltg
ltg	0	0	1	//ldml/localeDisplayNames/localeDisplayPattern/localePattern	
ltg	0	0	1	//ldml/localeDisplayNames/localeDisplayPattern/localeSeparator	
ltg	3	0	0	//ldml/localeDisplayNames/measurementSystemNames/measurementSystemName[@type="([^"]*+)"]	UK; US; metric
ltg	1	0	0	//ldml/localeDisplayNames/scripts/script[@type="([^"]*+)"]	Latn
ltg	0	0	1	//ldml/localeDisplayNames/territories/territory[@type="([^"]*+)"]	LV
ltg	1	0	0	//ldml/numbers/currencyFormats[@numberSystem="([^"]*+)"]/currencyFormatLength/currencyFormat[@type="([^"]*+)"]/pattern[@type="([^"]*+)"]	latn
ltg	1	0	0	//ldml/numbers/decimalFormats[@numberSystem="([^"]*+)"]/decimalFormatLength/decimalFormat[@type="([^"]*+)"]/pattern[@type="([^"]*+)"]	latn
ltg	1	0	0	//ldml/numbers/percentFormats[@numberSystem="([^"]*+)"]/percentFormatLength/percentFormat[@type="([^"]*+)"]/pattern[@type="([^"]*+)"]	latn
ltg	1	0	0	//ldml/numbers/scientificFormats[@numberSystem="([^"]*+)"]/scientificFormatLength/scientificFormat[@type="([^"]*+)"]/pattern[@type="([^"]*+)"]	latn
ltg	0	0	1	//ldml/numbers/symbols[@numberSystem="([^"]*+)"]/decimal	latn
ltg	0	0	1	//ldml/numbers/symbols[@numberSystem="([^"]*+)"]/group	latn
ltg	0	0	1	//ldml/numbers/symbols[@numberSystem="([^"]*+)"]/minusSign	latn
ltg	0	0	1	//ldml/numbers/symbols[@numberSystem="([^"]*+)"]/percentSign	latn
ltg	0	0	1	//ldml/numbers/symbols[@numberSystem="([^"]*+)"]/plusSign	latn
ltg	17	0	50	Totals	
					
lu	4	0	0	//ldml/dates/calendars/calendar[@type="([^"]*+)"]/dateTimeFormats/availableFormats/dateFormatItem[@id="([^"]*+)"]	gregorian, Hmsv; gregorian, hmsv; gregorian, yMMMMEd; gregorian, yMMMMd
lu	1	0	0	//ldml/dates/calendars/calendar[@type="([^"]*+)"]/dateTimeFormats/intervalFormats/intervalFormatFallback	gregorian
lu	1	0	0	//ldml/dates/timeZoneNames/fallbackFormat	
lu	1	0	0	//ldml/dates/timeZoneNames/gmtFormat	
lu	1	0	0	//ldml/dates/timeZoneNames/gmtFormat[@alt="([^"]*+)"]	utc
lu	1	0	0	//ldml/dates/timeZoneNames/hourFormat	
lu	1	0	0	//ldml/dates/timeZoneNames/metazone[@type="([^"]*+)"]/long/standard	GMT
lu	1	0	0	//ldml/dates/timeZoneNames/regionFormat	
lu	2	0	0	//ldml/dates/timeZoneNames/regionFormat[@type="([^"]*+)"]	daylight
lu	1	0	0	//ldml/dates/timeZoneNames/zone[@type="([^"]*+)"]/long/standard	Etc/UTC
lu	1	0	0	//ldml/dates/timeZoneNames/zone[@type="([^"]*+)"]/short/standard	Etc/UTC
lu	3	0	0	//ldml/localeDisplayNames/codePatterns/codePattern[@type="([^"]*+)"]	language; script; territory
lu	1	0	0	//ldml/localeDisplayNames/localeDisplayPattern/localePattern	
lu	1	0	0	//ldml/localeDisplayNames/localeDisplayPattern/localeSeparator	
lu	3	0	0	//ldml/localeDisplayNames/measurementSystemNames/measurementSystemName[@type="([^"]*+)"]	UK; US; metric
lu	1	0	0	//ldml/localeDisplayNames/scripts/script[@type="([^"]*+)"]	Latn
lu	1	0	0	//ldml/numbers/percentFormats[@numberSystem="([^"]*+)"]/percentFormatLength/percentFormat[@type="([^"]*+)"]/pattern[@type="([^"]*+)"]	latn
lu	1	0	0	//ldml/numbers/scientificFormats[@numberSystem="([^"]*+)"]/scientificFormatLength/scientificFormat[@type="([^"]*+)"]/pattern[@type="([^"]*+)"]	latn
lu	1	0	0	//ldml/numbers/symbols[@numberSystem="([^"]*+)"]/minusSign	latn
lu	1	0	0	//ldml/numbers/symbols[@numberSystem="([^"]*+)"]/percentSign	latn
lu	1	0	0	//ldml/numbers/symbols[@numberSystem="([^"]*+)"]/plusSign	latn
lu	29	0	0	Totals	
					
luo	7	0	0	//ldml/dates/calendars/calendar[@type="([^"]*+)"]/dateTimeFormats/availableFormats/dateFormatItem[@id="([^"]*+)"]	gregorian, Hmsv; gregorian, hms; gregorian, hmsv; gregorian, yMMMMEd; gregorian, yMMMMd; gregorian, yMMMd; gregorian, yMd
luo	1	0	0	//ldml/dates/calendars/calendar[@type="([^"]*+)"]/dateTimeFormats/intervalFormats/intervalFormatFallback	gregorian
luo	1	0	0	//ldml/dates/timeZoneNames/fallbackFormat	
luo	1	0	0	//ldml/dates/timeZoneNames/gmtFormat	
luo	1	0	0	//ldml/dates/timeZoneNames/gmtFormat[@alt="([^"]*+)"]	utc
luo	1	0	0	//ldml/dates/timeZoneNames/hourFormat	
luo	1	0	0	//ldml/dates/timeZoneNames/metazone[@type="([^"]*+)"]/long/standard	GMT
luo	1	0	0	//ldml/dates/timeZoneNames/regionFormat	
luo	2	0	0	//ldml/dates/timeZoneNames/regionFormat[@type="([^"]*+)"]	daylight
luo	1	0	0	//ldml/dates/timeZoneNames/zone[@type="([^"]*+)"]/long/standard	Etc/UTC
luo	1	0	0	//ldml/dates/timeZoneNames/zone[@type="([^"]*+)"]/short/standard	Etc/UTC
luo	3	0	0	//ldml/localeDisplayNames/codePatterns/codePattern[@type="([^"]*+)"]	language; script; territory
luo	1	0	0	//ldml/localeDisplayNames/localeDisplayPattern/localePattern	
luo	1	0	0	//ldml/localeDisplayNames/localeDisplayPattern/localeSeparator	
luo	3	0	0	//ldml/localeDisplayNames/measurementSystemNames/measurementSystemName[@type="([^"]*+)"]	UK; US; metric
luo	1	0	0	//ldml/localeDisplayNames/scripts/script[@type="([^"]*+)"]	Latn
luo	1	0	0	//ldml/numbers/decimalFormats[@numberSystem="([^"]*+)"]/decimalFormatLength/decimalFormat[@type="([^"]*+)"]/pattern[@type="([^"]*+)"]	latn
luo	1	0	0	//ldml/numbers/percentFormats[@numberSystem="([^"]*+)"]/percentFormatLength/percentFormat[@type="([^"]*+)"]/pattern[@type="([^"]*+)"]	latn
luo	1	0	0	//ldml/numbers/scientificFormats[@numberSystem="([^"]*+)"]/scientificFormatLength/scientificFormat[@type="([^"]*+)"]/pattern[@type="([^"]*+)"]	latn
luo	1	0	0	//ldml/numbers/symbols[@numberSystem="([^"]*+)"]/decimal	latn
luo	1	0	0	//ldml/numbers/symbols[@numberSystem="([^"]*+)"]/group	latn
luo	1	0	0	//ldml/numbers/symbols[@numberSystem="([^"]*+)"]/minusSign	latn
luo	1	0	0	//ldml/numbers/symbols[@numberSystem="([^"]*+)"]/percentSign	latn
luo	1	0	0	//ldml/numbers/symbols[@numberSystem="([^"]*+)"]/plusSign	latn
luo	35	0	0	Totals	
					
luy	7	0	0	//ldml/dates/calendars/calendar[@type="([^"]*+)"]/dateTimeFormats/availableFormats/dateFormatItem[@id="([^"]*+)"]	gregorian, Hmsv; gregorian, hms; gregorian, hmsv; gregorian, yMMMMEd; gregorian, yMMMMd; gregorian, yMMMd; gregorian, yMd
luy	1	0	0	//ldml/dates/calendars/calendar[@type="([^"]*+)"]/dateTimeFormats/intervalFormats/intervalFormatFallback	gregorian
luy	1	0	0	//ldml/dates/timeZoneNames/fallbackFormat	
luy	1	0	0	//ldml/dates/timeZoneNames/gmtFormat	
luy	1	0	0	//ldml/dates/timeZoneNames/gmtFormat[@alt="([^"]*+)"]	utc
luy	1	0	0	//ldml/dates/timeZoneNames/hourFormat	
luy	1	0	0	//ldml/dates/timeZoneNames/metazone[@type="([^"]*+)"]/long/standard	GMT
luy	1	0	0	//ldml/dates/timeZoneNames/regionFormat	
luy	2	0	0	//ldml/dates/timeZoneNames/regionFormat[@type="([^"]*+)"]	daylight
luy	1	0	0	//ldml/dates/timeZoneNames/zone[@type="([^"]*+)"]/long/standard	Etc/UTC
luy	1	0	0	//ldml/dates/timeZoneNames/zone[@type="([^"]*+)"]/short/standard	Etc/UTC
luy	3	0	0	//ldml/localeDisplayNames/codePatterns/codePattern[@type="([^"]*+)"]	language; script; territory
luy	1	0	0	//ldml/localeDisplayNames/localeDisplayPattern/localePattern	
luy	1	0	0	//ldml/localeDisplayNames/localeDisplayPattern/localeSeparator	
luy	2	0	0	//ldml/localeDisplayNames/measurementSystemNames/measurementSystemName[@type="([^"]*+)"]	UK; US
luy	1	0	0	//ldml/localeDisplayNames/scripts/script[@type="([^"]*+)"]	Latn
luy	1	0	0	//ldml/numbers/decimalFormats[@numberSystem="([^"]*+)"]/decimalFormatLength/decimalFormat[@type="([^"]*+)"]/pattern[@type="([^"]*+)"]	latn
luy	1	0	0	//ldml/numbers/percentFormats[@numberSystem="([^"]*+)"]/percentFormatLength/percentFormat[@type="([^"]*+)"]/pattern[@type="([^"]*+)"]	latn
luy	1	0	0	//ldml/numbers/scientificFormats[@numberSystem="([^"]*+)"]/scientificFormatLength/scientificFormat[@type="([^"]*+)"]/pattern[@type="([^"]*+)"]	latn
luy	1	0	0	//ldml/numbers/symbols[@numberSystem="([^"]*+)"]/decimal	latn
luy	1	0	0	//ldml/numbers/symbols[@numberSystem="([^"]*+)"]/group	latn
luy	1	0	0	//ldml/numbers/symbols[@numberSystem="([^"]*+)"]/minusSign	latn
luy	1	0	0	//ldml/numbers/symbols[@numberSystem="([^"]*+)"]/percentSign	latn
luy	1	0	0	//ldml/numbers/symbols[@numberSystem="([^"]*+)"]/plusSign	latn
luy	34	0	0	Totals	
					
lzz	10	0	0	//ldml/dates/calendars/calendar[@type="([^"]*+)"]/dateTimeFormats/availableFormats/dateFormatItem[@id="([^"]*+)"]	gregorian, Hm; gregorian, Hms; gregorian, Hmsv; gregorian, hm; gregorian, hms; gregorian, hmsv; gregorian, yMMMMEd; gregorian, yMMMMd; gregorian, yMMMd; gregorian, yMd
lzz	1	0	0	//ldml/dates/calendars/calendar[@type="([^"]*+)"]/dateTimeFormats/intervalFormats/intervalFormatFallback	gregorian
lzz	2	0	0	//ldml/dates/calendars/calendar[@type="([^"]*+)"]/dayPeriods/dayPeriodContext[@type="([^"]*+)"]/dayPeriodWidth[@type="([^"]*+)"]/dayPeriod[@type="([^"]*+)"]	gregorian, format, wide, am; gregorian, format, wide, pm
lzz	7	0	0	//ldml/dates/calendars/calendar[@type="([^"]*+)"]/days/dayContext[@type="([^"]*+)"]/dayWidth[@type="([^"]*+)"]/day[@type="([^"]*+)"]	gregorian, format, wide, fri; gregorian, format, wide, mon; gregorian, format, wide, sat; gregorian, format, wide, sun; gregorian, format, wide, thu; gregorian, format, wide, tue; gregorian, format, wide, wed
lzz	12	0	0	//ldml/dates/calendars/calendar[@type="([^"]*+)"]/months/monthContext[@type="([^"]*+)"]/monthWidth[@type="([^"]*+)"]/month[@type="([^"]*+)"]	gregorian, format, wide, 1; gregorian, format, wide, 10; gregorian, format, wide, 11; gregorian, format, wide, 12; gregorian, format, wide, 2; gregorian, format, wide, 3; gregorian, format, wide, 4; gregorian, format, wide, 5; gregorian, format, wide, 6; gregorian, format, wide, 7; gregorian, format, wide, 8; gregorian, format, wide, 9
lzz	1	0	0	//ldml/dates/timeZoneNames/fallbackFormat	
lzz	1	0	0	//ldml/dates/timeZoneNames/gmtFormat	
lzz	1	0	0	//ldml/dates/timeZoneNames/gmtFormat[@alt="([^"]*+)"]	utc
lzz	1	0	0	//ldml/dates/timeZoneNames/hourFormat	
lzz	1	0	0	//ldml/dates/timeZoneNames/metazone[@type="([^"]*+)"]/long/standard	GMT
lzz	1	0	0	//ldml/dates/timeZoneNames/regionFormat	
lzz	2	0	0	//ldml/dates/timeZoneNames/regionFormat[@type="([^"]*+)"]	daylight
lzz	1	0	0	//ldml/dates/timeZoneNames/zone[@type="([^"]*+)"]/long/standard	Etc/UTC
lzz	1	0	0	//ldml/dates/timeZoneNames/zone[@type="([^"]*+)"]/short/standard	Etc/UTC
lzz	1	0	0	//ldml/delimiters/alternateQuotationEnd	
lzz	1	0	0	//ldml/delimiters/alternateQuotationStart	
lzz	1	0	0	//ldml/delimiters/quotationEnd	
lzz	1	0	0	//ldml/delimiters/quotationStart	
lzz	3	0	0	//ldml/localeDisplayNames/codePatterns/codePattern[@type="([^"]*+)"]	language; script; territory
lzz	1	0	0	//ldml/localeDisplayNames/localeDisplayPattern/localePattern	
lzz	1	0	0	//ldml/localeDisplayNames/localeDisplayPattern/localeSeparator	
lzz	3	0	0	//ldml/localeDisplayNames/measurementSystemNames/measurementSystemName[@type="([^"]*+)"]	UK; US; metric
lzz	1	0	0	//ldml/localeDisplayNames/scripts/script[@type="([^"]*+)"]	Latn
lzz	2	0	0	//ldml/localeDisplayNames/territories/territory[@type="([^"]*+)"]	TR
lzz	1	0	0	//ldml/numbers/currencyFormats[@numberSystem="([^"]*+)"]/currencyFormatLength/currencyFormat[@type="([^"]*+)"]/pattern[@type="([^"]*+)"]	latn
lzz	1	0	0	//ldml/numbers/decimalFormats[@numberSystem="([^"]*+)"]/decimalFormatLength/decimalFormat[@type="([^"]*+)"]/pattern[@type="([^"]*+)"]	latn
lzz	1	0	0	//ldml/numbers/percentFormats[@numberSystem="([^"]*+)"]/percentFormatLength/percentFormat[@type="([^"]*+)"]/pattern[@type="([^"]*+)"]	latn
lzz	1	0	0	//ldml/numbers/scientificFormats[@numberSystem="([^"]*+)"]/scientificFormatLength/scientificFormat[@type="([^"]*+)"]/pattern[@type="([^"]*+)"]	latn
lzz	1	0	0	//ldml/numbers/symbols[@numberSystem="([^"]*+)"]/decimal	latn
lzz	1	0	0	//ldml/numbers/symbols[@numberSystem="([^"]*+)"]/group	latn
lzz	1	0	0	//ldml/numbers/symbols[@numberSystem="([^"]*+)"]/minusSign	latn
lzz	1	0	0	//ldml/numbers/symbols[@numberSystem="([^"]*+)"]/percentSign	latn
lzz	1	0	0	//ldml/numbers/symbols[@numberSystem="([^"]*+)"]/plusSign	latn
lzz	66	0	0	Totals	
					
mas	7	0	0	//ldml/dates/calendars/calendar[@type="([^"]*+)"]/dateTimeFormats/availableFormats/dateFormatItem[@id="([^"]*+)"]	gregorian, Hmsv; gregorian, hms; gregorian, hmsv; gregorian, yMMMMEd; gregorian, yMMMMd; gregorian, yMMMd; gregorian, yMd
mas	1	0	0	//ldml/dates/calendars/calendar[@type="([^"]*+)"]/dateTimeFormats/intervalFormats/intervalFormatFallback	gregorian
mas	1	0	0	//ldml/dates/timeZoneNames/fallbackFormat	
mas	1	0	0	//ldml/dates/timeZoneNames/gmtFormat	
mas	1	0	0	//ldml/dates/timeZoneNames/gmtFormat[@alt="([^"]*+)"]	utc
mas	1	0	0	//ldml/dates/timeZoneNames/hourFormat	
mas	1	0	0	//ldml/dates/timeZoneNames/metazone[@type="([^"]*+)"]/long/standard	GMT
mas	1	0	0	//ldml/dates/timeZoneNames/regionFormat	
mas	2	0	0	//ldml/dates/timeZoneNames/regionFormat[@type="([^"]*+)"]	daylight
mas	1	0	0	//ldml/dates/timeZoneNames/zone[@type="([^"]*+)"]/long/standard	Etc/UTC
mas	1	0	0	//ldml/dates/timeZoneNames/zone[@type="([^"]*+)"]/short/standard	Etc/UTC
mas	3	0	0	//ldml/localeDisplayNames/codePatterns/codePattern[@type="([^"]*+)"]	language; script; territory
mas	1	0	0	//ldml/localeDisplayNames/localeDisplayPattern/localePattern	
mas	1	0	0	//ldml/localeDisplayNames/localeDisplayPattern/localeSeparator	
mas	2	0	0	//ldml/localeDisplayNames/measurementSystemNames/measurementSystemName[@type="([^"]*+)"]	UK; US
mas	1	0	0	//ldml/localeDisplayNames/scripts/script[@type="([^"]*+)"]	Latn
mas	1	0	0	//ldml/numbers/decimalFormats[@numberSystem="([^"]*+)"]/decimalFormatLength/decimalFormat[@type="([^"]*+)"]/pattern[@type="([^"]*+)"]	latn
mas	1	0	0	//ldml/numbers/percentFormats[@numberSystem="([^"]*+)"]/percentFormatLength/percentFormat[@type="([^"]*+)"]/pattern[@type="([^"]*+)"]	latn
mas	1	0	0	//ldml/numbers/scientificFormats[@numberSystem="([^"]*+)"]/scientificFormatLength/scientificFormat[@type="([^"]*+)"]/pattern[@type="([^"]*+)"]	latn
mas	1	0	0	//ldml/numbers/symbols[@numberSystem="([^"]*+)"]/decimal	latn
mas	1	0	0	//ldml/numbers/symbols[@numberSystem="([^"]*+)"]/group	latn
mas	1	0	0	//ldml/numbers/symbols[@numberSystem="([^"]*+)"]/minusSign	latn
mas	1	0	0	//ldml/numbers/symbols[@numberSystem="([^"]*+)"]/percentSign	latn
mas	1	0	0	//ldml/numbers/symbols[@numberSystem="([^"]*+)"]/plusSign	latn
mas	34	0	0	Totals	
					
mdf	10	0	0	//ldml/dates/calendars/calendar[@type="([^"]*+)"]/dateTimeFormats/availableFormats/dateFormatItem[@id="([^"]*+)"]	gregorian, Hm; gregorian, Hms; gregorian, Hmsv; gregorian, hm; gregorian, hms; gregorian, hmsv; gregorian, yMMMMEd; gregorian, yMMMMd; gregorian, yMMMd; gregorian, yMd
mdf	1	0	0	//ldml/dates/calendars/calendar[@type="([^"]*+)"]/dateTimeFormats/intervalFormats/intervalFormatFallback	gregorian
mdf	2	0	0	//ldml/dates/calendars/calendar[@type="([^"]*+)"]/dayPeriods/dayPeriodContext[@type="([^"]*+)"]/dayPeriodWidth[@type="([^"]*+)"]/dayPeriod[@type="([^"]*+)"]	gregorian, format, wide, am; gregorian, format, wide, pm
mdf	7	0	0	//ldml/dates/calendars/calendar[@type="([^"]*+)"]/days/dayContext[@type="([^"]*+)"]/dayWidth[@type="([^"]*+)"]/day[@type="([^"]*+)"]	gregorian, format, wide, fri; gregorian, format, wide, mon; gregorian, format, wide, sat; gregorian, format, wide, sun; gregorian, format, wide, thu; gregorian, format, wide, tue; gregorian, format, wide, wed
mdf	12	0	0	//ldml/dates/calendars/calendar[@type="([^"]*+)"]/months/monthContext[@type="([^"]*+)"]/monthWidth[@type="([^"]*+)"]/month[@type="([^"]*+)"]	gregorian, format, wide, 1; gregorian, format, wide, 10; gregorian, format, wide, 11; gregorian, format, wide, 12; gregorian, format, wide, 2; gregorian, format, wide, 3; gregorian, format, wide, 4; gregorian, format, wide, 5; gregorian, format, wide, 6; gregorian, format, wide, 7; gregorian, format, wide, 8; gregorian, format, wide, 9
mdf	1	0	0	//ldml/dates/timeZoneNames/fallbackFormat	
mdf	1	0	0	//ldml/dates/timeZoneNames/gmtFormat	
mdf	1	0	0	//ldml/dates/timeZoneNames/gmtFormat[@alt="([^"]*+)"]	utc
mdf	1	0	0	//ldml/dates/timeZoneNames/hourFormat	
mdf	1	0	0	//ldml/dates/timeZoneNames/metazone[@type="([^"]*+)"]/long/standard	GMT
mdf	1	0	0	//ldml/dates/timeZoneNames/regionFormat	
mdf	2	0	0	//ldml/dates/timeZoneNames/regionFormat[@type="([^"]*+)"]	daylight
mdf	1	0	0	//ldml/dates/timeZoneNames/zone[@type="([^"]*+)"]/long/standard	Etc/UTC
mdf	1	0	0	//ldml/dates/timeZoneNames/zone[@type="([^"]*+)"]/short/standard	Etc/UTC
mdf	1	0	0	//ldml/delimiters/alternateQuotationEnd	
mdf	1	0	0	//ldml/delimiters/alternateQuotationStart	
mdf	1	0	0	//ldml/delimiters/quotationEnd	
mdf	1	0	0	//ldml/delimiters/quotationStart	
mdf	3	0	0	//ldml/localeDisplayNames/codePatterns/codePattern[@type="([^"]*+)"]	language; script; territory
mdf	0	0	1	//ldml/localeDisplayNames/languages/language[@type="([^"]*+)"]	en
mdf	1	0	0	//ldml/localeDisplayNames/localeDisplayPattern/localePattern	
mdf	1	0	0	//ldml/localeDisplayNames/localeDisplayPattern/localeSeparator	
mdf	3	0	0	//ldml/localeDisplayNames/measurementSystemNames/measurementSystemName[@type="([^"]*+)"]	UK; US; metric
mdf	0	0	1	//ldml/localeDisplayNames/scripts/script[@type="([^"]*+)"]	Cyrl
mdf	2	0	0	//ldml/localeDisplayNames/territories/territory[@type="([^"]*+)"]	RU
mdf	1	0	0	//ldml/numbers/currencyFormats[@numberSystem="([^"]*+)"]/currencyFormatLength/currencyFormat[@type="([^"]*+)"]/pattern[@type="([^"]*+)"]	latn
mdf	1	0	0	//ldml/numbers/decimalFormats[@numberSystem="([^"]*+)"]/decimalFormatLength/decimalFormat[@type="([^"]*+)"]/pattern[@type="([^"]*+)"]	latn
mdf	1	0	0	//ldml/numbers/percentFormats[@numberSystem="([^"]*+)"]/percentFormatLength/percentFormat[@type="([^"]*+)"]/pattern[@type="([^"]*+)"]	latn
mdf	1	0	0	//ldml/numbers/scientificFormats[@numberSystem="([^"]*+)"]/scientificFormatLength/scientificFormat[@type="([^"]*+)"]/pattern[@type="([^"]*+)"]	latn
mdf	1	0	0	//ldml/numbers/symbols[@numberSystem="([^"]*+)"]/decimal	latn
mdf	1	0	0	//ldml/numbers/symbols[@numberSystem="([^"]*+)"]/group	latn
mdf	1	0	0	//ldml/numbers/symbols[@numberSystem="([^"]*+)"]/minusSign	latn
mdf	1	0	0	//ldml/numbers/symbols[@numberSystem="([^"]*+)"]/percentSign	latn
mdf	1	0	0	//ldml/numbers/symbols[@numberSystem="([^"]*+)"]/plusSign	latn
mdf	65	0	2	Totals	
					
mer	7	0	0	//ldml/dates/calendars/calendar[@type="([^"]*+)"]/dateTimeFormats/availableFormats/dateFormatItem[@id="([^"]*+)"]	gregorian, Hmsv; gregorian, hms; gregorian, hmsv; gregorian, yMMMMEd; gregorian, yMMMMd; gregorian, yMMMd; gregorian, yMd
mer	1	0	0	//ldml/dates/calendars/calendar[@type="([^"]*+)"]/dateTimeFormats/intervalFormats/intervalFormatFallback	gregorian
mer	1	0	0	//ldml/dates/timeZoneNames/fallbackFormat	
mer	1	0	0	//ldml/dates/timeZoneNames/gmtFormat	
mer	1	0	0	//ldml/dates/timeZoneNames/gmtFormat[@alt="([^"]*+)"]	utc
mer	1	0	0	//ldml/dates/timeZoneNames/hourFormat	
mer	1	0	0	//ldml/dates/timeZoneNames/metazone[@type="([^"]*+)"]/long/standard	GMT
mer	1	0	0	//ldml/dates/timeZoneNames/regionFormat	
mer	2	0	0	//ldml/dates/timeZoneNames/regionFormat[@type="([^"]*+)"]	daylight
mer	1	0	0	//ldml/dates/timeZoneNames/zone[@type="([^"]*+)"]/long/standard	Etc/UTC
mer	1	0	0	//ldml/dates/timeZoneNames/zone[@type="([^"]*+)"]/short/standard	Etc/UTC
mer	3	0	0	//ldml/localeDisplayNames/codePatterns/codePattern[@type="([^"]*+)"]	language; script; territory
mer	1	0	0	//ldml/localeDisplayNames/localeDisplayPattern/localePattern	
mer	1	0	0	//ldml/localeDisplayNames/localeDisplayPattern/localeSeparator	
mer	3	0	0	//ldml/localeDisplayNames/measurementSystemNames/measurementSystemName[@type="([^"]*+)"]	UK; US; metric
mer	1	0	0	//ldml/localeDisplayNames/scripts/script[@type="([^"]*+)"]	Latn
mer	1	0	0	//ldml/numbers/decimalFormats[@numberSystem="([^"]*+)"]/decimalFormatLength/decimalFormat[@type="([^"]*+)"]/pattern[@type="([^"]*+)"]	latn
mer	1	0	0	//ldml/numbers/percentFormats[@numberSystem="([^"]*+)"]/percentFormatLength/percentFormat[@type="([^"]*+)"]/pattern[@type="([^"]*+)"]	latn
mer	1	0	0	//ldml/numbers/scientificFormats[@numberSystem="([^"]*+)"]/scientificFormatLength/scientificFormat[@type="([^"]*+)"]/pattern[@type="([^"]*+)"]	latn
mer	1	0	0	//ldml/numbers/symbols[@numberSystem="([^"]*+)"]/decimal	latn
mer	1	0	0	//ldml/numbers/symbols[@numberSystem="([^"]*+)"]/group	latn
mer	1	0	0	//ldml/numbers/symbols[@numberSystem="([^"]*+)"]/minusSign	latn
mer	1	0	0	//ldml/numbers/symbols[@numberSystem="([^"]*+)"]/percentSign	latn
mer	1	0	0	//ldml/numbers/symbols[@numberSystem="([^"]*+)"]/plusSign	latn
mer	35	0	0	Totals	
					
mfe	9	0	0	//ldml/dates/calendars/calendar[@type="([^"]*+)"]/dateTimeFormats/availableFormats/dateFormatItem[@id="([^"]*+)"]	gregorian, Hm; gregorian, Hms; gregorian, Hmsv; gregorian, hm; gregorian, hms; gregorian, hmsv; gregorian, yMMMMEd; gregorian, yMMMMd; gregorian, yMd
mfe	1	0	0	//ldml/dates/calendars/calendar[@type="([^"]*+)"]/dateTimeFormats/intervalFormats/intervalFormatFallback	gregorian
mfe	2	0	0	//ldml/dates/calendars/calendar[@type="([^"]*+)"]/dayPeriods/dayPeriodContext[@type="([^"]*+)"]/dayPeriodWidth[@type="([^"]*+)"]/dayPeriod[@type="([^"]*+)"]	gregorian, format, wide, am; gregorian, format, wide, pm
mfe	1	0	0	//ldml/dates/timeZoneNames/fallbackFormat	
mfe	1	0	0	//ldml/dates/timeZoneNames/gmtFormat	
mfe	1	0	0	//ldml/dates/timeZoneNames/gmtFormat[@alt="([^"]*+)"]	utc
mfe	1	0	0	//ldml/dates/timeZoneNames/hourFormat	
mfe	1	0	0	//ldml/dates/timeZoneNames/metazone[@type="([^"]*+)"]/long/standard	GMT
mfe	1	0	0	//ldml/dates/timeZoneNames/regionFormat	
mfe	2	0	0	//ldml/dates/timeZoneNames/regionFormat[@type="([^"]*+)"]	daylight
mfe	1	0	0	//ldml/dates/timeZoneNames/zone[@type="([^"]*+)"]/long/standard	Etc/UTC
mfe	1	0	0	//ldml/dates/timeZoneNames/zone[@type="([^"]*+)"]/short/standard	Etc/UTC
mfe	3	0	0	//ldml/localeDisplayNames/codePatterns/codePattern[@type="([^"]*+)"]	language; script; territory
mfe	1	0	0	//ldml/localeDisplayNames/localeDisplayPattern/localePattern	
mfe	1	0	0	//ldml/localeDisplayNames/localeDisplayPattern/localeSeparator	
mfe	3	0	0	//ldml/localeDisplayNames/measurementSystemNames/measurementSystemName[@type="([^"]*+)"]	UK; US; metric
mfe	1	0	0	//ldml/localeDisplayNames/scripts/script[@type="([^"]*+)"]	Latn
mfe	1	0	0	//ldml/numbers/currencyFormats[@numberSystem="([^"]*+)"]/currencyFormatLength/currencyFormat[@type="([^"]*+)"]/pattern[@type="([^"]*+)"]	latn
mfe	1	0	0	//ldml/numbers/decimalFormats[@numberSystem="([^"]*+)"]/decimalFormatLength/decimalFormat[@type="([^"]*+)"]/pattern[@type="([^"]*+)"]	latn
mfe	1	0	0	//ldml/numbers/percentFormats[@numberSystem="([^"]*+)"]/percentFormatLength/percentFormat[@type="([^"]*+)"]/pattern[@type="([^"]*+)"]	latn
mfe	1	0	0	//ldml/numbers/scientificFormats[@numberSystem="([^"]*+)"]/scientificFormatLength/scientificFormat[@type="([^"]*+)"]/pattern[@type="([^"]*+)"]	latn
mfe	1	0	0	//ldml/numbers/symbols[@numberSystem="([^"]*+)"]/decimal	latn
mfe	1	0	0	//ldml/numbers/symbols[@numberSystem="([^"]*+)"]/minusSign	latn
mfe	1	0	0	//ldml/numbers/symbols[@numberSystem="([^"]*+)"]/percentSign	latn
mfe	1	0	0	//ldml/numbers/symbols[@numberSystem="([^"]*+)"]/plusSign	latn
mfe	39	0	0	Totals	
					
mg	2	0	0	//ldml/dates/calendars/calendar[@type="([^"]*+)"]/dateTimeFormats/availableFormats/dateFormatItem[@id="([^"]*+)"]	gregorian, yMMMMEd; gregorian, yMMMMd
mg	1	0	0	//ldml/dates/timeZoneNames/fallbackFormat	
mg	1	0	0	//ldml/dates/timeZoneNames/gmtFormat	
mg	1	0	0	//ldml/dates/timeZoneNames/gmtFormat[@alt="([^"]*+)"]	utc
mg	1	0	0	//ldml/dates/timeZoneNames/hourFormat	
mg	1	0	0	//ldml/dates/timeZoneNames/metazone[@type="([^"]*+)"]/long/standard	GMT
mg	1	0	0	//ldml/dates/timeZoneNames/regionFormat	
mg	2	0	0	//ldml/dates/timeZoneNames/regionFormat[@type="([^"]*+)"]	daylight
mg	1	0	0	//ldml/dates/timeZoneNames/zone[@type="([^"]*+)"]/long/standard	Etc/UTC
mg	1	0	0	//ldml/dates/timeZoneNames/zone[@type="([^"]*+)"]/short/standard	Etc/UTC
mg	3	0	0	//ldml/localeDisplayNames/codePatterns/codePattern[@type="([^"]*+)"]	language; script; territory
mg	1	0	0	//ldml/localeDisplayNames/localeDisplayPattern/localePattern	
mg	1	0	0	//ldml/localeDisplayNames/localeDisplayPattern/localeSeparator	
mg	3	0	0	//ldml/localeDisplayNames/measurementSystemNames/measurementSystemName[@type="([^"]*+)"]	UK; US; metric
mg	1	0	0	//ldml/localeDisplayNames/scripts/script[@type="([^"]*+)"]	Latn
mg	21	0	0	Totals	
					
mgh	4	0	0	//ldml/dates/calendars/calendar[@type="([^"]*+)"]/dateTimeFormats/availableFormats/dateFormatItem[@id="([^"]*+)"]	gregorian, Hmsv; gregorian, hmsv; gregorian, yMMMMEd; gregorian, yMMMMd
mgh	1	0	0	//ldml/dates/calendars/calendar[@type="([^"]*+)"]/dateTimeFormats/intervalFormats/intervalFormatFallback	gregorian
mgh	1	0	0	//ldml/dates/timeZoneNames/fallbackFormat	
mgh	1	0	0	//ldml/dates/timeZoneNames/gmtFormat	
mgh	1	0	0	//ldml/dates/timeZoneNames/gmtFormat[@alt="([^"]*+)"]	utc
mgh	1	0	0	//ldml/dates/timeZoneNames/hourFormat	
mgh	1	0	0	//ldml/dates/timeZoneNames/metazone[@type="([^"]*+)"]/long/standard	GMT
mgh	1	0	0	//ldml/dates/timeZoneNames/regionFormat	
mgh	2	0	0	//ldml/dates/timeZoneNames/regionFormat[@type="([^"]*+)"]	daylight
mgh	1	0	0	//ldml/dates/timeZoneNames/zone[@type="([^"]*+)"]/long/standard	Etc/UTC
mgh	1	0	0	//ldml/dates/timeZoneNames/zone[@type="([^"]*+)"]/short/standard	Etc/UTC
mgh	1	0	0	//ldml/delimiters/alternateQuotationEnd	
mgh	1	0	0	//ldml/delimiters/alternateQuotationStart	
mgh	1	0	0	//ldml/delimiters/quotationEnd	
mgh	1	0	0	//ldml/delimiters/quotationStart	
mgh	3	0	0	//ldml/localeDisplayNames/codePatterns/codePattern[@type="([^"]*+)"]	language; script; territory
mgh	1	0	0	//ldml/localeDisplayNames/localeDisplayPattern/localePattern	
mgh	1	0	0	//ldml/localeDisplayNames/localeDisplayPattern/localeSeparator	
mgh	3	0	0	//ldml/localeDisplayNames/measurementSystemNames/measurementSystemName[@type="([^"]*+)"]	UK; US; metric
mgh	1	0	0	//ldml/localeDisplayNames/scripts/script[@type="([^"]*+)"]	Latn
mgh	1	0	0	//ldml/numbers/currencyFormats[@numberSystem="([^"]*+)"]/currencyFormatLength/currencyFormat[@type="([^"]*+)"]/pattern[@type="([^"]*+)"]	latn
mgh	1	0	0	//ldml/numbers/decimalFormats[@numberSystem="([^"]*+)"]/decimalFormatLength/decimalFormat[@type="([^"]*+)"]/pattern[@type="([^"]*+)"]	latn
mgh	1	0	0	//ldml/numbers/percentFormats[@numberSystem="([^"]*+)"]/percentFormatLength/percentFormat[@type="([^"]*+)"]/pattern[@type="([^"]*+)"]	latn
mgh	1	0	0	//ldml/numbers/scientificFormats[@numberSystem="([^"]*+)"]/scientificFormatLength/scientificFormat[@type="([^"]*+)"]/pattern[@type="([^"]*+)"]	latn
mgh	1	0	0	//ldml/numbers/symbols[@numberSystem="([^"]*+)"]/minusSign	latn
mgh	1	0	0	//ldml/numbers/symbols[@numberSystem="([^"]*+)"]/percentSign	latn
mgh	1	0	0	//ldml/numbers/symbols[@numberSystem="([^"]*+)"]/plusSign	latn
mgh	35	0	0	Totals	
					
mgo	10	0	0	//ldml/dates/calendars/calendar[@type="([^"]*+)"]/dateTimeFormats/availableFormats/dateFormatItem[@id="([^"]*+)"]	gregorian, Hm; gregorian, Hms; gregorian, Hmsv; gregorian, hm; gregorian, hms; gregorian, hmsv; gregorian, yMMMMEd; gregorian, yMMMMd; gregorian, yMMMd; gregorian, yMd
mgo	1	0	0	//ldml/dates/timeZoneNames/gmtFormat[@alt="([^"]*+)"]	utc
mgo	1	0	0	//ldml/dates/timeZoneNames/metazone[@type="([^"]*+)"]/long/standard	GMT
mgo	2	0	0	//ldml/dates/timeZoneNames/regionFormat[@type="([^"]*+)"]	daylight
mgo	1	0	0	//ldml/dates/timeZoneNames/zone[@type="([^"]*+)"]/long/standard	Etc/UTC
mgo	1	0	0	//ldml/dates/timeZoneNames/zone[@type="([^"]*+)"]/short/standard	Etc/UTC
mgo	1	0	0	//ldml/localeDisplayNames/languages/language[@type="([^"]*+)"]	en
mgo	1	0	0	//ldml/localeDisplayNames/localeDisplayPattern/localePattern	
mgo	1	0	0	//ldml/localeDisplayNames/localeDisplayPattern/localeSeparator	
mgo	3	0	0	//ldml/localeDisplayNames/measurementSystemNames/measurementSystemName[@type="([^"]*+)"]	UK; US; metric
mgo	22	0	0	Totals	
					
mhn	10	0	0	//ldml/dates/calendars/calendar[@type="([^"]*+)"]/dateTimeFormats/availableFormats/dateFormatItem[@id="([^"]*+)"]	gregorian, Hm; gregorian, Hms; gregorian, Hmsv; gregorian, hm; gregorian, hms; gregorian, hmsv; gregorian, yMMMMEd; gregorian, yMMMMd; gregorian, yMMMd; gregorian, yMd
mhn	1	0	0	//ldml/dates/calendars/calendar[@type="([^"]*+)"]/dateTimeFormats/intervalFormats/intervalFormatFallback	gregorian
mhn	2	0	0	//ldml/dates/calendars/calendar[@type="([^"]*+)"]/dayPeriods/dayPeriodContext[@type="([^"]*+)"]/dayPeriodWidth[@type="([^"]*+)"]/dayPeriod[@type="([^"]*+)"]	gregorian, format, wide, am; gregorian, format, wide, pm
mhn	7	0	0	//ldml/dates/calendars/calendar[@type="([^"]*+)"]/days/dayContext[@type="([^"]*+)"]/dayWidth[@type="([^"]*+)"]/day[@type="([^"]*+)"]	gregorian, format, wide, fri; gregorian, format, wide, mon; gregorian, format, wide, sat; gregorian, format, wide, sun; gregorian, format, wide, thu; gregorian, format, wide, tue; gregorian, format, wide, wed
mhn	12	0	0	//ldml/dates/calendars/calendar[@type="([^"]*+)"]/months/monthContext[@type="([^"]*+)"]/monthWidth[@type="([^"]*+)"]/month[@type="([^"]*+)"]	gregorian, format, wide, 1; gregorian, format, wide, 10; gregorian, format, wide, 11; gregorian, format, wide, 12; gregorian, format, wide, 2; gregorian, format, wide, 3; gregorian, format, wide, 4; gregorian, format, wide, 5; gregorian, format, wide, 6; gregorian, format, wide, 7; gregorian, format, wide, 8; gregorian, format, wide, 9
mhn	1	0	0	//ldml/dates/timeZoneNames/fallbackFormat	
mhn	1	0	0	//ldml/dates/timeZoneNames/gmtFormat	
mhn	1	0	0	//ldml/dates/timeZoneNames/gmtFormat[@alt="([^"]*+)"]	utc
mhn	1	0	0	//ldml/dates/timeZoneNames/hourFormat	
mhn	1	0	0	//ldml/dates/timeZoneNames/metazone[@type="([^"]*+)"]/long/standard	GMT
mhn	1	0	0	//ldml/dates/timeZoneNames/regionFormat	
mhn	2	0	0	//ldml/dates/timeZoneNames/regionFormat[@type="([^"]*+)"]	daylight
mhn	1	0	0	//ldml/dates/timeZoneNames/zone[@type="([^"]*+)"]/long/standard	Etc/UTC
mhn	1	0	0	//ldml/dates/timeZoneNames/zone[@type="([^"]*+)"]/short/standard	Etc/UTC
mhn	1	0	0	//ldml/delimiters/alternateQuotationEnd	
mhn	1	0	0	//ldml/delimiters/alternateQuotationStart	
mhn	1	0	0	//ldml/delimiters/quotationEnd	
mhn	1	0	0	//ldml/delimiters/quotationStart	
mhn	3	0	0	//ldml/localeDisplayNames/codePatterns/codePattern[@type="([^"]*+)"]	language; script; territory
mhn	3	0	0	//ldml/localeDisplayNames/languages/language[@type="([^"]*+)"]	en; mhn
mhn	1	0	0	//ldml/localeDisplayNames/localeDisplayPattern/localePattern	
mhn	1	0	0	//ldml/localeDisplayNames/localeDisplayPattern/localeSeparator	
mhn	3	0	0	//ldml/localeDisplayNames/measurementSystemNames/measurementSystemName[@type="([^"]*+)"]	UK; US; metric
mhn	1	0	0	//ldml/localeDisplayNames/scripts/script[@type="([^"]*+)"]	Latn
mhn	2	0	0	//ldml/localeDisplayNames/territories/territory[@type="([^"]*+)"]	IT
mhn	1	0	0	//ldml/numbers/currencyFormats[@numberSystem="([^"]*+)"]/currencyFormatLength/currencyFormat[@type="([^"]*+)"]/pattern[@type="([^"]*+)"]	latn
mhn	1	0	0	//ldml/numbers/decimalFormats[@numberSystem="([^"]*+)"]/decimalFormatLength/decimalFormat[@type="([^"]*+)"]/pattern[@type="([^"]*+)"]	latn
mhn	1	0	0	//ldml/numbers/percentFormats[@numberSystem="([^"]*+)"]/percentFormatLength/percentFormat[@type="([^"]*+)"]/pattern[@type="([^"]*+)"]	latn
mhn	1	0	0	//ldml/numbers/scientificFormats[@numberSystem="([^"]*+)"]/scientificFormatLength/scientificFormat[@type="([^"]*+)"]/pattern[@type="([^"]*+)"]	latn
mhn	1	0	0	//ldml/numbers/symbols[@numberSystem="([^"]*+)"]/decimal	latn
mhn	1	0	0	//ldml/numbers/symbols[@numberSystem="([^"]*+)"]/group	latn
mhn	1	0	0	//ldml/numbers/symbols[@numberSystem="([^"]*+)"]/minusSign	latn
mhn	1	0	0	//ldml/numbers/symbols[@numberSystem="([^"]*+)"]/percentSign	latn
mhn	1	0	0	//ldml/numbers/symbols[@numberSystem="([^"]*+)"]/plusSign	latn
mhn	69	0	0	Totals	
					
mic	10	0	0	//ldml/dates/calendars/calendar[@type="([^"]*+)"]/dateTimeFormats/availableFormats/dateFormatItem[@id="([^"]*+)"]	gregorian, Hm; gregorian, Hms; gregorian, Hmsv; gregorian, hm; gregorian, hms; gregorian, hmsv; gregorian, yMMMMEd; gregorian, yMMMMd; gregorian, yMMMd; gregorian, yMd
mic	1	0	0	//ldml/dates/calendars/calendar[@type="([^"]*+)"]/dateTimeFormats/intervalFormats/intervalFormatFallback	gregorian
mic	2	0	0	//ldml/dates/calendars/calendar[@type="([^"]*+)"]/dayPeriods/dayPeriodContext[@type="([^"]*+)"]/dayPeriodWidth[@type="([^"]*+)"]/dayPeriod[@type="([^"]*+)"]	gregorian, format, wide, am; gregorian, format, wide, pm
mic	7	0	0	//ldml/dates/calendars/calendar[@type="([^"]*+)"]/days/dayContext[@type="([^"]*+)"]/dayWidth[@type="([^"]*+)"]/day[@type="([^"]*+)"]	gregorian, format, wide, fri; gregorian, format, wide, mon; gregorian, format, wide, sat; gregorian, format, wide, sun; gregorian, format, wide, thu; gregorian, format, wide, tue; gregorian, format, wide, wed
mic	12	0	0	//ldml/dates/calendars/calendar[@type="([^"]*+)"]/months/monthContext[@type="([^"]*+)"]/monthWidth[@type="([^"]*+)"]/month[@type="([^"]*+)"]	gregorian, format, wide, 1; gregorian, format, wide, 10; gregorian, format, wide, 11; gregorian, format, wide, 12; gregorian, format, wide, 2; gregorian, format, wide, 3; gregorian, format, wide, 4; gregorian, format, wide, 5; gregorian, format, wide, 6; gregorian, format, wide, 7; gregorian, format, wide, 8; gregorian, format, wide, 9
mic	1	0	0	//ldml/dates/timeZoneNames/fallbackFormat	
mic	1	0	0	//ldml/dates/timeZoneNames/gmtFormat	
mic	1	0	0	//ldml/dates/timeZoneNames/gmtFormat[@alt="([^"]*+)"]	utc
mic	1	0	0	//ldml/dates/timeZoneNames/hourFormat	
mic	1	0	0	//ldml/dates/timeZoneNames/metazone[@type="([^"]*+)"]/long/standard	GMT
mic	1	0	0	//ldml/dates/timeZoneNames/regionFormat	
mic	2	0	0	//ldml/dates/timeZoneNames/regionFormat[@type="([^"]*+)"]	daylight
mic	1	0	0	//ldml/dates/timeZoneNames/zone[@type="([^"]*+)"]/long/standard	Etc/UTC
mic	1	0	0	//ldml/dates/timeZoneNames/zone[@type="([^"]*+)"]/short/standard	Etc/UTC
mic	1	0	0	//ldml/delimiters/alternateQuotationEnd	
mic	1	0	0	//ldml/delimiters/alternateQuotationStart	
mic	1	0	0	//ldml/delimiters/quotationEnd	
mic	1	0	0	//ldml/delimiters/quotationStart	
mic	3	0	0	//ldml/localeDisplayNames/codePatterns/codePattern[@type="([^"]*+)"]	language; script; territory
mic	1	0	0	//ldml/localeDisplayNames/languages/language[@type="([^"]*+)"]	en
mic	1	0	0	//ldml/localeDisplayNames/localeDisplayPattern/localePattern	
mic	1	0	0	//ldml/localeDisplayNames/localeDisplayPattern/localeSeparator	
mic	3	0	0	//ldml/localeDisplayNames/measurementSystemNames/measurementSystemName[@type="([^"]*+)"]	UK; US; metric
mic	0	1	0	//ldml/localeDisplayNames/scripts/script[@type="([^"]*+)"]	Latn
mic	2	0	0	//ldml/localeDisplayNames/territories/territory[@type="([^"]*+)"]	CA
mic	1	0	0	//ldml/numbers/currencyFormats[@numberSystem="([^"]*+)"]/currencyFormatLength/currencyFormat[@type="([^"]*+)"]/pattern[@type="([^"]*+)"]	latn
mic	1	0	0	//ldml/numbers/decimalFormats[@numberSystem="([^"]*+)"]/decimalFormatLength/decimalFormat[@type="([^"]*+)"]/pattern[@type="([^"]*+)"]	latn
mic	1	0	0	//ldml/numbers/percentFormats[@numberSystem="([^"]*+)"]/percentFormatLength/percentFormat[@type="([^"]*+)"]/pattern[@type="([^"]*+)"]	latn
mic	1	0	0	//ldml/numbers/scientificFormats[@numberSystem="([^"]*+)"]/scientificFormatLength/scientificFormat[@type="([^"]*+)"]/pattern[@type="([^"]*+)"]	latn
mic	1	0	0	//ldml/numbers/symbols[@numberSystem="([^"]*+)"]/decimal	latn
mic	1	0	0	//ldml/numbers/symbols[@numberSystem="([^"]*+)"]/group	latn
mic	1	0	0	//ldml/numbers/symbols[@numberSystem="([^"]*+)"]/minusSign	latn
mic	1	0	0	//ldml/numbers/symbols[@numberSystem="([^"]*+)"]/percentSign	latn
mic	1	0	0	//ldml/numbers/symbols[@numberSystem="([^"]*+)"]/plusSign	latn
mic	66	1	0	Totals	
					
mn_Mong	10	0	0	//ldml/dates/calendars/calendar[@type="([^"]*+)"]/dateTimeFormats/availableFormats/dateFormatItem[@id="([^"]*+)"]	gregorian, Hm; gregorian, Hms; gregorian, Hmsv; gregorian, hm; gregorian, hms; gregorian, hmsv; gregorian, yMMMMEd; gregorian, yMMMMd; gregorian, yMMMd; gregorian, yMd
mn_Mong	1	0	0	//ldml/dates/calendars/calendar[@type="([^"]*+)"]/dateTimeFormats/intervalFormats/intervalFormatFallback	gregorian
mn_Mong	2	0	0	//ldml/dates/calendars/calendar[@type="([^"]*+)"]/dayPeriods/dayPeriodContext[@type="([^"]*+)"]/dayPeriodWidth[@type="([^"]*+)"]/dayPeriod[@type="([^"]*+)"]	gregorian, format, wide, am; gregorian, format, wide, pm
mn_Mong	7	0	0	//ldml/dates/calendars/calendar[@type="([^"]*+)"]/days/dayContext[@type="([^"]*+)"]/dayWidth[@type="([^"]*+)"]/day[@type="([^"]*+)"]	gregorian, format, wide, fri; gregorian, format, wide, mon; gregorian, format, wide, sat; gregorian, format, wide, sun; gregorian, format, wide, thu; gregorian, format, wide, tue; gregorian, format, wide, wed
mn_Mong	12	0	0	//ldml/dates/calendars/calendar[@type="([^"]*+)"]/months/monthContext[@type="([^"]*+)"]/monthWidth[@type="([^"]*+)"]/month[@type="([^"]*+)"]	gregorian, format, wide, 1; gregorian, format, wide, 10; gregorian, format, wide, 11; gregorian, format, wide, 12; gregorian, format, wide, 2; gregorian, format, wide, 3; gregorian, format, wide, 4; gregorian, format, wide, 5; gregorian, format, wide, 6; gregorian, format, wide, 7; gregorian, format, wide, 8; gregorian, format, wide, 9
mn_Mong	1	0	0	//ldml/dates/timeZoneNames/fallbackFormat	
mn_Mong	1	0	0	//ldml/dates/timeZoneNames/gmtFormat	
mn_Mong	1	0	0	//ldml/dates/timeZoneNames/gmtFormat[@alt="([^"]*+)"]	utc
mn_Mong	1	0	0	//ldml/dates/timeZoneNames/hourFormat	
mn_Mong	1	0	0	//ldml/dates/timeZoneNames/metazone[@type="([^"]*+)"]/long/standard	GMT
mn_Mong	1	0	0	//ldml/dates/timeZoneNames/regionFormat	
mn_Mong	2	0	0	//ldml/dates/timeZoneNames/regionFormat[@type="([^"]*+)"]	daylight
mn_Mong	1	0	0	//ldml/dates/timeZoneNames/zone[@type="([^"]*+)"]/long/standard	Etc/UTC
mn_Mong	1	0	0	//ldml/dates/timeZoneNames/zone[@type="([^"]*+)"]/short/standard	Etc/UTC
mn_Mong	1	0	0	//ldml/delimiters/alternateQuotationEnd	
mn_Mong	1	0	0	//ldml/delimiters/alternateQuotationStart	
mn_Mong	1	0	0	//ldml/delimiters/quotationEnd	
mn_Mong	1	0	0	//ldml/delimiters/quotationStart	
mn_Mong	3	0	0	//ldml/localeDisplayNames/codePatterns/codePattern[@type="([^"]*+)"]	language; script; territory
mn_Mong	3	0	0	//ldml/localeDisplayNames/languages/language[@type="([^"]*+)"]	en; mn
mn_Mong	1	0	0	//ldml/localeDisplayNames/localeDisplayPattern/localePattern	
mn_Mong	1	0	0	//ldml/localeDisplayNames/localeDisplayPattern/localeSeparator	
mn_Mong	2	0	0	//ldml/localeDisplayNames/scripts/script[@type="([^"]*+)"]	Cyrl; Mong
mn_Mong	3	0	0	//ldml/localeDisplayNames/territories/territory[@type="([^"]*+)"]	CN; MN
mn_Mong	1	0	0	//ldml/numbers/currencyFormats[@numberSystem="([^"]*+)"]/currencyFormatLength/currencyFormat[@type="([^"]*+)"]/pattern[@type="([^"]*+)"]	latn
mn_Mong	1	0	0	//ldml/numbers/decimalFormats[@numberSystem="([^"]*+)"]/decimalFormatLength/decimalFormat[@type="([^"]*+)"]/pattern[@type="([^"]*+)"]	latn
mn_Mong	1	0	0	//ldml/numbers/percentFormats[@numberSystem="([^"]*+)"]/percentFormatLength/percentFormat[@type="([^"]*+)"]/pattern[@type="([^"]*+)"]	latn
mn_Mong	1	0	0	//ldml/numbers/scientificFormats[@numberSystem="([^"]*+)"]/scientificFormatLength/scientificFormat[@type="([^"]*+)"]/pattern[@type="([^"]*+)"]	latn
mn_Mong	1	0	0	//ldml/numbers/symbols[@numberSystem="([^"]*+)"]/decimal	latn
mn_Mong	1	0	0	//ldml/numbers/symbols[@numberSystem="([^"]*+)"]/group	latn
mn_Mong	1	0	0	//ldml/numbers/symbols[@numberSystem="([^"]*+)"]/minusSign	latn
mn_Mong	1	0	0	//ldml/numbers/symbols[@numberSystem="([^"]*+)"]/percentSign	latn
mn_Mong	1	0	0	//ldml/numbers/symbols[@numberSystem="([^"]*+)"]/plusSign	latn
mn_Mong	68	0	0	Totals	
					
mni_Mtei	10	0	0	//ldml/dates/calendars/calendar[@type="([^"]*+)"]/dateTimeFormats/availableFormats/dateFormatItem[@id="([^"]*+)"]	gregorian, Hm; gregorian, Hms; gregorian, Hmsv; gregorian, hm; gregorian, hms; gregorian, hmsv; gregorian, yMMMMEd; gregorian, yMMMMd; gregorian, yMMMd; gregorian, yMd
mni_Mtei	1	0	0	//ldml/dates/calendars/calendar[@type="([^"]*+)"]/dateTimeFormats/intervalFormats/intervalFormatFallback	gregorian
mni_Mtei	2	0	0	//ldml/dates/calendars/calendar[@type="([^"]*+)"]/dayPeriods/dayPeriodContext[@type="([^"]*+)"]/dayPeriodWidth[@type="([^"]*+)"]/dayPeriod[@type="([^"]*+)"]	gregorian, format, wide, am; gregorian, format, wide, pm
mni_Mtei	7	0	0	//ldml/dates/calendars/calendar[@type="([^"]*+)"]/days/dayContext[@type="([^"]*+)"]/dayWidth[@type="([^"]*+)"]/day[@type="([^"]*+)"]	gregorian, format, wide, fri; gregorian, format, wide, mon; gregorian, format, wide, sat; gregorian, format, wide, sun; gregorian, format, wide, thu; gregorian, format, wide, tue; gregorian, format, wide, wed
mni_Mtei	12	0	0	//ldml/dates/calendars/calendar[@type="([^"]*+)"]/months/monthContext[@type="([^"]*+)"]/monthWidth[@type="([^"]*+)"]/month[@type="([^"]*+)"]	gregorian, format, wide, 1; gregorian, format, wide, 10; gregorian, format, wide, 11; gregorian, format, wide, 12; gregorian, format, wide, 2; gregorian, format, wide, 3; gregorian, format, wide, 4; gregorian, format, wide, 5; gregorian, format, wide, 6; gregorian, format, wide, 7; gregorian, format, wide, 8; gregorian, format, wide, 9
mni_Mtei	1	0	0	//ldml/dates/timeZoneNames/fallbackFormat	
mni_Mtei	1	0	0	//ldml/dates/timeZoneNames/gmtFormat	
mni_Mtei	1	0	0	//ldml/dates/timeZoneNames/gmtFormat[@alt="([^"]*+)"]	utc
mni_Mtei	1	0	0	//ldml/dates/timeZoneNames/hourFormat	
mni_Mtei	1	0	0	//ldml/dates/timeZoneNames/metazone[@type="([^"]*+)"]/long/standard	GMT
mni_Mtei	1	0	0	//ldml/dates/timeZoneNames/regionFormat	
mni_Mtei	2	0	0	//ldml/dates/timeZoneNames/regionFormat[@type="([^"]*+)"]	daylight
mni_Mtei	1	0	0	//ldml/dates/timeZoneNames/zone[@type="([^"]*+)"]/long/standard	Etc/UTC
mni_Mtei	1	0	0	//ldml/dates/timeZoneNames/zone[@type="([^"]*+)"]/short/standard	Etc/UTC
mni_Mtei	1	0	0	//ldml/delimiters/alternateQuotationEnd	
mni_Mtei	1	0	0	//ldml/delimiters/alternateQuotationStart	
mni_Mtei	1	0	0	//ldml/delimiters/quotationEnd	
mni_Mtei	1	0	0	//ldml/delimiters/quotationStart	
mni_Mtei	3	0	0	//ldml/localeDisplayNames/codePatterns/codePattern[@type="([^"]*+)"]	language; script; territory
mni_Mtei	1	0	0	//ldml/localeDisplayNames/languages/language[@type="([^"]*+)"]	en
mni_Mtei	3	0	0	//ldml/localeDisplayNames/measurementSystemNames/measurementSystemName[@type="([^"]*+)"]	UK; US; metric
mni_Mtei	2	0	0	//ldml/localeDisplayNames/territories/territory[@type="([^"]*+)"]	IN
mni_Mtei	3	0	0	//ldml/numbers/currencyFormats[@numberSystem="([^"]*+)"]/currencyFormatLength/currencyFormat[@type="([^"]*+)"]/pattern[@type="([^"]*+)"]	beng; latn; mtei
mni_Mtei	3	0	0	//ldml/numbers/decimalFormats[@numberSystem="([^"]*+)"]/decimalFormatLength/decimalFormat[@type="([^"]*+)"]/pattern[@type="([^"]*+)"]	beng; latn; mtei
mni_Mtei	3	0	0	//ldml/numbers/percentFormats[@numberSystem="([^"]*+)"]/percentFormatLength/percentFormat[@type="([^"]*+)"]/pattern[@type="([^"]*+)"]	beng; latn; mtei
mni_Mtei	3	0	0	//ldml/numbers/scientificFormats[@numberSystem="([^"]*+)"]/scientificFormatLength/scientificFormat[@type="([^"]*+)"]/pattern[@type="([^"]*+)"]	beng; latn; mtei
mni_Mtei	3	0	0	//ldml/numbers/symbols[@numberSystem="([^"]*+)"]/decimal	beng; latn; mtei
mni_Mtei	3	0	0	//ldml/numbers/symbols[@numberSystem="([^"]*+)"]/group	beng; latn; mtei
mni_Mtei	3	0	0	//ldml/numbers/symbols[@numberSystem="([^"]*+)"]/minusSign	beng; latn; mtei
mni_Mtei	3	0	0	//ldml/numbers/symbols[@numberSystem="([^"]*+)"]/percentSign	beng; latn; mtei
mni_Mtei	3	0	0	//ldml/numbers/symbols[@numberSystem="([^"]*+)"]/plusSign	beng; latn; mtei
mni_Mtei	82	0	0	Totals	
					
moh	10	0	0	//ldml/dates/calendars/calendar[@type="([^"]*+)"]/dateTimeFormats/availableFormats/dateFormatItem[@id="([^"]*+)"]	gregorian, Hm; gregorian, Hms; gregorian, Hmsv; gregorian, hm; gregorian, hms; gregorian, hmsv; gregorian, yMMMMEd; gregorian, yMMMMd; gregorian, yMMMd; gregorian, yMd
moh	1	0	0	//ldml/dates/calendars/calendar[@type="([^"]*+)"]/dateTimeFormats/intervalFormats/intervalFormatFallback	gregorian
moh	2	0	0	//ldml/dates/calendars/calendar[@type="([^"]*+)"]/dayPeriods/dayPeriodContext[@type="([^"]*+)"]/dayPeriodWidth[@type="([^"]*+)"]/dayPeriod[@type="([^"]*+)"]	gregorian, format, wide, am; gregorian, format, wide, pm
moh	7	0	0	//ldml/dates/calendars/calendar[@type="([^"]*+)"]/days/dayContext[@type="([^"]*+)"]/dayWidth[@type="([^"]*+)"]/day[@type="([^"]*+)"]	gregorian, format, wide, fri; gregorian, format, wide, mon; gregorian, format, wide, sat; gregorian, format, wide, sun; gregorian, format, wide, thu; gregorian, format, wide, tue; gregorian, format, wide, wed
moh	12	0	0	//ldml/dates/calendars/calendar[@type="([^"]*+)"]/months/monthContext[@type="([^"]*+)"]/monthWidth[@type="([^"]*+)"]/month[@type="([^"]*+)"]	gregorian, format, wide, 1; gregorian, format, wide, 10; gregorian, format, wide, 11; gregorian, format, wide, 12; gregorian, format, wide, 2; gregorian, format, wide, 3; gregorian, format, wide, 4; gregorian, format, wide, 5; gregorian, format, wide, 6; gregorian, format, wide, 7; gregorian, format, wide, 8; gregorian, format, wide, 9
moh	1	0	0	//ldml/dates/timeZoneNames/fallbackFormat	
moh	1	0	0	//ldml/dates/timeZoneNames/gmtFormat	
moh	1	0	0	//ldml/dates/timeZoneNames/gmtFormat[@alt="([^"]*+)"]	utc
moh	1	0	0	//ldml/dates/timeZoneNames/hourFormat	
moh	1	0	0	//ldml/dates/timeZoneNames/metazone[@type="([^"]*+)"]/long/standard	GMT
moh	1	0	0	//ldml/dates/timeZoneNames/regionFormat	
moh	2	0	0	//ldml/dates/timeZoneNames/regionFormat[@type="([^"]*+)"]	daylight
moh	1	0	0	//ldml/dates/timeZoneNames/zone[@type="([^"]*+)"]/long/standard	Etc/UTC
moh	1	0	0	//ldml/dates/timeZoneNames/zone[@type="([^"]*+)"]/short/standard	Etc/UTC
moh	1	0	0	//ldml/delimiters/alternateQuotationEnd	
moh	1	0	0	//ldml/delimiters/alternateQuotationStart	
moh	1	0	0	//ldml/delimiters/quotationEnd	
moh	1	0	0	//ldml/delimiters/quotationStart	
moh	3	0	0	//ldml/localeDisplayNames/codePatterns/codePattern[@type="([^"]*+)"]	language; script; territory
moh	1	0	0	//ldml/localeDisplayNames/languages/language[@type="([^"]*+)"]	en
moh	1	0	0	//ldml/localeDisplayNames/localeDisplayPattern/localePattern	
moh	1	0	0	//ldml/localeDisplayNames/localeDisplayPattern/localeSeparator	
moh	3	0	0	//ldml/localeDisplayNames/measurementSystemNames/measurementSystemName[@type="([^"]*+)"]	UK; US; metric
moh	1	0	0	//ldml/localeDisplayNames/scripts/script[@type="([^"]*+)"]	Latn
moh	2	0	0	//ldml/localeDisplayNames/territories/territory[@type="([^"]*+)"]	CA
moh	1	0	0	//ldml/numbers/currencyFormats[@numberSystem="([^"]*+)"]/currencyFormatLength/currencyFormat[@type="([^"]*+)"]/pattern[@type="([^"]*+)"]	latn
moh	1	0	0	//ldml/numbers/decimalFormats[@numberSystem="([^"]*+)"]/decimalFormatLength/decimalFormat[@type="([^"]*+)"]/pattern[@type="([^"]*+)"]	latn
moh	1	0	0	//ldml/numbers/percentFormats[@numberSystem="([^"]*+)"]/percentFormatLength/percentFormat[@type="([^"]*+)"]/pattern[@type="([^"]*+)"]	latn
moh	1	0	0	//ldml/numbers/scientificFormats[@numberSystem="([^"]*+)"]/scientificFormatLength/scientificFormat[@type="([^"]*+)"]/pattern[@type="([^"]*+)"]	latn
moh	1	0	0	//ldml/numbers/symbols[@numberSystem="([^"]*+)"]/decimal	latn
moh	1	0	0	//ldml/numbers/symbols[@numberSystem="([^"]*+)"]/group	latn
moh	1	0	0	//ldml/numbers/symbols[@numberSystem="([^"]*+)"]/minusSign	latn
moh	1	0	0	//ldml/numbers/symbols[@numberSystem="([^"]*+)"]/percentSign	latn
moh	1	0	0	//ldml/numbers/symbols[@numberSystem="([^"]*+)"]/plusSign	latn
moh	67	0	0	Totals	
					
mrh	10	0	0	//ldml/dates/calendars/calendar[@type="([^"]*+)"]/dateTimeFormats/availableFormats/dateFormatItem[@id="([^"]*+)"]	gregorian, Hm; gregorian, Hms; gregorian, Hmsv; gregorian, hm; gregorian, hms; gregorian, hmsv; gregorian, yMMMMEd; gregorian, yMMMMd; gregorian, yMMMd; gregorian, yMd
mrh	1	0	0	//ldml/dates/calendars/calendar[@type="([^"]*+)"]/dateTimeFormats/intervalFormats/intervalFormatFallback	gregorian
mrh	2	0	0	//ldml/dates/calendars/calendar[@type="([^"]*+)"]/dayPeriods/dayPeriodContext[@type="([^"]*+)"]/dayPeriodWidth[@type="([^"]*+)"]/dayPeriod[@type="([^"]*+)"]	gregorian, format, wide, am; gregorian, format, wide, pm
mrh	7	0	0	//ldml/dates/calendars/calendar[@type="([^"]*+)"]/days/dayContext[@type="([^"]*+)"]/dayWidth[@type="([^"]*+)"]/day[@type="([^"]*+)"]	gregorian, format, wide, fri; gregorian, format, wide, mon; gregorian, format, wide, sat; gregorian, format, wide, sun; gregorian, format, wide, thu; gregorian, format, wide, tue; gregorian, format, wide, wed
mrh	12	0	0	//ldml/dates/calendars/calendar[@type="([^"]*+)"]/months/monthContext[@type="([^"]*+)"]/monthWidth[@type="([^"]*+)"]/month[@type="([^"]*+)"]	gregorian, format, wide, 1; gregorian, format, wide, 10; gregorian, format, wide, 11; gregorian, format, wide, 12; gregorian, format, wide, 2; gregorian, format, wide, 3; gregorian, format, wide, 4; gregorian, format, wide, 5; gregorian, format, wide, 6; gregorian, format, wide, 7; gregorian, format, wide, 8; gregorian, format, wide, 9
mrh	1	0	0	//ldml/dates/timeZoneNames/fallbackFormat	
mrh	1	0	0	//ldml/dates/timeZoneNames/gmtFormat	
mrh	1	0	0	//ldml/dates/timeZoneNames/gmtFormat[@alt="([^"]*+)"]	utc
mrh	1	0	0	//ldml/dates/timeZoneNames/hourFormat	
mrh	1	0	0	//ldml/dates/timeZoneNames/metazone[@type="([^"]*+)"]/long/standard	GMT
mrh	1	0	0	//ldml/dates/timeZoneNames/regionFormat	
mrh	2	0	0	//ldml/dates/timeZoneNames/regionFormat[@type="([^"]*+)"]	daylight
mrh	1	0	0	//ldml/dates/timeZoneNames/zone[@type="([^"]*+)"]/long/standard	Etc/UTC
mrh	1	0	0	//ldml/dates/timeZoneNames/zone[@type="([^"]*+)"]/short/standard	Etc/UTC
mrh	1	0	0	//ldml/delimiters/alternateQuotationEnd	
mrh	1	0	0	//ldml/delimiters/alternateQuotationStart	
mrh	1	0	0	//ldml/delimiters/quotationEnd	
mrh	1	0	0	//ldml/delimiters/quotationStart	
mrh	3	0	0	//ldml/localeDisplayNames/codePatterns/codePattern[@type="([^"]*+)"]	language; script; territory
mrh	1	0	0	//ldml/localeDisplayNames/languages/language[@type="([^"]*+)"]	en
mrh	1	0	0	//ldml/localeDisplayNames/localeDisplayPattern/localePattern	
mrh	1	0	0	//ldml/localeDisplayNames/localeDisplayPattern/localeSeparator	
mrh	3	0	0	//ldml/localeDisplayNames/measurementSystemNames/measurementSystemName[@type="([^"]*+)"]	UK; US; metric
mrh	1	0	0	//ldml/localeDisplayNames/scripts/script[@type="([^"]*+)"]	Latn
mrh	3	0	0	//ldml/localeDisplayNames/territories/territory[@type="([^"]*+)"]	IN; MM
mrh	1	0	0	//ldml/numbers/currencyFormats[@numberSystem="([^"]*+)"]/currencyFormatLength/currencyFormat[@type="([^"]*+)"]/pattern[@type="([^"]*+)"]	latn
mrh	1	0	0	//ldml/numbers/decimalFormats[@numberSystem="([^"]*+)"]/decimalFormatLength/decimalFormat[@type="([^"]*+)"]/pattern[@type="([^"]*+)"]	latn
mrh	1	0	0	//ldml/numbers/percentFormats[@numberSystem="([^"]*+)"]/percentFormatLength/percentFormat[@type="([^"]*+)"]/pattern[@type="([^"]*+)"]	latn
mrh	1	0	0	//ldml/numbers/scientificFormats[@numberSystem="([^"]*+)"]/scientificFormatLength/scientificFormat[@type="([^"]*+)"]/pattern[@type="([^"]*+)"]	latn
mrh	1	0	0	//ldml/numbers/symbols[@numberSystem="([^"]*+)"]/decimal	latn
mrh	1	0	0	//ldml/numbers/symbols[@numberSystem="([^"]*+)"]/group	latn
mrh	1	0	0	//ldml/numbers/symbols[@numberSystem="([^"]*+)"]/minusSign	latn
mrh	1	0	0	//ldml/numbers/symbols[@numberSystem="([^"]*+)"]/percentSign	latn
mrh	1	0	0	//ldml/numbers/symbols[@numberSystem="([^"]*+)"]/plusSign	latn
mrh	68	0	0	Totals	
					
ms_Arab	4	0	0	//ldml/dates/calendars/calendar[@type="([^"]*+)"]/dateTimeFormats/availableFormats/dateFormatItem[@id="([^"]*+)"]	gregorian, Hmsv; gregorian, hmsv; gregorian, yMMMMEd; gregorian, yMMMMd
ms_Arab	2	0	0	//ldml/dates/calendars/calendar[@type="([^"]*+)"]/dayPeriods/dayPeriodContext[@type="([^"]*+)"]/dayPeriodWidth[@type="([^"]*+)"]/dayPeriod[@type="([^"]*+)"]	gregorian, format, wide, am; gregorian, format, wide, pm
ms_Arab	0	0	7	//ldml/dates/calendars/calendar[@type="([^"]*+)"]/days/dayContext[@type="([^"]*+)"]/dayWidth[@type="([^"]*+)"]/day[@type="([^"]*+)"]	gregorian, format, wide, fri; gregorian, format, wide, mon; gregorian, format, wide, sat; gregorian, format, wide, sun; gregorian, format, wide, thu; gregorian, format, wide, tue; gregorian, format, wide, wed
ms_Arab	0	0	12	//ldml/dates/calendars/calendar[@type="([^"]*+)"]/months/monthContext[@type="([^"]*+)"]/monthWidth[@type="([^"]*+)"]/month[@type="([^"]*+)"]	gregorian, format, wide, 1; gregorian, format, wide, 10; gregorian, format, wide, 11; gregorian, format, wide, 12; gregorian, format, wide, 2; gregorian, format, wide, 3; gregorian, format, wide, 4; gregorian, format, wide, 5; gregorian, format, wide, 6; gregorian, format, wide, 7; gregorian, format, wide, 8; gregorian, format, wide, 9
ms_Arab	1	0	0	//ldml/dates/timeZoneNames/gmtFormat	
ms_Arab	1	0	0	//ldml/dates/timeZoneNames/gmtFormat[@alt="([^"]*+)"]	utc
ms_Arab	1	0	0	//ldml/dates/timeZoneNames/metazone[@type="([^"]*+)"]/long/standard	GMT
ms_Arab	0	0	1	//ldml/dates/timeZoneNames/regionFormat	
ms_Arab	2	0	0	//ldml/dates/timeZoneNames/regionFormat[@type="([^"]*+)"]	daylight
ms_Arab	1	0	0	//ldml/dates/timeZoneNames/zone[@type="([^"]*+)"]/long/standard	Etc/UTC
ms_Arab	1	0	0	//ldml/dates/timeZoneNames/zone[@type="([^"]*+)"]/short/standard	Etc/UTC
ms_Arab	3	0	0	//ldml/localeDisplayNames/codePatterns/codePattern[@type="([^"]*+)"]	language; script; territory
ms_Arab	0	0	2	//ldml/localeDisplayNames/languages/language[@type="([^"]*+)"]	en; ms
ms_Arab	2	0	1	//ldml/localeDisplayNames/measurementSystemNames/measurementSystemName[@type="([^"]*+)"]	UK; US; metric
ms_Arab	0	0	2	//ldml/localeDisplayNames/scripts/script[@type="([^"]*+)"]	Arab; Latn
ms_Arab	0	0	4	//ldml/localeDisplayNames/territories/territory[@type="([^"]*+)"]	BN; ID; MY; SG
ms_Arab	2	0	0	//ldml/numbers/currencyFormats[@numberSystem="([^"]*+)"]/currencyFormatLength/currencyFormat[@type="([^"]*+)"]/pattern[@type="([^"]*+)"]	arab; arabext
ms_Arab	2	0	0	//ldml/numbers/decimalFormats[@numberSystem="([^"]*+)"]/decimalFormatLength/decimalFormat[@type="([^"]*+)"]/pattern[@type="([^"]*+)"]	arab; arabext
ms_Arab	2	0	0	//ldml/numbers/percentFormats[@numberSystem="([^"]*+)"]/percentFormatLength/percentFormat[@type="([^"]*+)"]/pattern[@type="([^"]*+)"]	arab; arabext
ms_Arab	2	0	0	//ldml/numbers/scientificFormats[@numberSystem="([^"]*+)"]/scientificFormatLength/scientificFormat[@type="([^"]*+)"]/pattern[@type="([^"]*+)"]	arab; arabext
ms_Arab	2	0	0	//ldml/numbers/symbols[@numberSystem="([^"]*+)"]/decimal	arab; arabext
ms_Arab	2	0	0	//ldml/numbers/symbols[@numberSystem="([^"]*+)"]/group	arab; arabext
ms_Arab	2	0	0	//ldml/numbers/symbols[@numberSystem="([^"]*+)"]/minusSign	arab; arabext
ms_Arab	2	0	0	//ldml/numbers/symbols[@numberSystem="([^"]*+)"]/percentSign	arab; arabext
ms_Arab	2	0	0	//ldml/numbers/symbols[@numberSystem="([^"]*+)"]/plusSign	arab; arabext
ms_Arab	36	0	29	Totals	
					
mt	2	0	0	//ldml/dates/calendars/calendar[@type="([^"]*+)"]/dateTimeFormats/availableFormats/dateFormatItem[@id="([^"]*+)"]	gregorian, yMMMMEd; gregorian, yMMMMd
mt	1	0	0	//ldml/dates/timeZoneNames/gmtFormat[@alt="([^"]*+)"]	utc
mt	1	0	0	//ldml/dates/timeZoneNames/zone[@type="([^"]*+)"]/long/standard	Etc/UTC
mt	1	0	0	//ldml/dates/timeZoneNames/zone[@type="([^"]*+)"]/short/standard	Etc/UTC
mt	5	0	0	Totals	
					
mua	4	0	0	//ldml/dates/calendars/calendar[@type="([^"]*+)"]/dateTimeFormats/availableFormats/dateFormatItem[@id="([^"]*+)"]	gregorian, Hmsv; gregorian, hmsv; gregorian, yMMMMEd; gregorian, yMMMMd
mua	1	0	0	//ldml/dates/calendars/calendar[@type="([^"]*+)"]/dateTimeFormats/intervalFormats/intervalFormatFallback	gregorian
mua	1	0	0	//ldml/dates/timeZoneNames/fallbackFormat	
mua	1	0	0	//ldml/dates/timeZoneNames/gmtFormat	
mua	1	0	0	//ldml/dates/timeZoneNames/gmtFormat[@alt="([^"]*+)"]	utc
mua	1	0	0	//ldml/dates/timeZoneNames/hourFormat	
mua	1	0	0	//ldml/dates/timeZoneNames/metazone[@type="([^"]*+)"]/long/standard	GMT
mua	1	0	0	//ldml/dates/timeZoneNames/regionFormat	
mua	2	0	0	//ldml/dates/timeZoneNames/regionFormat[@type="([^"]*+)"]	daylight
mua	1	0	0	//ldml/dates/timeZoneNames/zone[@type="([^"]*+)"]/long/standard	Etc/UTC
mua	1	0	0	//ldml/dates/timeZoneNames/zone[@type="([^"]*+)"]/short/standard	Etc/UTC
mua	3	0	0	//ldml/localeDisplayNames/codePatterns/codePattern[@type="([^"]*+)"]	language; script; territory
mua	1	0	0	//ldml/localeDisplayNames/localeDisplayPattern/localePattern	
mua	1	0	0	//ldml/localeDisplayNames/localeDisplayPattern/localeSeparator	
mua	3	0	0	//ldml/localeDisplayNames/measurementSystemNames/measurementSystemName[@type="([^"]*+)"]	UK; US; metric
mua	1	0	0	//ldml/localeDisplayNames/scripts/script[@type="([^"]*+)"]	Latn
mua	1	0	0	//ldml/numbers/scientificFormats[@numberSystem="([^"]*+)"]/scientificFormatLength/scientificFormat[@type="([^"]*+)"]/pattern[@type="([^"]*+)"]	latn
mua	1	0	0	//ldml/numbers/symbols[@numberSystem="([^"]*+)"]/minusSign	latn
mua	1	0	0	//ldml/numbers/symbols[@numberSystem="([^"]*+)"]/percentSign	latn
mua	1	0	0	//ldml/numbers/symbols[@numberSystem="([^"]*+)"]/plusSign	latn
mua	28	0	0	Totals	
					
mus	10	0	0	//ldml/dates/calendars/calendar[@type="([^"]*+)"]/dateTimeFormats/availableFormats/dateFormatItem[@id="([^"]*+)"]	gregorian, Hm; gregorian, Hms; gregorian, Hmsv; gregorian, hm; gregorian, hms; gregorian, hmsv; gregorian, yMMMMEd; gregorian, yMMMMd; gregorian, yMMMd; gregorian, yMd
mus	1	0	0	//ldml/dates/calendars/calendar[@type="([^"]*+)"]/dateTimeFormats/intervalFormats/intervalFormatFallback	gregorian
mus	2	0	0	//ldml/dates/calendars/calendar[@type="([^"]*+)"]/dayPeriods/dayPeriodContext[@type="([^"]*+)"]/dayPeriodWidth[@type="([^"]*+)"]/dayPeriod[@type="([^"]*+)"]	gregorian, format, wide, am; gregorian, format, wide, pm
mus	1	0	0	//ldml/dates/timeZoneNames/fallbackFormat	
mus	1	0	0	//ldml/dates/timeZoneNames/gmtFormat	
mus	1	0	0	//ldml/dates/timeZoneNames/gmtFormat[@alt="([^"]*+)"]	utc
mus	1	0	0	//ldml/dates/timeZoneNames/hourFormat	
mus	1	0	0	//ldml/dates/timeZoneNames/metazone[@type="([^"]*+)"]/long/standard	GMT
mus	1	0	0	//ldml/dates/timeZoneNames/regionFormat	
mus	2	0	0	//ldml/dates/timeZoneNames/regionFormat[@type="([^"]*+)"]	daylight
mus	1	0	0	//ldml/dates/timeZoneNames/zone[@type="([^"]*+)"]/long/standard	Etc/UTC
mus	1	0	0	//ldml/dates/timeZoneNames/zone[@type="([^"]*+)"]/short/standard	Etc/UTC
mus	1	0	0	//ldml/delimiters/alternateQuotationEnd	
mus	1	0	0	//ldml/delimiters/alternateQuotationStart	
mus	1	0	0	//ldml/delimiters/quotationEnd	
mus	1	0	0	//ldml/delimiters/quotationStart	
mus	3	0	0	//ldml/localeDisplayNames/codePatterns/codePattern[@type="([^"]*+)"]	language; script; territory
mus	1	0	0	//ldml/localeDisplayNames/languages/language[@type="([^"]*+)"]	en
mus	1	0	0	//ldml/localeDisplayNames/localeDisplayPattern/localePattern	
mus	1	0	0	//ldml/localeDisplayNames/localeDisplayPattern/localeSeparator	
mus	2	0	0	//ldml/localeDisplayNames/measurementSystemNames/measurementSystemName[@type="([^"]*+)"]	UK; metric
mus	1	0	0	//ldml/localeDisplayNames/scripts/script[@type="([^"]*+)"]	Latn
mus	1	0	0	//ldml/numbers/currencyFormats[@numberSystem="([^"]*+)"]/currencyFormatLength/currencyFormat[@type="([^"]*+)"]/pattern[@type="([^"]*+)"]	latn
mus	1	0	0	//ldml/numbers/decimalFormats[@numberSystem="([^"]*+)"]/decimalFormatLength/decimalFormat[@type="([^"]*+)"]/pattern[@type="([^"]*+)"]	latn
mus	1	0	0	//ldml/numbers/percentFormats[@numberSystem="([^"]*+)"]/percentFormatLength/percentFormat[@type="([^"]*+)"]/pattern[@type="([^"]*+)"]	latn
mus	1	0	0	//ldml/numbers/scientificFormats[@numberSystem="([^"]*+)"]/scientificFormatLength/scientificFormat[@type="([^"]*+)"]/pattern[@type="([^"]*+)"]	latn
mus	0	0	1	//ldml/numbers/symbols[@numberSystem="([^"]*+)"]/decimal	latn
mus	0	0	1	//ldml/numbers/symbols[@numberSystem="([^"]*+)"]/group	latn
mus	0	0	1	//ldml/numbers/symbols[@numberSystem="([^"]*+)"]/minusSign	latn
mus	0	0	1	//ldml/numbers/symbols[@numberSystem="([^"]*+)"]/percentSign	latn
mus	0	0	1	//ldml/numbers/symbols[@numberSystem="([^"]*+)"]/plusSign	latn
mus	40	0	5	Totals	
					
mww	10	0	0	//ldml/dates/calendars/calendar[@type="([^"]*+)"]/dateTimeFormats/availableFormats/dateFormatItem[@id="([^"]*+)"]	gregorian, Hm; gregorian, Hms; gregorian, Hmsv; gregorian, hm; gregorian, hms; gregorian, hmsv; gregorian, yMMMMEd; gregorian, yMMMMd; gregorian, yMMMd; gregorian, yMd
mww	1	0	0	//ldml/dates/calendars/calendar[@type="([^"]*+)"]/dateTimeFormats/intervalFormats/intervalFormatFallback	gregorian
mww	2	0	0	//ldml/dates/calendars/calendar[@type="([^"]*+)"]/dayPeriods/dayPeriodContext[@type="([^"]*+)"]/dayPeriodWidth[@type="([^"]*+)"]/dayPeriod[@type="([^"]*+)"]	gregorian, format, wide, am; gregorian, format, wide, pm
mww	7	0	0	//ldml/dates/calendars/calendar[@type="([^"]*+)"]/days/dayContext[@type="([^"]*+)"]/dayWidth[@type="([^"]*+)"]/day[@type="([^"]*+)"]	gregorian, format, wide, fri; gregorian, format, wide, mon; gregorian, format, wide, sat; gregorian, format, wide, sun; gregorian, format, wide, thu; gregorian, format, wide, tue; gregorian, format, wide, wed
mww	0	0	12	//ldml/dates/calendars/calendar[@type="([^"]*+)"]/months/monthContext[@type="([^"]*+)"]/monthWidth[@type="([^"]*+)"]/month[@type="([^"]*+)"]	gregorian, format, wide, 1; gregorian, format, wide, 10; gregorian, format, wide, 11; gregorian, format, wide, 12; gregorian, format, wide, 2; gregorian, format, wide, 3; gregorian, format, wide, 4; gregorian, format, wide, 5; gregorian, format, wide, 6; gregorian, format, wide, 7; gregorian, format, wide, 8; gregorian, format, wide, 9
mww	1	0	0	//ldml/dates/timeZoneNames/fallbackFormat	
mww	1	0	0	//ldml/dates/timeZoneNames/gmtFormat	
mww	1	0	0	//ldml/dates/timeZoneNames/gmtFormat[@alt="([^"]*+)"]	utc
mww	1	0	0	//ldml/dates/timeZoneNames/hourFormat	
mww	1	0	0	//ldml/dates/timeZoneNames/metazone[@type="([^"]*+)"]/long/standard	GMT
mww	1	0	0	//ldml/dates/timeZoneNames/regionFormat	
mww	2	0	0	//ldml/dates/timeZoneNames/regionFormat[@type="([^"]*+)"]	daylight
mww	1	0	0	//ldml/dates/timeZoneNames/zone[@type="([^"]*+)"]/long/standard	Etc/UTC
mww	1	0	0	//ldml/dates/timeZoneNames/zone[@type="([^"]*+)"]/short/standard	Etc/UTC
mww	1	0	0	//ldml/delimiters/alternateQuotationEnd	
mww	1	0	0	//ldml/delimiters/alternateQuotationStart	
mww	1	0	0	//ldml/delimiters/quotationEnd	
mww	1	0	0	//ldml/delimiters/quotationStart	
mww	3	0	0	//ldml/localeDisplayNames/codePatterns/codePattern[@type="([^"]*+)"]	language; script; territory
mww	2	0	1	//ldml/localeDisplayNames/languages/language[@type="([^"]*+)"]	en; mww
mww	1	0	0	//ldml/localeDisplayNames/localeDisplayPattern/localePattern	
mww	1	0	0	//ldml/localeDisplayNames/localeDisplayPattern/localeSeparator	
mww	3	0	0	//ldml/localeDisplayNames/measurementSystemNames/measurementSystemName[@type="([^"]*+)"]	UK; US; metric
mww	1	0	1	//ldml/localeDisplayNames/scripts/script[@type="([^"]*+)"]	Hmnp; Latn
mww	0	0	1	//ldml/localeDisplayNames/territories/territory[@type="([^"]*+)"]	US
mww	2	0	0	//ldml/numbers/currencyFormats[@numberSystem="([^"]*+)"]/currencyFormatLength/currencyFormat[@type="([^"]*+)"]/pattern[@type="([^"]*+)"]	hmnp; latn
mww	2	0	0	//ldml/numbers/decimalFormats[@numberSystem="([^"]*+)"]/decimalFormatLength/decimalFormat[@type="([^"]*+)"]/pattern[@type="([^"]*+)"]	hmnp; latn
mww	2	0	0	//ldml/numbers/percentFormats[@numberSystem="([^"]*+)"]/percentFormatLength/percentFormat[@type="([^"]*+)"]/pattern[@type="([^"]*+)"]	hmnp; latn
mww	2	0	0	//ldml/numbers/scientificFormats[@numberSystem="([^"]*+)"]/scientificFormatLength/scientificFormat[@type="([^"]*+)"]/pattern[@type="([^"]*+)"]	hmnp; latn
mww	2	0	0	//ldml/numbers/symbols[@numberSystem="([^"]*+)"]/decimal	hmnp; latn
mww	2	0	0	//ldml/numbers/symbols[@numberSystem="([^"]*+)"]/group	hmnp; latn
mww	2	0	0	//ldml/numbers/symbols[@numberSystem="([^"]*+)"]/minusSign	hmnp; latn
mww	2	0	0	//ldml/numbers/symbols[@numberSystem="([^"]*+)"]/percentSign	hmnp; latn
mww	2	0	0	//ldml/numbers/symbols[@numberSystem="([^"]*+)"]/plusSign	hmnp; latn
mww	63	0	15	Totals	
					
myv	10	0	0	//ldml/dates/calendars/calendar[@type="([^"]*+)"]/dateTimeFormats/availableFormats/dateFormatItem[@id="([^"]*+)"]	gregorian, Hm; gregorian, Hms; gregorian, Hmsv; gregorian, hm; gregorian, hms; gregorian, hmsv; gregorian, yMMMMEd; gregorian, yMMMMd; gregorian, yMMMd; gregorian, yMd
myv	1	0	0	//ldml/dates/calendars/calendar[@type="([^"]*+)"]/dateTimeFormats/intervalFormats/intervalFormatFallback	gregorian
myv	0	0	2	//ldml/dates/calendars/calendar[@type="([^"]*+)"]/dayPeriods/dayPeriodContext[@type="([^"]*+)"]/dayPeriodWidth[@type="([^"]*+)"]/dayPeriod[@type="([^"]*+)"]	gregorian, format, wide, am; gregorian, format, wide, pm
myv	0	0	7	//ldml/dates/calendars/calendar[@type="([^"]*+)"]/days/dayContext[@type="([^"]*+)"]/dayWidth[@type="([^"]*+)"]/day[@type="([^"]*+)"]	gregorian, format, wide, fri; gregorian, format, wide, mon; gregorian, format, wide, sat; gregorian, format, wide, sun; gregorian, format, wide, thu; gregorian, format, wide, tue; gregorian, format, wide, wed
myv	0	0	12	//ldml/dates/calendars/calendar[@type="([^"]*+)"]/months/monthContext[@type="([^"]*+)"]/monthWidth[@type="([^"]*+)"]/month[@type="([^"]*+)"]	gregorian, format, wide, 1; gregorian, format, wide, 10; gregorian, format, wide, 11; gregorian, format, wide, 12; gregorian, format, wide, 2; gregorian, format, wide, 3; gregorian, format, wide, 4; gregorian, format, wide, 5; gregorian, format, wide, 6; gregorian, format, wide, 7; gregorian, format, wide, 8; gregorian, format, wide, 9
myv	1	0	0	//ldml/dates/timeZoneNames/fallbackFormat	
myv	1	0	0	//ldml/dates/timeZoneNames/gmtFormat	
myv	1	0	0	//ldml/dates/timeZoneNames/gmtFormat[@alt="([^"]*+)"]	utc
myv	1	0	0	//ldml/dates/timeZoneNames/hourFormat	
myv	1	0	0	//ldml/dates/timeZoneNames/metazone[@type="([^"]*+)"]/long/standard	GMT
myv	1	0	0	//ldml/dates/timeZoneNames/regionFormat	
myv	2	0	0	//ldml/dates/timeZoneNames/regionFormat[@type="([^"]*+)"]	daylight
myv	1	0	0	//ldml/dates/timeZoneNames/zone[@type="([^"]*+)"]/long/standard	Etc/UTC
myv	1	0	0	//ldml/dates/timeZoneNames/zone[@type="([^"]*+)"]/short/standard	Etc/UTC
myv	1	0	0	//ldml/delimiters/alternateQuotationEnd	
myv	1	0	0	//ldml/delimiters/alternateQuotationStart	
myv	1	0	0	//ldml/delimiters/quotationEnd	
myv	1	0	0	//ldml/delimiters/quotationStart	
myv	0	0	3	//ldml/localeDisplayNames/codePatterns/codePattern[@type="([^"]*+)"]	language; script; territory
myv	0	0	1	//ldml/localeDisplayNames/languages/language[@type="([^"]*+)"]	en
myv	0	0	1	//ldml/localeDisplayNames/localeDisplayPattern/localePattern	
myv	0	0	1	//ldml/localeDisplayNames/localeDisplayPattern/localeSeparator	
myv	3	0	0	//ldml/localeDisplayNames/measurementSystemNames/measurementSystemName[@type="([^"]*+)"]	UK; US; metric
myv	0	0	1	//ldml/localeDisplayNames/scripts/script[@type="([^"]*+)"]	Cyrl
myv	0	0	1	//ldml/localeDisplayNames/territories/territory[@type="([^"]*+)"]	RU
myv	1	0	0	//ldml/numbers/currencyFormats[@numberSystem="([^"]*+)"]/currencyFormatLength/currencyFormat[@type="([^"]*+)"]/pattern[@type="([^"]*+)"]	latn
myv	1	0	0	//ldml/numbers/decimalFormats[@numberSystem="([^"]*+)"]/decimalFormatLength/decimalFormat[@type="([^"]*+)"]/pattern[@type="([^"]*+)"]	latn
myv	0	0	1	//ldml/numbers/defaultNumberingSystem	
myv	0	0	1	//ldml/numbers/otherNumberingSystems/native	
myv	1	0	0	//ldml/numbers/percentFormats[@numberSystem="([^"]*+)"]/percentFormatLength/percentFormat[@type="([^"]*+)"]/pattern[@type="([^"]*+)"]	latn
myv	1	0	0	//ldml/numbers/scientificFormats[@numberSystem="([^"]*+)"]/scientificFormatLength/scientificFormat[@type="([^"]*+)"]/pattern[@type="([^"]*+)"]	latn
myv	1	0	0	//ldml/numbers/symbols[@numberSystem="([^"]*+)"]/decimal	latn
myv	1	0	0	//ldml/numbers/symbols[@numberSystem="([^"]*+)"]/group	latn
myv	1	0	0	//ldml/numbers/symbols[@numberSystem="([^"]*+)"]/minusSign	latn
myv	1	0	0	//ldml/numbers/symbols[@numberSystem="([^"]*+)"]/percentSign	latn
myv	1	0	0	//ldml/numbers/symbols[@numberSystem="([^"]*+)"]/plusSign	latn
myv	37	0	31	Totals	
					
mzn	10	0	0	//ldml/dates/calendars/calendar[@type="([^"]*+)"]/dateTimeFormats/availableFormats/dateFormatItem[@id="([^"]*+)"]	gregorian, Hm; gregorian, Hms; gregorian, Hmsv; gregorian, hm; gregorian, hms; gregorian, hmsv; gregorian, yMMMMEd; gregorian, yMMMMd; gregorian, yMMMd; gregorian, yMd
mzn	1	0	0	//ldml/dates/calendars/calendar[@type="([^"]*+)"]/dateTimeFormats/intervalFormats/intervalFormatFallback	gregorian
mzn	2	0	0	//ldml/dates/calendars/calendar[@type="([^"]*+)"]/dayPeriods/dayPeriodContext[@type="([^"]*+)"]/dayPeriodWidth[@type="([^"]*+)"]/dayPeriod[@type="([^"]*+)"]	gregorian, format, wide, am; gregorian, format, wide, pm
mzn	7	0	0	//ldml/dates/calendars/calendar[@type="([^"]*+)"]/days/dayContext[@type="([^"]*+)"]/dayWidth[@type="([^"]*+)"]/day[@type="([^"]*+)"]	gregorian, format, wide, fri; gregorian, format, wide, mon; gregorian, format, wide, sat; gregorian, format, wide, sun; gregorian, format, wide, thu; gregorian, format, wide, tue; gregorian, format, wide, wed
mzn	1	0	0	//ldml/dates/timeZoneNames/gmtFormat[@alt="([^"]*+)"]	utc
mzn	1	0	0	//ldml/dates/timeZoneNames/metazone[@type="([^"]*+)"]/long/standard	GMT
mzn	1	0	0	//ldml/dates/timeZoneNames/zone[@type="([^"]*+)"]/long/standard	Etc/UTC
mzn	1	0	0	//ldml/dates/timeZoneNames/zone[@type="([^"]*+)"]/short/standard	Etc/UTC
mzn	3	0	0	//ldml/numbers/currencyFormats[@numberSystem="([^"]*+)"]/currencyFormatLength/currencyFormat[@type="([^"]*+)"]/pattern[@type="([^"]*+)"]	arab; arabext; latn
mzn	3	0	0	//ldml/numbers/decimalFormats[@numberSystem="([^"]*+)"]/decimalFormatLength/decimalFormat[@type="([^"]*+)"]/pattern[@type="([^"]*+)"]	arab; arabext; latn
mzn	3	0	0	//ldml/numbers/percentFormats[@numberSystem="([^"]*+)"]/percentFormatLength/percentFormat[@type="([^"]*+)"]/pattern[@type="([^"]*+)"]	arab; arabext; latn
mzn	3	0	0	//ldml/numbers/scientificFormats[@numberSystem="([^"]*+)"]/scientificFormatLength/scientificFormat[@type="([^"]*+)"]/pattern[@type="([^"]*+)"]	arab; arabext; latn
mzn	3	0	0	//ldml/numbers/symbols[@numberSystem="([^"]*+)"]/decimal	arab; arabext; latn
mzn	3	0	0	//ldml/numbers/symbols[@numberSystem="([^"]*+)"]/group	arab; arabext; latn
mzn	3	0	0	//ldml/numbers/symbols[@numberSystem="([^"]*+)"]/minusSign	arab; arabext; latn
mzn	3	0	0	//ldml/numbers/symbols[@numberSystem="([^"]*+)"]/percentSign	arab; arabext; latn
mzn	3	0	0	//ldml/numbers/symbols[@numberSystem="([^"]*+)"]/plusSign	arab; arabext; latn
mzn	51	0	0	Totals	
					
naq	7	0	0	//ldml/dates/calendars/calendar[@type="([^"]*+)"]/dateTimeFormats/availableFormats/dateFormatItem[@id="([^"]*+)"]	gregorian, Hmsv; gregorian, hms; gregorian, hmsv; gregorian, yMMMMEd; gregorian, yMMMMd; gregorian, yMMMd; gregorian, yMd
naq	1	0	0	//ldml/dates/calendars/calendar[@type="([^"]*+)"]/dateTimeFormats/intervalFormats/intervalFormatFallback	gregorian
naq	1	0	0	//ldml/dates/timeZoneNames/fallbackFormat	
naq	1	0	0	//ldml/dates/timeZoneNames/gmtFormat	
naq	1	0	0	//ldml/dates/timeZoneNames/gmtFormat[@alt="([^"]*+)"]	utc
naq	1	0	0	//ldml/dates/timeZoneNames/hourFormat	
naq	1	0	0	//ldml/dates/timeZoneNames/metazone[@type="([^"]*+)"]/long/standard	GMT
naq	1	0	0	//ldml/dates/timeZoneNames/regionFormat	
naq	2	0	0	//ldml/dates/timeZoneNames/regionFormat[@type="([^"]*+)"]	daylight
naq	1	0	0	//ldml/dates/timeZoneNames/zone[@type="([^"]*+)"]/long/standard	Etc/UTC
naq	1	0	0	//ldml/dates/timeZoneNames/zone[@type="([^"]*+)"]/short/standard	Etc/UTC
naq	3	0	0	//ldml/localeDisplayNames/codePatterns/codePattern[@type="([^"]*+)"]	language; script; territory
naq	1	0	0	//ldml/localeDisplayNames/localeDisplayPattern/localePattern	
naq	1	0	0	//ldml/localeDisplayNames/localeDisplayPattern/localeSeparator	
naq	3	0	0	//ldml/localeDisplayNames/measurementSystemNames/measurementSystemName[@type="([^"]*+)"]	UK; US; metric
naq	1	0	0	//ldml/localeDisplayNames/scripts/script[@type="([^"]*+)"]	Latn
naq	1	0	0	//ldml/numbers/decimalFormats[@numberSystem="([^"]*+)"]/decimalFormatLength/decimalFormat[@type="([^"]*+)"]/pattern[@type="([^"]*+)"]	latn
naq	1	0	0	//ldml/numbers/percentFormats[@numberSystem="([^"]*+)"]/percentFormatLength/percentFormat[@type="([^"]*+)"]/pattern[@type="([^"]*+)"]	latn
naq	1	0	0	//ldml/numbers/scientificFormats[@numberSystem="([^"]*+)"]/scientificFormatLength/scientificFormat[@type="([^"]*+)"]/pattern[@type="([^"]*+)"]	latn
naq	1	0	0	//ldml/numbers/symbols[@numberSystem="([^"]*+)"]/decimal	latn
naq	1	0	0	//ldml/numbers/symbols[@numberSystem="([^"]*+)"]/group	latn
naq	1	0	0	//ldml/numbers/symbols[@numberSystem="([^"]*+)"]/minusSign	latn
naq	1	0	0	//ldml/numbers/symbols[@numberSystem="([^"]*+)"]/percentSign	latn
naq	1	0	0	//ldml/numbers/symbols[@numberSystem="([^"]*+)"]/plusSign	latn
naq	35	0	0	Totals	
					
nd	7	0	0	//ldml/dates/calendars/calendar[@type="([^"]*+)"]/dateTimeFormats/availableFormats/dateFormatItem[@id="([^"]*+)"]	gregorian, Hmsv; gregorian, hms; gregorian, hmsv; gregorian, yMMMMEd; gregorian, yMMMMd; gregorian, yMMMd; gregorian, yMd
nd	1	0	0	//ldml/dates/calendars/calendar[@type="([^"]*+)"]/dateTimeFormats/intervalFormats/intervalFormatFallback	gregorian
nd	2	0	0	//ldml/dates/calendars/calendar[@type="([^"]*+)"]/dayPeriods/dayPeriodContext[@type="([^"]*+)"]/dayPeriodWidth[@type="([^"]*+)"]/dayPeriod[@type="([^"]*+)"]	gregorian, format, wide, am; gregorian, format, wide, pm
nd	1	0	0	//ldml/dates/timeZoneNames/fallbackFormat	
nd	1	0	0	//ldml/dates/timeZoneNames/gmtFormat	
nd	1	0	0	//ldml/dates/timeZoneNames/gmtFormat[@alt="([^"]*+)"]	utc
nd	1	0	0	//ldml/dates/timeZoneNames/hourFormat	
nd	1	0	0	//ldml/dates/timeZoneNames/metazone[@type="([^"]*+)"]/long/standard	GMT
nd	1	0	0	//ldml/dates/timeZoneNames/regionFormat	
nd	2	0	0	//ldml/dates/timeZoneNames/regionFormat[@type="([^"]*+)"]	daylight
nd	1	0	0	//ldml/dates/timeZoneNames/zone[@type="([^"]*+)"]/long/standard	Etc/UTC
nd	1	0	0	//ldml/dates/timeZoneNames/zone[@type="([^"]*+)"]/short/standard	Etc/UTC
nd	3	0	0	//ldml/localeDisplayNames/codePatterns/codePattern[@type="([^"]*+)"]	language; script; territory
nd	1	0	0	//ldml/localeDisplayNames/localeDisplayPattern/localePattern	
nd	1	0	0	//ldml/localeDisplayNames/localeDisplayPattern/localeSeparator	
nd	3	0	0	//ldml/localeDisplayNames/measurementSystemNames/measurementSystemName[@type="([^"]*+)"]	UK; US; metric
nd	1	0	0	//ldml/localeDisplayNames/scripts/script[@type="([^"]*+)"]	Latn
nd	1	0	0	//ldml/numbers/decimalFormats[@numberSystem="([^"]*+)"]/decimalFormatLength/decimalFormat[@type="([^"]*+)"]/pattern[@type="([^"]*+)"]	latn
nd	1	0	0	//ldml/numbers/percentFormats[@numberSystem="([^"]*+)"]/percentFormatLength/percentFormat[@type="([^"]*+)"]/pattern[@type="([^"]*+)"]	latn
nd	1	0	0	//ldml/numbers/scientificFormats[@numberSystem="([^"]*+)"]/scientificFormatLength/scientificFormat[@type="([^"]*+)"]/pattern[@type="([^"]*+)"]	latn
nd	1	0	0	//ldml/numbers/symbols[@numberSystem="([^"]*+)"]/decimal	latn
nd	1	0	0	//ldml/numbers/symbols[@numberSystem="([^"]*+)"]/group	latn
nd	1	0	0	//ldml/numbers/symbols[@numberSystem="([^"]*+)"]/minusSign	latn
nd	1	0	0	//ldml/numbers/symbols[@numberSystem="([^"]*+)"]/percentSign	latn
nd	1	0	0	//ldml/numbers/symbols[@numberSystem="([^"]*+)"]/plusSign	latn
nd	37	0	0	Totals	
					
nds	2	0	0	//ldml/dates/calendars/calendar[@type="([^"]*+)"]/dateTimeFormats/availableFormats/dateFormatItem[@id="([^"]*+)"]	gregorian, yMMMMEd; gregorian, yMMMMd
nds	1	0	0	//ldml/dates/timeZoneNames/gmtFormat[@alt="([^"]*+)"]	utc
nds	1	0	0	//ldml/dates/timeZoneNames/zone[@type="([^"]*+)"]/long/standard	Etc/UTC
nds	1	0	0	//ldml/dates/timeZoneNames/zone[@type="([^"]*+)"]/short/standard	Etc/UTC
nds	5	0	0	Totals	
					
nmg	4	0	0	//ldml/dates/calendars/calendar[@type="([^"]*+)"]/dateTimeFormats/availableFormats/dateFormatItem[@id="([^"]*+)"]	gregorian, Hmsv; gregorian, hmsv; gregorian, yMMMMEd; gregorian, yMMMMd
nmg	1	0	0	//ldml/dates/calendars/calendar[@type="([^"]*+)"]/dateTimeFormats/intervalFormats/intervalFormatFallback	gregorian
nmg	1	0	0	//ldml/dates/timeZoneNames/fallbackFormat	
nmg	1	0	0	//ldml/dates/timeZoneNames/gmtFormat	
nmg	1	0	0	//ldml/dates/timeZoneNames/gmtFormat[@alt="([^"]*+)"]	utc
nmg	1	0	0	//ldml/dates/timeZoneNames/hourFormat	
nmg	1	0	0	//ldml/dates/timeZoneNames/metazone[@type="([^"]*+)"]/long/standard	GMT
nmg	1	0	0	//ldml/dates/timeZoneNames/regionFormat	
nmg	2	0	0	//ldml/dates/timeZoneNames/regionFormat[@type="([^"]*+)"]	daylight
nmg	1	0	0	//ldml/dates/timeZoneNames/zone[@type="([^"]*+)"]/long/standard	Etc/UTC
nmg	1	0	0	//ldml/dates/timeZoneNames/zone[@type="([^"]*+)"]/short/standard	Etc/UTC
nmg	3	0	0	//ldml/localeDisplayNames/codePatterns/codePattern[@type="([^"]*+)"]	language; script; territory
nmg	0	1	0	//ldml/localeDisplayNames/languages/language[@type="([^"]*+)"]	nmg
nmg	1	0	0	//ldml/localeDisplayNames/localeDisplayPattern/localePattern	
nmg	1	0	0	//ldml/localeDisplayNames/localeDisplayPattern/localeSeparator	
nmg	3	0	0	//ldml/localeDisplayNames/measurementSystemNames/measurementSystemName[@type="([^"]*+)"]	UK; US; metric
nmg	1	0	0	//ldml/localeDisplayNames/scripts/script[@type="([^"]*+)"]	Latn
nmg	1	0	0	//ldml/numbers/scientificFormats[@numberSystem="([^"]*+)"]/scientificFormatLength/scientificFormat[@type="([^"]*+)"]/pattern[@type="([^"]*+)"]	latn
nmg	1	0	0	//ldml/numbers/symbols[@numberSystem="([^"]*+)"]/minusSign	latn
nmg	1	0	0	//ldml/numbers/symbols[@numberSystem="([^"]*+)"]/percentSign	latn
nmg	1	0	0	//ldml/numbers/symbols[@numberSystem="([^"]*+)"]/plusSign	latn
nmg	28	1	0	Totals	
					
nnh	8	0	0	//ldml/dates/calendars/calendar[@type="([^"]*+)"]/dateTimeFormats/availableFormats/dateFormatItem[@id="([^"]*+)"]	gregorian, Hm; gregorian, Hms; gregorian, Hmsv; gregorian, hm; gregorian, hms; gregorian, hmsv; gregorian, yMMMMEd; gregorian, yMMMMd
nnh	1	0	0	//ldml/dates/calendars/calendar[@type="([^"]*+)"]/dateTimeFormats/intervalFormats/intervalFormatFallback	gregorian
nnh	1	0	0	//ldml/dates/timeZoneNames/fallbackFormat	
nnh	1	0	0	//ldml/dates/timeZoneNames/gmtFormat	
nnh	1	0	0	//ldml/dates/timeZoneNames/gmtFormat[@alt="([^"]*+)"]	utc
nnh	1	0	0	//ldml/dates/timeZoneNames/hourFormat	
nnh	1	0	0	//ldml/dates/timeZoneNames/metazone[@type="([^"]*+)"]/long/standard	GMT
nnh	1	0	0	//ldml/dates/timeZoneNames/regionFormat	
nnh	2	0	0	//ldml/dates/timeZoneNames/regionFormat[@type="([^"]*+)"]	daylight
nnh	1	0	0	//ldml/dates/timeZoneNames/zone[@type="([^"]*+)"]/long/standard	Etc/UTC
nnh	1	0	0	//ldml/dates/timeZoneNames/zone[@type="([^"]*+)"]/short/standard	Etc/UTC
nnh	3	0	0	//ldml/localeDisplayNames/codePatterns/codePattern[@type="([^"]*+)"]	language; script; territory
nnh	1	0	0	//ldml/localeDisplayNames/localeDisplayPattern/localePattern	
nnh	1	0	0	//ldml/localeDisplayNames/localeDisplayPattern/localeSeparator	
nnh	2	0	0	//ldml/localeDisplayNames/measurementSystemNames/measurementSystemName[@type="([^"]*+)"]	UK; US
nnh	1	0	0	//ldml/localeDisplayNames/scripts/script[@type="([^"]*+)"]	Latn
nnh	1	0	0	//ldml/numbers/percentFormats[@numberSystem="([^"]*+)"]/percentFormatLength/percentFormat[@type="([^"]*+)"]/pattern[@type="([^"]*+)"]	latn
nnh	1	0	0	//ldml/numbers/scientificFormats[@numberSystem="([^"]*+)"]/scientificFormatLength/scientificFormat[@type="([^"]*+)"]/pattern[@type="([^"]*+)"]	latn
nnh	1	0	0	//ldml/numbers/symbols[@numberSystem="([^"]*+)"]/minusSign	latn
nnh	1	0	0	//ldml/numbers/symbols[@numberSystem="([^"]*+)"]/plusSign	latn
nnh	31	0	0	Totals	
					
nqo	2	0	0	//ldml/dates/calendars/calendar[@type="([^"]*+)"]/dateTimeFormats/availableFormats/dateFormatItem[@id="([^"]*+)"]	gregorian, yMMMMEd; gregorian, yMMMMd
nqo	1	0	0	//ldml/dates/timeZoneNames/gmtFormat[@alt="([^"]*+)"]	utc
nqo	1	0	0	//ldml/dates/timeZoneNames/zone[@type="([^"]*+)"]/short/standard	Etc/UTC
nqo	4	0	0	Totals	
					
nr	10	0	0	//ldml/dates/calendars/calendar[@type="([^"]*+)"]/dateTimeFormats/availableFormats/dateFormatItem[@id="([^"]*+)"]	gregorian, Hm; gregorian, Hms; gregorian, Hmsv; gregorian, hm; gregorian, hms; gregorian, hmsv; gregorian, yMMMMEd; gregorian, yMMMMd; gregorian, yMMMd; gregorian, yMd
nr	1	0	0	//ldml/dates/calendars/calendar[@type="([^"]*+)"]/dateTimeFormats/intervalFormats/intervalFormatFallback	gregorian
nr	2	0	0	//ldml/dates/calendars/calendar[@type="([^"]*+)"]/dayPeriods/dayPeriodContext[@type="([^"]*+)"]/dayPeriodWidth[@type="([^"]*+)"]/dayPeriod[@type="([^"]*+)"]	gregorian, format, wide, am; gregorian, format, wide, pm
nr	0	0	7	//ldml/dates/calendars/calendar[@type="([^"]*+)"]/days/dayContext[@type="([^"]*+)"]/dayWidth[@type="([^"]*+)"]/day[@type="([^"]*+)"]	gregorian, format, wide, fri; gregorian, format, wide, mon; gregorian, format, wide, sat; gregorian, format, wide, sun; gregorian, format, wide, thu; gregorian, format, wide, tue; gregorian, format, wide, wed
nr	0	0	12	//ldml/dates/calendars/calendar[@type="([^"]*+)"]/months/monthContext[@type="([^"]*+)"]/monthWidth[@type="([^"]*+)"]/month[@type="([^"]*+)"]	gregorian, format, wide, 1; gregorian, format, wide, 10; gregorian, format, wide, 11; gregorian, format, wide, 12; gregorian, format, wide, 2; gregorian, format, wide, 3; gregorian, format, wide, 4; gregorian, format, wide, 5; gregorian, format, wide, 6; gregorian, format, wide, 7; gregorian, format, wide, 8; gregorian, format, wide, 9
nr	1	0	0	//ldml/dates/timeZoneNames/fallbackFormat	
nr	1	0	0	//ldml/dates/timeZoneNames/gmtFormat	
nr	1	0	0	//ldml/dates/timeZoneNames/gmtFormat[@alt="([^"]*+)"]	utc
nr	1	0	0	//ldml/dates/timeZoneNames/hourFormat	
nr	1	0	0	//ldml/dates/timeZoneNames/metazone[@type="([^"]*+)"]/long/standard	GMT
nr	1	0	0	//ldml/dates/timeZoneNames/regionFormat	
nr	2	0	0	//ldml/dates/timeZoneNames/regionFormat[@type="([^"]*+)"]	daylight
nr	1	0	0	//ldml/dates/timeZoneNames/zone[@type="([^"]*+)"]/long/standard	Etc/UTC
nr	1	0	0	//ldml/dates/timeZoneNames/zone[@type="([^"]*+)"]/short/standard	Etc/UTC
nr	0	0	1	//ldml/delimiters/alternateQuotationEnd	
nr	0	0	1	//ldml/delimiters/alternateQuotationStart	
nr	0	0	1	//ldml/delimiters/quotationEnd	
nr	0	0	1	//ldml/delimiters/quotationStart	
nr	3	0	0	//ldml/localeDisplayNames/codePatterns/codePattern[@type="([^"]*+)"]	language; script; territory
nr	1	1	0	//ldml/localeDisplayNames/languages/language[@type="([^"]*+)"]	en; nr
nr	1	0	0	//ldml/localeDisplayNames/localeDisplayPattern/localePattern	
nr	1	0	0	//ldml/localeDisplayNames/localeDisplayPattern/localeSeparator	
nr	3	0	0	//ldml/localeDisplayNames/measurementSystemNames/measurementSystemName[@type="([^"]*+)"]	UK; US; metric
nr	1	0	0	//ldml/localeDisplayNames/scripts/script[@type="([^"]*+)"]	Latn
nr	2	0	0	//ldml/localeDisplayNames/territories/territory[@type="([^"]*+)"]	ZA
nr	1	0	0	//ldml/numbers/symbols[@numberSystem="([^"]*+)"]/minusSign	latn
nr	1	0	0	//ldml/numbers/symbols[@numberSystem="([^"]*+)"]/percentSign	latn
nr	1	0	0	//ldml/numbers/symbols[@numberSystem="([^"]*+)"]/plusSign	latn
nr	38	1	23	Totals	
					
nus	4	0	0	//ldml/dates/calendars/calendar[@type="([^"]*+)"]/dateTimeFormats/availableFormats/dateFormatItem[@id="([^"]*+)"]	gregorian, Hmsv; gregorian, hmsv; gregorian, yMMMMEd; gregorian, yMMMMd
nus	1	0	0	//ldml/dates/calendars/calendar[@type="([^"]*+)"]/dateTimeFormats/intervalFormats/intervalFormatFallback	gregorian
nus	1	0	0	//ldml/dates/timeZoneNames/fallbackFormat	
nus	1	0	0	//ldml/dates/timeZoneNames/gmtFormat	
nus	1	0	0	//ldml/dates/timeZoneNames/gmtFormat[@alt="([^"]*+)"]	utc
nus	1	0	0	//ldml/dates/timeZoneNames/hourFormat	
nus	1	0	0	//ldml/dates/timeZoneNames/metazone[@type="([^"]*+)"]/long/standard	GMT
nus	1	0	0	//ldml/dates/timeZoneNames/regionFormat	
nus	2	0	0	//ldml/dates/timeZoneNames/regionFormat[@type="([^"]*+)"]	daylight
nus	1	0	0	//ldml/dates/timeZoneNames/zone[@type="([^"]*+)"]/long/standard	Etc/UTC
nus	1	0	0	//ldml/dates/timeZoneNames/zone[@type="([^"]*+)"]/short/standard	Etc/UTC
nus	3	0	0	//ldml/localeDisplayNames/codePatterns/codePattern[@type="([^"]*+)"]	language; script; territory
nus	1	0	0	//ldml/localeDisplayNames/localeDisplayPattern/localePattern	
nus	1	0	0	//ldml/localeDisplayNames/localeDisplayPattern/localeSeparator	
nus	3	0	0	//ldml/localeDisplayNames/measurementSystemNames/measurementSystemName[@type="([^"]*+)"]	UK; US; metric
nus	1	0	0	//ldml/localeDisplayNames/scripts/script[@type="([^"]*+)"]	Latn
nus	2	0	0	//ldml/localeDisplayNames/territories/territory[@type="([^"]*+)"]	SS
nus	1	0	0	//ldml/numbers/scientificFormats[@numberSystem="([^"]*+)"]/scientificFormatLength/scientificFormat[@type="([^"]*+)"]/pattern[@type="([^"]*+)"]	latn
nus	1	0	0	//ldml/numbers/symbols[@numberSystem="([^"]*+)"]/minusSign	latn
nus	1	0	0	//ldml/numbers/symbols[@numberSystem="([^"]*+)"]/percentSign	latn
nus	1	0	0	//ldml/numbers/symbols[@numberSystem="([^"]*+)"]/plusSign	latn
nus	30	0	0	Totals	
					
nv	10	0	0	//ldml/dates/calendars/calendar[@type="([^"]*+)"]/dateTimeFormats/availableFormats/dateFormatItem[@id="([^"]*+)"]	gregorian, Hm; gregorian, Hms; gregorian, Hmsv; gregorian, hm; gregorian, hms; gregorian, hmsv; gregorian, yMMMMEd; gregorian, yMMMMd; gregorian, yMMMd; gregorian, yMd
nv	1	0	0	//ldml/dates/calendars/calendar[@type="([^"]*+)"]/dateTimeFormats/intervalFormats/intervalFormatFallback	gregorian
nv	2	0	0	//ldml/dates/calendars/calendar[@type="([^"]*+)"]/dayPeriods/dayPeriodContext[@type="([^"]*+)"]/dayPeriodWidth[@type="([^"]*+)"]/dayPeriod[@type="([^"]*+)"]	gregorian, format, wide, am; gregorian, format, wide, pm
nv	7	0	0	//ldml/dates/calendars/calendar[@type="([^"]*+)"]/days/dayContext[@type="([^"]*+)"]/dayWidth[@type="([^"]*+)"]/day[@type="([^"]*+)"]	gregorian, format, wide, fri; gregorian, format, wide, mon; gregorian, format, wide, sat; gregorian, format, wide, sun; gregorian, format, wide, thu; gregorian, format, wide, tue; gregorian, format, wide, wed
nv	12	0	0	//ldml/dates/calendars/calendar[@type="([^"]*+)"]/months/monthContext[@type="([^"]*+)"]/monthWidth[@type="([^"]*+)"]/month[@type="([^"]*+)"]	gregorian, format, wide, 1; gregorian, format, wide, 10; gregorian, format, wide, 11; gregorian, format, wide, 12; gregorian, format, wide, 2; gregorian, format, wide, 3; gregorian, format, wide, 4; gregorian, format, wide, 5; gregorian, format, wide, 6; gregorian, format, wide, 7; gregorian, format, wide, 8; gregorian, format, wide, 9
nv	1	0	0	//ldml/dates/timeZoneNames/fallbackFormat	
nv	1	0	0	//ldml/dates/timeZoneNames/gmtFormat	
nv	1	0	0	//ldml/dates/timeZoneNames/gmtFormat[@alt="([^"]*+)"]	utc
nv	1	0	0	//ldml/dates/timeZoneNames/hourFormat	
nv	1	0	0	//ldml/dates/timeZoneNames/metazone[@type="([^"]*+)"]/long/standard	GMT
nv	1	0	0	//ldml/dates/timeZoneNames/regionFormat	
nv	2	0	0	//ldml/dates/timeZoneNames/regionFormat[@type="([^"]*+)"]	daylight
nv	1	0	0	//ldml/dates/timeZoneNames/zone[@type="([^"]*+)"]/long/standard	Etc/UTC
nv	1	0	0	//ldml/dates/timeZoneNames/zone[@type="([^"]*+)"]/short/standard	Etc/UTC
nv	1	0	0	//ldml/delimiters/alternateQuotationEnd	
nv	1	0	0	//ldml/delimiters/alternateQuotationStart	
nv	1	0	0	//ldml/delimiters/quotationEnd	
nv	1	0	0	//ldml/delimiters/quotationStart	
nv	3	0	0	//ldml/localeDisplayNames/codePatterns/codePattern[@type="([^"]*+)"]	language; script; territory
nv	1	0	0	//ldml/localeDisplayNames/languages/language[@type="([^"]*+)"]	en
nv	1	0	0	//ldml/localeDisplayNames/localeDisplayPattern/localePattern	
nv	1	0	0	//ldml/localeDisplayNames/localeDisplayPattern/localeSeparator	
nv	3	0	0	//ldml/localeDisplayNames/measurementSystemNames/measurementSystemName[@type="([^"]*+)"]	UK; US; metric
nv	1	0	0	//ldml/localeDisplayNames/scripts/script[@type="([^"]*+)"]	Latn
nv	2	0	0	//ldml/localeDisplayNames/territories/territory[@type="([^"]*+)"]	US
nv	1	0	0	//ldml/numbers/currencyFormats[@numberSystem="([^"]*+)"]/currencyFormatLength/currencyFormat[@type="([^"]*+)"]/pattern[@type="([^"]*+)"]	latn
nv	1	0	0	//ldml/numbers/decimalFormats[@numberSystem="([^"]*+)"]/decimalFormatLength/decimalFormat[@type="([^"]*+)"]/pattern[@type="([^"]*+)"]	latn
nv	1	0	0	//ldml/numbers/percentFormats[@numberSystem="([^"]*+)"]/percentFormatLength/percentFormat[@type="([^"]*+)"]/pattern[@type="([^"]*+)"]	latn
nv	1	0	0	//ldml/numbers/scientificFormats[@numberSystem="([^"]*+)"]/scientificFormatLength/scientificFormat[@type="([^"]*+)"]/pattern[@type="([^"]*+)"]	latn
nv	1	0	0	//ldml/numbers/symbols[@numberSystem="([^"]*+)"]/decimal	latn
nv	1	0	0	//ldml/numbers/symbols[@numberSystem="([^"]*+)"]/group	latn
nv	1	0	0	//ldml/numbers/symbols[@numberSystem="([^"]*+)"]/minusSign	latn
nv	1	0	0	//ldml/numbers/symbols[@numberSystem="([^"]*+)"]/percentSign	latn
nv	1	0	0	//ldml/numbers/symbols[@numberSystem="([^"]*+)"]/plusSign	latn
nv	67	0	0	Totals	
					
ny	10	0	0	//ldml/dates/calendars/calendar[@type="([^"]*+)"]/dateTimeFormats/availableFormats/dateFormatItem[@id="([^"]*+)"]	gregorian, Hm; gregorian, Hms; gregorian, Hmsv; gregorian, hm; gregorian, hms; gregorian, hmsv; gregorian, yMMMMEd; gregorian, yMMMMd; gregorian, yMMMd; gregorian, yMd
ny	1	0	0	//ldml/dates/calendars/calendar[@type="([^"]*+)"]/dateTimeFormats/intervalFormats/intervalFormatFallback	gregorian
ny	2	0	0	//ldml/dates/calendars/calendar[@type="([^"]*+)"]/dayPeriods/dayPeriodContext[@type="([^"]*+)"]/dayPeriodWidth[@type="([^"]*+)"]/dayPeriod[@type="([^"]*+)"]	gregorian, format, wide, am; gregorian, format, wide, pm
ny	0	0	7	//ldml/dates/calendars/calendar[@type="([^"]*+)"]/days/dayContext[@type="([^"]*+)"]/dayWidth[@type="([^"]*+)"]/day[@type="([^"]*+)"]	gregorian, format, wide, fri; gregorian, format, wide, mon; gregorian, format, wide, sat; gregorian, format, wide, sun; gregorian, format, wide, thu; gregorian, format, wide, tue; gregorian, format, wide, wed
ny	0	0	12	//ldml/dates/calendars/calendar[@type="([^"]*+)"]/months/monthContext[@type="([^"]*+)"]/monthWidth[@type="([^"]*+)"]/month[@type="([^"]*+)"]	gregorian, format, wide, 1; gregorian, format, wide, 10; gregorian, format, wide, 11; gregorian, format, wide, 12; gregorian, format, wide, 2; gregorian, format, wide, 3; gregorian, format, wide, 4; gregorian, format, wide, 5; gregorian, format, wide, 6; gregorian, format, wide, 7; gregorian, format, wide, 8; gregorian, format, wide, 9
ny	1	0	0	//ldml/dates/timeZoneNames/fallbackFormat	
ny	1	0	0	//ldml/dates/timeZoneNames/gmtFormat	
ny	1	0	0	//ldml/dates/timeZoneNames/gmtFormat[@alt="([^"]*+)"]	utc
ny	1	0	0	//ldml/dates/timeZoneNames/hourFormat	
ny	1	0	0	//ldml/dates/timeZoneNames/metazone[@type="([^"]*+)"]/long/standard	GMT
ny	1	0	0	//ldml/dates/timeZoneNames/regionFormat	
ny	2	0	0	//ldml/dates/timeZoneNames/regionFormat[@type="([^"]*+)"]	daylight
ny	1	0	0	//ldml/dates/timeZoneNames/zone[@type="([^"]*+)"]/long/standard	Etc/UTC
ny	1	0	0	//ldml/dates/timeZoneNames/zone[@type="([^"]*+)"]/short/standard	Etc/UTC
ny	1	0	0	//ldml/delimiters/alternateQuotationEnd	
ny	1	0	0	//ldml/delimiters/alternateQuotationStart	
ny	1	0	0	//ldml/delimiters/quotationEnd	
ny	1	0	0	//ldml/delimiters/quotationStart	
ny	3	0	0	//ldml/localeDisplayNames/codePatterns/codePattern[@type="([^"]*+)"]	language; script; territory
ny	1	0	0	//ldml/localeDisplayNames/languages/language[@type="([^"]*+)"]	en
ny	1	0	0	//ldml/localeDisplayNames/localeDisplayPattern/localePattern	
ny	1	0	0	//ldml/localeDisplayNames/localeDisplayPattern/localeSeparator	
ny	3	0	0	//ldml/localeDisplayNames/measurementSystemNames/measurementSystemName[@type="([^"]*+)"]	UK; US; metric
ny	1	0	0	//ldml/localeDisplayNames/scripts/script[@type="([^"]*+)"]	Latn
ny	2	0	0	//ldml/localeDisplayNames/territories/territory[@type="([^"]*+)"]	MW
ny	1	0	0	//ldml/numbers/currencyFormats[@numberSystem="([^"]*+)"]/currencyFormatLength/currencyFormat[@type="([^"]*+)"]/pattern[@type="([^"]*+)"]	latn
ny	1	0	0	//ldml/numbers/decimalFormats[@numberSystem="([^"]*+)"]/decimalFormatLength/decimalFormat[@type="([^"]*+)"]/pattern[@type="([^"]*+)"]	latn
ny	1	0	0	//ldml/numbers/percentFormats[@numberSystem="([^"]*+)"]/percentFormatLength/percentFormat[@type="([^"]*+)"]/pattern[@type="([^"]*+)"]	latn
ny	1	0	0	//ldml/numbers/scientificFormats[@numberSystem="([^"]*+)"]/scientificFormatLength/scientificFormat[@type="([^"]*+)"]/pattern[@type="([^"]*+)"]	latn
ny	1	0	0	//ldml/numbers/symbols[@numberSystem="([^"]*+)"]/decimal	latn
ny	1	0	0	//ldml/numbers/symbols[@numberSystem="([^"]*+)"]/group	latn
ny	1	0	0	//ldml/numbers/symbols[@numberSystem="([^"]*+)"]/minusSign	latn
ny	1	0	0	//ldml/numbers/symbols[@numberSystem="([^"]*+)"]/percentSign	latn
ny	1	0	0	//ldml/numbers/symbols[@numberSystem="([^"]*+)"]/plusSign	latn
ny	48	0	19	Totals	
					
nyn	7	0	0	//ldml/dates/calendars/calendar[@type="([^"]*+)"]/dateTimeFormats/availableFormats/dateFormatItem[@id="([^"]*+)"]	gregorian, Hmsv; gregorian, hms; gregorian, hmsv; gregorian, yMMMMEd; gregorian, yMMMMd; gregorian, yMMMd; gregorian, yMd
nyn	1	0	0	//ldml/dates/calendars/calendar[@type="([^"]*+)"]/dateTimeFormats/intervalFormats/intervalFormatFallback	gregorian
nyn	2	0	0	//ldml/dates/calendars/calendar[@type="([^"]*+)"]/dayPeriods/dayPeriodContext[@type="([^"]*+)"]/dayPeriodWidth[@type="([^"]*+)"]/dayPeriod[@type="([^"]*+)"]	gregorian, format, wide, am; gregorian, format, wide, pm
nyn	1	0	0	//ldml/dates/timeZoneNames/fallbackFormat	
nyn	1	0	0	//ldml/dates/timeZoneNames/gmtFormat	
nyn	1	0	0	//ldml/dates/timeZoneNames/gmtFormat[@alt="([^"]*+)"]	utc
nyn	1	0	0	//ldml/dates/timeZoneNames/hourFormat	
nyn	1	0	0	//ldml/dates/timeZoneNames/metazone[@type="([^"]*+)"]/long/standard	GMT
nyn	1	0	0	//ldml/dates/timeZoneNames/regionFormat	
nyn	2	0	0	//ldml/dates/timeZoneNames/regionFormat[@type="([^"]*+)"]	daylight
nyn	1	0	0	//ldml/dates/timeZoneNames/zone[@type="([^"]*+)"]/long/standard	Etc/UTC
nyn	1	0	0	//ldml/dates/timeZoneNames/zone[@type="([^"]*+)"]/short/standard	Etc/UTC
nyn	3	0	0	//ldml/localeDisplayNames/codePatterns/codePattern[@type="([^"]*+)"]	language; script; territory
nyn	1	0	0	//ldml/localeDisplayNames/localeDisplayPattern/localePattern	
nyn	1	0	0	//ldml/localeDisplayNames/localeDisplayPattern/localeSeparator	
nyn	3	0	0	//ldml/localeDisplayNames/measurementSystemNames/measurementSystemName[@type="([^"]*+)"]	UK; US; metric
nyn	1	0	0	//ldml/localeDisplayNames/scripts/script[@type="([^"]*+)"]	Latn
nyn	1	0	0	//ldml/numbers/decimalFormats[@numberSystem="([^"]*+)"]/decimalFormatLength/decimalFormat[@type="([^"]*+)"]/pattern[@type="([^"]*+)"]	latn
nyn	1	0	0	//ldml/numbers/percentFormats[@numberSystem="([^"]*+)"]/percentFormatLength/percentFormat[@type="([^"]*+)"]/pattern[@type="([^"]*+)"]	latn
nyn	1	0	0	//ldml/numbers/scientificFormats[@numberSystem="([^"]*+)"]/scientificFormatLength/scientificFormat[@type="([^"]*+)"]/pattern[@type="([^"]*+)"]	latn
nyn	1	0	0	//ldml/numbers/symbols[@numberSystem="([^"]*+)"]/decimal	latn
nyn	1	0	0	//ldml/numbers/symbols[@numberSystem="([^"]*+)"]/group	latn
nyn	1	0	0	//ldml/numbers/symbols[@numberSystem="([^"]*+)"]/minusSign	latn
nyn	1	0	0	//ldml/numbers/symbols[@numberSystem="([^"]*+)"]/percentSign	latn
nyn	1	0	0	//ldml/numbers/symbols[@numberSystem="([^"]*+)"]/plusSign	latn
nyn	37	0	0	Totals	
					
oc	2	0	0	//ldml/dates/calendars/calendar[@type="([^"]*+)"]/dateTimeFormats/availableFormats/dateFormatItem[@id="([^"]*+)"]	gregorian, yMMMMEd; gregorian, yMMMMd
oc	1	0	0	//ldml/dates/timeZoneNames/gmtFormat[@alt="([^"]*+)"]	utc
oc	0	0	1	//ldml/dates/timeZoneNames/zone[@type="([^"]*+)"]/long/standard	Etc/UTC
oc	1	0	0	//ldml/dates/timeZoneNames/zone[@type="([^"]*+)"]/short/standard	Etc/UTC
oc	4	0	1	Totals	
					
oka	10	0	0	//ldml/dates/calendars/calendar[@type="([^"]*+)"]/dateTimeFormats/availableFormats/dateFormatItem[@id="([^"]*+)"]	gregorian, Hm; gregorian, Hms; gregorian, Hmsv; gregorian, hm; gregorian, hms; gregorian, hmsv; gregorian, yMMMMEd; gregorian, yMMMMd; gregorian, yMMMd; gregorian, yMd
oka	1	0	0	//ldml/dates/calendars/calendar[@type="([^"]*+)"]/dateTimeFormats/intervalFormats/intervalFormatFallback	gregorian
oka	2	0	0	//ldml/dates/calendars/calendar[@type="([^"]*+)"]/dayPeriods/dayPeriodContext[@type="([^"]*+)"]/dayPeriodWidth[@type="([^"]*+)"]/dayPeriod[@type="([^"]*+)"]	gregorian, format, wide, am; gregorian, format, wide, pm
oka	7	0	0	//ldml/dates/calendars/calendar[@type="([^"]*+)"]/days/dayContext[@type="([^"]*+)"]/dayWidth[@type="([^"]*+)"]/day[@type="([^"]*+)"]	gregorian, format, wide, fri; gregorian, format, wide, mon; gregorian, format, wide, sat; gregorian, format, wide, sun; gregorian, format, wide, thu; gregorian, format, wide, tue; gregorian, format, wide, wed
oka	12	0	0	//ldml/dates/calendars/calendar[@type="([^"]*+)"]/months/monthContext[@type="([^"]*+)"]/monthWidth[@type="([^"]*+)"]/month[@type="([^"]*+)"]	gregorian, format, wide, 1; gregorian, format, wide, 10; gregorian, format, wide, 11; gregorian, format, wide, 12; gregorian, format, wide, 2; gregorian, format, wide, 3; gregorian, format, wide, 4; gregorian, format, wide, 5; gregorian, format, wide, 6; gregorian, format, wide, 7; gregorian, format, wide, 8; gregorian, format, wide, 9
oka	1	0	0	//ldml/dates/timeZoneNames/fallbackFormat	
oka	1	0	0	//ldml/dates/timeZoneNames/gmtFormat	
oka	1	0	0	//ldml/dates/timeZoneNames/gmtFormat[@alt="([^"]*+)"]	utc
oka	1	0	0	//ldml/dates/timeZoneNames/hourFormat	
oka	1	0	0	//ldml/dates/timeZoneNames/metazone[@type="([^"]*+)"]/long/standard	GMT
oka	1	0	0	//ldml/dates/timeZoneNames/regionFormat	
oka	2	0	0	//ldml/dates/timeZoneNames/regionFormat[@type="([^"]*+)"]	daylight
oka	1	0	0	//ldml/dates/timeZoneNames/zone[@type="([^"]*+)"]/long/standard	Etc/UTC
oka	1	0	0	//ldml/dates/timeZoneNames/zone[@type="([^"]*+)"]/short/standard	Etc/UTC
oka	1	0	0	//ldml/delimiters/alternateQuotationEnd	
oka	1	0	0	//ldml/delimiters/alternateQuotationStart	
oka	1	0	0	//ldml/delimiters/quotationEnd	
oka	1	0	0	//ldml/delimiters/quotationStart	
oka	3	0	0	//ldml/localeDisplayNames/codePatterns/codePattern[@type="([^"]*+)"]	language; script; territory
oka	1	0	0	//ldml/localeDisplayNames/languages/language[@type="([^"]*+)"]	en
oka	1	0	0	//ldml/localeDisplayNames/localeDisplayPattern/localePattern	
oka	1	0	0	//ldml/localeDisplayNames/localeDisplayPattern/localeSeparator	
oka	3	0	0	//ldml/localeDisplayNames/measurementSystemNames/measurementSystemName[@type="([^"]*+)"]	UK; US; metric
oka	1	0	0	//ldml/localeDisplayNames/scripts/script[@type="([^"]*+)"]	Latn
oka	3	0	0	//ldml/localeDisplayNames/territories/territory[@type="([^"]*+)"]	CA; US
oka	1	0	0	//ldml/numbers/currencyFormats[@numberSystem="([^"]*+)"]/currencyFormatLength/currencyFormat[@type="([^"]*+)"]/pattern[@type="([^"]*+)"]	latn
oka	1	0	0	//ldml/numbers/decimalFormats[@numberSystem="([^"]*+)"]/decimalFormatLength/decimalFormat[@type="([^"]*+)"]/pattern[@type="([^"]*+)"]	latn
oka	1	0	0	//ldml/numbers/percentFormats[@numberSystem="([^"]*+)"]/percentFormatLength/percentFormat[@type="([^"]*+)"]/pattern[@type="([^"]*+)"]	latn
oka	1	0	0	//ldml/numbers/scientificFormats[@numberSystem="([^"]*+)"]/scientificFormatLength/scientificFormat[@type="([^"]*+)"]/pattern[@type="([^"]*+)"]	latn
oka	1	0	0	//ldml/numbers/symbols[@numberSystem="([^"]*+)"]/decimal	latn
oka	1	0	0	//ldml/numbers/symbols[@numberSystem="([^"]*+)"]/group	latn
oka	1	0	0	//ldml/numbers/symbols[@numberSystem="([^"]*+)"]/minusSign	latn
oka	1	0	0	//ldml/numbers/symbols[@numberSystem="([^"]*+)"]/percentSign	latn
oka	1	0	0	//ldml/numbers/symbols[@numberSystem="([^"]*+)"]/plusSign	latn
oka	68	0	0	Totals	
					
os	6	0	0	//ldml/dates/calendars/calendar[@type="([^"]*+)"]/dateTimeFormats/availableFormats/dateFormatItem[@id="([^"]*+)"]	gregorian, Hmsv; gregorian, hmsv; gregorian, yMMMMEd; gregorian, yMMMMd; gregorian, yMMMd; gregorian, yMd
os	1	0	0	//ldml/dates/timeZoneNames/gmtFormat[@alt="([^"]*+)"]	utc
os	2	0	0	//ldml/dates/timeZoneNames/regionFormat[@type="([^"]*+)"]	daylight
os	1	0	0	//ldml/dates/timeZoneNames/zone[@type="([^"]*+)"]/long/standard	Etc/UTC
os	1	0	0	//ldml/dates/timeZoneNames/zone[@type="([^"]*+)"]/short/standard	Etc/UTC
os	11	0	0	Totals	
					
osa	10	0	0	//ldml/dates/calendars/calendar[@type="([^"]*+)"]/dateTimeFormats/availableFormats/dateFormatItem[@id="([^"]*+)"]	gregorian, Hm; gregorian, Hms; gregorian, Hmsv; gregorian, hm; gregorian, hms; gregorian, hmsv; gregorian, yMMMMEd; gregorian, yMMMMd; gregorian, yMMMd; gregorian, yMd
osa	1	0	0	//ldml/dates/calendars/calendar[@type="([^"]*+)"]/dateTimeFormats/intervalFormats/intervalFormatFallback	gregorian
osa	2	0	0	//ldml/dates/calendars/calendar[@type="([^"]*+)"]/dayPeriods/dayPeriodContext[@type="([^"]*+)"]/dayPeriodWidth[@type="([^"]*+)"]/dayPeriod[@type="([^"]*+)"]	gregorian, format, wide, am; gregorian, format, wide, pm
osa	1	0	0	//ldml/dates/timeZoneNames/fallbackFormat	
osa	1	0	0	//ldml/dates/timeZoneNames/gmtFormat	
osa	1	0	0	//ldml/dates/timeZoneNames/gmtFormat[@alt="([^"]*+)"]	utc
osa	1	0	0	//ldml/dates/timeZoneNames/hourFormat	
osa	1	0	0	//ldml/dates/timeZoneNames/metazone[@type="([^"]*+)"]/long/standard	GMT
osa	1	0	0	//ldml/dates/timeZoneNames/regionFormat	
osa	2	0	0	//ldml/dates/timeZoneNames/regionFormat[@type="([^"]*+)"]	daylight
osa	1	0	0	//ldml/dates/timeZoneNames/zone[@type="([^"]*+)"]/long/standard	Etc/UTC
osa	1	0	0	//ldml/dates/timeZoneNames/zone[@type="([^"]*+)"]/short/standard	Etc/UTC
osa	1	0	0	//ldml/delimiters/alternateQuotationEnd	
osa	1	0	0	//ldml/delimiters/alternateQuotationStart	
osa	1	0	0	//ldml/delimiters/quotationEnd	
osa	1	0	0	//ldml/delimiters/quotationStart	
osa	3	0	0	//ldml/localeDisplayNames/codePatterns/codePattern[@type="([^"]*+)"]	language; script; territory
osa	1	0	0	//ldml/localeDisplayNames/languages/language[@type="([^"]*+)"]	en
osa	1	0	0	//ldml/localeDisplayNames/localeDisplayPattern/localePattern	
osa	1	0	0	//ldml/localeDisplayNames/localeDisplayPattern/localeSeparator	
osa	2	0	0	//ldml/localeDisplayNames/measurementSystemNames/measurementSystemName[@type="([^"]*+)"]	UK; metric
osa	1	0	0	//ldml/localeDisplayNames/scripts/script[@type="([^"]*+)"]	Osge
osa	1	0	0	//ldml/numbers/currencyFormats[@numberSystem="([^"]*+)"]/currencyFormatLength/currencyFormat[@type="([^"]*+)"]/pattern[@type="([^"]*+)"]	latn
osa	1	0	0	//ldml/numbers/decimalFormats[@numberSystem="([^"]*+)"]/decimalFormatLength/decimalFormat[@type="([^"]*+)"]/pattern[@type="([^"]*+)"]	latn
osa	1	0	0	//ldml/numbers/percentFormats[@numberSystem="([^"]*+)"]/percentFormatLength/percentFormat[@type="([^"]*+)"]/pattern[@type="([^"]*+)"]	latn
osa	1	0	0	//ldml/numbers/scientificFormats[@numberSystem="([^"]*+)"]/scientificFormatLength/scientificFormat[@type="([^"]*+)"]/pattern[@type="([^"]*+)"]	latn
osa	0	0	1	//ldml/numbers/symbols[@numberSystem="([^"]*+)"]/decimal	latn
osa	0	0	1	//ldml/numbers/symbols[@numberSystem="([^"]*+)"]/group	latn
osa	0	0	1	//ldml/numbers/symbols[@numberSystem="([^"]*+)"]/minusSign	latn
osa	0	0	1	//ldml/numbers/symbols[@numberSystem="([^"]*+)"]/percentSign	latn
osa	0	0	1	//ldml/numbers/symbols[@numberSystem="([^"]*+)"]/plusSign	latn
osa	40	0	5	Totals	
					
pa_Arab	10	0	0	//ldml/dates/calendars/calendar[@type="([^"]*+)"]/dateTimeFormats/availableFormats/dateFormatItem[@id="([^"]*+)"]	gregorian, Hm; gregorian, Hms; gregorian, Hmsv; gregorian, hm; gregorian, hms; gregorian, hmsv; gregorian, yMMMMEd; gregorian, yMMMMd; gregorian, yMMMd; gregorian, yMd
pa_Arab	1	0	0	//ldml/dates/calendars/calendar[@type="([^"]*+)"]/dateTimeFormats/intervalFormats/intervalFormatFallback	gregorian
pa_Arab	2	0	0	//ldml/dates/calendars/calendar[@type="([^"]*+)"]/dayPeriods/dayPeriodContext[@type="([^"]*+)"]/dayPeriodWidth[@type="([^"]*+)"]/dayPeriod[@type="([^"]*+)"]	gregorian, format, wide, am; gregorian, format, wide, pm
pa_Arab	1	0	0	//ldml/dates/timeZoneNames/fallbackFormat	
pa_Arab	1	0	0	//ldml/dates/timeZoneNames/gmtFormat	
pa_Arab	1	0	0	//ldml/dates/timeZoneNames/gmtFormat[@alt="([^"]*+)"]	utc
pa_Arab	1	0	0	//ldml/dates/timeZoneNames/hourFormat	
pa_Arab	1	0	0	//ldml/dates/timeZoneNames/metazone[@type="([^"]*+)"]/long/standard	GMT
pa_Arab	1	0	0	//ldml/dates/timeZoneNames/regionFormat	
pa_Arab	2	0	0	//ldml/dates/timeZoneNames/regionFormat[@type="([^"]*+)"]	daylight
pa_Arab	1	0	0	//ldml/dates/timeZoneNames/zone[@type="([^"]*+)"]/long/standard	Etc/UTC
pa_Arab	1	0	0	//ldml/dates/timeZoneNames/zone[@type="([^"]*+)"]/short/standard	Etc/UTC
pa_Arab	1	0	0	//ldml/delimiters/alternateQuotationEnd	
pa_Arab	1	0	0	//ldml/delimiters/alternateQuotationStart	
pa_Arab	1	0	0	//ldml/delimiters/quotationEnd	
pa_Arab	1	0	0	//ldml/delimiters/quotationStart	
pa_Arab	3	0	0	//ldml/localeDisplayNames/codePatterns/codePattern[@type="([^"]*+)"]	language; script; territory
pa_Arab	1	0	0	//ldml/localeDisplayNames/languages/language[@type="([^"]*+)"]	en
pa_Arab	1	0	0	//ldml/localeDisplayNames/localeDisplayPattern/localePattern	
pa_Arab	1	0	0	//ldml/localeDisplayNames/localeDisplayPattern/localeSeparator	
pa_Arab	3	0	0	//ldml/localeDisplayNames/measurementSystemNames/measurementSystemName[@type="([^"]*+)"]	UK; US; metric
pa_Arab	1	0	0	//ldml/localeDisplayNames/territories/territory[@type="([^"]*+)"]	IN
pa_Arab	3	0	0	//ldml/numbers/currencyFormats[@numberSystem="([^"]*+)"]/currencyFormatLength/currencyFormat[@type="([^"]*+)"]/pattern[@type="([^"]*+)"]	arab; arabext; latn
pa_Arab	3	0	0	//ldml/numbers/decimalFormats[@numberSystem="([^"]*+)"]/decimalFormatLength/decimalFormat[@type="([^"]*+)"]/pattern[@type="([^"]*+)"]	arab; arabext; latn
pa_Arab	3	0	0	//ldml/numbers/percentFormats[@numberSystem="([^"]*+)"]/percentFormatLength/percentFormat[@type="([^"]*+)"]/pattern[@type="([^"]*+)"]	arab; arabext; latn
pa_Arab	3	0	0	//ldml/numbers/scientificFormats[@numberSystem="([^"]*+)"]/scientificFormatLength/scientificFormat[@type="([^"]*+)"]/pattern[@type="([^"]*+)"]	arab; arabext; latn
pa_Arab	3	0	0	//ldml/numbers/symbols[@numberSystem="([^"]*+)"]/decimal	arab; arabext; latn
pa_Arab	3	0	0	//ldml/numbers/symbols[@numberSystem="([^"]*+)"]/group	arab; arabext; latn
pa_Arab	2	0	0	//ldml/numbers/symbols[@numberSystem="([^"]*+)"]/minusSign	arab; arabext
pa_Arab	3	0	0	//ldml/numbers/symbols[@numberSystem="([^"]*+)"]/percentSign	arab; arabext; latn
pa_Arab	2	0	0	//ldml/numbers/symbols[@numberSystem="([^"]*+)"]/plusSign	arab; arabext
pa_Arab	62	0	0	Totals	
					
pap	2	0	8	//ldml/dates/calendars/calendar[@type="([^"]*+)"]/dateTimeFormats/availableFormats/dateFormatItem[@id="([^"]*+)"]	gregorian, Hm; gregorian, Hms; gregorian, Hmsv; gregorian, hm; gregorian, hms; gregorian, hmsv; gregorian, yMMMMEd; gregorian, yMMMMd; gregorian, yMMMd; gregorian, yMd
pap	0	0	1	//ldml/dates/calendars/calendar[@type="([^"]*+)"]/dateTimeFormats/intervalFormats/intervalFormatFallback	gregorian
pap	0	0	2	//ldml/dates/calendars/calendar[@type="([^"]*+)"]/dayPeriods/dayPeriodContext[@type="([^"]*+)"]/dayPeriodWidth[@type="([^"]*+)"]/dayPeriod[@type="([^"]*+)"]	gregorian, format, wide, am; gregorian, format, wide, pm
pap	0	0	1	//ldml/dates/timeZoneNames/fallbackFormat	
pap	0	0	1	//ldml/dates/timeZoneNames/gmtFormat	
pap	1	0	0	//ldml/dates/timeZoneNames/gmtFormat[@alt="([^"]*+)"]	utc
pap	0	0	1	//ldml/dates/timeZoneNames/hourFormat	
pap	0	0	1	//ldml/dates/timeZoneNames/metazone[@type="([^"]*+)"]/long/standard	GMT
pap	0	0	1	//ldml/dates/timeZoneNames/regionFormat	
pap	0	0	2	//ldml/dates/timeZoneNames/regionFormat[@type="([^"]*+)"]	daylight
pap	1	0	0	//ldml/dates/timeZoneNames/zone[@type="([^"]*+)"]/long/standard	Etc/UTC
pap	1	0	0	//ldml/dates/timeZoneNames/zone[@type="([^"]*+)"]/short/standard	Etc/UTC
pap	0	0	1	//ldml/delimiters/alternateQuotationEnd	
pap	0	0	1	//ldml/delimiters/alternateQuotationStart	
pap	0	0	1	//ldml/delimiters/quotationEnd	
pap	0	0	1	//ldml/delimiters/quotationStart	
pap	0	0	3	//ldml/localeDisplayNames/codePatterns/codePattern[@type="([^"]*+)"]	language; script; territory
pap	0	0	1	//ldml/localeDisplayNames/languages/language[@type="([^"]*+)"]	en
pap	0	0	1	//ldml/localeDisplayNames/localeDisplayPattern/localePattern	
pap	0	0	1	//ldml/localeDisplayNames/localeDisplayPattern/localeSeparator	
pap	0	0	3	//ldml/localeDisplayNames/measurementSystemNames/measurementSystemName[@type="([^"]*+)"]	UK; US; metric
pap	0	0	1	//ldml/localeDisplayNames/scripts/script[@type="([^"]*+)"]	Latn
pap	0	0	1	//ldml/localeDisplayNames/territories/territory[@type="([^"]*+)"]	AW
pap	0	0	1	//ldml/numbers/defaultNumberingSystem	
pap	0	0	1	//ldml/numbers/otherNumberingSystems/native	
pap	0	0	1	//ldml/numbers/percentFormats[@numberSystem="([^"]*+)"]/percentFormatLength/percentFormat[@type="([^"]*+)"]/pattern[@type="([^"]*+)"]	latn
pap	0	0	1	//ldml/numbers/scientificFormats[@numberSystem="([^"]*+)"]/scientificFormatLength/scientificFormat[@type="([^"]*+)"]/pattern[@type="([^"]*+)"]	latn
pap	0	0	1	//ldml/numbers/symbols[@numberSystem="([^"]*+)"]/plusSign	latn
pap	5	0	38	Totals	
					
pi	10	0	0	//ldml/dates/calendars/calendar[@type="([^"]*+)"]/dateTimeFormats/availableFormats/dateFormatItem[@id="([^"]*+)"]	gregorian, Hm; gregorian, Hms; gregorian, Hmsv; gregorian, hm; gregorian, hms; gregorian, hmsv; gregorian, yMMMMEd; gregorian, yMMMMd; gregorian, yMMMd; gregorian, yMd
pi	1	0	0	//ldml/dates/calendars/calendar[@type="([^"]*+)"]/dateTimeFormats/intervalFormats/intervalFormatFallback	gregorian
pi	2	0	0	//ldml/dates/calendars/calendar[@type="([^"]*+)"]/dayPeriods/dayPeriodContext[@type="([^"]*+)"]/dayPeriodWidth[@type="([^"]*+)"]/dayPeriod[@type="([^"]*+)"]	gregorian, format, wide, am; gregorian, format, wide, pm
pi	7	0	0	//ldml/dates/calendars/calendar[@type="([^"]*+)"]/days/dayContext[@type="([^"]*+)"]/dayWidth[@type="([^"]*+)"]/day[@type="([^"]*+)"]	gregorian, format, wide, fri; gregorian, format, wide, mon; gregorian, format, wide, sat; gregorian, format, wide, sun; gregorian, format, wide, thu; gregorian, format, wide, tue; gregorian, format, wide, wed
pi	12	0	0	//ldml/dates/calendars/calendar[@type="([^"]*+)"]/months/monthContext[@type="([^"]*+)"]/monthWidth[@type="([^"]*+)"]/month[@type="([^"]*+)"]	gregorian, format, wide, 1; gregorian, format, wide, 10; gregorian, format, wide, 11; gregorian, format, wide, 12; gregorian, format, wide, 2; gregorian, format, wide, 3; gregorian, format, wide, 4; gregorian, format, wide, 5; gregorian, format, wide, 6; gregorian, format, wide, 7; gregorian, format, wide, 8; gregorian, format, wide, 9
pi	1	0	0	//ldml/dates/timeZoneNames/fallbackFormat	
pi	1	0	0	//ldml/dates/timeZoneNames/gmtFormat	
pi	1	0	0	//ldml/dates/timeZoneNames/gmtFormat[@alt="([^"]*+)"]	utc
pi	1	0	0	//ldml/dates/timeZoneNames/hourFormat	
pi	1	0	0	//ldml/dates/timeZoneNames/metazone[@type="([^"]*+)"]/long/standard	GMT
pi	1	0	0	//ldml/dates/timeZoneNames/regionFormat	
pi	2	0	0	//ldml/dates/timeZoneNames/regionFormat[@type="([^"]*+)"]	daylight
pi	1	0	0	//ldml/dates/timeZoneNames/zone[@type="([^"]*+)"]/long/standard	Etc/UTC
pi	1	0	0	//ldml/dates/timeZoneNames/zone[@type="([^"]*+)"]/short/standard	Etc/UTC
pi	1	0	0	//ldml/delimiters/alternateQuotationEnd	
pi	1	0	0	//ldml/delimiters/alternateQuotationStart	
pi	1	0	0	//ldml/delimiters/quotationEnd	
pi	1	0	0	//ldml/delimiters/quotationStart	
pi	3	0	0	//ldml/localeDisplayNames/codePatterns/codePattern[@type="([^"]*+)"]	language; script; territory
pi	3	0	0	//ldml/localeDisplayNames/languages/language[@type="([^"]*+)"]	en; pi
pi	1	0	0	//ldml/localeDisplayNames/localeDisplayPattern/localePattern	
pi	1	0	0	//ldml/localeDisplayNames/localeDisplayPattern/localeSeparator	
pi	3	0	0	//ldml/localeDisplayNames/measurementSystemNames/measurementSystemName[@type="([^"]*+)"]	UK; US; metric
pi	1	0	0	//ldml/localeDisplayNames/scripts/script[@type="([^"]*+)"]	Latn
pi	2	0	0	//ldml/localeDisplayNames/territories/territory[@type="([^"]*+)"]	GB
pi	1	0	0	//ldml/numbers/currencyFormats[@numberSystem="([^"]*+)"]/currencyFormatLength/currencyFormat[@type="([^"]*+)"]/pattern[@type="([^"]*+)"]	latn
pi	1	0	0	//ldml/numbers/decimalFormats[@numberSystem="([^"]*+)"]/decimalFormatLength/decimalFormat[@type="([^"]*+)"]/pattern[@type="([^"]*+)"]	latn
pi	1	0	0	//ldml/numbers/percentFormats[@numberSystem="([^"]*+)"]/percentFormatLength/percentFormat[@type="([^"]*+)"]/pattern[@type="([^"]*+)"]	latn
pi	1	0	0	//ldml/numbers/scientificFormats[@numberSystem="([^"]*+)"]/scientificFormatLength/scientificFormat[@type="([^"]*+)"]/pattern[@type="([^"]*+)"]	latn
pi	1	0	0	//ldml/numbers/symbols[@numberSystem="([^"]*+)"]/decimal	latn
pi	1	0	0	//ldml/numbers/symbols[@numberSystem="([^"]*+)"]/group	latn
pi	1	0	0	//ldml/numbers/symbols[@numberSystem="([^"]*+)"]/minusSign	latn
pi	1	0	0	//ldml/numbers/symbols[@numberSystem="([^"]*+)"]/percentSign	latn
pi	1	0	0	//ldml/numbers/symbols[@numberSystem="([^"]*+)"]/plusSign	latn
pi	69	0	0	Totals	
					
pis	10	0	0	//ldml/dates/calendars/calendar[@type="([^"]*+)"]/dateTimeFormats/availableFormats/dateFormatItem[@id="([^"]*+)"]	gregorian, Hm; gregorian, Hms; gregorian, Hmsv; gregorian, hm; gregorian, hms; gregorian, hmsv; gregorian, yMMMMEd; gregorian, yMMMMd; gregorian, yMMMd; gregorian, yMd
pis	1	0	0	//ldml/dates/timeZoneNames/gmtFormat[@alt="([^"]*+)"]	utc
pis	1	0	0	//ldml/dates/timeZoneNames/hourFormat	
pis	1	0	0	//ldml/dates/timeZoneNames/zone[@type="([^"]*+)"]/long/standard	Etc/UTC
pis	1	0	0	//ldml/dates/timeZoneNames/zone[@type="([^"]*+)"]/short/standard	Etc/UTC
pis	1	0	0	//ldml/numbers/currencyFormats[@numberSystem="([^"]*+)"]/currencyFormatLength/currencyFormat[@type="([^"]*+)"]/pattern[@type="([^"]*+)"]	latn
pis	1	0	0	//ldml/numbers/percentFormats[@numberSystem="([^"]*+)"]/percentFormatLength/percentFormat[@type="([^"]*+)"]/pattern[@type="([^"]*+)"]	latn
pis	1	0	0	//ldml/numbers/scientificFormats[@numberSystem="([^"]*+)"]/scientificFormatLength/scientificFormat[@type="([^"]*+)"]/pattern[@type="([^"]*+)"]	latn
pis	17	0	0	Totals	
					
pms	2	0	0	//ldml/dates/calendars/calendar[@type="([^"]*+)"]/dateTimeFormats/availableFormats/dateFormatItem[@id="([^"]*+)"]	gregorian, yMMMMEd; gregorian, yMMMMd
pms	1	0	0	//ldml/dates/timeZoneNames/gmtFormat[@alt="([^"]*+)"]	utc
pms	1	0	0	//ldml/dates/timeZoneNames/zone[@type="([^"]*+)"]/long/standard	Etc/UTC
pms	1	0	0	//ldml/dates/timeZoneNames/zone[@type="([^"]*+)"]/short/standard	Etc/UTC
pms	5	0	0	Totals	
					
prg	2	0	0	//ldml/dates/calendars/calendar[@type="([^"]*+)"]/dateTimeFormats/availableFormats/dateFormatItem[@id="([^"]*+)"]	gregorian, yMMMMEd; gregorian, yMMMMd
prg	1	0	0	//ldml/dates/timeZoneNames/gmtFormat[@alt="([^"]*+)"]	utc
prg	1	0	0	//ldml/dates/timeZoneNames/zone[@type="([^"]*+)"]/long/standard	Etc/UTC
prg	1	0	0	//ldml/dates/timeZoneNames/zone[@type="([^"]*+)"]/short/standard	Etc/UTC
prg	0	0	1	//ldml/localeDisplayNames/scripts/script[@type="([^"]*+)"]	Latn
prg	5	0	1	Totals	
					
quc	10	0	0	//ldml/dates/calendars/calendar[@type="([^"]*+)"]/dateTimeFormats/availableFormats/dateFormatItem[@id="([^"]*+)"]	gregorian, Hm; gregorian, Hms; gregorian, Hmsv; gregorian, hm; gregorian, hms; gregorian, hmsv; gregorian, yMMMMEd; gregorian, yMMMMd; gregorian, yMMMd; gregorian, yMd
quc	1	0	0	//ldml/dates/calendars/calendar[@type="([^"]*+)"]/dateTimeFormats/intervalFormats/intervalFormatFallback	gregorian
quc	2	0	0	//ldml/dates/calendars/calendar[@type="([^"]*+)"]/dayPeriods/dayPeriodContext[@type="([^"]*+)"]/dayPeriodWidth[@type="([^"]*+)"]/dayPeriod[@type="([^"]*+)"]	gregorian, format, wide, am; gregorian, format, wide, pm
quc	7	0	0	//ldml/dates/calendars/calendar[@type="([^"]*+)"]/days/dayContext[@type="([^"]*+)"]/dayWidth[@type="([^"]*+)"]/day[@type="([^"]*+)"]	gregorian, format, wide, fri; gregorian, format, wide, mon; gregorian, format, wide, sat; gregorian, format, wide, sun; gregorian, format, wide, thu; gregorian, format, wide, tue; gregorian, format, wide, wed
quc	12	0	0	//ldml/dates/calendars/calendar[@type="([^"]*+)"]/months/monthContext[@type="([^"]*+)"]/monthWidth[@type="([^"]*+)"]/month[@type="([^"]*+)"]	gregorian, format, wide, 1; gregorian, format, wide, 10; gregorian, format, wide, 11; gregorian, format, wide, 12; gregorian, format, wide, 2; gregorian, format, wide, 3; gregorian, format, wide, 4; gregorian, format, wide, 5; gregorian, format, wide, 6; gregorian, format, wide, 7; gregorian, format, wide, 8; gregorian, format, wide, 9
quc	1	0	0	//ldml/dates/timeZoneNames/fallbackFormat	
quc	1	0	0	//ldml/dates/timeZoneNames/gmtFormat	
quc	1	0	0	//ldml/dates/timeZoneNames/gmtFormat[@alt="([^"]*+)"]	utc
quc	1	0	0	//ldml/dates/timeZoneNames/hourFormat	
quc	1	0	0	//ldml/dates/timeZoneNames/metazone[@type="([^"]*+)"]/long/standard	GMT
quc	1	0	0	//ldml/dates/timeZoneNames/regionFormat	
quc	2	0	0	//ldml/dates/timeZoneNames/regionFormat[@type="([^"]*+)"]	daylight
quc	1	0	0	//ldml/dates/timeZoneNames/zone[@type="([^"]*+)"]/long/standard	Etc/UTC
quc	1	0	0	//ldml/dates/timeZoneNames/zone[@type="([^"]*+)"]/short/standard	Etc/UTC
quc	1	0	0	//ldml/delimiters/alternateQuotationEnd	
quc	1	0	0	//ldml/delimiters/alternateQuotationStart	
quc	1	0	0	//ldml/delimiters/quotationEnd	
quc	1	0	0	//ldml/delimiters/quotationStart	
quc	3	0	0	//ldml/localeDisplayNames/codePatterns/codePattern[@type="([^"]*+)"]	language; script; territory
quc	1	0	0	//ldml/localeDisplayNames/languages/language[@type="([^"]*+)"]	en
quc	1	0	0	//ldml/localeDisplayNames/localeDisplayPattern/localePattern	
quc	1	0	0	//ldml/localeDisplayNames/localeDisplayPattern/localeSeparator	
quc	3	0	0	//ldml/localeDisplayNames/measurementSystemNames/measurementSystemName[@type="([^"]*+)"]	UK; US; metric
quc	1	0	0	//ldml/localeDisplayNames/scripts/script[@type="([^"]*+)"]	Latn
quc	2	0	0	//ldml/localeDisplayNames/territories/territory[@type="([^"]*+)"]	GT
quc	1	0	0	//ldml/numbers/currencyFormats[@numberSystem="([^"]*+)"]/currencyFormatLength/currencyFormat[@type="([^"]*+)"]/pattern[@type="([^"]*+)"]	latn
quc	1	0	0	//ldml/numbers/decimalFormats[@numberSystem="([^"]*+)"]/decimalFormatLength/decimalFormat[@type="([^"]*+)"]/pattern[@type="([^"]*+)"]	latn
quc	1	0	0	//ldml/numbers/percentFormats[@numberSystem="([^"]*+)"]/percentFormatLength/percentFormat[@type="([^"]*+)"]/pattern[@type="([^"]*+)"]	latn
quc	1	0	0	//ldml/numbers/scientificFormats[@numberSystem="([^"]*+)"]/scientificFormatLength/scientificFormat[@type="([^"]*+)"]/pattern[@type="([^"]*+)"]	latn
quc	1	0	0	//ldml/numbers/symbols[@numberSystem="([^"]*+)"]/decimal	latn
quc	1	0	0	//ldml/numbers/symbols[@numberSystem="([^"]*+)"]/group	latn
quc	1	0	0	//ldml/numbers/symbols[@numberSystem="([^"]*+)"]/minusSign	latn
quc	1	0	0	//ldml/numbers/symbols[@numberSystem="([^"]*+)"]/percentSign	latn
quc	1	0	0	//ldml/numbers/symbols[@numberSystem="([^"]*+)"]/plusSign	latn
quc	67	0	0	Totals	
					
rhg	10	0	0	//ldml/dates/calendars/calendar[@type="([^"]*+)"]/dateTimeFormats/availableFormats/dateFormatItem[@id="([^"]*+)"]	gregorian, Hm; gregorian, Hms; gregorian, Hmsv; gregorian, hm; gregorian, hms; gregorian, hmsv; gregorian, yMMMMEd; gregorian, yMMMMd; gregorian, yMMMd; gregorian, yMd
rhg	1	0	0	//ldml/dates/calendars/calendar[@type="([^"]*+)"]/dateTimeFormats/intervalFormats/intervalFormatFallback	gregorian
rhg	2	0	0	//ldml/dates/calendars/calendar[@type="([^"]*+)"]/dayPeriods/dayPeriodContext[@type="([^"]*+)"]/dayPeriodWidth[@type="([^"]*+)"]/dayPeriod[@type="([^"]*+)"]	gregorian, format, wide, am; gregorian, format, wide, pm
rhg	7	0	0	//ldml/dates/calendars/calendar[@type="([^"]*+)"]/days/dayContext[@type="([^"]*+)"]/dayWidth[@type="([^"]*+)"]/day[@type="([^"]*+)"]	gregorian, format, wide, fri; gregorian, format, wide, mon; gregorian, format, wide, sat; gregorian, format, wide, sun; gregorian, format, wide, thu; gregorian, format, wide, tue; gregorian, format, wide, wed
rhg	12	0	0	//ldml/dates/calendars/calendar[@type="([^"]*+)"]/months/monthContext[@type="([^"]*+)"]/monthWidth[@type="([^"]*+)"]/month[@type="([^"]*+)"]	gregorian, format, wide, 1; gregorian, format, wide, 10; gregorian, format, wide, 11; gregorian, format, wide, 12; gregorian, format, wide, 2; gregorian, format, wide, 3; gregorian, format, wide, 4; gregorian, format, wide, 5; gregorian, format, wide, 6; gregorian, format, wide, 7; gregorian, format, wide, 8; gregorian, format, wide, 9
rhg	1	0	0	//ldml/dates/timeZoneNames/fallbackFormat	
rhg	1	0	0	//ldml/dates/timeZoneNames/gmtFormat	
rhg	1	0	0	//ldml/dates/timeZoneNames/gmtFormat[@alt="([^"]*+)"]	utc
rhg	1	0	0	//ldml/dates/timeZoneNames/hourFormat	
rhg	1	0	0	//ldml/dates/timeZoneNames/metazone[@type="([^"]*+)"]/long/standard	GMT
rhg	1	0	0	//ldml/dates/timeZoneNames/regionFormat	
rhg	2	0	0	//ldml/dates/timeZoneNames/regionFormat[@type="([^"]*+)"]	daylight
rhg	1	0	0	//ldml/dates/timeZoneNames/zone[@type="([^"]*+)"]/long/standard	Etc/UTC
rhg	1	0	0	//ldml/dates/timeZoneNames/zone[@type="([^"]*+)"]/short/standard	Etc/UTC
rhg	1	0	0	//ldml/localeDisplayNames/languages/language[@type="([^"]*+)"]	en
rhg	3	0	0	//ldml/localeDisplayNames/measurementSystemNames/measurementSystemName[@type="([^"]*+)"]	UK; US; metric
rhg	1	0	0	//ldml/localeDisplayNames/scripts/script[@type="([^"]*+)"]	Rohg
rhg	3	0	0	//ldml/localeDisplayNames/territories/territory[@type="([^"]*+)"]	BD; MM
rhg	1	0	0	//ldml/numbers/currencyFormats[@numberSystem="([^"]*+)"]/currencyFormatLength/currencyFormat[@type="([^"]*+)"]/pattern[@type="([^"]*+)"]	latn
rhg	1	0	0	//ldml/numbers/decimalFormats[@numberSystem="([^"]*+)"]/decimalFormatLength/decimalFormat[@type="([^"]*+)"]/pattern[@type="([^"]*+)"]	latn
rhg	1	0	0	//ldml/numbers/percentFormats[@numberSystem="([^"]*+)"]/percentFormatLength/percentFormat[@type="([^"]*+)"]/pattern[@type="([^"]*+)"]	latn
rhg	1	0	0	//ldml/numbers/scientificFormats[@numberSystem="([^"]*+)"]/scientificFormatLength/scientificFormat[@type="([^"]*+)"]/pattern[@type="([^"]*+)"]	latn
rhg	1	0	0	//ldml/numbers/symbols[@numberSystem="([^"]*+)"]/decimal	latn
rhg	1	0	0	//ldml/numbers/symbols[@numberSystem="([^"]*+)"]/group	latn
rhg	1	0	0	//ldml/numbers/symbols[@numberSystem="([^"]*+)"]/minusSign	latn
rhg	1	0	0	//ldml/numbers/symbols[@numberSystem="([^"]*+)"]/percentSign	latn
rhg	1	0	0	//ldml/numbers/symbols[@numberSystem="([^"]*+)"]/plusSign	latn
rhg	59	0	0	Totals	
					
rif	2	0	8	//ldml/dates/calendars/calendar[@type="([^"]*+)"]/dateTimeFormats/availableFormats/dateFormatItem[@id="([^"]*+)"]	gregorian, Hm; gregorian, Hms; gregorian, Hmsv; gregorian, hm; gregorian, hms; gregorian, hmsv; gregorian, yMMMMEd; gregorian, yMMMMd; gregorian, yMMMd; gregorian, yMd
rif	0	0	1	//ldml/dates/calendars/calendar[@type="([^"]*+)"]/dateTimeFormats/intervalFormats/intervalFormatFallback	gregorian
rif	0	0	2	//ldml/dates/calendars/calendar[@type="([^"]*+)"]/dayPeriods/dayPeriodContext[@type="([^"]*+)"]/dayPeriodWidth[@type="([^"]*+)"]/dayPeriod[@type="([^"]*+)"]	gregorian, format, wide, am; gregorian, format, wide, pm
rif	0	0	7	//ldml/dates/calendars/calendar[@type="([^"]*+)"]/days/dayContext[@type="([^"]*+)"]/dayWidth[@type="([^"]*+)"]/day[@type="([^"]*+)"]	gregorian, format, wide, fri; gregorian, format, wide, mon; gregorian, format, wide, sat; gregorian, format, wide, sun; gregorian, format, wide, thu; gregorian, format, wide, tue; gregorian, format, wide, wed
rif	0	0	12	//ldml/dates/calendars/calendar[@type="([^"]*+)"]/months/monthContext[@type="([^"]*+)"]/monthWidth[@type="([^"]*+)"]/month[@type="([^"]*+)"]	gregorian, format, wide, 1; gregorian, format, wide, 10; gregorian, format, wide, 11; gregorian, format, wide, 12; gregorian, format, wide, 2; gregorian, format, wide, 3; gregorian, format, wide, 4; gregorian, format, wide, 5; gregorian, format, wide, 6; gregorian, format, wide, 7; gregorian, format, wide, 8; gregorian, format, wide, 9
rif	0	0	1	//ldml/dates/timeZoneNames/fallbackFormat	
rif	0	0	1	//ldml/dates/timeZoneNames/gmtFormat	
rif	1	0	0	//ldml/dates/timeZoneNames/gmtFormat[@alt="([^"]*+)"]	utc
rif	0	0	1	//ldml/dates/timeZoneNames/hourFormat	
rif	0	0	1	//ldml/dates/timeZoneNames/metazone[@type="([^"]*+)"]/long/standard	GMT
rif	0	0	1	//ldml/dates/timeZoneNames/regionFormat	
rif	0	0	2	//ldml/dates/timeZoneNames/regionFormat[@type="([^"]*+)"]	daylight
rif	0	0	1	//ldml/dates/timeZoneNames/zone[@type="([^"]*+)"]/long/standard	Etc/UTC
rif	1	0	0	//ldml/dates/timeZoneNames/zone[@type="([^"]*+)"]/short/standard	Etc/UTC
rif	0	0	1	//ldml/delimiters/alternateQuotationEnd	
rif	0	0	1	//ldml/delimiters/alternateQuotationStart	
rif	0	0	1	//ldml/delimiters/quotationEnd	
rif	0	0	1	//ldml/delimiters/quotationStart	
rif	0	0	3	//ldml/localeDisplayNames/codePatterns/codePattern[@type="([^"]*+)"]	language; script; territory
rif	0	0	1	//ldml/localeDisplayNames/languages/language[@type="([^"]*+)"]	en
rif	0	0	1	//ldml/localeDisplayNames/localeDisplayPattern/localePattern	
rif	0	0	1	//ldml/localeDisplayNames/localeDisplayPattern/localeSeparator	
rif	0	0	3	//ldml/localeDisplayNames/measurementSystemNames/measurementSystemName[@type="([^"]*+)"]	UK; US; metric
rif	0	0	2	//ldml/localeDisplayNames/scripts/script[@type="([^"]*+)"]	Latn; Tfng
rif	0	0	1	//ldml/localeDisplayNames/territories/territory[@type="([^"]*+)"]	MA
rif	0	0	1	//ldml/numbers/currencyFormats[@numberSystem="([^"]*+)"]/currencyFormatLength/currencyFormat[@type="([^"]*+)"]/pattern[@type="([^"]*+)"]	latn
rif	0	0	1	//ldml/numbers/decimalFormats[@numberSystem="([^"]*+)"]/decimalFormatLength/decimalFormat[@type="([^"]*+)"]/pattern[@type="([^"]*+)"]	latn
rif	0	0	1	//ldml/numbers/defaultNumberingSystem	
rif	0	0	1	//ldml/numbers/otherNumberingSystems/native	
rif	0	0	1	//ldml/numbers/percentFormats[@numberSystem="([^"]*+)"]/percentFormatLength/percentFormat[@type="([^"]*+)"]/pattern[@type="([^"]*+)"]	latn
rif	0	0	1	//ldml/numbers/scientificFormats[@numberSystem="([^"]*+)"]/scientificFormatLength/scientificFormat[@type="([^"]*+)"]/pattern[@type="([^"]*+)"]	latn
rif	0	0	1	//ldml/numbers/symbols[@numberSystem="([^"]*+)"]/decimal	latn
rif	0	0	1	//ldml/numbers/symbols[@numberSystem="([^"]*+)"]/group	latn
rif	0	0	1	//ldml/numbers/symbols[@numberSystem="([^"]*+)"]/minusSign	latn
rif	0	0	1	//ldml/numbers/symbols[@numberSystem="([^"]*+)"]/percentSign	latn
rif	0	0	1	//ldml/numbers/symbols[@numberSystem="([^"]*+)"]/plusSign	latn
rif	4	0	65	Totals	
					
rm	1	0	0	//ldml/dates/timeZoneNames/gmtFormat[@alt="([^"]*+)"]	utc
rm	1	0	0	//ldml/dates/timeZoneNames/zone[@type="([^"]*+)"]/short/standard	Etc/UTC
rm	2	0	0	Totals	
					
rn	4	0	0	//ldml/dates/calendars/calendar[@type="([^"]*+)"]/dateTimeFormats/availableFormats/dateFormatItem[@id="([^"]*+)"]	gregorian, Hmsv; gregorian, hmsv; gregorian, yMMMMEd; gregorian, yMMMMd
rn	1	0	0	//ldml/dates/calendars/calendar[@type="([^"]*+)"]/dateTimeFormats/intervalFormats/intervalFormatFallback	gregorian
rn	1	0	0	//ldml/dates/timeZoneNames/fallbackFormat	
rn	1	0	0	//ldml/dates/timeZoneNames/gmtFormat	
rn	1	0	0	//ldml/dates/timeZoneNames/gmtFormat[@alt="([^"]*+)"]	utc
rn	1	0	0	//ldml/dates/timeZoneNames/hourFormat	
rn	1	0	0	//ldml/dates/timeZoneNames/metazone[@type="([^"]*+)"]/long/standard	GMT
rn	1	0	0	//ldml/dates/timeZoneNames/regionFormat	
rn	2	0	0	//ldml/dates/timeZoneNames/regionFormat[@type="([^"]*+)"]	daylight
rn	1	0	0	//ldml/dates/timeZoneNames/zone[@type="([^"]*+)"]/long/standard	Etc/UTC
rn	1	0	0	//ldml/dates/timeZoneNames/zone[@type="([^"]*+)"]/short/standard	Etc/UTC
rn	3	0	0	//ldml/localeDisplayNames/codePatterns/codePattern[@type="([^"]*+)"]	language; script; territory
rn	1	0	0	//ldml/localeDisplayNames/localeDisplayPattern/localePattern	
rn	1	0	0	//ldml/localeDisplayNames/localeDisplayPattern/localeSeparator	
rn	3	0	0	//ldml/localeDisplayNames/measurementSystemNames/measurementSystemName[@type="([^"]*+)"]	UK; US; metric
rn	1	0	0	//ldml/localeDisplayNames/scripts/script[@type="([^"]*+)"]	Latn
rn	1	0	0	//ldml/numbers/scientificFormats[@numberSystem="([^"]*+)"]/scientificFormatLength/scientificFormat[@type="([^"]*+)"]/pattern[@type="([^"]*+)"]	latn
rn	1	0	0	//ldml/numbers/symbols[@numberSystem="([^"]*+)"]/minusSign	latn
rn	1	0	0	//ldml/numbers/symbols[@numberSystem="([^"]*+)"]/percentSign	latn
rn	1	0	0	//ldml/numbers/symbols[@numberSystem="([^"]*+)"]/plusSign	latn
rn	28	0	0	Totals	
					
rof	7	0	0	//ldml/dates/calendars/calendar[@type="([^"]*+)"]/dateTimeFormats/availableFormats/dateFormatItem[@id="([^"]*+)"]	gregorian, Hmsv; gregorian, hms; gregorian, hmsv; gregorian, yMMMMEd; gregorian, yMMMMd; gregorian, yMMMd; gregorian, yMd
rof	1	0	0	//ldml/dates/calendars/calendar[@type="([^"]*+)"]/dateTimeFormats/intervalFormats/intervalFormatFallback	gregorian
rof	1	0	0	//ldml/dates/timeZoneNames/fallbackFormat	
rof	1	0	0	//ldml/dates/timeZoneNames/gmtFormat	
rof	1	0	0	//ldml/dates/timeZoneNames/gmtFormat[@alt="([^"]*+)"]	utc
rof	1	0	0	//ldml/dates/timeZoneNames/hourFormat	
rof	1	0	0	//ldml/dates/timeZoneNames/metazone[@type="([^"]*+)"]/long/standard	GMT
rof	1	0	0	//ldml/dates/timeZoneNames/regionFormat	
rof	2	0	0	//ldml/dates/timeZoneNames/regionFormat[@type="([^"]*+)"]	daylight
rof	1	0	0	//ldml/dates/timeZoneNames/zone[@type="([^"]*+)"]/long/standard	Etc/UTC
rof	1	0	0	//ldml/dates/timeZoneNames/zone[@type="([^"]*+)"]/short/standard	Etc/UTC
rof	3	0	0	//ldml/localeDisplayNames/codePatterns/codePattern[@type="([^"]*+)"]	language; script; territory
rof	1	0	0	//ldml/localeDisplayNames/localeDisplayPattern/localePattern	
rof	1	0	0	//ldml/localeDisplayNames/localeDisplayPattern/localeSeparator	
rof	3	0	0	//ldml/localeDisplayNames/measurementSystemNames/measurementSystemName[@type="([^"]*+)"]	UK; US; metric
rof	1	0	0	//ldml/localeDisplayNames/scripts/script[@type="([^"]*+)"]	Latn
rof	1	0	0	//ldml/numbers/decimalFormats[@numberSystem="([^"]*+)"]/decimalFormatLength/decimalFormat[@type="([^"]*+)"]/pattern[@type="([^"]*+)"]	latn
rof	1	0	0	//ldml/numbers/percentFormats[@numberSystem="([^"]*+)"]/percentFormatLength/percentFormat[@type="([^"]*+)"]/pattern[@type="([^"]*+)"]	latn
rof	1	0	0	//ldml/numbers/scientificFormats[@numberSystem="([^"]*+)"]/scientificFormatLength/scientificFormat[@type="([^"]*+)"]/pattern[@type="([^"]*+)"]	latn
rof	1	0	0	//ldml/numbers/symbols[@numberSystem="([^"]*+)"]/decimal	latn
rof	1	0	0	//ldml/numbers/symbols[@numberSystem="([^"]*+)"]/group	latn
rof	1	0	0	//ldml/numbers/symbols[@numberSystem="([^"]*+)"]/minusSign	latn
rof	1	0	0	//ldml/numbers/symbols[@numberSystem="([^"]*+)"]/percentSign	latn
rof	1	0	0	//ldml/numbers/symbols[@numberSystem="([^"]*+)"]/plusSign	latn
rof	35	0	0	Totals	
					
rwk	7	0	0	//ldml/dates/calendars/calendar[@type="([^"]*+)"]/dateTimeFormats/availableFormats/dateFormatItem[@id="([^"]*+)"]	gregorian, Hmsv; gregorian, hms; gregorian, hmsv; gregorian, yMMMMEd; gregorian, yMMMMd; gregorian, yMMMd; gregorian, yMd
rwk	1	0	0	//ldml/dates/calendars/calendar[@type="([^"]*+)"]/dateTimeFormats/intervalFormats/intervalFormatFallback	gregorian
rwk	1	0	0	//ldml/dates/timeZoneNames/fallbackFormat	
rwk	1	0	0	//ldml/dates/timeZoneNames/gmtFormat	
rwk	1	0	0	//ldml/dates/timeZoneNames/gmtFormat[@alt="([^"]*+)"]	utc
rwk	1	0	0	//ldml/dates/timeZoneNames/hourFormat	
rwk	1	0	0	//ldml/dates/timeZoneNames/metazone[@type="([^"]*+)"]/long/standard	GMT
rwk	1	0	0	//ldml/dates/timeZoneNames/regionFormat	
rwk	2	0	0	//ldml/dates/timeZoneNames/regionFormat[@type="([^"]*+)"]	daylight
rwk	1	0	0	//ldml/dates/timeZoneNames/zone[@type="([^"]*+)"]/long/standard	Etc/UTC
rwk	1	0	0	//ldml/dates/timeZoneNames/zone[@type="([^"]*+)"]/short/standard	Etc/UTC
rwk	3	0	0	//ldml/localeDisplayNames/codePatterns/codePattern[@type="([^"]*+)"]	language; script; territory
rwk	1	0	0	//ldml/localeDisplayNames/localeDisplayPattern/localePattern	
rwk	1	0	0	//ldml/localeDisplayNames/localeDisplayPattern/localeSeparator	
rwk	3	0	0	//ldml/localeDisplayNames/measurementSystemNames/measurementSystemName[@type="([^"]*+)"]	UK; US; metric
rwk	1	0	0	//ldml/localeDisplayNames/scripts/script[@type="([^"]*+)"]	Latn
rwk	1	0	0	//ldml/numbers/decimalFormats[@numberSystem="([^"]*+)"]/decimalFormatLength/decimalFormat[@type="([^"]*+)"]/pattern[@type="([^"]*+)"]	latn
rwk	1	0	0	//ldml/numbers/percentFormats[@numberSystem="([^"]*+)"]/percentFormatLength/percentFormat[@type="([^"]*+)"]/pattern[@type="([^"]*+)"]	latn
rwk	1	0	0	//ldml/numbers/scientificFormats[@numberSystem="([^"]*+)"]/scientificFormatLength/scientificFormat[@type="([^"]*+)"]/pattern[@type="([^"]*+)"]	latn
rwk	1	0	0	//ldml/numbers/symbols[@numberSystem="([^"]*+)"]/decimal	latn
rwk	1	0	0	//ldml/numbers/symbols[@numberSystem="([^"]*+)"]/group	latn
rwk	1	0	0	//ldml/numbers/symbols[@numberSystem="([^"]*+)"]/minusSign	latn
rwk	1	0	0	//ldml/numbers/symbols[@numberSystem="([^"]*+)"]/percentSign	latn
rwk	1	0	0	//ldml/numbers/symbols[@numberSystem="([^"]*+)"]/plusSign	latn
rwk	35	0	0	Totals	
					
sah	2	0	0	//ldml/dates/calendars/calendar[@type="([^"]*+)"]/dateTimeFormats/availableFormats/dateFormatItem[@id="([^"]*+)"]	gregorian, yMMMMEd; gregorian, yMMMMd
sah	1	0	0	//ldml/dates/timeZoneNames/gmtFormat[@alt="([^"]*+)"]	utc
sah	1	0	0	//ldml/dates/timeZoneNames/zone[@type="([^"]*+)"]/long/standard	Etc/UTC
sah	1	0	0	//ldml/dates/timeZoneNames/zone[@type="([^"]*+)"]/short/standard	Etc/UTC
sah	5	0	0	Totals	
					
saq	7	0	0	//ldml/dates/calendars/calendar[@type="([^"]*+)"]/dateTimeFormats/availableFormats/dateFormatItem[@id="([^"]*+)"]	gregorian, Hmsv; gregorian, hms; gregorian, hmsv; gregorian, yMMMMEd; gregorian, yMMMMd; gregorian, yMMMd; gregorian, yMd
saq	1	0	0	//ldml/dates/calendars/calendar[@type="([^"]*+)"]/dateTimeFormats/intervalFormats/intervalFormatFallback	gregorian
saq	1	0	0	//ldml/dates/timeZoneNames/fallbackFormat	
saq	1	0	0	//ldml/dates/timeZoneNames/gmtFormat	
saq	1	0	0	//ldml/dates/timeZoneNames/gmtFormat[@alt="([^"]*+)"]	utc
saq	1	0	0	//ldml/dates/timeZoneNames/hourFormat	
saq	1	0	0	//ldml/dates/timeZoneNames/metazone[@type="([^"]*+)"]/long/standard	GMT
saq	1	0	0	//ldml/dates/timeZoneNames/regionFormat	
saq	2	0	0	//ldml/dates/timeZoneNames/regionFormat[@type="([^"]*+)"]	daylight
saq	1	0	0	//ldml/dates/timeZoneNames/zone[@type="([^"]*+)"]/long/standard	Etc/UTC
saq	1	0	0	//ldml/dates/timeZoneNames/zone[@type="([^"]*+)"]/short/standard	Etc/UTC
saq	3	0	0	//ldml/localeDisplayNames/codePatterns/codePattern[@type="([^"]*+)"]	language; script; territory
saq	1	0	0	//ldml/localeDisplayNames/localeDisplayPattern/localePattern	
saq	1	0	0	//ldml/localeDisplayNames/localeDisplayPattern/localeSeparator	
saq	3	0	0	//ldml/localeDisplayNames/measurementSystemNames/measurementSystemName[@type="([^"]*+)"]	UK; US; metric
saq	1	0	0	//ldml/localeDisplayNames/scripts/script[@type="([^"]*+)"]	Latn
saq	1	0	0	//ldml/numbers/decimalFormats[@numberSystem="([^"]*+)"]/decimalFormatLength/decimalFormat[@type="([^"]*+)"]/pattern[@type="([^"]*+)"]	latn
saq	1	0	0	//ldml/numbers/percentFormats[@numberSystem="([^"]*+)"]/percentFormatLength/percentFormat[@type="([^"]*+)"]/pattern[@type="([^"]*+)"]	latn
saq	1	0	0	//ldml/numbers/scientificFormats[@numberSystem="([^"]*+)"]/scientificFormatLength/scientificFormat[@type="([^"]*+)"]/pattern[@type="([^"]*+)"]	latn
saq	1	0	0	//ldml/numbers/symbols[@numberSystem="([^"]*+)"]/decimal	latn
saq	1	0	0	//ldml/numbers/symbols[@numberSystem="([^"]*+)"]/group	latn
saq	1	0	0	//ldml/numbers/symbols[@numberSystem="([^"]*+)"]/minusSign	latn
saq	1	0	0	//ldml/numbers/symbols[@numberSystem="([^"]*+)"]/percentSign	latn
saq	1	0	0	//ldml/numbers/symbols[@numberSystem="([^"]*+)"]/plusSign	latn
saq	35	0	0	Totals	
					
sat_Deva	10	0	0	//ldml/dates/calendars/calendar[@type="([^"]*+)"]/dateTimeFormats/availableFormats/dateFormatItem[@id="([^"]*+)"]	gregorian, Hm; gregorian, Hms; gregorian, Hmsv; gregorian, hm; gregorian, hms; gregorian, hmsv; gregorian, yMMMMEd; gregorian, yMMMMd; gregorian, yMMMd; gregorian, yMd
sat_Deva	1	0	0	//ldml/dates/calendars/calendar[@type="([^"]*+)"]/dateTimeFormats/intervalFormats/intervalFormatFallback	gregorian
sat_Deva	2	0	0	//ldml/dates/calendars/calendar[@type="([^"]*+)"]/dayPeriods/dayPeriodContext[@type="([^"]*+)"]/dayPeriodWidth[@type="([^"]*+)"]/dayPeriod[@type="([^"]*+)"]	gregorian, format, wide, am; gregorian, format, wide, pm
sat_Deva	7	0	0	//ldml/dates/calendars/calendar[@type="([^"]*+)"]/days/dayContext[@type="([^"]*+)"]/dayWidth[@type="([^"]*+)"]/day[@type="([^"]*+)"]	gregorian, format, wide, fri; gregorian, format, wide, mon; gregorian, format, wide, sat; gregorian, format, wide, sun; gregorian, format, wide, thu; gregorian, format, wide, tue; gregorian, format, wide, wed
sat_Deva	12	0	0	//ldml/dates/calendars/calendar[@type="([^"]*+)"]/months/monthContext[@type="([^"]*+)"]/monthWidth[@type="([^"]*+)"]/month[@type="([^"]*+)"]	gregorian, format, wide, 1; gregorian, format, wide, 10; gregorian, format, wide, 11; gregorian, format, wide, 12; gregorian, format, wide, 2; gregorian, format, wide, 3; gregorian, format, wide, 4; gregorian, format, wide, 5; gregorian, format, wide, 6; gregorian, format, wide, 7; gregorian, format, wide, 8; gregorian, format, wide, 9
sat_Deva	1	0	0	//ldml/dates/timeZoneNames/fallbackFormat	
sat_Deva	1	0	0	//ldml/dates/timeZoneNames/gmtFormat	
sat_Deva	1	0	0	//ldml/dates/timeZoneNames/gmtFormat[@alt="([^"]*+)"]	utc
sat_Deva	1	0	0	//ldml/dates/timeZoneNames/hourFormat	
sat_Deva	1	0	0	//ldml/dates/timeZoneNames/metazone[@type="([^"]*+)"]/long/standard	GMT
sat_Deva	1	0	0	//ldml/dates/timeZoneNames/regionFormat	
sat_Deva	2	0	0	//ldml/dates/timeZoneNames/regionFormat[@type="([^"]*+)"]	daylight
sat_Deva	1	0	0	//ldml/dates/timeZoneNames/zone[@type="([^"]*+)"]/long/standard	Etc/UTC
sat_Deva	1	0	0	//ldml/dates/timeZoneNames/zone[@type="([^"]*+)"]/short/standard	Etc/UTC
sat_Deva	1	0	0	//ldml/delimiters/alternateQuotationEnd	
sat_Deva	1	0	0	//ldml/delimiters/alternateQuotationStart	
sat_Deva	1	0	0	//ldml/delimiters/quotationEnd	
sat_Deva	1	0	0	//ldml/delimiters/quotationStart	
sat_Deva	3	0	0	//ldml/localeDisplayNames/codePatterns/codePattern[@type="([^"]*+)"]	language; script; territory
sat_Deva	1	0	0	//ldml/localeDisplayNames/languages/language[@type="([^"]*+)"]	en
sat_Deva	3	0	0	//ldml/localeDisplayNames/measurementSystemNames/measurementSystemName[@type="([^"]*+)"]	UK; US; metric
sat_Deva	2	0	0	//ldml/localeDisplayNames/territories/territory[@type="([^"]*+)"]	IN
sat_Deva	3	0	0	//ldml/numbers/currencyFormats[@numberSystem="([^"]*+)"]/currencyFormatLength/currencyFormat[@type="([^"]*+)"]/pattern[@type="([^"]*+)"]	deva; latn; olck
sat_Deva	3	0	0	//ldml/numbers/decimalFormats[@numberSystem="([^"]*+)"]/decimalFormatLength/decimalFormat[@type="([^"]*+)"]/pattern[@type="([^"]*+)"]	deva; latn; olck
sat_Deva	3	0	0	//ldml/numbers/percentFormats[@numberSystem="([^"]*+)"]/percentFormatLength/percentFormat[@type="([^"]*+)"]/pattern[@type="([^"]*+)"]	deva; latn; olck
sat_Deva	3	0	0	//ldml/numbers/scientificFormats[@numberSystem="([^"]*+)"]/scientificFormatLength/scientificFormat[@type="([^"]*+)"]/pattern[@type="([^"]*+)"]	deva; latn; olck
sat_Deva	3	0	0	//ldml/numbers/symbols[@numberSystem="([^"]*+)"]/decimal	deva; latn; olck
sat_Deva	3	0	0	//ldml/numbers/symbols[@numberSystem="([^"]*+)"]/group	deva; latn; olck
sat_Deva	3	0	0	//ldml/numbers/symbols[@numberSystem="([^"]*+)"]/minusSign	deva; latn; olck
sat_Deva	3	0	0	//ldml/numbers/symbols[@numberSystem="([^"]*+)"]/percentSign	deva; latn; olck
sat_Deva	3	0	0	//ldml/numbers/symbols[@numberSystem="([^"]*+)"]/plusSign	deva; latn; olck
sat_Deva	82	0	0	Totals	
					
sbp	4	0	0	//ldml/dates/calendars/calendar[@type="([^"]*+)"]/dateTimeFormats/availableFormats/dateFormatItem[@id="([^"]*+)"]	gregorian, Hmsv; gregorian, hmsv; gregorian, yMMMMEd; gregorian, yMMMMd
sbp	1	0	0	//ldml/dates/calendars/calendar[@type="([^"]*+)"]/dateTimeFormats/intervalFormats/intervalFormatFallback	gregorian
sbp	1	0	0	//ldml/dates/timeZoneNames/fallbackFormat	
sbp	1	0	0	//ldml/dates/timeZoneNames/gmtFormat	
sbp	1	0	0	//ldml/dates/timeZoneNames/gmtFormat[@alt="([^"]*+)"]	utc
sbp	1	0	0	//ldml/dates/timeZoneNames/hourFormat	
sbp	1	0	0	//ldml/dates/timeZoneNames/metazone[@type="([^"]*+)"]/long/standard	GMT
sbp	1	0	0	//ldml/dates/timeZoneNames/regionFormat	
sbp	2	0	0	//ldml/dates/timeZoneNames/regionFormat[@type="([^"]*+)"]	daylight
sbp	1	0	0	//ldml/dates/timeZoneNames/zone[@type="([^"]*+)"]/long/standard	Etc/UTC
sbp	1	0	0	//ldml/dates/timeZoneNames/zone[@type="([^"]*+)"]/short/standard	Etc/UTC
sbp	3	0	0	//ldml/localeDisplayNames/codePatterns/codePattern[@type="([^"]*+)"]	language; script; territory
sbp	1	0	0	//ldml/localeDisplayNames/localeDisplayPattern/localePattern	
sbp	1	0	0	//ldml/localeDisplayNames/localeDisplayPattern/localeSeparator	
sbp	3	0	0	//ldml/localeDisplayNames/measurementSystemNames/measurementSystemName[@type="([^"]*+)"]	UK; US; metric
sbp	1	0	0	//ldml/localeDisplayNames/scripts/script[@type="([^"]*+)"]	Latn
sbp	1	0	0	//ldml/numbers/scientificFormats[@numberSystem="([^"]*+)"]/scientificFormatLength/scientificFormat[@type="([^"]*+)"]/pattern[@type="([^"]*+)"]	latn
sbp	1	0	0	//ldml/numbers/symbols[@numberSystem="([^"]*+)"]/minusSign	latn
sbp	1	0	0	//ldml/numbers/symbols[@numberSystem="([^"]*+)"]/percentSign	latn
sbp	1	0	0	//ldml/numbers/symbols[@numberSystem="([^"]*+)"]/plusSign	latn
sbp	28	0	0	Totals	
					
sc	2	0	0	//ldml/dates/calendars/calendar[@type="([^"]*+)"]/dateTimeFormats/availableFormats/dateFormatItem[@id="([^"]*+)"]	gregorian, yMMMMEd; gregorian, yMMMMd
sc	1	0	0	//ldml/dates/timeZoneNames/gmtFormat[@alt="([^"]*+)"]	utc
sc	3	0	0	Totals	
					
scn	2	0	0	//ldml/dates/calendars/calendar[@type="([^"]*+)"]/dateTimeFormats/availableFormats/dateFormatItem[@id="([^"]*+)"]	gregorian, yMMMMEd; gregorian, yMMMMd
scn	1	0	0	//ldml/dates/timeZoneNames/gmtFormat[@alt="([^"]*+)"]	utc
scn	1	0	0	//ldml/dates/timeZoneNames/zone[@type="([^"]*+)"]/short/standard	Etc/UTC
scn	4	0	0	Totals	
					
sdh	10	0	0	//ldml/dates/calendars/calendar[@type="([^"]*+)"]/dateTimeFormats/availableFormats/dateFormatItem[@id="([^"]*+)"]	gregorian, Hm; gregorian, Hms; gregorian, Hmsv; gregorian, hm; gregorian, hms; gregorian, hmsv; gregorian, yMMMMEd; gregorian, yMMMMd; gregorian, yMMMd; gregorian, yMd
sdh	1	0	0	//ldml/dates/calendars/calendar[@type="([^"]*+)"]/dateTimeFormats/intervalFormats/intervalFormatFallback	gregorian
sdh	2	0	0	//ldml/dates/calendars/calendar[@type="([^"]*+)"]/dayPeriods/dayPeriodContext[@type="([^"]*+)"]/dayPeriodWidth[@type="([^"]*+)"]/dayPeriod[@type="([^"]*+)"]	gregorian, format, wide, am; gregorian, format, wide, pm
sdh	7	0	0	//ldml/dates/calendars/calendar[@type="([^"]*+)"]/days/dayContext[@type="([^"]*+)"]/dayWidth[@type="([^"]*+)"]/day[@type="([^"]*+)"]	gregorian, format, wide, fri; gregorian, format, wide, mon; gregorian, format, wide, sat; gregorian, format, wide, sun; gregorian, format, wide, thu; gregorian, format, wide, tue; gregorian, format, wide, wed
sdh	12	0	0	//ldml/dates/calendars/calendar[@type="([^"]*+)"]/months/monthContext[@type="([^"]*+)"]/monthWidth[@type="([^"]*+)"]/month[@type="([^"]*+)"]	gregorian, format, wide, 1; gregorian, format, wide, 10; gregorian, format, wide, 11; gregorian, format, wide, 12; gregorian, format, wide, 2; gregorian, format, wide, 3; gregorian, format, wide, 4; gregorian, format, wide, 5; gregorian, format, wide, 6; gregorian, format, wide, 7; gregorian, format, wide, 8; gregorian, format, wide, 9
sdh	1	0	0	//ldml/dates/timeZoneNames/fallbackFormat	
sdh	1	0	0	//ldml/dates/timeZoneNames/gmtFormat	
sdh	1	0	0	//ldml/dates/timeZoneNames/gmtFormat[@alt="([^"]*+)"]	utc
sdh	1	0	0	//ldml/dates/timeZoneNames/hourFormat	
sdh	1	0	0	//ldml/dates/timeZoneNames/metazone[@type="([^"]*+)"]/long/standard	GMT
sdh	1	0	0	//ldml/dates/timeZoneNames/regionFormat	
sdh	2	0	0	//ldml/dates/timeZoneNames/regionFormat[@type="([^"]*+)"]	daylight
sdh	1	0	0	//ldml/dates/timeZoneNames/zone[@type="([^"]*+)"]/long/standard	Etc/UTC
sdh	1	0	0	//ldml/dates/timeZoneNames/zone[@type="([^"]*+)"]/short/standard	Etc/UTC
sdh	3	0	0	//ldml/localeDisplayNames/codePatterns/codePattern[@type="([^"]*+)"]	language; script; territory
sdh	1	0	0	//ldml/localeDisplayNames/languages/language[@type="([^"]*+)"]	en
sdh	1	0	0	//ldml/localeDisplayNames/localeDisplayPattern/localePattern	
sdh	1	0	0	//ldml/localeDisplayNames/localeDisplayPattern/localeSeparator	
sdh	3	0	0	//ldml/localeDisplayNames/measurementSystemNames/measurementSystemName[@type="([^"]*+)"]	UK; US; metric
sdh	1	0	0	//ldml/localeDisplayNames/scripts/script[@type="([^"]*+)"]	Arab
sdh	3	0	0	//ldml/localeDisplayNames/territories/territory[@type="([^"]*+)"]	IQ; IR
sdh	3	0	0	//ldml/numbers/currencyFormats[@numberSystem="([^"]*+)"]/currencyFormatLength/currencyFormat[@type="([^"]*+)"]/pattern[@type="([^"]*+)"]	arab; arabext; latn
sdh	3	0	0	//ldml/numbers/decimalFormats[@numberSystem="([^"]*+)"]/decimalFormatLength/decimalFormat[@type="([^"]*+)"]/pattern[@type="([^"]*+)"]	arab; arabext; latn
sdh	3	0	0	//ldml/numbers/percentFormats[@numberSystem="([^"]*+)"]/percentFormatLength/percentFormat[@type="([^"]*+)"]/pattern[@type="([^"]*+)"]	arab; arabext; latn
sdh	3	0	0	//ldml/numbers/scientificFormats[@numberSystem="([^"]*+)"]/scientificFormatLength/scientificFormat[@type="([^"]*+)"]/pattern[@type="([^"]*+)"]	arab; arabext; latn
sdh	3	0	0	//ldml/numbers/symbols[@numberSystem="([^"]*+)"]/decimal	arab; arabext; latn
sdh	3	0	0	//ldml/numbers/symbols[@numberSystem="([^"]*+)"]/group	arab; arabext; latn
sdh	3	0	0	//ldml/numbers/symbols[@numberSystem="([^"]*+)"]/minusSign	arab; arabext; latn
sdh	3	0	0	//ldml/numbers/symbols[@numberSystem="([^"]*+)"]/percentSign	arab; arabext; latn
sdh	3	0	0	//ldml/numbers/symbols[@numberSystem="([^"]*+)"]/plusSign	arab; arabext; latn
sdh	82	0	0	Totals	
					
se	2	0	0	//ldml/dates/calendars/calendar[@type="([^"]*+)"]/dateTimeFormats/availableFormats/dateFormatItem[@id="([^"]*+)"]	gregorian, yMMMMEd; gregorian, yMMMMd
se	1	0	0	//ldml/dates/timeZoneNames/gmtFormat[@alt="([^"]*+)"]	utc
se	0	0	2	//ldml/dates/timeZoneNames/regionFormat[@type="([^"]*+)"]	daylight
se	1	0	0	//ldml/dates/timeZoneNames/zone[@type="([^"]*+)"]/long/standard	Etc/UTC
se	1	0	0	//ldml/dates/timeZoneNames/zone[@type="([^"]*+)"]/short/standard	Etc/UTC
se	0	0	1	//ldml/localeDisplayNames/localeDisplayPattern/localePattern	
se	0	0	1	//ldml/localeDisplayNames/localeDisplayPattern/localeSeparator	
se	0	0	1	//ldml/numbers/defaultNumberingSystem	
se	0	0	1	//ldml/numbers/otherNumberingSystems/native	
se	5	0	6	Totals	
					
seh	8	0	0	//ldml/dates/calendars/calendar[@type="([^"]*+)"]/dateTimeFormats/availableFormats/dateFormatItem[@id="([^"]*+)"]	gregorian, Hms; gregorian, Hmsv; gregorian, hm; gregorian, hms; gregorian, hmsv; gregorian, yMMMMEd; gregorian, yMMMMd; gregorian, yMd
seh	1	0	0	//ldml/dates/calendars/calendar[@type="([^"]*+)"]/dateTimeFormats/intervalFormats/intervalFormatFallback	gregorian
seh	2	0	0	//ldml/dates/calendars/calendar[@type="([^"]*+)"]/dayPeriods/dayPeriodContext[@type="([^"]*+)"]/dayPeriodWidth[@type="([^"]*+)"]/dayPeriod[@type="([^"]*+)"]	gregorian, format, wide, am; gregorian, format, wide, pm
seh	1	0	0	//ldml/dates/timeZoneNames/fallbackFormat	
seh	1	0	0	//ldml/dates/timeZoneNames/gmtFormat	
seh	1	0	0	//ldml/dates/timeZoneNames/gmtFormat[@alt="([^"]*+)"]	utc
seh	1	0	0	//ldml/dates/timeZoneNames/hourFormat	
seh	1	0	0	//ldml/dates/timeZoneNames/metazone[@type="([^"]*+)"]/long/standard	GMT
seh	1	0	0	//ldml/dates/timeZoneNames/regionFormat	
seh	2	0	0	//ldml/dates/timeZoneNames/regionFormat[@type="([^"]*+)"]	daylight
seh	1	0	0	//ldml/dates/timeZoneNames/zone[@type="([^"]*+)"]/long/standard	Etc/UTC
seh	1	0	0	//ldml/dates/timeZoneNames/zone[@type="([^"]*+)"]/short/standard	Etc/UTC
seh	3	0	0	//ldml/localeDisplayNames/codePatterns/codePattern[@type="([^"]*+)"]	language; script; territory
seh	1	0	0	//ldml/localeDisplayNames/localeDisplayPattern/localePattern	
seh	1	0	0	//ldml/localeDisplayNames/localeDisplayPattern/localeSeparator	
seh	3	0	0	//ldml/localeDisplayNames/measurementSystemNames/measurementSystemName[@type="([^"]*+)"]	UK; US; metric
seh	1	0	0	//ldml/localeDisplayNames/scripts/script[@type="([^"]*+)"]	Latn
seh	1	0	0	//ldml/numbers/decimalFormats[@numberSystem="([^"]*+)"]/decimalFormatLength/decimalFormat[@type="([^"]*+)"]/pattern[@type="([^"]*+)"]	latn
seh	1	0	0	//ldml/numbers/percentFormats[@numberSystem="([^"]*+)"]/percentFormatLength/percentFormat[@type="([^"]*+)"]/pattern[@type="([^"]*+)"]	latn
seh	1	0	0	//ldml/numbers/scientificFormats[@numberSystem="([^"]*+)"]/scientificFormatLength/scientificFormat[@type="([^"]*+)"]/pattern[@type="([^"]*+)"]	latn
seh	1	0	0	//ldml/numbers/symbols[@numberSystem="([^"]*+)"]/minusSign	latn
seh	1	0	0	//ldml/numbers/symbols[@numberSystem="([^"]*+)"]/percentSign	latn
seh	1	0	0	//ldml/numbers/symbols[@numberSystem="([^"]*+)"]/plusSign	latn
seh	36	0	0	Totals	
					
ses	9	0	0	//ldml/dates/calendars/calendar[@type="([^"]*+)"]/dateTimeFormats/availableFormats/dateFormatItem[@id="([^"]*+)"]	gregorian, Hm; gregorian, Hms; gregorian, Hmsv; gregorian, hm; gregorian, hms; gregorian, hmsv; gregorian, yMMMMEd; gregorian, yMMMMd; gregorian, yMd
ses	1	0	0	//ldml/dates/calendars/calendar[@type="([^"]*+)"]/dateTimeFormats/intervalFormats/intervalFormatFallback	gregorian
ses	1	0	0	//ldml/dates/timeZoneNames/fallbackFormat	
ses	1	0	0	//ldml/dates/timeZoneNames/gmtFormat	
ses	1	0	0	//ldml/dates/timeZoneNames/gmtFormat[@alt="([^"]*+)"]	utc
ses	1	0	0	//ldml/dates/timeZoneNames/hourFormat	
ses	1	0	0	//ldml/dates/timeZoneNames/metazone[@type="([^"]*+)"]/long/standard	GMT
ses	1	0	0	//ldml/dates/timeZoneNames/regionFormat	
ses	2	0	0	//ldml/dates/timeZoneNames/regionFormat[@type="([^"]*+)"]	daylight
ses	1	0	0	//ldml/dates/timeZoneNames/zone[@type="([^"]*+)"]/long/standard	Etc/UTC
ses	1	0	0	//ldml/dates/timeZoneNames/zone[@type="([^"]*+)"]/short/standard	Etc/UTC
ses	3	0	0	//ldml/localeDisplayNames/codePatterns/codePattern[@type="([^"]*+)"]	language; script; territory
ses	1	0	0	//ldml/localeDisplayNames/localeDisplayPattern/localePattern	
ses	1	0	0	//ldml/localeDisplayNames/localeDisplayPattern/localeSeparator	
ses	3	0	0	//ldml/localeDisplayNames/measurementSystemNames/measurementSystemName[@type="([^"]*+)"]	UK; US; metric
ses	1	0	0	//ldml/localeDisplayNames/scripts/script[@type="([^"]*+)"]	Latn
ses	1	0	0	//ldml/numbers/decimalFormats[@numberSystem="([^"]*+)"]/decimalFormatLength/decimalFormat[@type="([^"]*+)"]/pattern[@type="([^"]*+)"]	latn
ses	1	0	0	//ldml/numbers/percentFormats[@numberSystem="([^"]*+)"]/percentFormatLength/percentFormat[@type="([^"]*+)"]/pattern[@type="([^"]*+)"]	latn
ses	1	0	0	//ldml/numbers/scientificFormats[@numberSystem="([^"]*+)"]/scientificFormatLength/scientificFormat[@type="([^"]*+)"]/pattern[@type="([^"]*+)"]	latn
ses	1	0	0	//ldml/numbers/symbols[@numberSystem="([^"]*+)"]/decimal	latn
ses	1	0	0	//ldml/numbers/symbols[@numberSystem="([^"]*+)"]/minusSign	latn
ses	1	0	0	//ldml/numbers/symbols[@numberSystem="([^"]*+)"]/percentSign	latn
ses	1	0	0	//ldml/numbers/symbols[@numberSystem="([^"]*+)"]/plusSign	latn
ses	36	0	0	Totals	
					
sg	10	0	0	//ldml/dates/calendars/calendar[@type="([^"]*+)"]/dateTimeFormats/availableFormats/dateFormatItem[@id="([^"]*+)"]	gregorian, Hm; gregorian, Hms; gregorian, Hmsv; gregorian, hm; gregorian, hms; gregorian, hmsv; gregorian, yMMMMEd; gregorian, yMMMMd; gregorian, yMMMd; gregorian, yMd
sg	1	0	0	//ldml/dates/calendars/calendar[@type="([^"]*+)"]/dateTimeFormats/intervalFormats/intervalFormatFallback	gregorian
sg	1	0	0	//ldml/dates/timeZoneNames/fallbackFormat	
sg	1	0	0	//ldml/dates/timeZoneNames/gmtFormat	
sg	1	0	0	//ldml/dates/timeZoneNames/gmtFormat[@alt="([^"]*+)"]	utc
sg	1	0	0	//ldml/dates/timeZoneNames/hourFormat	
sg	1	0	0	//ldml/dates/timeZoneNames/metazone[@type="([^"]*+)"]/long/standard	GMT
sg	1	0	0	//ldml/dates/timeZoneNames/regionFormat	
sg	2	0	0	//ldml/dates/timeZoneNames/regionFormat[@type="([^"]*+)"]	daylight
sg	1	0	0	//ldml/dates/timeZoneNames/zone[@type="([^"]*+)"]/long/standard	Etc/UTC
sg	1	0	0	//ldml/dates/timeZoneNames/zone[@type="([^"]*+)"]/short/standard	Etc/UTC
sg	3	0	0	//ldml/localeDisplayNames/codePatterns/codePattern[@type="([^"]*+)"]	language; script; territory
sg	1	0	0	//ldml/localeDisplayNames/localeDisplayPattern/localePattern	
sg	1	0	0	//ldml/localeDisplayNames/localeDisplayPattern/localeSeparator	
sg	3	0	0	//ldml/localeDisplayNames/measurementSystemNames/measurementSystemName[@type="([^"]*+)"]	UK; US; metric
sg	1	0	0	//ldml/localeDisplayNames/scripts/script[@type="([^"]*+)"]	Latn
sg	1	0	0	//ldml/numbers/decimalFormats[@numberSystem="([^"]*+)"]/decimalFormatLength/decimalFormat[@type="([^"]*+)"]/pattern[@type="([^"]*+)"]	latn
sg	1	0	0	//ldml/numbers/percentFormats[@numberSystem="([^"]*+)"]/percentFormatLength/percentFormat[@type="([^"]*+)"]/pattern[@type="([^"]*+)"]	latn
sg	1	0	0	//ldml/numbers/scientificFormats[@numberSystem="([^"]*+)"]/scientificFormatLength/scientificFormat[@type="([^"]*+)"]/pattern[@type="([^"]*+)"]	latn
sg	1	0	0	//ldml/numbers/symbols[@numberSystem="([^"]*+)"]/minusSign	latn
sg	1	0	0	//ldml/numbers/symbols[@numberSystem="([^"]*+)"]/percentSign	latn
sg	1	0	0	//ldml/numbers/symbols[@numberSystem="([^"]*+)"]/plusSign	latn
sg	36	0	0	Totals	
					
sgs	10	0	0	//ldml/dates/calendars/calendar[@type="([^"]*+)"]/dateTimeFormats/availableFormats/dateFormatItem[@id="([^"]*+)"]	gregorian, Hm; gregorian, Hms; gregorian, Hmsv; gregorian, hm; gregorian, hms; gregorian, hmsv; gregorian, yMMMMEd; gregorian, yMMMMd; gregorian, yMMMd; gregorian, yMd
sgs	1	0	0	//ldml/dates/calendars/calendar[@type="([^"]*+)"]/dateTimeFormats/intervalFormats/intervalFormatFallback	gregorian
sgs	2	0	0	//ldml/dates/calendars/calendar[@type="([^"]*+)"]/dayPeriods/dayPeriodContext[@type="([^"]*+)"]/dayPeriodWidth[@type="([^"]*+)"]/dayPeriod[@type="([^"]*+)"]	gregorian, format, wide, am; gregorian, format, wide, pm
sgs	7	0	0	//ldml/dates/calendars/calendar[@type="([^"]*+)"]/days/dayContext[@type="([^"]*+)"]/dayWidth[@type="([^"]*+)"]/day[@type="([^"]*+)"]	gregorian, format, wide, fri; gregorian, format, wide, mon; gregorian, format, wide, sat; gregorian, format, wide, sun; gregorian, format, wide, thu; gregorian, format, wide, tue; gregorian, format, wide, wed
sgs	12	0	0	//ldml/dates/calendars/calendar[@type="([^"]*+)"]/months/monthContext[@type="([^"]*+)"]/monthWidth[@type="([^"]*+)"]/month[@type="([^"]*+)"]	gregorian, format, wide, 1; gregorian, format, wide, 10; gregorian, format, wide, 11; gregorian, format, wide, 12; gregorian, format, wide, 2; gregorian, format, wide, 3; gregorian, format, wide, 4; gregorian, format, wide, 5; gregorian, format, wide, 6; gregorian, format, wide, 7; gregorian, format, wide, 8; gregorian, format, wide, 9
sgs	1	0	0	//ldml/dates/timeZoneNames/fallbackFormat	
sgs	1	0	0	//ldml/dates/timeZoneNames/gmtFormat	
sgs	1	0	0	//ldml/dates/timeZoneNames/gmtFormat[@alt="([^"]*+)"]	utc
sgs	1	0	0	//ldml/dates/timeZoneNames/hourFormat	
sgs	1	0	0	//ldml/dates/timeZoneNames/metazone[@type="([^"]*+)"]/long/standard	GMT
sgs	1	0	0	//ldml/dates/timeZoneNames/regionFormat	
sgs	2	0	0	//ldml/dates/timeZoneNames/regionFormat[@type="([^"]*+)"]	daylight
sgs	1	0	0	//ldml/dates/timeZoneNames/zone[@type="([^"]*+)"]/long/standard	Etc/UTC
sgs	1	0	0	//ldml/dates/timeZoneNames/zone[@type="([^"]*+)"]/short/standard	Etc/UTC
sgs	0	0	3	//ldml/localeDisplayNames/codePatterns/codePattern[@type="([^"]*+)"]	language; script; territory
sgs	3	0	0	//ldml/localeDisplayNames/languages/language[@type="([^"]*+)"]	en; sgs
sgs	0	0	1	//ldml/localeDisplayNames/localeDisplayPattern/localePattern	
sgs	0	0	1	//ldml/localeDisplayNames/localeDisplayPattern/localeSeparator	
sgs	3	0	0	//ldml/localeDisplayNames/measurementSystemNames/measurementSystemName[@type="([^"]*+)"]	UK; US; metric
sgs	1	0	0	//ldml/localeDisplayNames/scripts/script[@type="([^"]*+)"]	Latn
sgs	2	0	0	//ldml/localeDisplayNames/territories/territory[@type="([^"]*+)"]	LT
sgs	1	0	0	//ldml/numbers/currencyFormats[@numberSystem="([^"]*+)"]/currencyFormatLength/currencyFormat[@type="([^"]*+)"]/pattern[@type="([^"]*+)"]	latn
sgs	1	0	0	//ldml/numbers/decimalFormats[@numberSystem="([^"]*+)"]/decimalFormatLength/decimalFormat[@type="([^"]*+)"]/pattern[@type="([^"]*+)"]	latn
sgs	0	0	1	//ldml/numbers/defaultNumberingSystem	
sgs	0	0	1	//ldml/numbers/otherNumberingSystems/native	
sgs	1	0	0	//ldml/numbers/percentFormats[@numberSystem="([^"]*+)"]/percentFormatLength/percentFormat[@type="([^"]*+)"]/pattern[@type="([^"]*+)"]	latn
sgs	1	0	0	//ldml/numbers/scientificFormats[@numberSystem="([^"]*+)"]/scientificFormatLength/scientificFormat[@type="([^"]*+)"]/pattern[@type="([^"]*+)"]	latn
sgs	1	0	0	//ldml/numbers/symbols[@numberSystem="([^"]*+)"]/decimal	latn
sgs	1	0	0	//ldml/numbers/symbols[@numberSystem="([^"]*+)"]/group	latn
sgs	1	0	0	//ldml/numbers/symbols[@numberSystem="([^"]*+)"]/minusSign	latn
sgs	1	0	0	//ldml/numbers/symbols[@numberSystem="([^"]*+)"]/percentSign	latn
sgs	1	0	0	//ldml/numbers/symbols[@numberSystem="([^"]*+)"]/plusSign	latn
sgs	60	0	7	Totals	
					
shi	10	0	0	//ldml/dates/calendars/calendar[@type="([^"]*+)"]/dateTimeFormats/availableFormats/dateFormatItem[@id="([^"]*+)"]	gregorian, Hm; gregorian, Hms; gregorian, Hmsv; gregorian, hm; gregorian, hms; gregorian, hmsv; gregorian, yMMMMEd; gregorian, yMMMMd; gregorian, yMMMd; gregorian, yMd
shi	1	0	0	//ldml/dates/calendars/calendar[@type="([^"]*+)"]/dateTimeFormats/intervalFormats/intervalFormatFallback	gregorian
shi	1	0	0	//ldml/dates/timeZoneNames/fallbackFormat	
shi	1	0	0	//ldml/dates/timeZoneNames/gmtFormat	
shi	1	0	0	//ldml/dates/timeZoneNames/gmtFormat[@alt="([^"]*+)"]	utc
shi	1	0	0	//ldml/dates/timeZoneNames/hourFormat	
shi	1	0	0	//ldml/dates/timeZoneNames/metazone[@type="([^"]*+)"]/long/standard	GMT
shi	1	0	0	//ldml/dates/timeZoneNames/regionFormat	
shi	2	0	0	//ldml/dates/timeZoneNames/regionFormat[@type="([^"]*+)"]	daylight
shi	1	0	0	//ldml/dates/timeZoneNames/zone[@type="([^"]*+)"]/long/standard	Etc/UTC
shi	1	0	0	//ldml/dates/timeZoneNames/zone[@type="([^"]*+)"]/short/standard	Etc/UTC
shi	3	0	0	//ldml/localeDisplayNames/codePatterns/codePattern[@type="([^"]*+)"]	language; script; territory
shi	1	0	0	//ldml/localeDisplayNames/localeDisplayPattern/localePattern	
shi	1	0	0	//ldml/localeDisplayNames/localeDisplayPattern/localeSeparator	
shi	3	0	0	//ldml/localeDisplayNames/measurementSystemNames/measurementSystemName[@type="([^"]*+)"]	UK; US; metric
shi	3	0	0	//ldml/localeDisplayNames/scripts/script[@type="([^"]*+)"]	Arab; Latn; Tfng
shi	2	0	0	//ldml/numbers/currencyFormats[@numberSystem="([^"]*+)"]/currencyFormatLength/currencyFormat[@type="([^"]*+)"]/pattern[@type="([^"]*+)"]	arab; arabext
shi	3	0	0	//ldml/numbers/decimalFormats[@numberSystem="([^"]*+)"]/decimalFormatLength/decimalFormat[@type="([^"]*+)"]/pattern[@type="([^"]*+)"]	arab; arabext; latn
shi	3	0	0	//ldml/numbers/percentFormats[@numberSystem="([^"]*+)"]/percentFormatLength/percentFormat[@type="([^"]*+)"]/pattern[@type="([^"]*+)"]	arab; arabext; latn
shi	3	0	0	//ldml/numbers/scientificFormats[@numberSystem="([^"]*+)"]/scientificFormatLength/scientificFormat[@type="([^"]*+)"]/pattern[@type="([^"]*+)"]	arab; arabext; latn
shi	2	0	0	//ldml/numbers/symbols[@numberSystem="([^"]*+)"]/decimal	arab; arabext
shi	2	0	0	//ldml/numbers/symbols[@numberSystem="([^"]*+)"]/group	arab; arabext
shi	3	0	0	//ldml/numbers/symbols[@numberSystem="([^"]*+)"]/minusSign	arab; arabext; latn
shi	3	0	0	//ldml/numbers/symbols[@numberSystem="([^"]*+)"]/percentSign	arab; arabext; latn
shi	3	0	0	//ldml/numbers/symbols[@numberSystem="([^"]*+)"]/plusSign	arab; arabext; latn
shi	56	0	0	Totals	
					
shi_Latn	10	0	0	//ldml/dates/calendars/calendar[@type="([^"]*+)"]/dateTimeFormats/availableFormats/dateFormatItem[@id="([^"]*+)"]	gregorian, Hm; gregorian, Hms; gregorian, Hmsv; gregorian, hm; gregorian, hms; gregorian, hmsv; gregorian, yMMMMEd; gregorian, yMMMMd; gregorian, yMMMd; gregorian, yMd
shi_Latn	1	0	0	//ldml/dates/calendars/calendar[@type="([^"]*+)"]/dateTimeFormats/intervalFormats/intervalFormatFallback	gregorian
shi_Latn	1	0	0	//ldml/dates/timeZoneNames/fallbackFormat	
shi_Latn	1	0	0	//ldml/dates/timeZoneNames/gmtFormat	
shi_Latn	1	0	0	//ldml/dates/timeZoneNames/gmtFormat[@alt="([^"]*+)"]	utc
shi_Latn	1	0	0	//ldml/dates/timeZoneNames/hourFormat	
shi_Latn	1	0	0	//ldml/dates/timeZoneNames/metazone[@type="([^"]*+)"]/long/standard	GMT
shi_Latn	1	0	0	//ldml/dates/timeZoneNames/regionFormat	
shi_Latn	2	0	0	//ldml/dates/timeZoneNames/regionFormat[@type="([^"]*+)"]	daylight
shi_Latn	1	0	0	//ldml/dates/timeZoneNames/zone[@type="([^"]*+)"]/long/standard	Etc/UTC
shi_Latn	1	0	0	//ldml/dates/timeZoneNames/zone[@type="([^"]*+)"]/short/standard	Etc/UTC
shi_Latn	3	0	0	//ldml/localeDisplayNames/codePatterns/codePattern[@type="([^"]*+)"]	language; script; territory
shi_Latn	1	0	0	//ldml/localeDisplayNames/localeDisplayPattern/localePattern	
shi_Latn	1	0	0	//ldml/localeDisplayNames/localeDisplayPattern/localeSeparator	
shi_Latn	3	0	0	//ldml/localeDisplayNames/measurementSystemNames/measurementSystemName[@type="([^"]*+)"]	UK; US; metric
shi_Latn	3	0	0	//ldml/localeDisplayNames/scripts/script[@type="([^"]*+)"]	Arab; Latn; Tfng
shi_Latn	2	0	0	//ldml/numbers/currencyFormats[@numberSystem="([^"]*+)"]/currencyFormatLength/currencyFormat[@type="([^"]*+)"]/pattern[@type="([^"]*+)"]	arab; arabext
shi_Latn	3	0	0	//ldml/numbers/decimalFormats[@numberSystem="([^"]*+)"]/decimalFormatLength/decimalFormat[@type="([^"]*+)"]/pattern[@type="([^"]*+)"]	arab; arabext; latn
shi_Latn	3	0	0	//ldml/numbers/percentFormats[@numberSystem="([^"]*+)"]/percentFormatLength/percentFormat[@type="([^"]*+)"]/pattern[@type="([^"]*+)"]	arab; arabext; latn
shi_Latn	3	0	0	//ldml/numbers/scientificFormats[@numberSystem="([^"]*+)"]/scientificFormatLength/scientificFormat[@type="([^"]*+)"]/pattern[@type="([^"]*+)"]	arab; arabext; latn
shi_Latn	2	0	0	//ldml/numbers/symbols[@numberSystem="([^"]*+)"]/decimal	arab; arabext
shi_Latn	2	0	0	//ldml/numbers/symbols[@numberSystem="([^"]*+)"]/group	arab; arabext
shi_Latn	3	0	0	//ldml/numbers/symbols[@numberSystem="([^"]*+)"]/minusSign	arab; arabext; latn
shi_Latn	3	0	0	//ldml/numbers/symbols[@numberSystem="([^"]*+)"]/percentSign	arab; arabext; latn
shi_Latn	3	0	0	//ldml/numbers/symbols[@numberSystem="([^"]*+)"]/plusSign	arab; arabext; latn
shi_Latn	56	0	0	Totals	
					
shn	2	0	0	//ldml/dates/calendars/calendar[@type="([^"]*+)"]/dateTimeFormats/availableFormats/dateFormatItem[@id="([^"]*+)"]	gregorian, yMMMMEd; gregorian, yMMMMd
shn	1	0	0	//ldml/dates/timeZoneNames/gmtFormat[@alt="([^"]*+)"]	utc
shn	3	0	0	Totals	
					
sid	10	0	0	//ldml/dates/calendars/calendar[@type="([^"]*+)"]/dateTimeFormats/availableFormats/dateFormatItem[@id="([^"]*+)"]	gregorian, Hm; gregorian, Hms; gregorian, Hmsv; gregorian, hm; gregorian, hms; gregorian, hmsv; gregorian, yMMMMEd; gregorian, yMMMMd; gregorian, yMMMd; gregorian, yMd
sid	1	0	0	//ldml/dates/calendars/calendar[@type="([^"]*+)"]/dateTimeFormats/intervalFormats/intervalFormatFallback	gregorian
sid	0	0	2	//ldml/dates/calendars/calendar[@type="([^"]*+)"]/dayPeriods/dayPeriodContext[@type="([^"]*+)"]/dayPeriodWidth[@type="([^"]*+)"]/dayPeriod[@type="([^"]*+)"]	gregorian, format, wide, am; gregorian, format, wide, pm
sid	0	0	7	//ldml/dates/calendars/calendar[@type="([^"]*+)"]/days/dayContext[@type="([^"]*+)"]/dayWidth[@type="([^"]*+)"]/day[@type="([^"]*+)"]	gregorian, format, wide, fri; gregorian, format, wide, mon; gregorian, format, wide, sat; gregorian, format, wide, sun; gregorian, format, wide, thu; gregorian, format, wide, tue; gregorian, format, wide, wed
sid	12	0	0	//ldml/dates/calendars/calendar[@type="([^"]*+)"]/months/monthContext[@type="([^"]*+)"]/monthWidth[@type="([^"]*+)"]/month[@type="([^"]*+)"]	gregorian, format, wide, 1; gregorian, format, wide, 10; gregorian, format, wide, 11; gregorian, format, wide, 12; gregorian, format, wide, 2; gregorian, format, wide, 3; gregorian, format, wide, 4; gregorian, format, wide, 5; gregorian, format, wide, 6; gregorian, format, wide, 7; gregorian, format, wide, 8; gregorian, format, wide, 9
sid	1	0	0	//ldml/dates/timeZoneNames/fallbackFormat	
sid	1	0	0	//ldml/dates/timeZoneNames/gmtFormat	
sid	1	0	0	//ldml/dates/timeZoneNames/gmtFormat[@alt="([^"]*+)"]	utc
sid	1	0	0	//ldml/dates/timeZoneNames/hourFormat	
sid	1	0	0	//ldml/dates/timeZoneNames/metazone[@type="([^"]*+)"]/long/standard	GMT
sid	1	0	0	//ldml/dates/timeZoneNames/regionFormat	
sid	2	0	0	//ldml/dates/timeZoneNames/regionFormat[@type="([^"]*+)"]	daylight
sid	1	0	0	//ldml/dates/timeZoneNames/zone[@type="([^"]*+)"]/long/standard	Etc/UTC
sid	1	0	0	//ldml/dates/timeZoneNames/zone[@type="([^"]*+)"]/short/standard	Etc/UTC
sid	1	0	0	//ldml/delimiters/alternateQuotationEnd	
sid	1	0	0	//ldml/delimiters/alternateQuotationStart	
sid	1	0	0	//ldml/delimiters/quotationEnd	
sid	1	0	0	//ldml/delimiters/quotationStart	
sid	3	0	0	//ldml/localeDisplayNames/codePatterns/codePattern[@type="([^"]*+)"]	language; script; territory
sid	1	0	1	//ldml/localeDisplayNames/languages/language[@type="([^"]*+)"]	en; sid
sid	1	0	0	//ldml/localeDisplayNames/localeDisplayPattern/localePattern	
sid	1	0	0	//ldml/localeDisplayNames/localeDisplayPattern/localeSeparator	
sid	3	0	0	//ldml/localeDisplayNames/measurementSystemNames/measurementSystemName[@type="([^"]*+)"]	UK; US; metric
sid	0	0	1	//ldml/localeDisplayNames/scripts/script[@type="([^"]*+)"]	Latn
sid	0	0	1	//ldml/localeDisplayNames/territories/territory[@type="([^"]*+)"]	ET
sid	0	0	1	//ldml/numbers/currencyFormats[@numberSystem="([^"]*+)"]/currencyFormatLength/currencyFormat[@type="([^"]*+)"]/pattern[@type="([^"]*+)"]	latn
sid	1	0	0	//ldml/numbers/decimalFormats[@numberSystem="([^"]*+)"]/decimalFormatLength/decimalFormat[@type="([^"]*+)"]/pattern[@type="([^"]*+)"]	latn
sid	1	0	0	//ldml/numbers/percentFormats[@numberSystem="([^"]*+)"]/percentFormatLength/percentFormat[@type="([^"]*+)"]/pattern[@type="([^"]*+)"]	latn
sid	1	0	0	//ldml/numbers/scientificFormats[@numberSystem="([^"]*+)"]/scientificFormatLength/scientificFormat[@type="([^"]*+)"]/pattern[@type="([^"]*+)"]	latn
sid	1	0	0	//ldml/numbers/symbols[@numberSystem="([^"]*+)"]/decimal	latn
sid	1	0	0	//ldml/numbers/symbols[@numberSystem="([^"]*+)"]/group	latn
sid	1	0	0	//ldml/numbers/symbols[@numberSystem="([^"]*+)"]/minusSign	latn
sid	1	0	0	//ldml/numbers/symbols[@numberSystem="([^"]*+)"]/percentSign	latn
sid	1	0	0	//ldml/numbers/symbols[@numberSystem="([^"]*+)"]/plusSign	latn
sid	54	0	13	Totals	
					
skr	2	0	8	//ldml/dates/calendars/calendar[@type="([^"]*+)"]/dateTimeFormats/availableFormats/dateFormatItem[@id="([^"]*+)"]	gregorian, Hm; gregorian, Hms; gregorian, Hmsv; gregorian, hm; gregorian, hms; gregorian, hmsv; gregorian, yMMMMEd; gregorian, yMMMMd; gregorian, yMMMd; gregorian, yMd
skr	0	0	1	//ldml/dates/calendars/calendar[@type="([^"]*+)"]/dateTimeFormats/intervalFormats/intervalFormatFallback	gregorian
skr	0	0	2	//ldml/dates/calendars/calendar[@type="([^"]*+)"]/dayPeriods/dayPeriodContext[@type="([^"]*+)"]/dayPeriodWidth[@type="([^"]*+)"]/dayPeriod[@type="([^"]*+)"]	gregorian, format, wide, am; gregorian, format, wide, pm
skr	0	0	7	//ldml/dates/calendars/calendar[@type="([^"]*+)"]/days/dayContext[@type="([^"]*+)"]/dayWidth[@type="([^"]*+)"]/day[@type="([^"]*+)"]	gregorian, format, wide, fri; gregorian, format, wide, mon; gregorian, format, wide, sat; gregorian, format, wide, sun; gregorian, format, wide, thu; gregorian, format, wide, tue; gregorian, format, wide, wed
skr	0	0	12	//ldml/dates/calendars/calendar[@type="([^"]*+)"]/months/monthContext[@type="([^"]*+)"]/monthWidth[@type="([^"]*+)"]/month[@type="([^"]*+)"]	gregorian, format, wide, 1; gregorian, format, wide, 10; gregorian, format, wide, 11; gregorian, format, wide, 12; gregorian, format, wide, 2; gregorian, format, wide, 3; gregorian, format, wide, 4; gregorian, format, wide, 5; gregorian, format, wide, 6; gregorian, format, wide, 7; gregorian, format, wide, 8; gregorian, format, wide, 9
skr	0	0	1	//ldml/dates/timeZoneNames/fallbackFormat	
skr	0	0	1	//ldml/dates/timeZoneNames/gmtFormat	
skr	1	0	0	//ldml/dates/timeZoneNames/gmtFormat[@alt="([^"]*+)"]	utc
skr	0	0	1	//ldml/dates/timeZoneNames/hourFormat	
skr	0	0	1	//ldml/dates/timeZoneNames/metazone[@type="([^"]*+)"]/long/standard	GMT
skr	0	0	1	//ldml/dates/timeZoneNames/regionFormat	
skr	0	0	2	//ldml/dates/timeZoneNames/regionFormat[@type="([^"]*+)"]	daylight
skr	1	0	0	//ldml/dates/timeZoneNames/zone[@type="([^"]*+)"]/long/standard	Etc/UTC
skr	1	0	0	//ldml/dates/timeZoneNames/zone[@type="([^"]*+)"]/short/standard	Etc/UTC
skr	0	0	1	//ldml/delimiters/alternateQuotationEnd	
skr	0	0	1	//ldml/delimiters/alternateQuotationStart	
skr	0	0	1	//ldml/delimiters/quotationEnd	
skr	0	0	1	//ldml/delimiters/quotationStart	
skr	0	0	3	//ldml/localeDisplayNames/codePatterns/codePattern[@type="([^"]*+)"]	language; script; territory
skr	0	0	1	//ldml/localeDisplayNames/languages/language[@type="([^"]*+)"]	en
skr	0	0	1	//ldml/localeDisplayNames/localeDisplayPattern/localePattern	
skr	0	0	1	//ldml/localeDisplayNames/localeDisplayPattern/localeSeparator	
skr	0	0	3	//ldml/localeDisplayNames/measurementSystemNames/measurementSystemName[@type="([^"]*+)"]	UK; US; metric
skr	0	0	1	//ldml/localeDisplayNames/scripts/script[@type="([^"]*+)"]	Arab
skr	0	0	1	//ldml/localeDisplayNames/territories/territory[@type="([^"]*+)"]	PK
skr	2	0	1	//ldml/numbers/currencyFormats[@numberSystem="([^"]*+)"]/currencyFormatLength/currencyFormat[@type="([^"]*+)"]/pattern[@type="([^"]*+)"]	arab; arabext; latn
skr	2	0	1	//ldml/numbers/decimalFormats[@numberSystem="([^"]*+)"]/decimalFormatLength/decimalFormat[@type="([^"]*+)"]/pattern[@type="([^"]*+)"]	arab; arabext; latn
skr	0	0	1	//ldml/numbers/defaultNumberingSystem	
skr	0	0	1	//ldml/numbers/otherNumberingSystems/native	
skr	2	0	1	//ldml/numbers/percentFormats[@numberSystem="([^"]*+)"]/percentFormatLength/percentFormat[@type="([^"]*+)"]/pattern[@type="([^"]*+)"]	arab; arabext; latn
skr	2	0	1	//ldml/numbers/scientificFormats[@numberSystem="([^"]*+)"]/scientificFormatLength/scientificFormat[@type="([^"]*+)"]/pattern[@type="([^"]*+)"]	arab; arabext; latn
skr	2	0	1	//ldml/numbers/symbols[@numberSystem="([^"]*+)"]/decimal	arab; arabext; latn
skr	2	0	1	//ldml/numbers/symbols[@numberSystem="([^"]*+)"]/group	arab; arabext; latn
skr	2	0	1	//ldml/numbers/symbols[@numberSystem="([^"]*+)"]/minusSign	arab; arabext; latn
skr	2	0	1	//ldml/numbers/symbols[@numberSystem="([^"]*+)"]/percentSign	arab; arabext; latn
skr	2	0	1	//ldml/numbers/symbols[@numberSystem="([^"]*+)"]/plusSign	arab; arabext; latn
skr	23	0	63	Totals	
					
sma	10	0	0	//ldml/dates/calendars/calendar[@type="([^"]*+)"]/dateTimeFormats/availableFormats/dateFormatItem[@id="([^"]*+)"]	gregorian, Hm; gregorian, Hms; gregorian, Hmsv; gregorian, hm; gregorian, hms; gregorian, hmsv; gregorian, yMMMMEd; gregorian, yMMMMd; gregorian, yMMMd; gregorian, yMd
sma	1	0	0	//ldml/dates/calendars/calendar[@type="([^"]*+)"]/dateTimeFormats/intervalFormats/intervalFormatFallback	gregorian
sma	2	0	0	//ldml/dates/calendars/calendar[@type="([^"]*+)"]/dayPeriods/dayPeriodContext[@type="([^"]*+)"]/dayPeriodWidth[@type="([^"]*+)"]/dayPeriod[@type="([^"]*+)"]	gregorian, format, wide, am; gregorian, format, wide, pm
sma	7	0	0	//ldml/dates/calendars/calendar[@type="([^"]*+)"]/days/dayContext[@type="([^"]*+)"]/dayWidth[@type="([^"]*+)"]/day[@type="([^"]*+)"]	gregorian, format, wide, fri; gregorian, format, wide, mon; gregorian, format, wide, sat; gregorian, format, wide, sun; gregorian, format, wide, thu; gregorian, format, wide, tue; gregorian, format, wide, wed
sma	12	0	0	//ldml/dates/calendars/calendar[@type="([^"]*+)"]/months/monthContext[@type="([^"]*+)"]/monthWidth[@type="([^"]*+)"]/month[@type="([^"]*+)"]	gregorian, format, wide, 1; gregorian, format, wide, 10; gregorian, format, wide, 11; gregorian, format, wide, 12; gregorian, format, wide, 2; gregorian, format, wide, 3; gregorian, format, wide, 4; gregorian, format, wide, 5; gregorian, format, wide, 6; gregorian, format, wide, 7; gregorian, format, wide, 8; gregorian, format, wide, 9
sma	1	0	0	//ldml/dates/timeZoneNames/fallbackFormat	
sma	1	0	0	//ldml/dates/timeZoneNames/gmtFormat	
sma	1	0	0	//ldml/dates/timeZoneNames/gmtFormat[@alt="([^"]*+)"]	utc
sma	1	0	0	//ldml/dates/timeZoneNames/hourFormat	
sma	1	0	0	//ldml/dates/timeZoneNames/metazone[@type="([^"]*+)"]/long/standard	GMT
sma	1	0	0	//ldml/dates/timeZoneNames/regionFormat	
sma	2	0	0	//ldml/dates/timeZoneNames/regionFormat[@type="([^"]*+)"]	daylight
sma	1	0	0	//ldml/dates/timeZoneNames/zone[@type="([^"]*+)"]/long/standard	Etc/UTC
sma	1	0	0	//ldml/dates/timeZoneNames/zone[@type="([^"]*+)"]/short/standard	Etc/UTC
sma	1	0	0	//ldml/delimiters/alternateQuotationEnd	
sma	1	0	0	//ldml/delimiters/alternateQuotationStart	
sma	1	0	0	//ldml/delimiters/quotationEnd	
sma	1	0	0	//ldml/delimiters/quotationStart	
sma	3	0	0	//ldml/localeDisplayNames/codePatterns/codePattern[@type="([^"]*+)"]	language; script; territory
sma	1	0	0	//ldml/localeDisplayNames/languages/language[@type="([^"]*+)"]	en
sma	1	0	0	//ldml/localeDisplayNames/localeDisplayPattern/localePattern	
sma	1	0	0	//ldml/localeDisplayNames/localeDisplayPattern/localeSeparator	
sma	3	0	0	//ldml/localeDisplayNames/measurementSystemNames/measurementSystemName[@type="([^"]*+)"]	UK; US; metric
sma	1	0	0	//ldml/localeDisplayNames/scripts/script[@type="([^"]*+)"]	Latn
sma	3	0	0	//ldml/localeDisplayNames/territories/territory[@type="([^"]*+)"]	NO; SE
sma	1	0	0	//ldml/numbers/currencyFormats[@numberSystem="([^"]*+)"]/currencyFormatLength/currencyFormat[@type="([^"]*+)"]/pattern[@type="([^"]*+)"]	latn
sma	1	0	0	//ldml/numbers/decimalFormats[@numberSystem="([^"]*+)"]/decimalFormatLength/decimalFormat[@type="([^"]*+)"]/pattern[@type="([^"]*+)"]	latn
sma	1	0	0	//ldml/numbers/percentFormats[@numberSystem="([^"]*+)"]/percentFormatLength/percentFormat[@type="([^"]*+)"]/pattern[@type="([^"]*+)"]	latn
sma	1	0	0	//ldml/numbers/scientificFormats[@numberSystem="([^"]*+)"]/scientificFormatLength/scientificFormat[@type="([^"]*+)"]/pattern[@type="([^"]*+)"]	latn
sma	1	0	0	//ldml/numbers/symbols[@numberSystem="([^"]*+)"]/decimal	latn
sma	1	0	0	//ldml/numbers/symbols[@numberSystem="([^"]*+)"]/group	latn
sma	1	0	0	//ldml/numbers/symbols[@numberSystem="([^"]*+)"]/minusSign	latn
sma	1	0	0	//ldml/numbers/symbols[@numberSystem="([^"]*+)"]/percentSign	latn
sma	1	0	0	//ldml/numbers/symbols[@numberSystem="([^"]*+)"]/plusSign	latn
sma	68	0	0	Totals	
					
smj	10	0	0	//ldml/dates/calendars/calendar[@type="([^"]*+)"]/dateTimeFormats/availableFormats/dateFormatItem[@id="([^"]*+)"]	gregorian, Hm; gregorian, Hms; gregorian, Hmsv; gregorian, hm; gregorian, hms; gregorian, hmsv; gregorian, yMMMMEd; gregorian, yMMMMd; gregorian, yMMMd; gregorian, yMd
smj	1	0	0	//ldml/dates/calendars/calendar[@type="([^"]*+)"]/dateTimeFormats/intervalFormats/intervalFormatFallback	gregorian
smj	2	0	0	//ldml/dates/calendars/calendar[@type="([^"]*+)"]/dayPeriods/dayPeriodContext[@type="([^"]*+)"]/dayPeriodWidth[@type="([^"]*+)"]/dayPeriod[@type="([^"]*+)"]	gregorian, format, wide, am; gregorian, format, wide, pm
smj	7	0	0	//ldml/dates/calendars/calendar[@type="([^"]*+)"]/days/dayContext[@type="([^"]*+)"]/dayWidth[@type="([^"]*+)"]/day[@type="([^"]*+)"]	gregorian, format, wide, fri; gregorian, format, wide, mon; gregorian, format, wide, sat; gregorian, format, wide, sun; gregorian, format, wide, thu; gregorian, format, wide, tue; gregorian, format, wide, wed
smj	12	0	0	//ldml/dates/calendars/calendar[@type="([^"]*+)"]/months/monthContext[@type="([^"]*+)"]/monthWidth[@type="([^"]*+)"]/month[@type="([^"]*+)"]	gregorian, format, wide, 1; gregorian, format, wide, 10; gregorian, format, wide, 11; gregorian, format, wide, 12; gregorian, format, wide, 2; gregorian, format, wide, 3; gregorian, format, wide, 4; gregorian, format, wide, 5; gregorian, format, wide, 6; gregorian, format, wide, 7; gregorian, format, wide, 8; gregorian, format, wide, 9
smj	1	0	0	//ldml/dates/timeZoneNames/fallbackFormat	
smj	1	0	0	//ldml/dates/timeZoneNames/gmtFormat	
smj	1	0	0	//ldml/dates/timeZoneNames/gmtFormat[@alt="([^"]*+)"]	utc
smj	1	0	0	//ldml/dates/timeZoneNames/hourFormat	
smj	1	0	0	//ldml/dates/timeZoneNames/metazone[@type="([^"]*+)"]/long/standard	GMT
smj	1	0	0	//ldml/dates/timeZoneNames/regionFormat	
smj	2	0	0	//ldml/dates/timeZoneNames/regionFormat[@type="([^"]*+)"]	daylight
smj	1	0	0	//ldml/dates/timeZoneNames/zone[@type="([^"]*+)"]/long/standard	Etc/UTC
smj	1	0	0	//ldml/dates/timeZoneNames/zone[@type="([^"]*+)"]/short/standard	Etc/UTC
smj	1	0	0	//ldml/delimiters/alternateQuotationEnd	
smj	1	0	0	//ldml/delimiters/alternateQuotationStart	
smj	1	0	0	//ldml/delimiters/quotationEnd	
smj	1	0	0	//ldml/delimiters/quotationStart	
smj	3	0	0	//ldml/localeDisplayNames/codePatterns/codePattern[@type="([^"]*+)"]	language; script; territory
smj	1	0	0	//ldml/localeDisplayNames/languages/language[@type="([^"]*+)"]	en
smj	1	0	0	//ldml/localeDisplayNames/localeDisplayPattern/localePattern	
smj	1	0	0	//ldml/localeDisplayNames/localeDisplayPattern/localeSeparator	
smj	3	0	0	//ldml/localeDisplayNames/measurementSystemNames/measurementSystemName[@type="([^"]*+)"]	UK; US; metric
smj	1	0	0	//ldml/localeDisplayNames/scripts/script[@type="([^"]*+)"]	Latn
smj	3	0	0	//ldml/localeDisplayNames/territories/territory[@type="([^"]*+)"]	NO; SE
smj	1	0	0	//ldml/numbers/currencyFormats[@numberSystem="([^"]*+)"]/currencyFormatLength/currencyFormat[@type="([^"]*+)"]/pattern[@type="([^"]*+)"]	latn
smj	1	0	0	//ldml/numbers/decimalFormats[@numberSystem="([^"]*+)"]/decimalFormatLength/decimalFormat[@type="([^"]*+)"]/pattern[@type="([^"]*+)"]	latn
smj	1	0	0	//ldml/numbers/percentFormats[@numberSystem="([^"]*+)"]/percentFormatLength/percentFormat[@type="([^"]*+)"]/pattern[@type="([^"]*+)"]	latn
smj	1	0	0	//ldml/numbers/scientificFormats[@numberSystem="([^"]*+)"]/scientificFormatLength/scientificFormat[@type="([^"]*+)"]/pattern[@type="([^"]*+)"]	latn
smj	1	0	0	//ldml/numbers/symbols[@numberSystem="([^"]*+)"]/decimal	latn
smj	1	0	0	//ldml/numbers/symbols[@numberSystem="([^"]*+)"]/group	latn
smj	1	0	0	//ldml/numbers/symbols[@numberSystem="([^"]*+)"]/minusSign	latn
smj	1	0	0	//ldml/numbers/symbols[@numberSystem="([^"]*+)"]/percentSign	latn
smj	1	0	0	//ldml/numbers/symbols[@numberSystem="([^"]*+)"]/plusSign	latn
smj	68	0	0	Totals	
					
smn	2	0	0	//ldml/dates/calendars/calendar[@type="([^"]*+)"]/dateTimeFormats/availableFormats/dateFormatItem[@id="([^"]*+)"]	gregorian, yMMMMEd; gregorian, yMMMMd
smn	1	0	0	//ldml/dates/timeZoneNames/fallbackFormat	
smn	1	0	0	//ldml/dates/timeZoneNames/gmtFormat	
smn	1	0	0	//ldml/dates/timeZoneNames/gmtFormat[@alt="([^"]*+)"]	utc
smn	1	0	0	//ldml/dates/timeZoneNames/hourFormat	
smn	1	0	0	//ldml/dates/timeZoneNames/metazone[@type="([^"]*+)"]/long/standard	GMT
smn	1	0	0	//ldml/dates/timeZoneNames/regionFormat	
smn	2	0	0	//ldml/dates/timeZoneNames/regionFormat[@type="([^"]*+)"]	daylight
smn	1	0	0	//ldml/dates/timeZoneNames/zone[@type="([^"]*+)"]/long/standard	Etc/UTC
smn	1	0	0	//ldml/dates/timeZoneNames/zone[@type="([^"]*+)"]/short/standard	Etc/UTC
smn	1	0	0	//ldml/delimiters/alternateQuotationEnd	
smn	1	0	0	//ldml/delimiters/alternateQuotationStart	
smn	1	0	0	//ldml/delimiters/quotationEnd	
smn	1	0	0	//ldml/delimiters/quotationStart	
smn	1	0	0	//ldml/localeDisplayNames/scripts/script[@type="([^"]*+)"]	Latn
smn	17	0	0	Totals	
					
sms	10	0	0	//ldml/dates/calendars/calendar[@type="([^"]*+)"]/dateTimeFormats/availableFormats/dateFormatItem[@id="([^"]*+)"]	gregorian, Hm; gregorian, Hms; gregorian, Hmsv; gregorian, hm; gregorian, hms; gregorian, hmsv; gregorian, yMMMMEd; gregorian, yMMMMd; gregorian, yMMMd; gregorian, yMd
sms	1	0	0	//ldml/dates/calendars/calendar[@type="([^"]*+)"]/dateTimeFormats/intervalFormats/intervalFormatFallback	gregorian
sms	2	0	0	//ldml/dates/calendars/calendar[@type="([^"]*+)"]/dayPeriods/dayPeriodContext[@type="([^"]*+)"]/dayPeriodWidth[@type="([^"]*+)"]/dayPeriod[@type="([^"]*+)"]	gregorian, format, wide, am; gregorian, format, wide, pm
sms	7	0	0	//ldml/dates/calendars/calendar[@type="([^"]*+)"]/days/dayContext[@type="([^"]*+)"]/dayWidth[@type="([^"]*+)"]/day[@type="([^"]*+)"]	gregorian, format, wide, fri; gregorian, format, wide, mon; gregorian, format, wide, sat; gregorian, format, wide, sun; gregorian, format, wide, thu; gregorian, format, wide, tue; gregorian, format, wide, wed
sms	12	0	0	//ldml/dates/calendars/calendar[@type="([^"]*+)"]/months/monthContext[@type="([^"]*+)"]/monthWidth[@type="([^"]*+)"]/month[@type="([^"]*+)"]	gregorian, format, wide, 1; gregorian, format, wide, 10; gregorian, format, wide, 11; gregorian, format, wide, 12; gregorian, format, wide, 2; gregorian, format, wide, 3; gregorian, format, wide, 4; gregorian, format, wide, 5; gregorian, format, wide, 6; gregorian, format, wide, 7; gregorian, format, wide, 8; gregorian, format, wide, 9
sms	1	0	0	//ldml/dates/timeZoneNames/fallbackFormat	
sms	1	0	0	//ldml/dates/timeZoneNames/gmtFormat	
sms	1	0	0	//ldml/dates/timeZoneNames/gmtFormat[@alt="([^"]*+)"]	utc
sms	1	0	0	//ldml/dates/timeZoneNames/hourFormat	
sms	1	0	0	//ldml/dates/timeZoneNames/metazone[@type="([^"]*+)"]/long/standard	GMT
sms	1	0	0	//ldml/dates/timeZoneNames/regionFormat	
sms	2	0	0	//ldml/dates/timeZoneNames/regionFormat[@type="([^"]*+)"]	daylight
sms	1	0	0	//ldml/dates/timeZoneNames/zone[@type="([^"]*+)"]/long/standard	Etc/UTC
sms	1	0	0	//ldml/dates/timeZoneNames/zone[@type="([^"]*+)"]/short/standard	Etc/UTC
sms	3	0	0	//ldml/localeDisplayNames/codePatterns/codePattern[@type="([^"]*+)"]	language; script; territory
sms	0	0	1	//ldml/localeDisplayNames/languages/language[@type="([^"]*+)"]	en
sms	1	0	0	//ldml/localeDisplayNames/localeDisplayPattern/localePattern	
sms	1	0	0	//ldml/localeDisplayNames/localeDisplayPattern/localeSeparator	
sms	3	0	0	//ldml/localeDisplayNames/measurementSystemNames/measurementSystemName[@type="([^"]*+)"]	UK; US; metric
sms	1	0	0	//ldml/localeDisplayNames/scripts/script[@type="([^"]*+)"]	Latn
sms	0	0	1	//ldml/localeDisplayNames/territories/territory[@type="([^"]*+)"]	FI
sms	1	0	0	//ldml/numbers/currencyFormats[@numberSystem="([^"]*+)"]/currencyFormatLength/currencyFormat[@type="([^"]*+)"]/pattern[@type="([^"]*+)"]	latn
sms	1	0	0	//ldml/numbers/decimalFormats[@numberSystem="([^"]*+)"]/decimalFormatLength/decimalFormat[@type="([^"]*+)"]/pattern[@type="([^"]*+)"]	latn
sms	1	0	0	//ldml/numbers/percentFormats[@numberSystem="([^"]*+)"]/percentFormatLength/percentFormat[@type="([^"]*+)"]/pattern[@type="([^"]*+)"]	latn
sms	1	0	0	//ldml/numbers/scientificFormats[@numberSystem="([^"]*+)"]/scientificFormatLength/scientificFormat[@type="([^"]*+)"]/pattern[@type="([^"]*+)"]	latn
sms	1	0	0	//ldml/numbers/symbols[@numberSystem="([^"]*+)"]/decimal	latn
sms	1	0	0	//ldml/numbers/symbols[@numberSystem="([^"]*+)"]/group	latn
sms	1	0	0	//ldml/numbers/symbols[@numberSystem="([^"]*+)"]/minusSign	latn
sms	1	0	0	//ldml/numbers/symbols[@numberSystem="([^"]*+)"]/percentSign	latn
sms	1	0	0	//ldml/numbers/symbols[@numberSystem="([^"]*+)"]/plusSign	latn
sms	60	0	2	Totals	
					
sn	2	0	0	//ldml/dates/calendars/calendar[@type="([^"]*+)"]/dateTimeFormats/availableFormats/dateFormatItem[@id="([^"]*+)"]	gregorian, yMMMMEd; gregorian, yMMMMd
sn	1	0	0	//ldml/dates/timeZoneNames/fallbackFormat	
sn	1	0	0	//ldml/dates/timeZoneNames/gmtFormat	
sn	1	0	0	//ldml/dates/timeZoneNames/gmtFormat[@alt="([^"]*+)"]	utc
sn	1	0	0	//ldml/dates/timeZoneNames/hourFormat	
sn	1	0	0	//ldml/dates/timeZoneNames/metazone[@type="([^"]*+)"]/long/standard	GMT
sn	1	0	0	//ldml/dates/timeZoneNames/regionFormat	
sn	2	0	0	//ldml/dates/timeZoneNames/regionFormat[@type="([^"]*+)"]	daylight
sn	1	0	0	//ldml/dates/timeZoneNames/zone[@type="([^"]*+)"]/long/standard	Etc/UTC
sn	1	0	0	//ldml/dates/timeZoneNames/zone[@type="([^"]*+)"]/short/standard	Etc/UTC
sn	3	0	0	//ldml/localeDisplayNames/codePatterns/codePattern[@type="([^"]*+)"]	language; script; territory
sn	1	0	0	//ldml/localeDisplayNames/localeDisplayPattern/localePattern	
sn	1	0	0	//ldml/localeDisplayNames/localeDisplayPattern/localeSeparator	
sn	3	0	0	//ldml/localeDisplayNames/measurementSystemNames/measurementSystemName[@type="([^"]*+)"]	UK; US; metric
sn	1	0	0	//ldml/localeDisplayNames/scripts/script[@type="([^"]*+)"]	Latn
sn	21	0	0	Totals	
					
ss	10	0	0	//ldml/dates/calendars/calendar[@type="([^"]*+)"]/dateTimeFormats/availableFormats/dateFormatItem[@id="([^"]*+)"]	gregorian, Hm; gregorian, Hms; gregorian, Hmsv; gregorian, hm; gregorian, hms; gregorian, hmsv; gregorian, yMMMMEd; gregorian, yMMMMd; gregorian, yMMMd; gregorian, yMd
ss	1	0	0	//ldml/dates/calendars/calendar[@type="([^"]*+)"]/dateTimeFormats/intervalFormats/intervalFormatFallback	gregorian
ss	2	0	0	//ldml/dates/calendars/calendar[@type="([^"]*+)"]/dayPeriods/dayPeriodContext[@type="([^"]*+)"]/dayPeriodWidth[@type="([^"]*+)"]/dayPeriod[@type="([^"]*+)"]	gregorian, format, wide, am; gregorian, format, wide, pm
ss	0	0	7	//ldml/dates/calendars/calendar[@type="([^"]*+)"]/days/dayContext[@type="([^"]*+)"]/dayWidth[@type="([^"]*+)"]/day[@type="([^"]*+)"]	gregorian, format, wide, fri; gregorian, format, wide, mon; gregorian, format, wide, sat; gregorian, format, wide, sun; gregorian, format, wide, thu; gregorian, format, wide, tue; gregorian, format, wide, wed
ss	0	0	12	//ldml/dates/calendars/calendar[@type="([^"]*+)"]/months/monthContext[@type="([^"]*+)"]/monthWidth[@type="([^"]*+)"]/month[@type="([^"]*+)"]	gregorian, format, wide, 1; gregorian, format, wide, 10; gregorian, format, wide, 11; gregorian, format, wide, 12; gregorian, format, wide, 2; gregorian, format, wide, 3; gregorian, format, wide, 4; gregorian, format, wide, 5; gregorian, format, wide, 6; gregorian, format, wide, 7; gregorian, format, wide, 8; gregorian, format, wide, 9
ss	1	0	0	//ldml/dates/timeZoneNames/fallbackFormat	
ss	1	0	0	//ldml/dates/timeZoneNames/gmtFormat	
ss	1	0	0	//ldml/dates/timeZoneNames/gmtFormat[@alt="([^"]*+)"]	utc
ss	1	0	0	//ldml/dates/timeZoneNames/hourFormat	
ss	1	0	0	//ldml/dates/timeZoneNames/metazone[@type="([^"]*+)"]/long/standard	GMT
ss	1	0	0	//ldml/dates/timeZoneNames/regionFormat	
ss	2	0	0	//ldml/dates/timeZoneNames/regionFormat[@type="([^"]*+)"]	daylight
ss	1	0	0	//ldml/dates/timeZoneNames/zone[@type="([^"]*+)"]/long/standard	Etc/UTC
ss	1	0	0	//ldml/dates/timeZoneNames/zone[@type="([^"]*+)"]/short/standard	Etc/UTC
ss	0	0	1	//ldml/delimiters/alternateQuotationEnd	
ss	0	0	1	//ldml/delimiters/alternateQuotationStart	
ss	0	0	1	//ldml/delimiters/quotationEnd	
ss	0	0	1	//ldml/delimiters/quotationStart	
ss	3	0	0	//ldml/localeDisplayNames/codePatterns/codePattern[@type="([^"]*+)"]	language; script; territory
ss	1	0	0	//ldml/localeDisplayNames/languages/language[@type="([^"]*+)"]	en
ss	1	0	0	//ldml/localeDisplayNames/localeDisplayPattern/localePattern	
ss	1	0	0	//ldml/localeDisplayNames/localeDisplayPattern/localeSeparator	
ss	3	0	0	//ldml/localeDisplayNames/measurementSystemNames/measurementSystemName[@type="([^"]*+)"]	UK; US; metric
ss	1	0	0	//ldml/localeDisplayNames/scripts/script[@type="([^"]*+)"]	Latn
ss	2	0	0	//ldml/localeDisplayNames/territories/territory[@type="([^"]*+)"]	ZA
ss	1	0	0	//ldml/numbers/symbols[@numberSystem="([^"]*+)"]/minusSign	latn
ss	1	0	0	//ldml/numbers/symbols[@numberSystem="([^"]*+)"]/percentSign	latn
ss	1	0	0	//ldml/numbers/symbols[@numberSystem="([^"]*+)"]/plusSign	latn
ss	38	0	23	Totals	
					
ssy	10	0	0	//ldml/dates/calendars/calendar[@type="([^"]*+)"]/dateTimeFormats/availableFormats/dateFormatItem[@id="([^"]*+)"]	gregorian, Hm; gregorian, Hms; gregorian, Hmsv; gregorian, hm; gregorian, hms; gregorian, hmsv; gregorian, yMMMMEd; gregorian, yMMMMd; gregorian, yMMMd; gregorian, yMd
ssy	1	0	0	//ldml/dates/calendars/calendar[@type="([^"]*+)"]/dateTimeFormats/intervalFormats/intervalFormatFallback	gregorian
ssy	0	0	2	//ldml/dates/calendars/calendar[@type="([^"]*+)"]/dayPeriods/dayPeriodContext[@type="([^"]*+)"]/dayPeriodWidth[@type="([^"]*+)"]/dayPeriod[@type="([^"]*+)"]	gregorian, format, wide, am; gregorian, format, wide, pm
ssy	0	0	7	//ldml/dates/calendars/calendar[@type="([^"]*+)"]/days/dayContext[@type="([^"]*+)"]/dayWidth[@type="([^"]*+)"]/day[@type="([^"]*+)"]	gregorian, format, wide, fri; gregorian, format, wide, mon; gregorian, format, wide, sat; gregorian, format, wide, sun; gregorian, format, wide, thu; gregorian, format, wide, tue; gregorian, format, wide, wed
ssy	0	0	12	//ldml/dates/calendars/calendar[@type="([^"]*+)"]/months/monthContext[@type="([^"]*+)"]/monthWidth[@type="([^"]*+)"]/month[@type="([^"]*+)"]	gregorian, format, wide, 1; gregorian, format, wide, 10; gregorian, format, wide, 11; gregorian, format, wide, 12; gregorian, format, wide, 2; gregorian, format, wide, 3; gregorian, format, wide, 4; gregorian, format, wide, 5; gregorian, format, wide, 6; gregorian, format, wide, 7; gregorian, format, wide, 8; gregorian, format, wide, 9
ssy	1	0	0	//ldml/dates/timeZoneNames/fallbackFormat	
ssy	1	0	0	//ldml/dates/timeZoneNames/gmtFormat	
ssy	1	0	0	//ldml/dates/timeZoneNames/gmtFormat[@alt="([^"]*+)"]	utc
ssy	1	0	0	//ldml/dates/timeZoneNames/hourFormat	
ssy	1	0	0	//ldml/dates/timeZoneNames/metazone[@type="([^"]*+)"]/long/standard	GMT
ssy	1	0	0	//ldml/dates/timeZoneNames/regionFormat	
ssy	2	0	0	//ldml/dates/timeZoneNames/regionFormat[@type="([^"]*+)"]	daylight
ssy	1	0	0	//ldml/dates/timeZoneNames/zone[@type="([^"]*+)"]/long/standard	Etc/UTC
ssy	1	0	0	//ldml/dates/timeZoneNames/zone[@type="([^"]*+)"]/short/standard	Etc/UTC
ssy	1	0	0	//ldml/delimiters/alternateQuotationEnd	
ssy	1	0	0	//ldml/delimiters/alternateQuotationStart	
ssy	1	0	0	//ldml/delimiters/quotationEnd	
ssy	1	0	0	//ldml/delimiters/quotationStart	
ssy	3	0	0	//ldml/localeDisplayNames/codePatterns/codePattern[@type="([^"]*+)"]	language; script; territory
ssy	1	0	0	//ldml/localeDisplayNames/languages/language[@type="([^"]*+)"]	en
ssy	1	0	0	//ldml/localeDisplayNames/localeDisplayPattern/localePattern	
ssy	1	0	0	//ldml/localeDisplayNames/localeDisplayPattern/localeSeparator	
ssy	3	0	0	//ldml/localeDisplayNames/measurementSystemNames/measurementSystemName[@type="([^"]*+)"]	UK; US; metric
ssy	0	0	1	//ldml/localeDisplayNames/scripts/script[@type="([^"]*+)"]	Latn
ssy	0	0	1	//ldml/localeDisplayNames/territories/territory[@type="([^"]*+)"]	ER
ssy	0	0	1	//ldml/numbers/currencyFormats[@numberSystem="([^"]*+)"]/currencyFormatLength/currencyFormat[@type="([^"]*+)"]/pattern[@type="([^"]*+)"]	latn
ssy	1	0	0	//ldml/numbers/decimalFormats[@numberSystem="([^"]*+)"]/decimalFormatLength/decimalFormat[@type="([^"]*+)"]/pattern[@type="([^"]*+)"]	latn
ssy	1	0	0	//ldml/numbers/percentFormats[@numberSystem="([^"]*+)"]/percentFormatLength/percentFormat[@type="([^"]*+)"]/pattern[@type="([^"]*+)"]	latn
ssy	1	0	0	//ldml/numbers/scientificFormats[@numberSystem="([^"]*+)"]/scientificFormatLength/scientificFormat[@type="([^"]*+)"]/pattern[@type="([^"]*+)"]	latn
ssy	1	0	0	//ldml/numbers/symbols[@numberSystem="([^"]*+)"]/decimal	latn
ssy	1	0	0	//ldml/numbers/symbols[@numberSystem="([^"]*+)"]/group	latn
ssy	1	0	0	//ldml/numbers/symbols[@numberSystem="([^"]*+)"]/minusSign	latn
ssy	1	0	0	//ldml/numbers/symbols[@numberSystem="([^"]*+)"]/percentSign	latn
ssy	1	0	0	//ldml/numbers/symbols[@numberSystem="([^"]*+)"]/plusSign	latn
ssy	42	0	24	Totals	
					
sus	10	0	0	//ldml/dates/calendars/calendar[@type="([^"]*+)"]/dateTimeFormats/availableFormats/dateFormatItem[@id="([^"]*+)"]	gregorian, Hm; gregorian, Hms; gregorian, Hmsv; gregorian, hm; gregorian, hms; gregorian, hmsv; gregorian, yMMMMEd; gregorian, yMMMMd; gregorian, yMMMd; gregorian, yMd
sus	1	0	0	//ldml/dates/calendars/calendar[@type="([^"]*+)"]/dateTimeFormats/intervalFormats/intervalFormatFallback	gregorian
sus	2	0	0	//ldml/dates/calendars/calendar[@type="([^"]*+)"]/dayPeriods/dayPeriodContext[@type="([^"]*+)"]/dayPeriodWidth[@type="([^"]*+)"]/dayPeriod[@type="([^"]*+)"]	gregorian, format, wide, am; gregorian, format, wide, pm
sus	1	0	0	//ldml/dates/timeZoneNames/fallbackFormat	
sus	1	0	0	//ldml/dates/timeZoneNames/gmtFormat	
sus	1	0	0	//ldml/dates/timeZoneNames/gmtFormat[@alt="([^"]*+)"]	utc
sus	1	0	0	//ldml/dates/timeZoneNames/hourFormat	
sus	1	0	0	//ldml/dates/timeZoneNames/metazone[@type="([^"]*+)"]/long/standard	GMT
sus	1	0	0	//ldml/dates/timeZoneNames/regionFormat	
sus	2	0	0	//ldml/dates/timeZoneNames/regionFormat[@type="([^"]*+)"]	daylight
sus	1	0	0	//ldml/dates/timeZoneNames/zone[@type="([^"]*+)"]/long/standard	Etc/UTC
sus	1	0	0	//ldml/dates/timeZoneNames/zone[@type="([^"]*+)"]/short/standard	Etc/UTC
sus	1	0	0	//ldml/delimiters/alternateQuotationEnd	
sus	1	0	0	//ldml/delimiters/alternateQuotationStart	
sus	1	0	0	//ldml/delimiters/quotationEnd	
sus	1	0	0	//ldml/delimiters/quotationStart	
sus	3	0	0	//ldml/localeDisplayNames/codePatterns/codePattern[@type="([^"]*+)"]	language; script; territory
sus	3	0	0	//ldml/localeDisplayNames/languages/language[@type="([^"]*+)"]	en; sus
sus	1	0	0	//ldml/localeDisplayNames/localeDisplayPattern/localePattern	
sus	1	0	0	//ldml/localeDisplayNames/localeDisplayPattern/localeSeparator	
sus	3	0	0	//ldml/localeDisplayNames/measurementSystemNames/measurementSystemName[@type="([^"]*+)"]	UK; US; metric
sus	1	0	0	//ldml/localeDisplayNames/scripts/script[@type="([^"]*+)"]	Latn
sus	3	0	0	//ldml/localeDisplayNames/territories/territory[@type="([^"]*+)"]	GN; SL
sus	1	0	0	//ldml/numbers/currencyFormats[@numberSystem="([^"]*+)"]/currencyFormatLength/currencyFormat[@type="([^"]*+)"]/pattern[@type="([^"]*+)"]	latn
sus	1	0	0	//ldml/numbers/decimalFormats[@numberSystem="([^"]*+)"]/decimalFormatLength/decimalFormat[@type="([^"]*+)"]/pattern[@type="([^"]*+)"]	latn
sus	1	0	0	//ldml/numbers/percentFormats[@numberSystem="([^"]*+)"]/percentFormatLength/percentFormat[@type="([^"]*+)"]/pattern[@type="([^"]*+)"]	latn
sus	1	0	0	//ldml/numbers/scientificFormats[@numberSystem="([^"]*+)"]/scientificFormatLength/scientificFormat[@type="([^"]*+)"]/pattern[@type="([^"]*+)"]	latn
sus	1	0	0	//ldml/numbers/symbols[@numberSystem="([^"]*+)"]/decimal	latn
sus	1	0	0	//ldml/numbers/symbols[@numberSystem="([^"]*+)"]/group	latn
sus	1	0	0	//ldml/numbers/symbols[@numberSystem="([^"]*+)"]/minusSign	latn
sus	1	0	0	//ldml/numbers/symbols[@numberSystem="([^"]*+)"]/percentSign	latn
sus	1	0	0	//ldml/numbers/symbols[@numberSystem="([^"]*+)"]/plusSign	latn
sus	51	0	0	Totals	
					
suz	10	0	0	//ldml/dates/calendars/calendar[@type="([^"]*+)"]/dateTimeFormats/availableFormats/dateFormatItem[@id="([^"]*+)"]	gregorian, Hm; gregorian, Hms; gregorian, Hmsv; gregorian, hm; gregorian, hms; gregorian, hmsv; gregorian, yMMMMEd; gregorian, yMMMMd; gregorian, yMMMd; gregorian, yMd
suz	1	0	0	//ldml/dates/calendars/calendar[@type="([^"]*+)"]/dateTimeFormats/intervalFormats/intervalFormatFallback	gregorian
suz	2	0	0	//ldml/dates/calendars/calendar[@type="([^"]*+)"]/dayPeriods/dayPeriodContext[@type="([^"]*+)"]/dayPeriodWidth[@type="([^"]*+)"]/dayPeriod[@type="([^"]*+)"]	gregorian, format, wide, am; gregorian, format, wide, pm
suz	7	0	0	//ldml/dates/calendars/calendar[@type="([^"]*+)"]/days/dayContext[@type="([^"]*+)"]/dayWidth[@type="([^"]*+)"]/day[@type="([^"]*+)"]	gregorian, format, wide, fri; gregorian, format, wide, mon; gregorian, format, wide, sat; gregorian, format, wide, sun; gregorian, format, wide, thu; gregorian, format, wide, tue; gregorian, format, wide, wed
suz	12	0	0	//ldml/dates/calendars/calendar[@type="([^"]*+)"]/months/monthContext[@type="([^"]*+)"]/monthWidth[@type="([^"]*+)"]/month[@type="([^"]*+)"]	gregorian, format, wide, 1; gregorian, format, wide, 10; gregorian, format, wide, 11; gregorian, format, wide, 12; gregorian, format, wide, 2; gregorian, format, wide, 3; gregorian, format, wide, 4; gregorian, format, wide, 5; gregorian, format, wide, 6; gregorian, format, wide, 7; gregorian, format, wide, 8; gregorian, format, wide, 9
suz	1	0	0	//ldml/dates/timeZoneNames/fallbackFormat	
suz	1	0	0	//ldml/dates/timeZoneNames/gmtFormat	
suz	1	0	0	//ldml/dates/timeZoneNames/gmtFormat[@alt="([^"]*+)"]	utc
suz	1	0	0	//ldml/dates/timeZoneNames/hourFormat	
suz	1	0	0	//ldml/dates/timeZoneNames/metazone[@type="([^"]*+)"]/long/standard	GMT
suz	1	0	0	//ldml/dates/timeZoneNames/regionFormat	
suz	2	0	0	//ldml/dates/timeZoneNames/regionFormat[@type="([^"]*+)"]	daylight
suz	1	0	0	//ldml/dates/timeZoneNames/zone[@type="([^"]*+)"]/long/standard	Etc/UTC
suz	1	0	0	//ldml/dates/timeZoneNames/zone[@type="([^"]*+)"]/short/standard	Etc/UTC
suz	1	0	0	//ldml/delimiters/alternateQuotationEnd	
suz	1	0	0	//ldml/delimiters/alternateQuotationStart	
suz	1	0	0	//ldml/delimiters/quotationEnd	
suz	1	0	0	//ldml/delimiters/quotationStart	
suz	3	0	0	//ldml/localeDisplayNames/codePatterns/codePattern[@type="([^"]*+)"]	language; script; territory
suz	3	0	0	//ldml/localeDisplayNames/languages/language[@type="([^"]*+)"]	en; suz
suz	1	0	0	//ldml/localeDisplayNames/localeDisplayPattern/localePattern	
suz	1	0	0	//ldml/localeDisplayNames/localeDisplayPattern/localeSeparator	
suz	3	0	0	//ldml/localeDisplayNames/measurementSystemNames/measurementSystemName[@type="([^"]*+)"]	UK; US; metric
suz	2	0	0	//ldml/localeDisplayNames/scripts/script[@type="([^"]*+)"]	Deva; Sunu
suz	2	0	0	//ldml/localeDisplayNames/territories/territory[@type="([^"]*+)"]	NP
suz	2	0	0	//ldml/numbers/currencyFormats[@numberSystem="([^"]*+)"]/currencyFormatLength/currencyFormat[@type="([^"]*+)"]/pattern[@type="([^"]*+)"]	deva; latn
suz	2	0	0	//ldml/numbers/decimalFormats[@numberSystem="([^"]*+)"]/decimalFormatLength/decimalFormat[@type="([^"]*+)"]/pattern[@type="([^"]*+)"]	deva; latn
suz	2	0	0	//ldml/numbers/percentFormats[@numberSystem="([^"]*+)"]/percentFormatLength/percentFormat[@type="([^"]*+)"]/pattern[@type="([^"]*+)"]	deva; latn
suz	2	0	0	//ldml/numbers/scientificFormats[@numberSystem="([^"]*+)"]/scientificFormatLength/scientificFormat[@type="([^"]*+)"]/pattern[@type="([^"]*+)"]	deva; latn
suz	2	0	0	//ldml/numbers/symbols[@numberSystem="([^"]*+)"]/decimal	deva; latn
suz	2	0	0	//ldml/numbers/symbols[@numberSystem="([^"]*+)"]/group	deva; latn
suz	2	0	0	//ldml/numbers/symbols[@numberSystem="([^"]*+)"]/minusSign	deva; latn
suz	2	0	0	//ldml/numbers/symbols[@numberSystem="([^"]*+)"]/percentSign	deva; latn
suz	2	0	0	//ldml/numbers/symbols[@numberSystem="([^"]*+)"]/plusSign	deva; latn
suz	79	0	0	Totals	
					
suz_Sunu	10	0	0	//ldml/dates/calendars/calendar[@type="([^"]*+)"]/dateTimeFormats/availableFormats/dateFormatItem[@id="([^"]*+)"]	gregorian, Hm; gregorian, Hms; gregorian, Hmsv; gregorian, hm; gregorian, hms; gregorian, hmsv; gregorian, yMMMMEd; gregorian, yMMMMd; gregorian, yMMMd; gregorian, yMd
suz_Sunu	1	0	0	//ldml/dates/calendars/calendar[@type="([^"]*+)"]/dateTimeFormats/intervalFormats/intervalFormatFallback	gregorian
suz_Sunu	2	0	0	//ldml/dates/calendars/calendar[@type="([^"]*+)"]/dayPeriods/dayPeriodContext[@type="([^"]*+)"]/dayPeriodWidth[@type="([^"]*+)"]/dayPeriod[@type="([^"]*+)"]	gregorian, format, wide, am; gregorian, format, wide, pm
suz_Sunu	7	0	0	//ldml/dates/calendars/calendar[@type="([^"]*+)"]/days/dayContext[@type="([^"]*+)"]/dayWidth[@type="([^"]*+)"]/day[@type="([^"]*+)"]	gregorian, format, wide, fri; gregorian, format, wide, mon; gregorian, format, wide, sat; gregorian, format, wide, sun; gregorian, format, wide, thu; gregorian, format, wide, tue; gregorian, format, wide, wed
suz_Sunu	12	0	0	//ldml/dates/calendars/calendar[@type="([^"]*+)"]/months/monthContext[@type="([^"]*+)"]/monthWidth[@type="([^"]*+)"]/month[@type="([^"]*+)"]	gregorian, format, wide, 1; gregorian, format, wide, 10; gregorian, format, wide, 11; gregorian, format, wide, 12; gregorian, format, wide, 2; gregorian, format, wide, 3; gregorian, format, wide, 4; gregorian, format, wide, 5; gregorian, format, wide, 6; gregorian, format, wide, 7; gregorian, format, wide, 8; gregorian, format, wide, 9
suz_Sunu	1	0	0	//ldml/dates/timeZoneNames/fallbackFormat	
suz_Sunu	1	0	0	//ldml/dates/timeZoneNames/gmtFormat	
suz_Sunu	1	0	0	//ldml/dates/timeZoneNames/gmtFormat[@alt="([^"]*+)"]	utc
suz_Sunu	1	0	0	//ldml/dates/timeZoneNames/hourFormat	
suz_Sunu	1	0	0	//ldml/dates/timeZoneNames/metazone[@type="([^"]*+)"]/long/standard	GMT
suz_Sunu	1	0	0	//ldml/dates/timeZoneNames/regionFormat	
suz_Sunu	2	0	0	//ldml/dates/timeZoneNames/regionFormat[@type="([^"]*+)"]	daylight
suz_Sunu	1	0	0	//ldml/dates/timeZoneNames/zone[@type="([^"]*+)"]/long/standard	Etc/UTC
suz_Sunu	1	0	0	//ldml/dates/timeZoneNames/zone[@type="([^"]*+)"]/short/standard	Etc/UTC
suz_Sunu	1	0	0	//ldml/delimiters/alternateQuotationEnd	
suz_Sunu	1	0	0	//ldml/delimiters/alternateQuotationStart	
suz_Sunu	1	0	0	//ldml/delimiters/quotationEnd	
suz_Sunu	1	0	0	//ldml/delimiters/quotationStart	
suz_Sunu	3	0	0	//ldml/localeDisplayNames/codePatterns/codePattern[@type="([^"]*+)"]	language; script; territory
suz_Sunu	3	0	0	//ldml/localeDisplayNames/languages/language[@type="([^"]*+)"]	en; suz
suz_Sunu	1	0	0	//ldml/localeDisplayNames/localeDisplayPattern/localePattern	
suz_Sunu	1	0	0	//ldml/localeDisplayNames/localeDisplayPattern/localeSeparator	
suz_Sunu	3	0	0	//ldml/localeDisplayNames/measurementSystemNames/measurementSystemName[@type="([^"]*+)"]	UK; US; metric
suz_Sunu	2	0	0	//ldml/localeDisplayNames/scripts/script[@type="([^"]*+)"]	Deva; Sunu
suz_Sunu	2	0	0	//ldml/localeDisplayNames/territories/territory[@type="([^"]*+)"]	NP
suz_Sunu	2	0	0	//ldml/numbers/currencyFormats[@numberSystem="([^"]*+)"]/currencyFormatLength/currencyFormat[@type="([^"]*+)"]/pattern[@type="([^"]*+)"]	deva; latn
suz_Sunu	2	0	0	//ldml/numbers/decimalFormats[@numberSystem="([^"]*+)"]/decimalFormatLength/decimalFormat[@type="([^"]*+)"]/pattern[@type="([^"]*+)"]	deva; latn
suz_Sunu	2	0	0	//ldml/numbers/percentFormats[@numberSystem="([^"]*+)"]/percentFormatLength/percentFormat[@type="([^"]*+)"]/pattern[@type="([^"]*+)"]	deva; latn
suz_Sunu	2	0	0	//ldml/numbers/scientificFormats[@numberSystem="([^"]*+)"]/scientificFormatLength/scientificFormat[@type="([^"]*+)"]/pattern[@type="([^"]*+)"]	deva; latn
suz_Sunu	2	0	0	//ldml/numbers/symbols[@numberSystem="([^"]*+)"]/decimal	deva; latn
suz_Sunu	2	0	0	//ldml/numbers/symbols[@numberSystem="([^"]*+)"]/group	deva; latn
suz_Sunu	2	0	0	//ldml/numbers/symbols[@numberSystem="([^"]*+)"]/minusSign	deva; latn
suz_Sunu	2	0	0	//ldml/numbers/symbols[@numberSystem="([^"]*+)"]/percentSign	deva; latn
suz_Sunu	2	0	0	//ldml/numbers/symbols[@numberSystem="([^"]*+)"]/plusSign	deva; latn
suz_Sunu	79	0	0	Totals	
					
syr	2	0	0	//ldml/dates/calendars/calendar[@type="([^"]*+)"]/dateTimeFormats/availableFormats/dateFormatItem[@id="([^"]*+)"]	gregorian, yMMMMEd; gregorian, yMMMMd
syr	1	0	0	//ldml/dates/timeZoneNames/gmtFormat[@alt="([^"]*+)"]	utc
syr	3	0	0	Totals	
					
szl	2	0	0	//ldml/dates/calendars/calendar[@type="([^"]*+)"]/dateTimeFormats/availableFormats/dateFormatItem[@id="([^"]*+)"]	gregorian, yMMMMEd; gregorian, yMMMMd
szl	1	0	0	//ldml/dates/timeZoneNames/gmtFormat[@alt="([^"]*+)"]	utc
szl	0	0	1	//ldml/dates/timeZoneNames/zone[@type="([^"]*+)"]/long/standard	Etc/UTC
szl	1	0	0	//ldml/dates/timeZoneNames/zone[@type="([^"]*+)"]/short/standard	Etc/UTC
szl	4	0	1	Totals	
					
teo	7	0	0	//ldml/dates/calendars/calendar[@type="([^"]*+)"]/dateTimeFormats/availableFormats/dateFormatItem[@id="([^"]*+)"]	gregorian, Hmsv; gregorian, hms; gregorian, hmsv; gregorian, yMMMMEd; gregorian, yMMMMd; gregorian, yMMMd; gregorian, yMd
teo	1	0	0	//ldml/dates/calendars/calendar[@type="([^"]*+)"]/dateTimeFormats/intervalFormats/intervalFormatFallback	gregorian
teo	1	0	0	//ldml/dates/timeZoneNames/fallbackFormat	
teo	1	0	0	//ldml/dates/timeZoneNames/gmtFormat	
teo	1	0	0	//ldml/dates/timeZoneNames/gmtFormat[@alt="([^"]*+)"]	utc
teo	1	0	0	//ldml/dates/timeZoneNames/hourFormat	
teo	1	0	0	//ldml/dates/timeZoneNames/metazone[@type="([^"]*+)"]/long/standard	GMT
teo	1	0	0	//ldml/dates/timeZoneNames/regionFormat	
teo	2	0	0	//ldml/dates/timeZoneNames/regionFormat[@type="([^"]*+)"]	daylight
teo	1	0	0	//ldml/dates/timeZoneNames/zone[@type="([^"]*+)"]/long/standard	Etc/UTC
teo	1	0	0	//ldml/dates/timeZoneNames/zone[@type="([^"]*+)"]/short/standard	Etc/UTC
teo	3	0	0	//ldml/localeDisplayNames/codePatterns/codePattern[@type="([^"]*+)"]	language; script; territory
teo	1	0	0	//ldml/localeDisplayNames/localeDisplayPattern/localePattern	
teo	1	0	0	//ldml/localeDisplayNames/localeDisplayPattern/localeSeparator	
teo	3	0	0	//ldml/localeDisplayNames/measurementSystemNames/measurementSystemName[@type="([^"]*+)"]	UK; US; metric
teo	1	0	0	//ldml/localeDisplayNames/scripts/script[@type="([^"]*+)"]	Latn
teo	1	0	0	//ldml/numbers/decimalFormats[@numberSystem="([^"]*+)"]/decimalFormatLength/decimalFormat[@type="([^"]*+)"]/pattern[@type="([^"]*+)"]	latn
teo	1	0	0	//ldml/numbers/percentFormats[@numberSystem="([^"]*+)"]/percentFormatLength/percentFormat[@type="([^"]*+)"]/pattern[@type="([^"]*+)"]	latn
teo	1	0	0	//ldml/numbers/scientificFormats[@numberSystem="([^"]*+)"]/scientificFormatLength/scientificFormat[@type="([^"]*+)"]/pattern[@type="([^"]*+)"]	latn
teo	1	0	0	//ldml/numbers/symbols[@numberSystem="([^"]*+)"]/decimal	latn
teo	1	0	0	//ldml/numbers/symbols[@numberSystem="([^"]*+)"]/group	latn
teo	1	0	0	//ldml/numbers/symbols[@numberSystem="([^"]*+)"]/minusSign	latn
teo	1	0	0	//ldml/numbers/symbols[@numberSystem="([^"]*+)"]/percentSign	latn
teo	1	0	0	//ldml/numbers/symbols[@numberSystem="([^"]*+)"]/plusSign	latn
teo	35	0	0	Totals	
					
tig	10	0	0	//ldml/dates/calendars/calendar[@type="([^"]*+)"]/dateTimeFormats/availableFormats/dateFormatItem[@id="([^"]*+)"]	gregorian, Hm; gregorian, Hms; gregorian, Hmsv; gregorian, hm; gregorian, hms; gregorian, hmsv; gregorian, yMMMMEd; gregorian, yMMMMd; gregorian, yMMMd; gregorian, yMd
tig	1	0	0	//ldml/dates/calendars/calendar[@type="([^"]*+)"]/dateTimeFormats/intervalFormats/intervalFormatFallback	gregorian
tig	0	0	2	//ldml/dates/calendars/calendar[@type="([^"]*+)"]/dayPeriods/dayPeriodContext[@type="([^"]*+)"]/dayPeriodWidth[@type="([^"]*+)"]/dayPeriod[@type="([^"]*+)"]	gregorian, format, wide, am; gregorian, format, wide, pm
tig	0	0	7	//ldml/dates/calendars/calendar[@type="([^"]*+)"]/days/dayContext[@type="([^"]*+)"]/dayWidth[@type="([^"]*+)"]/day[@type="([^"]*+)"]	gregorian, format, wide, fri; gregorian, format, wide, mon; gregorian, format, wide, sat; gregorian, format, wide, sun; gregorian, format, wide, thu; gregorian, format, wide, tue; gregorian, format, wide, wed
tig	0	0	12	//ldml/dates/calendars/calendar[@type="([^"]*+)"]/months/monthContext[@type="([^"]*+)"]/monthWidth[@type="([^"]*+)"]/month[@type="([^"]*+)"]	gregorian, format, wide, 1; gregorian, format, wide, 10; gregorian, format, wide, 11; gregorian, format, wide, 12; gregorian, format, wide, 2; gregorian, format, wide, 3; gregorian, format, wide, 4; gregorian, format, wide, 5; gregorian, format, wide, 6; gregorian, format, wide, 7; gregorian, format, wide, 8; gregorian, format, wide, 9
tig	1	0	0	//ldml/dates/timeZoneNames/fallbackFormat	
tig	1	0	0	//ldml/dates/timeZoneNames/gmtFormat	
tig	1	0	0	//ldml/dates/timeZoneNames/gmtFormat[@alt="([^"]*+)"]	utc
tig	1	0	0	//ldml/dates/timeZoneNames/hourFormat	
tig	1	0	0	//ldml/dates/timeZoneNames/metazone[@type="([^"]*+)"]/long/standard	GMT
tig	1	0	0	//ldml/dates/timeZoneNames/regionFormat	
tig	2	0	0	//ldml/dates/timeZoneNames/regionFormat[@type="([^"]*+)"]	daylight
tig	1	0	0	//ldml/dates/timeZoneNames/zone[@type="([^"]*+)"]/long/standard	Etc/UTC
tig	1	0	0	//ldml/dates/timeZoneNames/zone[@type="([^"]*+)"]/short/standard	Etc/UTC
tig	1	0	0	//ldml/delimiters/alternateQuotationEnd	
tig	1	0	0	//ldml/delimiters/alternateQuotationStart	
tig	1	0	0	//ldml/delimiters/quotationEnd	
tig	1	0	0	//ldml/delimiters/quotationStart	
tig	3	0	0	//ldml/localeDisplayNames/codePatterns/codePattern[@type="([^"]*+)"]	language; script; territory
tig	0	0	2	//ldml/localeDisplayNames/languages/language[@type="([^"]*+)"]	en; tig
tig	1	0	0	//ldml/localeDisplayNames/localeDisplayPattern/localePattern	
tig	1	0	0	//ldml/localeDisplayNames/localeDisplayPattern/localeSeparator	
tig	3	0	0	//ldml/localeDisplayNames/measurementSystemNames/measurementSystemName[@type="([^"]*+)"]	UK; US; metric
tig	1	0	0	//ldml/localeDisplayNames/scripts/script[@type="([^"]*+)"]	Ethi
tig	0	0	1	//ldml/localeDisplayNames/territories/territory[@type="([^"]*+)"]	ER
tig	0	0	1	//ldml/numbers/currencyFormats[@numberSystem="([^"]*+)"]/currencyFormatLength/currencyFormat[@type="([^"]*+)"]/pattern[@type="([^"]*+)"]	latn
tig	1	0	0	//ldml/numbers/decimalFormats[@numberSystem="([^"]*+)"]/decimalFormatLength/decimalFormat[@type="([^"]*+)"]/pattern[@type="([^"]*+)"]	latn
tig	1	0	0	//ldml/numbers/percentFormats[@numberSystem="([^"]*+)"]/percentFormatLength/percentFormat[@type="([^"]*+)"]/pattern[@type="([^"]*+)"]	latn
tig	1	0	0	//ldml/numbers/scientificFormats[@numberSystem="([^"]*+)"]/scientificFormatLength/scientificFormat[@type="([^"]*+)"]/pattern[@type="([^"]*+)"]	latn
tig	1	0	0	//ldml/numbers/symbols[@numberSystem="([^"]*+)"]/decimal	latn
tig	1	0	0	//ldml/numbers/symbols[@numberSystem="([^"]*+)"]/group	latn
tig	1	0	0	//ldml/numbers/symbols[@numberSystem="([^"]*+)"]/minusSign	latn
tig	1	0	0	//ldml/numbers/symbols[@numberSystem="([^"]*+)"]/percentSign	latn
tig	1	0	0	//ldml/numbers/symbols[@numberSystem="([^"]*+)"]/plusSign	latn
tig	42	0	25	Totals	
					
tok	2	0	0	//ldml/dates/calendars/calendar[@type="([^"]*+)"]/dateTimeFormats/availableFormats/dateFormatItem[@id="([^"]*+)"]	gregorian, yMMMMEd; gregorian, yMMMMd
tok	1	0	0	//ldml/dates/timeZoneNames/gmtFormat[@alt="([^"]*+)"]	utc
tok	1	0	0	//ldml/dates/timeZoneNames/zone[@type="([^"]*+)"]/long/standard	Etc/UTC
tok	1	0	0	//ldml/dates/timeZoneNames/zone[@type="([^"]*+)"]/short/standard	Etc/UTC
tok	5	0	0	Totals	
					
tpi	2	0	0	//ldml/dates/calendars/calendar[@type="([^"]*+)"]/dateTimeFormats/availableFormats/dateFormatItem[@id="([^"]*+)"]	gregorian, yMMMMEd; gregorian, yMMMMd
tpi	1	0	0	//ldml/dates/timeZoneNames/fallbackFormat	
tpi	1	0	0	//ldml/dates/timeZoneNames/gmtFormat	
tpi	1	0	0	//ldml/dates/timeZoneNames/gmtFormat[@alt="([^"]*+)"]	utc
tpi	1	0	0	//ldml/dates/timeZoneNames/hourFormat	
tpi	1	0	0	//ldml/dates/timeZoneNames/metazone[@type="([^"]*+)"]/long/standard	GMT
tpi	1	0	0	//ldml/dates/timeZoneNames/regionFormat	
tpi	2	0	0	//ldml/dates/timeZoneNames/regionFormat[@type="([^"]*+)"]	daylight
tpi	1	0	0	//ldml/dates/timeZoneNames/zone[@type="([^"]*+)"]/long/standard	Etc/UTC
tpi	1	0	0	//ldml/dates/timeZoneNames/zone[@type="([^"]*+)"]/short/standard	Etc/UTC
tpi	1	0	0	//ldml/delimiters/alternateQuotationEnd	
tpi	1	0	0	//ldml/delimiters/alternateQuotationStart	
tpi	1	0	0	//ldml/delimiters/quotationEnd	
tpi	1	0	0	//ldml/delimiters/quotationStart	
tpi	3	0	0	//ldml/localeDisplayNames/measurementSystemNames/measurementSystemName[@type="([^"]*+)"]	UK; US; metric
tpi	19	0	0	Totals	
					
trv	9	1	0	//ldml/dates/calendars/calendar[@type="([^"]*+)"]/dateTimeFormats/availableFormats/dateFormatItem[@id="([^"]*+)"]	gregorian, Hm; gregorian, Hms; gregorian, Hmsv; gregorian, hm; gregorian, hms; gregorian, hmsv; gregorian, yMMMMEd; gregorian, yMMMMd; gregorian, yMMMd; gregorian, yMd
trv	1	0	0	//ldml/dates/calendars/calendar[@type="([^"]*+)"]/dateTimeFormats/intervalFormats/intervalFormatFallback	gregorian
trv	0	2	0	//ldml/dates/calendars/calendar[@type="([^"]*+)"]/dayPeriods/dayPeriodContext[@type="([^"]*+)"]/dayPeriodWidth[@type="([^"]*+)"]/dayPeriod[@type="([^"]*+)"]	gregorian, format, wide, am; gregorian, format, wide, pm
trv	0	7	0	//ldml/dates/calendars/calendar[@type="([^"]*+)"]/days/dayContext[@type="([^"]*+)"]/dayWidth[@type="([^"]*+)"]/day[@type="([^"]*+)"]	gregorian, format, wide, fri; gregorian, format, wide, mon; gregorian, format, wide, sat; gregorian, format, wide, sun; gregorian, format, wide, thu; gregorian, format, wide, tue; gregorian, format, wide, wed
trv	0	12	0	//ldml/dates/calendars/calendar[@type="([^"]*+)"]/months/monthContext[@type="([^"]*+)"]/monthWidth[@type="([^"]*+)"]/month[@type="([^"]*+)"]	gregorian, format, wide, 1; gregorian, format, wide, 10; gregorian, format, wide, 11; gregorian, format, wide, 12; gregorian, format, wide, 2; gregorian, format, wide, 3; gregorian, format, wide, 4; gregorian, format, wide, 5; gregorian, format, wide, 6; gregorian, format, wide, 7; gregorian, format, wide, 8; gregorian, format, wide, 9
trv	1	0	0	//ldml/dates/timeZoneNames/fallbackFormat	
trv	0	1	0	//ldml/dates/timeZoneNames/gmtFormat	
trv	1	0	0	//ldml/dates/timeZoneNames/gmtFormat[@alt="([^"]*+)"]	utc
trv	0	1	0	//ldml/dates/timeZoneNames/hourFormat	
trv	0	1	0	//ldml/dates/timeZoneNames/metazone[@type="([^"]*+)"]/long/standard	GMT
trv	0	1	0	//ldml/dates/timeZoneNames/regionFormat	
trv	2	0	0	//ldml/dates/timeZoneNames/regionFormat[@type="([^"]*+)"]	daylight
trv	1	0	0	//ldml/dates/timeZoneNames/zone[@type="([^"]*+)"]/long/standard	Etc/UTC
trv	1	0	0	//ldml/dates/timeZoneNames/zone[@type="([^"]*+)"]/short/standard	Etc/UTC
trv	0	1	0	//ldml/delimiters/alternateQuotationEnd	
trv	0	1	0	//ldml/delimiters/alternateQuotationStart	
trv	0	1	0	//ldml/delimiters/quotationEnd	
trv	0	1	0	//ldml/delimiters/quotationStart	
trv	0	3	0	//ldml/localeDisplayNames/codePatterns/codePattern[@type="([^"]*+)"]	language; script; territory
trv	0	1	0	//ldml/localeDisplayNames/languages/language[@type="([^"]*+)"]	en
trv	1	0	0	//ldml/localeDisplayNames/localeDisplayPattern/localePattern	
trv	1	0	0	//ldml/localeDisplayNames/localeDisplayPattern/localeSeparator	
trv	1	2	0	//ldml/localeDisplayNames/measurementSystemNames/measurementSystemName[@type="([^"]*+)"]	UK; US; metric
trv	0	1	0	//ldml/localeDisplayNames/scripts/script[@type="([^"]*+)"]	Latn
trv	2	0	0	//ldml/localeDisplayNames/territories/territory[@type="([^"]*+)"]	TW
trv	0	1	0	//ldml/numbers/currencyFormats[@numberSystem="([^"]*+)"]/currencyFormatLength/currencyFormat[@type="([^"]*+)"]/pattern[@type="([^"]*+)"]	latn
trv	0	1	0	//ldml/numbers/decimalFormats[@numberSystem="([^"]*+)"]/decimalFormatLength/decimalFormat[@type="([^"]*+)"]/pattern[@type="([^"]*+)"]	latn
trv	0	1	0	//ldml/numbers/percentFormats[@numberSystem="([^"]*+)"]/percentFormatLength/percentFormat[@type="([^"]*+)"]/pattern[@type="([^"]*+)"]	latn
trv	0	1	0	//ldml/numbers/scientificFormats[@numberSystem="([^"]*+)"]/scientificFormatLength/scientificFormat[@type="([^"]*+)"]/pattern[@type="([^"]*+)"]	latn
trv	0	1	0	//ldml/numbers/symbols[@numberSystem="([^"]*+)"]/decimal	latn
trv	0	1	0	//ldml/numbers/symbols[@numberSystem="([^"]*+)"]/group	latn
trv	1	0	0	//ldml/numbers/symbols[@numberSystem="([^"]*+)"]/minusSign	latn
trv	1	0	0	//ldml/numbers/symbols[@numberSystem="([^"]*+)"]/percentSign	latn
trv	1	0	0	//ldml/numbers/symbols[@numberSystem="([^"]*+)"]/plusSign	latn
trv	24	43	0	Totals	
					
trw	2	0	8	//ldml/dates/calendars/calendar[@type="([^"]*+)"]/dateTimeFormats/availableFormats/dateFormatItem[@id="([^"]*+)"]	gregorian, Hm; gregorian, Hms; gregorian, Hmsv; gregorian, hm; gregorian, hms; gregorian, hmsv; gregorian, yMMMMEd; gregorian, yMMMMd; gregorian, yMMMd; gregorian, yMd
trw	0	0	1	//ldml/dates/calendars/calendar[@type="([^"]*+)"]/dateTimeFormats/intervalFormats/intervalFormatFallback	gregorian
trw	0	0	2	//ldml/dates/calendars/calendar[@type="([^"]*+)"]/dayPeriods/dayPeriodContext[@type="([^"]*+)"]/dayPeriodWidth[@type="([^"]*+)"]/dayPeriod[@type="([^"]*+)"]	gregorian, format, wide, am; gregorian, format, wide, pm
trw	0	0	7	//ldml/dates/calendars/calendar[@type="([^"]*+)"]/days/dayContext[@type="([^"]*+)"]/dayWidth[@type="([^"]*+)"]/day[@type="([^"]*+)"]	gregorian, format, wide, fri; gregorian, format, wide, mon; gregorian, format, wide, sat; gregorian, format, wide, sun; gregorian, format, wide, thu; gregorian, format, wide, tue; gregorian, format, wide, wed
trw	0	0	12	//ldml/dates/calendars/calendar[@type="([^"]*+)"]/months/monthContext[@type="([^"]*+)"]/monthWidth[@type="([^"]*+)"]/month[@type="([^"]*+)"]	gregorian, format, wide, 1; gregorian, format, wide, 10; gregorian, format, wide, 11; gregorian, format, wide, 12; gregorian, format, wide, 2; gregorian, format, wide, 3; gregorian, format, wide, 4; gregorian, format, wide, 5; gregorian, format, wide, 6; gregorian, format, wide, 7; gregorian, format, wide, 8; gregorian, format, wide, 9
trw	0	0	1	//ldml/dates/timeZoneNames/fallbackFormat	
trw	0	0	1	//ldml/dates/timeZoneNames/gmtFormat	
trw	1	0	0	//ldml/dates/timeZoneNames/gmtFormat[@alt="([^"]*+)"]	utc
trw	0	0	1	//ldml/dates/timeZoneNames/hourFormat	
trw	0	0	1	//ldml/dates/timeZoneNames/metazone[@type="([^"]*+)"]/long/standard	GMT
trw	0	0	1	//ldml/dates/timeZoneNames/regionFormat	
trw	0	0	2	//ldml/dates/timeZoneNames/regionFormat[@type="([^"]*+)"]	daylight
trw	0	0	1	//ldml/dates/timeZoneNames/zone[@type="([^"]*+)"]/long/standard	Etc/UTC
trw	1	0	0	//ldml/dates/timeZoneNames/zone[@type="([^"]*+)"]/short/standard	Etc/UTC
trw	0	0	1	//ldml/delimiters/alternateQuotationEnd	
trw	0	0	1	//ldml/delimiters/alternateQuotationStart	
trw	0	0	1	//ldml/delimiters/quotationEnd	
trw	0	0	1	//ldml/delimiters/quotationStart	
trw	0	0	3	//ldml/localeDisplayNames/codePatterns/codePattern[@type="([^"]*+)"]	language; script; territory
trw	0	0	1	//ldml/localeDisplayNames/languages/language[@type="([^"]*+)"]	en
trw	0	0	1	//ldml/localeDisplayNames/localeDisplayPattern/localePattern	
trw	0	0	1	//ldml/localeDisplayNames/localeDisplayPattern/localeSeparator	
trw	0	0	3	//ldml/localeDisplayNames/measurementSystemNames/measurementSystemName[@type="([^"]*+)"]	UK; US; metric
trw	0	0	1	//ldml/localeDisplayNames/scripts/script[@type="([^"]*+)"]	Arab
trw	0	0	1	//ldml/localeDisplayNames/territories/territory[@type="([^"]*+)"]	PK
trw	2	0	1	//ldml/numbers/currencyFormats[@numberSystem="([^"]*+)"]/currencyFormatLength/currencyFormat[@type="([^"]*+)"]/pattern[@type="([^"]*+)"]	arab; arabext; latn
trw	2	0	1	//ldml/numbers/decimalFormats[@numberSystem="([^"]*+)"]/decimalFormatLength/decimalFormat[@type="([^"]*+)"]/pattern[@type="([^"]*+)"]	arab; arabext; latn
trw	0	0	1	//ldml/numbers/defaultNumberingSystem	
trw	0	0	1	//ldml/numbers/otherNumberingSystems/native	
trw	2	0	1	//ldml/numbers/percentFormats[@numberSystem="([^"]*+)"]/percentFormatLength/percentFormat[@type="([^"]*+)"]/pattern[@type="([^"]*+)"]	arab; arabext; latn
trw	2	0	1	//ldml/numbers/scientificFormats[@numberSystem="([^"]*+)"]/scientificFormatLength/scientificFormat[@type="([^"]*+)"]/pattern[@type="([^"]*+)"]	arab; arabext; latn
trw	2	0	1	//ldml/numbers/symbols[@numberSystem="([^"]*+)"]/decimal	arab; arabext; latn
trw	2	0	1	//ldml/numbers/symbols[@numberSystem="([^"]*+)"]/group	arab; arabext; latn
trw	2	0	1	//ldml/numbers/symbols[@numberSystem="([^"]*+)"]/minusSign	arab; arabext; latn
trw	2	0	1	//ldml/numbers/symbols[@numberSystem="([^"]*+)"]/percentSign	arab; arabext; latn
trw	2	0	1	//ldml/numbers/symbols[@numberSystem="([^"]*+)"]/plusSign	arab; arabext; latn
trw	22	0	64	Totals	
					
ts	2	0	0	//ldml/dates/calendars/calendar[@type="([^"]*+)"]/dateTimeFormats/availableFormats/dateFormatItem[@id="([^"]*+)"]	gregorian, yMMMMEd; gregorian, yMMMMd
ts	1	0	0	//ldml/dates/timeZoneNames/fallbackFormat	
ts	1	0	0	//ldml/dates/timeZoneNames/gmtFormat	
ts	1	0	0	//ldml/dates/timeZoneNames/gmtFormat[@alt="([^"]*+)"]	utc
ts	1	0	0	//ldml/dates/timeZoneNames/hourFormat	
ts	1	0	0	//ldml/dates/timeZoneNames/metazone[@type="([^"]*+)"]/long/standard	GMT
ts	1	0	0	//ldml/dates/timeZoneNames/regionFormat	
ts	2	0	0	//ldml/dates/timeZoneNames/regionFormat[@type="([^"]*+)"]	daylight
ts	1	0	0	//ldml/dates/timeZoneNames/zone[@type="([^"]*+)"]/long/standard	Etc/UTC
ts	1	0	0	//ldml/dates/timeZoneNames/zone[@type="([^"]*+)"]/short/standard	Etc/UTC
ts	0	0	1	//ldml/delimiters/alternateQuotationEnd	
ts	0	0	1	//ldml/delimiters/alternateQuotationStart	
ts	0	0	1	//ldml/delimiters/quotationEnd	
ts	0	0	1	//ldml/delimiters/quotationStart	
ts	3	0	0	//ldml/localeDisplayNames/codePatterns/codePattern[@type="([^"]*+)"]	language; script; territory
ts	0	1	1	//ldml/localeDisplayNames/languages/language[@type="([^"]*+)"]	en; ts
ts	1	0	0	//ldml/localeDisplayNames/localeDisplayPattern/localePattern	
ts	1	0	0	//ldml/localeDisplayNames/localeDisplayPattern/localeSeparator	
ts	3	0	0	//ldml/localeDisplayNames/measurementSystemNames/measurementSystemName[@type="([^"]*+)"]	UK; US; metric
ts	1	0	0	//ldml/localeDisplayNames/scripts/script[@type="([^"]*+)"]	Latn
ts	2	0	0	//ldml/localeDisplayNames/territories/territory[@type="([^"]*+)"]	ZA
ts	23	1	5	Totals	
					
twq	4	0	0	//ldml/dates/calendars/calendar[@type="([^"]*+)"]/dateTimeFormats/availableFormats/dateFormatItem[@id="([^"]*+)"]	gregorian, Hmsv; gregorian, hmsv; gregorian, yMMMMEd; gregorian, yMMMMd
twq	1	0	0	//ldml/dates/calendars/calendar[@type="([^"]*+)"]/dateTimeFormats/intervalFormats/intervalFormatFallback	gregorian
twq	1	0	0	//ldml/dates/timeZoneNames/fallbackFormat	
twq	1	0	0	//ldml/dates/timeZoneNames/gmtFormat	
twq	1	0	0	//ldml/dates/timeZoneNames/gmtFormat[@alt="([^"]*+)"]	utc
twq	1	0	0	//ldml/dates/timeZoneNames/hourFormat	
twq	1	0	0	//ldml/dates/timeZoneNames/metazone[@type="([^"]*+)"]/long/standard	GMT
twq	1	0	0	//ldml/dates/timeZoneNames/regionFormat	
twq	2	0	0	//ldml/dates/timeZoneNames/regionFormat[@type="([^"]*+)"]	daylight
twq	1	0	0	//ldml/dates/timeZoneNames/zone[@type="([^"]*+)"]/long/standard	Etc/UTC
twq	1	0	0	//ldml/dates/timeZoneNames/zone[@type="([^"]*+)"]/short/standard	Etc/UTC
twq	3	0	0	//ldml/localeDisplayNames/codePatterns/codePattern[@type="([^"]*+)"]	language; script; territory
twq	1	0	0	//ldml/localeDisplayNames/localeDisplayPattern/localePattern	
twq	1	0	0	//ldml/localeDisplayNames/localeDisplayPattern/localeSeparator	
twq	3	0	0	//ldml/localeDisplayNames/measurementSystemNames/measurementSystemName[@type="([^"]*+)"]	UK; US; metric
twq	1	0	0	//ldml/localeDisplayNames/scripts/script[@type="([^"]*+)"]	Latn
twq	1	0	0	//ldml/numbers/scientificFormats[@numberSystem="([^"]*+)"]/scientificFormatLength/scientificFormat[@type="([^"]*+)"]/pattern[@type="([^"]*+)"]	latn
twq	1	0	0	//ldml/numbers/symbols[@numberSystem="([^"]*+)"]/minusSign	latn
twq	1	0	0	//ldml/numbers/symbols[@numberSystem="([^"]*+)"]/percentSign	latn
twq	1	0	0	//ldml/numbers/symbols[@numberSystem="([^"]*+)"]/plusSign	latn
twq	28	0	0	Totals	
					
tyv	2	0	0	//ldml/dates/calendars/calendar[@type="([^"]*+)"]/dateTimeFormats/availableFormats/dateFormatItem[@id="([^"]*+)"]	gregorian, yMMMMEd; gregorian, yMMMMd
tyv	1	0	0	//ldml/dates/timeZoneNames/gmtFormat[@alt="([^"]*+)"]	utc
tyv	1	0	0	//ldml/dates/timeZoneNames/zone[@type="([^"]*+)"]/long/standard	Etc/UTC
tyv	1	0	0	//ldml/dates/timeZoneNames/zone[@type="([^"]*+)"]/short/standard	Etc/UTC
tyv	5	0	0	Totals	
					
tzm	7	0	0	//ldml/dates/calendars/calendar[@type="([^"]*+)"]/dateTimeFormats/availableFormats/dateFormatItem[@id="([^"]*+)"]	gregorian, Hmsv; gregorian, hms; gregorian, hmsv; gregorian, yMMMMEd; gregorian, yMMMMd; gregorian, yMMMd; gregorian, yMd
tzm	1	0	0	//ldml/dates/calendars/calendar[@type="([^"]*+)"]/dateTimeFormats/intervalFormats/intervalFormatFallback	gregorian
tzm	1	0	0	//ldml/dates/timeZoneNames/fallbackFormat	
tzm	1	0	0	//ldml/dates/timeZoneNames/gmtFormat	
tzm	1	0	0	//ldml/dates/timeZoneNames/gmtFormat[@alt="([^"]*+)"]	utc
tzm	1	0	0	//ldml/dates/timeZoneNames/hourFormat	
tzm	1	0	0	//ldml/dates/timeZoneNames/metazone[@type="([^"]*+)"]/long/standard	GMT
tzm	1	0	0	//ldml/dates/timeZoneNames/regionFormat	
tzm	2	0	0	//ldml/dates/timeZoneNames/regionFormat[@type="([^"]*+)"]	daylight
tzm	1	0	0	//ldml/dates/timeZoneNames/zone[@type="([^"]*+)"]/long/standard	Etc/UTC
tzm	1	0	0	//ldml/dates/timeZoneNames/zone[@type="([^"]*+)"]/short/standard	Etc/UTC
tzm	3	0	0	//ldml/localeDisplayNames/codePatterns/codePattern[@type="([^"]*+)"]	language; script; territory
tzm	1	0	0	//ldml/localeDisplayNames/localeDisplayPattern/localePattern	
tzm	1	0	0	//ldml/localeDisplayNames/localeDisplayPattern/localeSeparator	
tzm	3	0	0	//ldml/localeDisplayNames/measurementSystemNames/measurementSystemName[@type="([^"]*+)"]	UK; US; metric
tzm	2	0	0	//ldml/localeDisplayNames/scripts/script[@type="([^"]*+)"]	Latn; Tfng
tzm	1	0	0	//ldml/numbers/decimalFormats[@numberSystem="([^"]*+)"]/decimalFormatLength/decimalFormat[@type="([^"]*+)"]/pattern[@type="([^"]*+)"]	latn
tzm	1	0	0	//ldml/numbers/percentFormats[@numberSystem="([^"]*+)"]/percentFormatLength/percentFormat[@type="([^"]*+)"]/pattern[@type="([^"]*+)"]	latn
tzm	1	0	0	//ldml/numbers/scientificFormats[@numberSystem="([^"]*+)"]/scientificFormatLength/scientificFormat[@type="([^"]*+)"]/pattern[@type="([^"]*+)"]	latn
tzm	1	0	0	//ldml/numbers/symbols[@numberSystem="([^"]*+)"]/minusSign	latn
tzm	1	0	0	//ldml/numbers/symbols[@numberSystem="([^"]*+)"]/percentSign	latn
tzm	1	0	0	//ldml/numbers/symbols[@numberSystem="([^"]*+)"]/plusSign	latn
tzm	34	0	0	Totals	
					
ug	2	0	0	//ldml/dates/calendars/calendar[@type="([^"]*+)"]/dateTimeFormats/availableFormats/dateFormatItem[@id="([^"]*+)"]	gregorian, yMMMMEd; gregorian, yMMMMd
ug	1	0	0	//ldml/dates/timeZoneNames/gmtFormat[@alt="([^"]*+)"]	utc
ug	1	0	0	//ldml/dates/timeZoneNames/zone[@type="([^"]*+)"]/long/standard	Etc/UTC
ug	1	0	0	//ldml/dates/timeZoneNames/zone[@type="([^"]*+)"]/short/standard	Etc/UTC
ug	5	0	0	Totals	
					
uz_Arab	10	0	0	//ldml/dates/calendars/calendar[@type="([^"]*+)"]/dateTimeFormats/availableFormats/dateFormatItem[@id="([^"]*+)"]	gregorian, Hm; gregorian, Hms; gregorian, Hmsv; gregorian, hm; gregorian, hms; gregorian, hmsv; gregorian, yMMMMEd; gregorian, yMMMMd; gregorian, yMMMd; gregorian, yMd
uz_Arab	1	0	0	//ldml/dates/calendars/calendar[@type="([^"]*+)"]/dateTimeFormats/intervalFormats/intervalFormatFallback	gregorian
uz_Arab	2	0	0	//ldml/dates/calendars/calendar[@type="([^"]*+)"]/dayPeriods/dayPeriodContext[@type="([^"]*+)"]/dayPeriodWidth[@type="([^"]*+)"]/dayPeriod[@type="([^"]*+)"]	gregorian, format, wide, am; gregorian, format, wide, pm
uz_Arab	1	0	0	//ldml/dates/timeZoneNames/fallbackFormat	
uz_Arab	1	0	0	//ldml/dates/timeZoneNames/gmtFormat	
uz_Arab	1	0	0	//ldml/dates/timeZoneNames/gmtFormat[@alt="([^"]*+)"]	utc
uz_Arab	1	0	0	//ldml/dates/timeZoneNames/hourFormat	
uz_Arab	1	0	0	//ldml/dates/timeZoneNames/metazone[@type="([^"]*+)"]/long/standard	GMT
uz_Arab	1	0	0	//ldml/dates/timeZoneNames/regionFormat	
uz_Arab	2	0	0	//ldml/dates/timeZoneNames/regionFormat[@type="([^"]*+)"]	daylight
uz_Arab	1	0	0	//ldml/dates/timeZoneNames/zone[@type="([^"]*+)"]/long/standard	Etc/UTC
uz_Arab	1	0	0	//ldml/dates/timeZoneNames/zone[@type="([^"]*+)"]/short/standard	Etc/UTC
uz_Arab	1	0	0	//ldml/delimiters/alternateQuotationEnd	
uz_Arab	1	0	0	//ldml/delimiters/alternateQuotationStart	
uz_Arab	1	0	0	//ldml/delimiters/quotationEnd	
uz_Arab	1	0	0	//ldml/delimiters/quotationStart	
uz_Arab	3	0	0	//ldml/localeDisplayNames/codePatterns/codePattern[@type="([^"]*+)"]	language; script; territory
uz_Arab	1	0	0	//ldml/localeDisplayNames/languages/language[@type="([^"]*+)"]	en
uz_Arab	1	0	0	//ldml/localeDisplayNames/localeDisplayPattern/localePattern	
uz_Arab	1	0	0	//ldml/localeDisplayNames/localeDisplayPattern/localeSeparator	
uz_Arab	3	0	0	//ldml/localeDisplayNames/measurementSystemNames/measurementSystemName[@type="([^"]*+)"]	UK; US; metric
uz_Arab	2	0	0	//ldml/localeDisplayNames/scripts/script[@type="([^"]*+)"]	Cyrl; Latn
uz_Arab	1	0	0	//ldml/localeDisplayNames/territories/territory[@type="([^"]*+)"]	UZ
uz_Arab	2	0	1	//ldml/numbers/currencyFormats[@numberSystem="([^"]*+)"]/currencyFormatLength/currencyFormat[@type="([^"]*+)"]/pattern[@type="([^"]*+)"]	arab; arabext; latn
uz_Arab	3	0	0	//ldml/numbers/decimalFormats[@numberSystem="([^"]*+)"]/decimalFormatLength/decimalFormat[@type="([^"]*+)"]/pattern[@type="([^"]*+)"]	arab; arabext; latn
uz_Arab	3	0	0	//ldml/numbers/percentFormats[@numberSystem="([^"]*+)"]/percentFormatLength/percentFormat[@type="([^"]*+)"]/pattern[@type="([^"]*+)"]	arab; arabext; latn
uz_Arab	3	0	0	//ldml/numbers/scientificFormats[@numberSystem="([^"]*+)"]/scientificFormatLength/scientificFormat[@type="([^"]*+)"]/pattern[@type="([^"]*+)"]	arab; arabext; latn
uz_Arab	1	0	0	//ldml/numbers/symbols[@numberSystem="([^"]*+)"]/decimal	arab
uz_Arab	1	0	0	//ldml/numbers/symbols[@numberSystem="([^"]*+)"]/group	arab
uz_Arab	2	0	0	//ldml/numbers/symbols[@numberSystem="([^"]*+)"]/minusSign	arab; arabext
uz_Arab	2	0	0	//ldml/numbers/symbols[@numberSystem="([^"]*+)"]/percentSign	arab; latn
uz_Arab	2	0	0	//ldml/numbers/symbols[@numberSystem="([^"]*+)"]/plusSign	arab; arabext
uz_Arab	58	0	1	Totals	
					
uz_Cyrl	2	0	0	//ldml/dates/calendars/calendar[@type="([^"]*+)"]/dateTimeFormats/availableFormats/dateFormatItem[@id="([^"]*+)"]	gregorian, yMMMMEd; gregorian, yMMMMd
uz_Cyrl	1	0	0	//ldml/dates/timeZoneNames/gmtFormat[@alt="([^"]*+)"]	utc
uz_Cyrl	1	0	0	//ldml/dates/timeZoneNames/zone[@type="([^"]*+)"]/long/standard	Etc/UTC
uz_Cyrl	1	0	0	//ldml/dates/timeZoneNames/zone[@type="([^"]*+)"]/short/standard	Etc/UTC
uz_Cyrl	5	0	0	Totals	
					
vai	7	0	0	//ldml/dates/calendars/calendar[@type="([^"]*+)"]/dateTimeFormats/availableFormats/dateFormatItem[@id="([^"]*+)"]	gregorian, Hmsv; gregorian, hms; gregorian, hmsv; gregorian, yMMMMEd; gregorian, yMMMMd; gregorian, yMMMd; gregorian, yMd
vai	1	0	0	//ldml/dates/calendars/calendar[@type="([^"]*+)"]/dateTimeFormats/intervalFormats/intervalFormatFallback	gregorian
vai	2	0	0	//ldml/dates/calendars/calendar[@type="([^"]*+)"]/dayPeriods/dayPeriodContext[@type="([^"]*+)"]/dayPeriodWidth[@type="([^"]*+)"]/dayPeriod[@type="([^"]*+)"]	gregorian, format, wide, am; gregorian, format, wide, pm
vai	1	0	0	//ldml/dates/timeZoneNames/fallbackFormat	
vai	1	0	0	//ldml/dates/timeZoneNames/gmtFormat	
vai	1	0	0	//ldml/dates/timeZoneNames/gmtFormat[@alt="([^"]*+)"]	utc
vai	1	0	0	//ldml/dates/timeZoneNames/hourFormat	
vai	1	0	0	//ldml/dates/timeZoneNames/metazone[@type="([^"]*+)"]/long/standard	GMT
vai	1	0	0	//ldml/dates/timeZoneNames/regionFormat	
vai	2	0	0	//ldml/dates/timeZoneNames/regionFormat[@type="([^"]*+)"]	daylight
vai	1	0	0	//ldml/dates/timeZoneNames/zone[@type="([^"]*+)"]/long/standard	Etc/UTC
vai	1	0	0	//ldml/dates/timeZoneNames/zone[@type="([^"]*+)"]/short/standard	Etc/UTC
vai	3	0	0	//ldml/localeDisplayNames/codePatterns/codePattern[@type="([^"]*+)"]	language; script; territory
vai	1	0	0	//ldml/localeDisplayNames/localeDisplayPattern/localePattern	
vai	1	0	0	//ldml/localeDisplayNames/localeDisplayPattern/localeSeparator	
vai	3	0	0	//ldml/localeDisplayNames/measurementSystemNames/measurementSystemName[@type="([^"]*+)"]	UK; US; metric
vai	2	0	0	//ldml/localeDisplayNames/scripts/script[@type="([^"]*+)"]	Latn; Vaii
vai	1	0	0	//ldml/numbers/percentFormats[@numberSystem="([^"]*+)"]/percentFormatLength/percentFormat[@type="([^"]*+)"]/pattern[@type="([^"]*+)"]	latn
vai	1	0	0	//ldml/numbers/scientificFormats[@numberSystem="([^"]*+)"]/scientificFormatLength/scientificFormat[@type="([^"]*+)"]/pattern[@type="([^"]*+)"]	latn
vai	1	0	0	//ldml/numbers/symbols[@numberSystem="([^"]*+)"]/minusSign	latn
vai	1	0	0	//ldml/numbers/symbols[@numberSystem="([^"]*+)"]/percentSign	latn
vai	1	0	0	//ldml/numbers/symbols[@numberSystem="([^"]*+)"]/plusSign	latn
vai	35	0	0	Totals	
					
vai_Latn	4	0	0	//ldml/dates/calendars/calendar[@type="([^"]*+)"]/dateTimeFormats/availableFormats/dateFormatItem[@id="([^"]*+)"]	gregorian, Hmsv; gregorian, hmsv; gregorian, yMMMMEd; gregorian, yMMMMd
vai_Latn	1	0	0	//ldml/dates/calendars/calendar[@type="([^"]*+)"]/dateTimeFormats/intervalFormats/intervalFormatFallback	gregorian
vai_Latn	2	0	0	//ldml/dates/calendars/calendar[@type="([^"]*+)"]/dayPeriods/dayPeriodContext[@type="([^"]*+)"]/dayPeriodWidth[@type="([^"]*+)"]/dayPeriod[@type="([^"]*+)"]	gregorian, format, wide, am; gregorian, format, wide, pm
vai_Latn	12	0	0	//ldml/dates/calendars/calendar[@type="([^"]*+)"]/months/monthContext[@type="([^"]*+)"]/monthWidth[@type="([^"]*+)"]/month[@type="([^"]*+)"]	gregorian, format, wide, 1; gregorian, format, wide, 10; gregorian, format, wide, 11; gregorian, format, wide, 12; gregorian, format, wide, 2; gregorian, format, wide, 3; gregorian, format, wide, 4; gregorian, format, wide, 5; gregorian, format, wide, 6; gregorian, format, wide, 7; gregorian, format, wide, 8; gregorian, format, wide, 9
vai_Latn	1	0	0	//ldml/dates/timeZoneNames/fallbackFormat	
vai_Latn	1	0	0	//ldml/dates/timeZoneNames/gmtFormat	
vai_Latn	1	0	0	//ldml/dates/timeZoneNames/gmtFormat[@alt="([^"]*+)"]	utc
vai_Latn	1	0	0	//ldml/dates/timeZoneNames/hourFormat	
vai_Latn	1	0	0	//ldml/dates/timeZoneNames/metazone[@type="([^"]*+)"]/long/standard	GMT
vai_Latn	1	0	0	//ldml/dates/timeZoneNames/regionFormat	
vai_Latn	2	0	0	//ldml/dates/timeZoneNames/regionFormat[@type="([^"]*+)"]	daylight
vai_Latn	1	0	0	//ldml/dates/timeZoneNames/zone[@type="([^"]*+)"]/long/standard	Etc/UTC
vai_Latn	1	0	0	//ldml/dates/timeZoneNames/zone[@type="([^"]*+)"]/short/standard	Etc/UTC
vai_Latn	3	0	0	//ldml/localeDisplayNames/codePatterns/codePattern[@type="([^"]*+)"]	language; script; territory
vai_Latn	1	0	0	//ldml/localeDisplayNames/localeDisplayPattern/localePattern	
vai_Latn	1	0	0	//ldml/localeDisplayNames/localeDisplayPattern/localeSeparator	
vai_Latn	3	0	0	//ldml/localeDisplayNames/measurementSystemNames/measurementSystemName[@type="([^"]*+)"]	UK; US; metric
vai_Latn	2	0	0	//ldml/localeDisplayNames/scripts/script[@type="([^"]*+)"]	Latn; Vaii
vai_Latn	1	0	0	//ldml/numbers/percentFormats[@numberSystem="([^"]*+)"]/percentFormatLength/percentFormat[@type="([^"]*+)"]/pattern[@type="([^"]*+)"]	latn
vai_Latn	1	0	0	//ldml/numbers/scientificFormats[@numberSystem="([^"]*+)"]/scientificFormatLength/scientificFormat[@type="([^"]*+)"]/pattern[@type="([^"]*+)"]	latn
vai_Latn	1	0	0	//ldml/numbers/symbols[@numberSystem="([^"]*+)"]/minusSign	latn
vai_Latn	1	0	0	//ldml/numbers/symbols[@numberSystem="([^"]*+)"]/percentSign	latn
vai_Latn	1	0	0	//ldml/numbers/symbols[@numberSystem="([^"]*+)"]/plusSign	latn
vai_Latn	44	0	0	Totals	
					
ve	10	0	0	//ldml/dates/calendars/calendar[@type="([^"]*+)"]/dateTimeFormats/availableFormats/dateFormatItem[@id="([^"]*+)"]	gregorian, Hm; gregorian, Hms; gregorian, Hmsv; gregorian, hm; gregorian, hms; gregorian, hmsv; gregorian, yMMMMEd; gregorian, yMMMMd; gregorian, yMMMd; gregorian, yMd
ve	1	0	0	//ldml/dates/calendars/calendar[@type="([^"]*+)"]/dateTimeFormats/intervalFormats/intervalFormatFallback	gregorian
ve	2	0	0	//ldml/dates/calendars/calendar[@type="([^"]*+)"]/dayPeriods/dayPeriodContext[@type="([^"]*+)"]/dayPeriodWidth[@type="([^"]*+)"]/dayPeriod[@type="([^"]*+)"]	gregorian, format, wide, am; gregorian, format, wide, pm
ve	0	0	7	//ldml/dates/calendars/calendar[@type="([^"]*+)"]/days/dayContext[@type="([^"]*+)"]/dayWidth[@type="([^"]*+)"]/day[@type="([^"]*+)"]	gregorian, format, wide, fri; gregorian, format, wide, mon; gregorian, format, wide, sat; gregorian, format, wide, sun; gregorian, format, wide, thu; gregorian, format, wide, tue; gregorian, format, wide, wed
ve	0	0	12	//ldml/dates/calendars/calendar[@type="([^"]*+)"]/months/monthContext[@type="([^"]*+)"]/monthWidth[@type="([^"]*+)"]/month[@type="([^"]*+)"]	gregorian, format, wide, 1; gregorian, format, wide, 10; gregorian, format, wide, 11; gregorian, format, wide, 12; gregorian, format, wide, 2; gregorian, format, wide, 3; gregorian, format, wide, 4; gregorian, format, wide, 5; gregorian, format, wide, 6; gregorian, format, wide, 7; gregorian, format, wide, 8; gregorian, format, wide, 9
ve	1	0	0	//ldml/dates/timeZoneNames/fallbackFormat	
ve	1	0	0	//ldml/dates/timeZoneNames/gmtFormat	
ve	1	0	0	//ldml/dates/timeZoneNames/gmtFormat[@alt="([^"]*+)"]	utc
ve	1	0	0	//ldml/dates/timeZoneNames/hourFormat	
ve	1	0	0	//ldml/dates/timeZoneNames/metazone[@type="([^"]*+)"]/long/standard	GMT
ve	1	0	0	//ldml/dates/timeZoneNames/regionFormat	
ve	2	0	0	//ldml/dates/timeZoneNames/regionFormat[@type="([^"]*+)"]	daylight
ve	1	0	0	//ldml/dates/timeZoneNames/zone[@type="([^"]*+)"]/long/standard	Etc/UTC
ve	1	0	0	//ldml/dates/timeZoneNames/zone[@type="([^"]*+)"]/short/standard	Etc/UTC
ve	0	0	1	//ldml/delimiters/alternateQuotationEnd	
ve	0	0	1	//ldml/delimiters/alternateQuotationStart	
ve	0	0	1	//ldml/delimiters/quotationEnd	
ve	0	0	1	//ldml/delimiters/quotationStart	
ve	3	0	0	//ldml/localeDisplayNames/codePatterns/codePattern[@type="([^"]*+)"]	language; script; territory
ve	1	1	0	//ldml/localeDisplayNames/languages/language[@type="([^"]*+)"]	en; ve
ve	1	0	0	//ldml/localeDisplayNames/localeDisplayPattern/localePattern	
ve	1	0	0	//ldml/localeDisplayNames/localeDisplayPattern/localeSeparator	
ve	3	0	0	//ldml/localeDisplayNames/measurementSystemNames/measurementSystemName[@type="([^"]*+)"]	UK; US; metric
ve	1	0	0	//ldml/localeDisplayNames/scripts/script[@type="([^"]*+)"]	Latn
ve	2	0	0	//ldml/localeDisplayNames/territories/territory[@type="([^"]*+)"]	ZA
ve	1	0	0	//ldml/numbers/symbols[@numberSystem="([^"]*+)"]/minusSign	latn
ve	1	0	0	//ldml/numbers/symbols[@numberSystem="([^"]*+)"]/percentSign	latn
ve	1	0	0	//ldml/numbers/symbols[@numberSystem="([^"]*+)"]/plusSign	latn
ve	38	1	23	Totals	
					
vec	2	0	0	//ldml/dates/calendars/calendar[@type="([^"]*+)"]/dateTimeFormats/availableFormats/dateFormatItem[@id="([^"]*+)"]	gregorian, yMMMMEd; gregorian, yMMMMd
vec	1	0	0	//ldml/dates/timeZoneNames/gmtFormat[@alt="([^"]*+)"]	utc
vec	1	0	0	//ldml/dates/timeZoneNames/zone[@type="([^"]*+)"]/short/standard	Etc/UTC
vec	4	0	0	Totals	
					
vmw	2	0	0	//ldml/dates/calendars/calendar[@type="([^"]*+)"]/dateTimeFormats/availableFormats/dateFormatItem[@id="([^"]*+)"]	gregorian, yMMMMEd; gregorian, yMMMMd
vmw	1	0	0	//ldml/dates/timeZoneNames/gmtFormat[@alt="([^"]*+)"]	utc
vmw	1	0	0	//ldml/dates/timeZoneNames/zone[@type="([^"]*+)"]/long/standard	Etc/UTC
vmw	1	0	0	//ldml/dates/timeZoneNames/zone[@type="([^"]*+)"]/short/standard	Etc/UTC
vmw	5	0	0	Totals	
					
vo	10	0	0	//ldml/dates/calendars/calendar[@type="([^"]*+)"]/dateTimeFormats/availableFormats/dateFormatItem[@id="([^"]*+)"]	gregorian, Hm; gregorian, Hms; gregorian, Hmsv; gregorian, hm; gregorian, hms; gregorian, hmsv; gregorian, yMMMMEd; gregorian, yMMMMd; gregorian, yMMMd; gregorian, yMd
vo	1	0	0	//ldml/dates/calendars/calendar[@type="([^"]*+)"]/dateTimeFormats/intervalFormats/intervalFormatFallback	gregorian
vo	2	0	0	//ldml/dates/calendars/calendar[@type="([^"]*+)"]/dayPeriods/dayPeriodContext[@type="([^"]*+)"]/dayPeriodWidth[@type="([^"]*+)"]/dayPeriod[@type="([^"]*+)"]	gregorian, format, wide, am; gregorian, format, wide, pm
vo	0	0	7	//ldml/dates/calendars/calendar[@type="([^"]*+)"]/days/dayContext[@type="([^"]*+)"]/dayWidth[@type="([^"]*+)"]/day[@type="([^"]*+)"]	gregorian, format, wide, fri; gregorian, format, wide, mon; gregorian, format, wide, sat; gregorian, format, wide, sun; gregorian, format, wide, thu; gregorian, format, wide, tue; gregorian, format, wide, wed
vo	0	0	12	//ldml/dates/calendars/calendar[@type="([^"]*+)"]/months/monthContext[@type="([^"]*+)"]/monthWidth[@type="([^"]*+)"]/month[@type="([^"]*+)"]	gregorian, format, wide, 1; gregorian, format, wide, 10; gregorian, format, wide, 11; gregorian, format, wide, 12; gregorian, format, wide, 2; gregorian, format, wide, 3; gregorian, format, wide, 4; gregorian, format, wide, 5; gregorian, format, wide, 6; gregorian, format, wide, 7; gregorian, format, wide, 8; gregorian, format, wide, 9
vo	1	0	0	//ldml/dates/timeZoneNames/fallbackFormat	
vo	1	0	0	//ldml/dates/timeZoneNames/gmtFormat	
vo	1	0	0	//ldml/dates/timeZoneNames/gmtFormat[@alt="([^"]*+)"]	utc
vo	1	0	0	//ldml/dates/timeZoneNames/hourFormat	
vo	1	0	0	//ldml/dates/timeZoneNames/metazone[@type="([^"]*+)"]/long/standard	GMT
vo	1	0	0	//ldml/dates/timeZoneNames/regionFormat	
vo	2	0	0	//ldml/dates/timeZoneNames/regionFormat[@type="([^"]*+)"]	daylight
vo	1	0	0	//ldml/dates/timeZoneNames/zone[@type="([^"]*+)"]/long/standard	Etc/UTC
vo	1	0	0	//ldml/dates/timeZoneNames/zone[@type="([^"]*+)"]/short/standard	Etc/UTC
vo	0	0	1	//ldml/delimiters/alternateQuotationEnd	
vo	0	0	1	//ldml/delimiters/alternateQuotationStart	
vo	0	0	1	//ldml/delimiters/quotationEnd	
vo	0	0	1	//ldml/delimiters/quotationStart	
vo	1	0	2	//ldml/localeDisplayNames/codePatterns/codePattern[@type="([^"]*+)"]	language; script; territory
vo	0	0	2	//ldml/localeDisplayNames/languages/language[@type="([^"]*+)"]	en; vo
vo	1	0	0	//ldml/localeDisplayNames/localeDisplayPattern/localePattern	
vo	1	0	0	//ldml/localeDisplayNames/localeDisplayPattern/localeSeparator	
vo	3	0	0	//ldml/localeDisplayNames/measurementSystemNames/measurementSystemName[@type="([^"]*+)"]	UK; US; metric
vo	1	0	0	//ldml/localeDisplayNames/scripts/script[@type="([^"]*+)"]	Latn
vo	2	0	0	//ldml/localeDisplayNames/territories/territory[@type="([^"]*+)"]	001
vo	1	0	0	//ldml/numbers/currencyFormats[@numberSystem="([^"]*+)"]/currencyFormatLength/currencyFormat[@type="([^"]*+)"]/pattern[@type="([^"]*+)"]	latn
vo	1	0	0	//ldml/numbers/decimalFormats[@numberSystem="([^"]*+)"]/decimalFormatLength/decimalFormat[@type="([^"]*+)"]/pattern[@type="([^"]*+)"]	latn
vo	1	0	0	//ldml/numbers/percentFormats[@numberSystem="([^"]*+)"]/percentFormatLength/percentFormat[@type="([^"]*+)"]/pattern[@type="([^"]*+)"]	latn
vo	1	0	0	//ldml/numbers/scientificFormats[@numberSystem="([^"]*+)"]/scientificFormatLength/scientificFormat[@type="([^"]*+)"]/pattern[@type="([^"]*+)"]	latn
vo	1	0	0	//ldml/numbers/symbols[@numberSystem="([^"]*+)"]/decimal	latn
vo	1	0	0	//ldml/numbers/symbols[@numberSystem="([^"]*+)"]/group	latn
vo	1	0	0	//ldml/numbers/symbols[@numberSystem="([^"]*+)"]/minusSign	latn
vo	1	0	0	//ldml/numbers/symbols[@numberSystem="([^"]*+)"]/percentSign	latn
vo	1	0	0	//ldml/numbers/symbols[@numberSystem="([^"]*+)"]/plusSign	latn
vo	41	0	27	Totals	
					
vun	7	0	0	//ldml/dates/calendars/calendar[@type="([^"]*+)"]/dateTimeFormats/availableFormats/dateFormatItem[@id="([^"]*+)"]	gregorian, Hmsv; gregorian, hms; gregorian, hmsv; gregorian, yMMMMEd; gregorian, yMMMMd; gregorian, yMMMd; gregorian, yMd
vun	1	0	0	//ldml/dates/calendars/calendar[@type="([^"]*+)"]/dateTimeFormats/intervalFormats/intervalFormatFallback	gregorian
vun	1	0	0	//ldml/dates/timeZoneNames/fallbackFormat	
vun	1	0	0	//ldml/dates/timeZoneNames/gmtFormat	
vun	1	0	0	//ldml/dates/timeZoneNames/gmtFormat[@alt="([^"]*+)"]	utc
vun	1	0	0	//ldml/dates/timeZoneNames/hourFormat	
vun	1	0	0	//ldml/dates/timeZoneNames/metazone[@type="([^"]*+)"]/long/standard	GMT
vun	1	0	0	//ldml/dates/timeZoneNames/regionFormat	
vun	2	0	0	//ldml/dates/timeZoneNames/regionFormat[@type="([^"]*+)"]	daylight
vun	1	0	0	//ldml/dates/timeZoneNames/zone[@type="([^"]*+)"]/long/standard	Etc/UTC
vun	1	0	0	//ldml/dates/timeZoneNames/zone[@type="([^"]*+)"]/short/standard	Etc/UTC
vun	3	0	0	//ldml/localeDisplayNames/codePatterns/codePattern[@type="([^"]*+)"]	language; script; territory
vun	1	0	0	//ldml/localeDisplayNames/localeDisplayPattern/localePattern	
vun	1	0	0	//ldml/localeDisplayNames/localeDisplayPattern/localeSeparator	
vun	3	0	0	//ldml/localeDisplayNames/measurementSystemNames/measurementSystemName[@type="([^"]*+)"]	UK; US; metric
vun	1	0	0	//ldml/localeDisplayNames/scripts/script[@type="([^"]*+)"]	Latn
vun	1	0	0	//ldml/numbers/decimalFormats[@numberSystem="([^"]*+)"]/decimalFormatLength/decimalFormat[@type="([^"]*+)"]/pattern[@type="([^"]*+)"]	latn
vun	1	0	0	//ldml/numbers/percentFormats[@numberSystem="([^"]*+)"]/percentFormatLength/percentFormat[@type="([^"]*+)"]/pattern[@type="([^"]*+)"]	latn
vun	1	0	0	//ldml/numbers/scientificFormats[@numberSystem="([^"]*+)"]/scientificFormatLength/scientificFormat[@type="([^"]*+)"]/pattern[@type="([^"]*+)"]	latn
vun	1	0	0	//ldml/numbers/symbols[@numberSystem="([^"]*+)"]/decimal	latn
vun	1	0	0	//ldml/numbers/symbols[@numberSystem="([^"]*+)"]/group	latn
vun	1	0	0	//ldml/numbers/symbols[@numberSystem="([^"]*+)"]/minusSign	latn
vun	1	0	0	//ldml/numbers/symbols[@numberSystem="([^"]*+)"]/percentSign	latn
vun	1	0	0	//ldml/numbers/symbols[@numberSystem="([^"]*+)"]/plusSign	latn
vun	35	0	0	Totals	
					
wa	10	0	0	//ldml/dates/calendars/calendar[@type="([^"]*+)"]/dateTimeFormats/availableFormats/dateFormatItem[@id="([^"]*+)"]	gregorian, Hm; gregorian, Hms; gregorian, Hmsv; gregorian, hm; gregorian, hms; gregorian, hmsv; gregorian, yMMMMEd; gregorian, yMMMMd; gregorian, yMMMd; gregorian, yMd
wa	1	0	0	//ldml/dates/calendars/calendar[@type="([^"]*+)"]/dateTimeFormats/intervalFormats/intervalFormatFallback	gregorian
wa	2	0	0	//ldml/dates/calendars/calendar[@type="([^"]*+)"]/dayPeriods/dayPeriodContext[@type="([^"]*+)"]/dayPeriodWidth[@type="([^"]*+)"]/dayPeriod[@type="([^"]*+)"]	gregorian, format, wide, am; gregorian, format, wide, pm
wa	7	0	0	//ldml/dates/calendars/calendar[@type="([^"]*+)"]/days/dayContext[@type="([^"]*+)"]/dayWidth[@type="([^"]*+)"]/day[@type="([^"]*+)"]	gregorian, format, wide, fri; gregorian, format, wide, mon; gregorian, format, wide, sat; gregorian, format, wide, sun; gregorian, format, wide, thu; gregorian, format, wide, tue; gregorian, format, wide, wed
wa	12	0	0	//ldml/dates/calendars/calendar[@type="([^"]*+)"]/months/monthContext[@type="([^"]*+)"]/monthWidth[@type="([^"]*+)"]/month[@type="([^"]*+)"]	gregorian, format, wide, 1; gregorian, format, wide, 10; gregorian, format, wide, 11; gregorian, format, wide, 12; gregorian, format, wide, 2; gregorian, format, wide, 3; gregorian, format, wide, 4; gregorian, format, wide, 5; gregorian, format, wide, 6; gregorian, format, wide, 7; gregorian, format, wide, 8; gregorian, format, wide, 9
wa	1	0	0	//ldml/dates/timeZoneNames/fallbackFormat	
wa	1	0	0	//ldml/dates/timeZoneNames/gmtFormat	
wa	1	0	0	//ldml/dates/timeZoneNames/gmtFormat[@alt="([^"]*+)"]	utc
wa	1	0	0	//ldml/dates/timeZoneNames/hourFormat	
wa	1	0	0	//ldml/dates/timeZoneNames/metazone[@type="([^"]*+)"]/long/standard	GMT
wa	1	0	0	//ldml/dates/timeZoneNames/regionFormat	
wa	2	0	0	//ldml/dates/timeZoneNames/regionFormat[@type="([^"]*+)"]	daylight
wa	1	0	0	//ldml/dates/timeZoneNames/zone[@type="([^"]*+)"]/long/standard	Etc/UTC
wa	1	0	0	//ldml/dates/timeZoneNames/zone[@type="([^"]*+)"]/short/standard	Etc/UTC
wa	1	0	0	//ldml/delimiters/alternateQuotationEnd	
wa	1	0	0	//ldml/delimiters/alternateQuotationStart	
wa	1	0	0	//ldml/delimiters/quotationEnd	
wa	1	0	0	//ldml/delimiters/quotationStart	
wa	3	0	0	//ldml/localeDisplayNames/codePatterns/codePattern[@type="([^"]*+)"]	language; script; territory
wa	1	0	0	//ldml/localeDisplayNames/languages/language[@type="([^"]*+)"]	en
wa	1	0	0	//ldml/localeDisplayNames/localeDisplayPattern/localePattern	
wa	1	0	0	//ldml/localeDisplayNames/localeDisplayPattern/localeSeparator	
wa	3	0	0	//ldml/localeDisplayNames/measurementSystemNames/measurementSystemName[@type="([^"]*+)"]	UK; US; metric
wa	1	0	0	//ldml/localeDisplayNames/scripts/script[@type="([^"]*+)"]	Latn
wa	2	0	0	//ldml/localeDisplayNames/territories/territory[@type="([^"]*+)"]	BE
wa	1	0	0	//ldml/numbers/currencyFormats[@numberSystem="([^"]*+)"]/currencyFormatLength/currencyFormat[@type="([^"]*+)"]/pattern[@type="([^"]*+)"]	latn
wa	1	0	0	//ldml/numbers/decimalFormats[@numberSystem="([^"]*+)"]/decimalFormatLength/decimalFormat[@type="([^"]*+)"]/pattern[@type="([^"]*+)"]	latn
wa	1	0	0	//ldml/numbers/percentFormats[@numberSystem="([^"]*+)"]/percentFormatLength/percentFormat[@type="([^"]*+)"]/pattern[@type="([^"]*+)"]	latn
wa	1	0	0	//ldml/numbers/scientificFormats[@numberSystem="([^"]*+)"]/scientificFormatLength/scientificFormat[@type="([^"]*+)"]/pattern[@type="([^"]*+)"]	latn
wa	1	0	0	//ldml/numbers/symbols[@numberSystem="([^"]*+)"]/decimal	latn
wa	1	0	0	//ldml/numbers/symbols[@numberSystem="([^"]*+)"]/group	latn
wa	1	0	0	//ldml/numbers/symbols[@numberSystem="([^"]*+)"]/minusSign	latn
wa	1	0	0	//ldml/numbers/symbols[@numberSystem="([^"]*+)"]/percentSign	latn
wa	1	0	0	//ldml/numbers/symbols[@numberSystem="([^"]*+)"]/plusSign	latn
wa	67	0	0	Totals	
					
wae	6	0	0	//ldml/dates/calendars/calendar[@type="([^"]*+)"]/dateTimeFormats/availableFormats/dateFormatItem[@id="([^"]*+)"]	gregorian, Hm; gregorian, Hms; gregorian, Hmsv; gregorian, yMMMMEd; gregorian, yMMMMd; gregorian, yMd
wae	2	0	0	//ldml/dates/calendars/calendar[@type="([^"]*+)"]/dayPeriods/dayPeriodContext[@type="([^"]*+)"]/dayPeriodWidth[@type="([^"]*+)"]/dayPeriod[@type="([^"]*+)"]	gregorian, format, wide, am; gregorian, format, wide, pm
wae	1	0	0	//ldml/dates/timeZoneNames/fallbackFormat	
wae	1	0	0	//ldml/dates/timeZoneNames/gmtFormat	
wae	1	0	0	//ldml/dates/timeZoneNames/gmtFormat[@alt="([^"]*+)"]	utc
wae	1	0	0	//ldml/dates/timeZoneNames/hourFormat	
wae	1	0	0	//ldml/dates/timeZoneNames/metazone[@type="([^"]*+)"]/long/standard	GMT
wae	2	0	0	//ldml/dates/timeZoneNames/regionFormat[@type="([^"]*+)"]	daylight
wae	1	0	0	//ldml/dates/timeZoneNames/zone[@type="([^"]*+)"]/long/standard	Etc/UTC
wae	1	0	0	//ldml/dates/timeZoneNames/zone[@type="([^"]*+)"]/short/standard	Etc/UTC
wae	1	0	0	//ldml/localeDisplayNames/localeDisplayPattern/localePattern	
wae	1	0	0	//ldml/localeDisplayNames/localeDisplayPattern/localeSeparator	
wae	1	0	0	//ldml/numbers/currencyFormats[@numberSystem="([^"]*+)"]/currencyFormatLength/currencyFormat[@type="([^"]*+)"]/pattern[@type="([^"]*+)"]	latn
wae	1	0	0	//ldml/numbers/decimalFormats[@numberSystem="([^"]*+)"]/decimalFormatLength/decimalFormat[@type="([^"]*+)"]/pattern[@type="([^"]*+)"]	latn
wae	1	0	0	//ldml/numbers/percentFormats[@numberSystem="([^"]*+)"]/percentFormatLength/percentFormat[@type="([^"]*+)"]/pattern[@type="([^"]*+)"]	latn
wae	1	0	0	//ldml/numbers/scientificFormats[@numberSystem="([^"]*+)"]/scientificFormatLength/scientificFormat[@type="([^"]*+)"]/pattern[@type="([^"]*+)"]	latn
wae	1	0	0	//ldml/numbers/symbols[@numberSystem="([^"]*+)"]/minusSign	latn
wae	1	0	0	//ldml/numbers/symbols[@numberSystem="([^"]*+)"]/percentSign	latn
wae	1	0	0	//ldml/numbers/symbols[@numberSystem="([^"]*+)"]/plusSign	latn
wae	26	0	0	Totals	
					
wal	10	0	0	//ldml/dates/calendars/calendar[@type="([^"]*+)"]/dateTimeFormats/availableFormats/dateFormatItem[@id="([^"]*+)"]	gregorian, Hm; gregorian, Hms; gregorian, Hmsv; gregorian, hm; gregorian, hms; gregorian, hmsv; gregorian, yMMMMEd; gregorian, yMMMMd; gregorian, yMMMd; gregorian, yMd
wal	1	0	0	//ldml/dates/calendars/calendar[@type="([^"]*+)"]/dateTimeFormats/intervalFormats/intervalFormatFallback	gregorian
wal	0	0	2	//ldml/dates/calendars/calendar[@type="([^"]*+)"]/dayPeriods/dayPeriodContext[@type="([^"]*+)"]/dayPeriodWidth[@type="([^"]*+)"]/dayPeriod[@type="([^"]*+)"]	gregorian, format, wide, am; gregorian, format, wide, pm
wal	0	0	7	//ldml/dates/calendars/calendar[@type="([^"]*+)"]/days/dayContext[@type="([^"]*+)"]/dayWidth[@type="([^"]*+)"]/day[@type="([^"]*+)"]	gregorian, format, wide, fri; gregorian, format, wide, mon; gregorian, format, wide, sat; gregorian, format, wide, sun; gregorian, format, wide, thu; gregorian, format, wide, tue; gregorian, format, wide, wed
wal	0	0	12	//ldml/dates/calendars/calendar[@type="([^"]*+)"]/months/monthContext[@type="([^"]*+)"]/monthWidth[@type="([^"]*+)"]/month[@type="([^"]*+)"]	gregorian, format, wide, 1; gregorian, format, wide, 10; gregorian, format, wide, 11; gregorian, format, wide, 12; gregorian, format, wide, 2; gregorian, format, wide, 3; gregorian, format, wide, 4; gregorian, format, wide, 5; gregorian, format, wide, 6; gregorian, format, wide, 7; gregorian, format, wide, 8; gregorian, format, wide, 9
wal	1	0	0	//ldml/dates/timeZoneNames/fallbackFormat	
wal	1	0	0	//ldml/dates/timeZoneNames/gmtFormat	
wal	1	0	0	//ldml/dates/timeZoneNames/gmtFormat[@alt="([^"]*+)"]	utc
wal	1	0	0	//ldml/dates/timeZoneNames/hourFormat	
wal	1	0	0	//ldml/dates/timeZoneNames/metazone[@type="([^"]*+)"]/long/standard	GMT
wal	1	0	0	//ldml/dates/timeZoneNames/regionFormat	
wal	2	0	0	//ldml/dates/timeZoneNames/regionFormat[@type="([^"]*+)"]	daylight
wal	1	0	0	//ldml/dates/timeZoneNames/zone[@type="([^"]*+)"]/long/standard	Etc/UTC
wal	1	0	0	//ldml/dates/timeZoneNames/zone[@type="([^"]*+)"]/short/standard	Etc/UTC
wal	1	0	0	//ldml/delimiters/alternateQuotationEnd	
wal	1	0	0	//ldml/delimiters/alternateQuotationStart	
wal	1	0	0	//ldml/delimiters/quotationEnd	
wal	1	0	0	//ldml/delimiters/quotationStart	
wal	3	0	0	//ldml/localeDisplayNames/codePatterns/codePattern[@type="([^"]*+)"]	language; script; territory
wal	0	0	2	//ldml/localeDisplayNames/languages/language[@type="([^"]*+)"]	en; wal
wal	1	0	0	//ldml/localeDisplayNames/localeDisplayPattern/localePattern	
wal	1	0	0	//ldml/localeDisplayNames/localeDisplayPattern/localeSeparator	
wal	3	0	0	//ldml/localeDisplayNames/measurementSystemNames/measurementSystemName[@type="([^"]*+)"]	UK; US; metric
wal	1	0	0	//ldml/localeDisplayNames/scripts/script[@type="([^"]*+)"]	Ethi
wal	0	0	1	//ldml/localeDisplayNames/territories/territory[@type="([^"]*+)"]	ET
wal	0	0	1	//ldml/numbers/currencyFormats[@numberSystem="([^"]*+)"]/currencyFormatLength/currencyFormat[@type="([^"]*+)"]/pattern[@type="([^"]*+)"]	latn
wal	1	0	0	//ldml/numbers/decimalFormats[@numberSystem="([^"]*+)"]/decimalFormatLength/decimalFormat[@type="([^"]*+)"]/pattern[@type="([^"]*+)"]	latn
wal	1	0	0	//ldml/numbers/percentFormats[@numberSystem="([^"]*+)"]/percentFormatLength/percentFormat[@type="([^"]*+)"]/pattern[@type="([^"]*+)"]	latn
wal	1	0	0	//ldml/numbers/scientificFormats[@numberSystem="([^"]*+)"]/scientificFormatLength/scientificFormat[@type="([^"]*+)"]/pattern[@type="([^"]*+)"]	latn
wal	1	0	0	//ldml/numbers/symbols[@numberSystem="([^"]*+)"]/decimal	latn
wal	0	0	1	//ldml/numbers/symbols[@numberSystem="([^"]*+)"]/group	latn
wal	1	0	0	//ldml/numbers/symbols[@numberSystem="([^"]*+)"]/minusSign	latn
wal	1	0	0	//ldml/numbers/symbols[@numberSystem="([^"]*+)"]/percentSign	latn
wal	1	0	0	//ldml/numbers/symbols[@numberSystem="([^"]*+)"]/plusSign	latn
wal	41	0	26	Totals	
					
wbp	10	0	0	//ldml/dates/calendars/calendar[@type="([^"]*+)"]/dateTimeFormats/availableFormats/dateFormatItem[@id="([^"]*+)"]	gregorian, Hm; gregorian, Hms; gregorian, Hmsv; gregorian, hm; gregorian, hms; gregorian, hmsv; gregorian, yMMMMEd; gregorian, yMMMMd; gregorian, yMMMd; gregorian, yMd
wbp	1	0	0	//ldml/dates/calendars/calendar[@type="([^"]*+)"]/dateTimeFormats/intervalFormats/intervalFormatFallback	gregorian
wbp	2	0	0	//ldml/dates/calendars/calendar[@type="([^"]*+)"]/dayPeriods/dayPeriodContext[@type="([^"]*+)"]/dayPeriodWidth[@type="([^"]*+)"]/dayPeriod[@type="([^"]*+)"]	gregorian, format, wide, am; gregorian, format, wide, pm
wbp	7	0	0	//ldml/dates/calendars/calendar[@type="([^"]*+)"]/days/dayContext[@type="([^"]*+)"]/dayWidth[@type="([^"]*+)"]/day[@type="([^"]*+)"]	gregorian, format, wide, fri; gregorian, format, wide, mon; gregorian, format, wide, sat; gregorian, format, wide, sun; gregorian, format, wide, thu; gregorian, format, wide, tue; gregorian, format, wide, wed
wbp	12	0	0	//ldml/dates/calendars/calendar[@type="([^"]*+)"]/months/monthContext[@type="([^"]*+)"]/monthWidth[@type="([^"]*+)"]/month[@type="([^"]*+)"]	gregorian, format, wide, 1; gregorian, format, wide, 10; gregorian, format, wide, 11; gregorian, format, wide, 12; gregorian, format, wide, 2; gregorian, format, wide, 3; gregorian, format, wide, 4; gregorian, format, wide, 5; gregorian, format, wide, 6; gregorian, format, wide, 7; gregorian, format, wide, 8; gregorian, format, wide, 9
wbp	1	0	0	//ldml/dates/timeZoneNames/fallbackFormat	
wbp	1	0	0	//ldml/dates/timeZoneNames/gmtFormat	
wbp	1	0	0	//ldml/dates/timeZoneNames/gmtFormat[@alt="([^"]*+)"]	utc
wbp	1	0	0	//ldml/dates/timeZoneNames/hourFormat	
wbp	1	0	0	//ldml/dates/timeZoneNames/metazone[@type="([^"]*+)"]/long/standard	GMT
wbp	1	0	0	//ldml/dates/timeZoneNames/regionFormat	
wbp	2	0	0	//ldml/dates/timeZoneNames/regionFormat[@type="([^"]*+)"]	daylight
wbp	1	0	0	//ldml/dates/timeZoneNames/zone[@type="([^"]*+)"]/long/standard	Etc/UTC
wbp	1	0	0	//ldml/dates/timeZoneNames/zone[@type="([^"]*+)"]/short/standard	Etc/UTC
wbp	1	0	0	//ldml/delimiters/alternateQuotationEnd	
wbp	1	0	0	//ldml/delimiters/alternateQuotationStart	
wbp	1	0	0	//ldml/delimiters/quotationEnd	
wbp	1	0	0	//ldml/delimiters/quotationStart	
wbp	3	0	0	//ldml/localeDisplayNames/codePatterns/codePattern[@type="([^"]*+)"]	language; script; territory
wbp	1	0	0	//ldml/localeDisplayNames/localeDisplayPattern/localePattern	
wbp	1	0	0	//ldml/localeDisplayNames/localeDisplayPattern/localeSeparator	
wbp	3	0	0	//ldml/localeDisplayNames/measurementSystemNames/measurementSystemName[@type="([^"]*+)"]	UK; US; metric
wbp	1	0	0	//ldml/localeDisplayNames/scripts/script[@type="([^"]*+)"]	Latn
wbp	2	0	0	//ldml/localeDisplayNames/territories/territory[@type="([^"]*+)"]	AU
wbp	1	0	0	//ldml/numbers/currencyFormats[@numberSystem="([^"]*+)"]/currencyFormatLength/currencyFormat[@type="([^"]*+)"]/pattern[@type="([^"]*+)"]	latn
wbp	1	0	0	//ldml/numbers/decimalFormats[@numberSystem="([^"]*+)"]/decimalFormatLength/decimalFormat[@type="([^"]*+)"]/pattern[@type="([^"]*+)"]	latn
wbp	1	0	0	//ldml/numbers/percentFormats[@numberSystem="([^"]*+)"]/percentFormatLength/percentFormat[@type="([^"]*+)"]/pattern[@type="([^"]*+)"]	latn
wbp	1	0	0	//ldml/numbers/scientificFormats[@numberSystem="([^"]*+)"]/scientificFormatLength/scientificFormat[@type="([^"]*+)"]/pattern[@type="([^"]*+)"]	latn
wbp	1	0	0	//ldml/numbers/symbols[@numberSystem="([^"]*+)"]/decimal	latn
wbp	1	0	0	//ldml/numbers/symbols[@numberSystem="([^"]*+)"]/group	latn
wbp	1	0	0	//ldml/numbers/symbols[@numberSystem="([^"]*+)"]/minusSign	latn
wbp	1	0	0	//ldml/numbers/symbols[@numberSystem="([^"]*+)"]/percentSign	latn
wbp	1	0	0	//ldml/numbers/symbols[@numberSystem="([^"]*+)"]/plusSign	latn
wbp	66	0	0	Totals	
					
xdq	10	0	0	//ldml/dates/calendars/calendar[@type="([^"]*+)"]/dateTimeFormats/availableFormats/dateFormatItem[@id="([^"]*+)"]	gregorian, Hm; gregorian, Hms; gregorian, Hmsv; gregorian, hm; gregorian, hms; gregorian, hmsv; gregorian, yMMMMEd; gregorian, yMMMMd; gregorian, yMMMd; gregorian, yMd
xdq	1	0	0	//ldml/dates/calendars/calendar[@type="([^"]*+)"]/dateTimeFormats/intervalFormats/intervalFormatFallback	gregorian
xdq	2	0	0	//ldml/dates/calendars/calendar[@type="([^"]*+)"]/dayPeriods/dayPeriodContext[@type="([^"]*+)"]/dayPeriodWidth[@type="([^"]*+)"]/dayPeriod[@type="([^"]*+)"]	gregorian, format, wide, am; gregorian, format, wide, pm
xdq	7	0	0	//ldml/dates/calendars/calendar[@type="([^"]*+)"]/days/dayContext[@type="([^"]*+)"]/dayWidth[@type="([^"]*+)"]/day[@type="([^"]*+)"]	gregorian, format, wide, fri; gregorian, format, wide, mon; gregorian, format, wide, sat; gregorian, format, wide, sun; gregorian, format, wide, thu; gregorian, format, wide, tue; gregorian, format, wide, wed
xdq	12	0	0	//ldml/dates/calendars/calendar[@type="([^"]*+)"]/months/monthContext[@type="([^"]*+)"]/monthWidth[@type="([^"]*+)"]/month[@type="([^"]*+)"]	gregorian, format, wide, 1; gregorian, format, wide, 10; gregorian, format, wide, 11; gregorian, format, wide, 12; gregorian, format, wide, 2; gregorian, format, wide, 3; gregorian, format, wide, 4; gregorian, format, wide, 5; gregorian, format, wide, 6; gregorian, format, wide, 7; gregorian, format, wide, 8; gregorian, format, wide, 9
xdq	1	0	0	//ldml/dates/timeZoneNames/fallbackFormat	
xdq	1	0	0	//ldml/dates/timeZoneNames/gmtFormat	
xdq	1	0	0	//ldml/dates/timeZoneNames/gmtFormat[@alt="([^"]*+)"]	utc
xdq	1	0	0	//ldml/dates/timeZoneNames/hourFormat	
xdq	1	0	0	//ldml/dates/timeZoneNames/metazone[@type="([^"]*+)"]/long/standard	GMT
xdq	1	0	0	//ldml/dates/timeZoneNames/regionFormat	
xdq	2	0	0	//ldml/dates/timeZoneNames/regionFormat[@type="([^"]*+)"]	daylight
xdq	1	0	0	//ldml/dates/timeZoneNames/zone[@type="([^"]*+)"]/long/standard	Etc/UTC
xdq	1	0	0	//ldml/dates/timeZoneNames/zone[@type="([^"]*+)"]/short/standard	Etc/UTC
xdq	1	0	0	//ldml/delimiters/alternateQuotationEnd	
xdq	1	0	0	//ldml/delimiters/alternateQuotationStart	
xdq	1	0	0	//ldml/delimiters/quotationEnd	
xdq	1	0	0	//ldml/delimiters/quotationStart	
xdq	3	0	0	//ldml/localeDisplayNames/codePatterns/codePattern[@type="([^"]*+)"]	language; script; territory
xdq	3	0	0	//ldml/localeDisplayNames/languages/language[@type="([^"]*+)"]	en; xdq
xdq	1	0	0	//ldml/localeDisplayNames/localeDisplayPattern/localePattern	
xdq	1	0	0	//ldml/localeDisplayNames/localeDisplayPattern/localeSeparator	
xdq	3	0	0	//ldml/localeDisplayNames/measurementSystemNames/measurementSystemName[@type="([^"]*+)"]	UK; US; metric
xdq	1	0	0	//ldml/localeDisplayNames/scripts/script[@type="([^"]*+)"]	Zzzz
xdq	2	0	0	//ldml/localeDisplayNames/territories/territory[@type="([^"]*+)"]	RU
xdq	1	0	0	//ldml/numbers/currencyFormats[@numberSystem="([^"]*+)"]/currencyFormatLength/currencyFormat[@type="([^"]*+)"]/pattern[@type="([^"]*+)"]	latn
xdq	1	0	0	//ldml/numbers/decimalFormats[@numberSystem="([^"]*+)"]/decimalFormatLength/decimalFormat[@type="([^"]*+)"]/pattern[@type="([^"]*+)"]	latn
xdq	1	0	0	//ldml/numbers/percentFormats[@numberSystem="([^"]*+)"]/percentFormatLength/percentFormat[@type="([^"]*+)"]/pattern[@type="([^"]*+)"]	latn
xdq	1	0	0	//ldml/numbers/scientificFormats[@numberSystem="([^"]*+)"]/scientificFormatLength/scientificFormat[@type="([^"]*+)"]/pattern[@type="([^"]*+)"]	latn
xdq	1	0	0	//ldml/numbers/symbols[@numberSystem="([^"]*+)"]/decimal	latn
xdq	1	0	0	//ldml/numbers/symbols[@numberSystem="([^"]*+)"]/group	latn
xdq	1	0	0	//ldml/numbers/symbols[@numberSystem="([^"]*+)"]/minusSign	latn
xdq	1	0	0	//ldml/numbers/symbols[@numberSystem="([^"]*+)"]/percentSign	latn
xdq	1	0	0	//ldml/numbers/symbols[@numberSystem="([^"]*+)"]/plusSign	latn
xdq	69	0	0	Totals	
					
xnr	2	0	0	//ldml/dates/calendars/calendar[@type="([^"]*+)"]/dateTimeFormats/availableFormats/dateFormatItem[@id="([^"]*+)"]	gregorian, yMMMMEd; gregorian, yMMMMd
xnr	1	0	0	//ldml/dates/timeZoneNames/gmtFormat[@alt="([^"]*+)"]	utc
xnr	1	0	0	//ldml/dates/timeZoneNames/zone[@type="([^"]*+)"]/short/standard	Etc/UTC
xnr	4	0	0	Totals	
					
xog	7	0	0	//ldml/dates/calendars/calendar[@type="([^"]*+)"]/dateTimeFormats/availableFormats/dateFormatItem[@id="([^"]*+)"]	gregorian, Hmsv; gregorian, hms; gregorian, hmsv; gregorian, yMMMMEd; gregorian, yMMMMd; gregorian, yMMMd; gregorian, yMd
xog	1	0	0	//ldml/dates/calendars/calendar[@type="([^"]*+)"]/dateTimeFormats/intervalFormats/intervalFormatFallback	gregorian
xog	1	0	0	//ldml/dates/timeZoneNames/fallbackFormat	
xog	1	0	0	//ldml/dates/timeZoneNames/gmtFormat	
xog	1	0	0	//ldml/dates/timeZoneNames/gmtFormat[@alt="([^"]*+)"]	utc
xog	1	0	0	//ldml/dates/timeZoneNames/hourFormat	
xog	1	0	0	//ldml/dates/timeZoneNames/metazone[@type="([^"]*+)"]/long/standard	GMT
xog	1	0	0	//ldml/dates/timeZoneNames/regionFormat	
xog	2	0	0	//ldml/dates/timeZoneNames/regionFormat[@type="([^"]*+)"]	daylight
xog	1	0	0	//ldml/dates/timeZoneNames/zone[@type="([^"]*+)"]/long/standard	Etc/UTC
xog	1	0	0	//ldml/dates/timeZoneNames/zone[@type="([^"]*+)"]/short/standard	Etc/UTC
xog	3	0	0	//ldml/localeDisplayNames/codePatterns/codePattern[@type="([^"]*+)"]	language; script; territory
xog	1	0	0	//ldml/localeDisplayNames/localeDisplayPattern/localePattern	
xog	1	0	0	//ldml/localeDisplayNames/localeDisplayPattern/localeSeparator	
xog	3	0	0	//ldml/localeDisplayNames/measurementSystemNames/measurementSystemName[@type="([^"]*+)"]	UK; US; metric
xog	1	0	0	//ldml/localeDisplayNames/scripts/script[@type="([^"]*+)"]	Latn
xog	1	0	0	//ldml/numbers/decimalFormats[@numberSystem="([^"]*+)"]/decimalFormatLength/decimalFormat[@type="([^"]*+)"]/pattern[@type="([^"]*+)"]	latn
xog	1	0	0	//ldml/numbers/percentFormats[@numberSystem="([^"]*+)"]/percentFormatLength/percentFormat[@type="([^"]*+)"]/pattern[@type="([^"]*+)"]	latn
xog	1	0	0	//ldml/numbers/scientificFormats[@numberSystem="([^"]*+)"]/scientificFormatLength/scientificFormat[@type="([^"]*+)"]/pattern[@type="([^"]*+)"]	latn
xog	1	0	0	//ldml/numbers/symbols[@numberSystem="([^"]*+)"]/decimal	latn
xog	1	0	0	//ldml/numbers/symbols[@numberSystem="([^"]*+)"]/group	latn
xog	1	0	0	//ldml/numbers/symbols[@numberSystem="([^"]*+)"]/minusSign	latn
xog	1	0	0	//ldml/numbers/symbols[@numberSystem="([^"]*+)"]/percentSign	latn
xog	1	0	0	//ldml/numbers/symbols[@numberSystem="([^"]*+)"]/plusSign	latn
xog	35	0	0	Totals	
					
yav	4	0	0	//ldml/dates/calendars/calendar[@type="([^"]*+)"]/dateTimeFormats/availableFormats/dateFormatItem[@id="([^"]*+)"]	gregorian, Hmsv; gregorian, hmsv; gregorian, yMMMMEd; gregorian, yMMMMd
yav	1	0	0	//ldml/dates/calendars/calendar[@type="([^"]*+)"]/dateTimeFormats/intervalFormats/intervalFormatFallback	gregorian
yav	1	0	0	//ldml/dates/timeZoneNames/fallbackFormat	
yav	1	0	0	//ldml/dates/timeZoneNames/gmtFormat	
yav	1	0	0	//ldml/dates/timeZoneNames/gmtFormat[@alt="([^"]*+)"]	utc
yav	1	0	0	//ldml/dates/timeZoneNames/hourFormat	
yav	1	0	0	//ldml/dates/timeZoneNames/metazone[@type="([^"]*+)"]/long/standard	GMT
yav	1	0	0	//ldml/dates/timeZoneNames/regionFormat	
yav	2	0	0	//ldml/dates/timeZoneNames/regionFormat[@type="([^"]*+)"]	daylight
yav	1	0	0	//ldml/dates/timeZoneNames/zone[@type="([^"]*+)"]/long/standard	Etc/UTC
yav	1	0	0	//ldml/dates/timeZoneNames/zone[@type="([^"]*+)"]/short/standard	Etc/UTC
yav	3	0	0	//ldml/localeDisplayNames/codePatterns/codePattern[@type="([^"]*+)"]	language; script; territory
yav	1	0	0	//ldml/localeDisplayNames/localeDisplayPattern/localePattern	
yav	1	0	0	//ldml/localeDisplayNames/localeDisplayPattern/localeSeparator	
yav	3	0	0	//ldml/localeDisplayNames/measurementSystemNames/measurementSystemName[@type="([^"]*+)"]	UK; US; metric
yav	1	0	0	//ldml/localeDisplayNames/scripts/script[@type="([^"]*+)"]	Latn
yav	1	0	0	//ldml/numbers/scientificFormats[@numberSystem="([^"]*+)"]/scientificFormatLength/scientificFormat[@type="([^"]*+)"]/pattern[@type="([^"]*+)"]	latn
yav	1	0	0	//ldml/numbers/symbols[@numberSystem="([^"]*+)"]/minusSign	latn
yav	1	0	0	//ldml/numbers/symbols[@numberSystem="([^"]*+)"]/percentSign	latn
yav	1	0	0	//ldml/numbers/symbols[@numberSystem="([^"]*+)"]/plusSign	latn
yav	28	0	0	Totals	
					
yi	4	1	0	//ldml/dates/calendars/calendar[@type="([^"]*+)"]/dateTimeFormats/availableFormats/dateFormatItem[@id="([^"]*+)"]	gregorian, Hm; gregorian, Hmsv; gregorian, hmsv; gregorian, yMMMMEd; gregorian, yMMMMd
yi	1	0	0	//ldml/dates/timeZoneNames/fallbackFormat	
yi	1	0	0	//ldml/dates/timeZoneNames/gmtFormat	
yi	1	0	0	//ldml/dates/timeZoneNames/gmtFormat[@alt="([^"]*+)"]	utc
yi	1	0	0	//ldml/dates/timeZoneNames/hourFormat	
yi	1	0	0	//ldml/dates/timeZoneNames/metazone[@type="([^"]*+)"]/long/standard	GMT
yi	1	0	0	//ldml/dates/timeZoneNames/regionFormat	
yi	2	0	0	//ldml/dates/timeZoneNames/regionFormat[@type="([^"]*+)"]	daylight
yi	1	0	0	//ldml/dates/timeZoneNames/zone[@type="([^"]*+)"]/long/standard	Etc/UTC
yi	1	0	0	//ldml/dates/timeZoneNames/zone[@type="([^"]*+)"]/short/standard	Etc/UTC
yi	0	1	0	//ldml/localeDisplayNames/localeDisplayPattern/localePattern	
yi	0	1	0	//ldml/localeDisplayNames/localeDisplayPattern/localeSeparator	
yi	2	0	0	//ldml/localeDisplayNames/measurementSystemNames/measurementSystemName[@type="([^"]*+)"]	UK; US
yi	1	0	0	//ldml/numbers/currencyFormats[@numberSystem="([^"]*+)"]/currencyFormatLength/currencyFormat[@type="([^"]*+)"]/pattern[@type="([^"]*+)"]	latn
yi	1	0	0	//ldml/numbers/decimalFormats[@numberSystem="([^"]*+)"]/decimalFormatLength/decimalFormat[@type="([^"]*+)"]/pattern[@type="([^"]*+)"]	latn
yi	1	0	0	//ldml/numbers/percentFormats[@numberSystem="([^"]*+)"]/percentFormatLength/percentFormat[@type="([^"]*+)"]/pattern[@type="([^"]*+)"]	latn
yi	1	0	0	//ldml/numbers/scientificFormats[@numberSystem="([^"]*+)"]/scientificFormatLength/scientificFormat[@type="([^"]*+)"]/pattern[@type="([^"]*+)"]	latn
yi	20	3	0	Totals	
					
yrl	1	0	0	//ldml/dates/timeZoneNames/gmtFormat[@alt="([^"]*+)"]	utc
yrl	1	0	0	//ldml/dates/timeZoneNames/zone[@type="([^"]*+)"]/short/standard	Etc/UTC
yrl	2	0	0	Totals	
					
yue_Hans	2	0	0	//ldml/dates/calendars/calendar[@type="([^"]*+)"]/dateTimeFormats/availableFormats/dateFormatItem[@id="([^"]*+)"]	gregorian, yMMMMEd; gregorian, yMMMMd
yue_Hans	1	0	0	//ldml/dates/timeZoneNames/gmtFormat[@alt="([^"]*+)"]	utc
yue_Hans	1	0	0	//ldml/dates/timeZoneNames/zone[@type="([^"]*+)"]/short/standard	Etc/UTC
yue_Hans	4	0	0	Totals	
					
za	2	0	0	//ldml/dates/calendars/calendar[@type="([^"]*+)"]/dateTimeFormats/availableFormats/dateFormatItem[@id="([^"]*+)"]	gregorian, yMMMMEd; gregorian, yMMMMd
za	1	0	0	//ldml/dates/timeZoneNames/gmtFormat[@alt="([^"]*+)"]	utc
za	1	0	0	//ldml/dates/timeZoneNames/zone[@type="([^"]*+)"]/long/standard	Etc/UTC
za	1	0	0	//ldml/dates/timeZoneNames/zone[@type="([^"]*+)"]/short/standard	Etc/UTC
za	5	0	0	Totals	
					
zgh	2	0	0	//ldml/dates/calendars/calendar[@type="([^"]*+)"]/dateTimeFormats/availableFormats/dateFormatItem[@id="([^"]*+)"]	gregorian, yMMMMEd; gregorian, yMMMMd
zgh	1	0	0	//ldml/dates/timeZoneNames/fallbackFormat	
zgh	1	0	0	//ldml/dates/timeZoneNames/gmtFormat	
zgh	1	0	0	//ldml/dates/timeZoneNames/gmtFormat[@alt="([^"]*+)"]	utc
zgh	1	0	0	//ldml/dates/timeZoneNames/hourFormat	
zgh	1	0	0	//ldml/dates/timeZoneNames/metazone[@type="([^"]*+)"]/long/standard	GMT
zgh	1	0	0	//ldml/dates/timeZoneNames/regionFormat	
zgh	2	0	0	//ldml/dates/timeZoneNames/regionFormat[@type="([^"]*+)"]	daylight
zgh	1	0	0	//ldml/dates/timeZoneNames/zone[@type="([^"]*+)"]/long/standard	Etc/UTC
zgh	1	0	0	//ldml/dates/timeZoneNames/zone[@type="([^"]*+)"]/short/standard	Etc/UTC
zgh	3	0	0	//ldml/localeDisplayNames/codePatterns/codePattern[@type="([^"]*+)"]	language; script; territory
zgh	1	0	0	//ldml/localeDisplayNames/localeDisplayPattern/localePattern	
zgh	1	0	0	//ldml/localeDisplayNames/localeDisplayPattern/localeSeparator	
zgh	3	0	0	//ldml/localeDisplayNames/measurementSystemNames/measurementSystemName[@type="([^"]*+)"]	UK; US; metric
zgh	1	0	0	//ldml/localeDisplayNames/scripts/script[@type="([^"]*+)"]	Tfng
zgh	21	0	0	Totals	
					
zh_Latn	10	0	0	//ldml/dates/calendars/calendar[@type="([^"]*+)"]/dateTimeFormats/availableFormats/dateFormatItem[@id="([^"]*+)"]	gregorian, Hm; gregorian, Hms; gregorian, Hmsv; gregorian, hm; gregorian, hms; gregorian, hmsv; gregorian, yMMMMEd; gregorian, yMMMMd; gregorian, yMMMd; gregorian, yMd
zh_Latn	1	0	0	//ldml/dates/calendars/calendar[@type="([^"]*+)"]/dateTimeFormats/intervalFormats/intervalFormatFallback	gregorian
zh_Latn	2	0	0	//ldml/dates/calendars/calendar[@type="([^"]*+)"]/dayPeriods/dayPeriodContext[@type="([^"]*+)"]/dayPeriodWidth[@type="([^"]*+)"]/dayPeriod[@type="([^"]*+)"]	gregorian, format, wide, am; gregorian, format, wide, pm
zh_Latn	7	0	0	//ldml/dates/calendars/calendar[@type="([^"]*+)"]/days/dayContext[@type="([^"]*+)"]/dayWidth[@type="([^"]*+)"]/day[@type="([^"]*+)"]	gregorian, format, wide, fri; gregorian, format, wide, mon; gregorian, format, wide, sat; gregorian, format, wide, sun; gregorian, format, wide, thu; gregorian, format, wide, tue; gregorian, format, wide, wed
zh_Latn	12	0	0	//ldml/dates/calendars/calendar[@type="([^"]*+)"]/months/monthContext[@type="([^"]*+)"]/monthWidth[@type="([^"]*+)"]/month[@type="([^"]*+)"]	gregorian, format, wide, 1; gregorian, format, wide, 10; gregorian, format, wide, 11; gregorian, format, wide, 12; gregorian, format, wide, 2; gregorian, format, wide, 3; gregorian, format, wide, 4; gregorian, format, wide, 5; gregorian, format, wide, 6; gregorian, format, wide, 7; gregorian, format, wide, 8; gregorian, format, wide, 9
zh_Latn	1	0	0	//ldml/dates/timeZoneNames/fallbackFormat	
zh_Latn	1	0	0	//ldml/dates/timeZoneNames/gmtFormat	
zh_Latn	1	0	0	//ldml/dates/timeZoneNames/gmtFormat[@alt="([^"]*+)"]	utc
zh_Latn	1	0	0	//ldml/dates/timeZoneNames/hourFormat	
zh_Latn	1	0	0	//ldml/dates/timeZoneNames/metazone[@type="([^"]*+)"]/long/standard	GMT
zh_Latn	1	0	0	//ldml/dates/timeZoneNames/regionFormat	
zh_Latn	2	0	0	//ldml/dates/timeZoneNames/regionFormat[@type="([^"]*+)"]	daylight
zh_Latn	1	0	0	//ldml/dates/timeZoneNames/zone[@type="([^"]*+)"]/long/standard	Etc/UTC
zh_Latn	1	0	0	//ldml/dates/timeZoneNames/zone[@type="([^"]*+)"]/short/standard	Etc/UTC
zh_Latn	1	0	0	//ldml/delimiters/alternateQuotationEnd	
zh_Latn	1	0	0	//ldml/delimiters/alternateQuotationStart	
zh_Latn	1	0	0	//ldml/delimiters/quotationEnd	
zh_Latn	1	0	0	//ldml/delimiters/quotationStart	
zh_Latn	3	0	0	//ldml/localeDisplayNames/codePatterns/codePattern[@type="([^"]*+)"]	language; script; territory
zh_Latn	3	0	0	//ldml/localeDisplayNames/languages/language[@type="([^"]*+)"]	en; zh
zh_Latn	1	0	0	//ldml/localeDisplayNames/languages/language[@type="([^"]*+)"][@alt="([^"]*+)"]	zh, menu
zh_Latn	1	0	0	//ldml/localeDisplayNames/localeDisplayPattern/localePattern	
zh_Latn	1	0	0	//ldml/localeDisplayNames/localeDisplayPattern/localeSeparator	
zh_Latn	3	0	0	//ldml/localeDisplayNames/measurementSystemNames/measurementSystemName[@type="([^"]*+)"]	UK; US; metric
zh_Latn	3	0	0	//ldml/localeDisplayNames/scripts/script[@type="([^"]*+)"]	Hans; Hant; Latn
zh_Latn	7	0	0	//ldml/localeDisplayNames/territories/territory[@type="([^"]*+)"]	CN; HK; MO; MY; SG; TW
zh_Latn	1	0	0	//ldml/numbers/currencyFormats[@numberSystem="([^"]*+)"]/currencyFormatLength/currencyFormat[@type="([^"]*+)"]/pattern[@type="([^"]*+)"]	latn
zh_Latn	1	0	0	//ldml/numbers/decimalFormats[@numberSystem="([^"]*+)"]/decimalFormatLength/decimalFormat[@type="([^"]*+)"]/pattern[@type="([^"]*+)"]	latn
zh_Latn	1	0	0	//ldml/numbers/percentFormats[@numberSystem="([^"]*+)"]/percentFormatLength/percentFormat[@type="([^"]*+)"]/pattern[@type="([^"]*+)"]	latn
zh_Latn	1	0	0	//ldml/numbers/scientificFormats[@numberSystem="([^"]*+)"]/scientificFormatLength/scientificFormat[@type="([^"]*+)"]/pattern[@type="([^"]*+)"]	latn
zh_Latn	1	0	0	//ldml/numbers/symbols[@numberSystem="([^"]*+)"]/decimal	latn
zh_Latn	1	0	0	//ldml/numbers/symbols[@numberSystem="([^"]*+)"]/group	latn
zh_Latn	1	0	0	//ldml/numbers/symbols[@numberSystem="([^"]*+)"]/minusSign	latn
zh_Latn	1	0	0	//ldml/numbers/symbols[@numberSystem="([^"]*+)"]/percentSign	latn
zh_Latn	1	0	0	//ldml/numbers/symbols[@numberSystem="([^"]*+)"]/plusSign	latn
zh_Latn	77	0	0	Totals	
					
