#Territory	Code	Terr. Literacy	Language	Code	Official Status	Lang. Pop.	Pop.%	Literacy%	Written%
Afghanistan	AF	0.281	Persian	fa	official	2.00608E7	0.5	0.281	0.281
Afghanistan	AF	0.281	Pashto	ps	official	1.7252288E7	0.43	0.281	0.281
Afghanistan	AF	0.281	Hazaragi	haz		2367174.4	0.059	0.28099999999999997	0.28099999999999997
Afghanistan	AF	0.281	Uzbek (Arabic)	uz_Arab	official_regional	1885715.2	0.047	0.281	0.281
Afghanistan	AF	0.281	Turkmen	tk	official_regional	682067.2	0.016999999999999998	0.281	0.281
Afghanistan	AF	0.281	Parsi-Dari	prd		481459.2	0.012	0.281	0.281
Afghanistan	AF	0.281	Western Balochi	bgn		252766.08	0.0063	0.281	0.05
Afghanistan	AF	0.281	Kara-Kalpak	kaa		3370.2144	8.4E-5	0.281	0.281
Afghanistan	AF	0.281	Uyghur	ug		3009.12	7.5E-5	0.281	0.281
Afghanistan	AF	0.281	Kazakh (Arabic)	kk_Arab		2006.08	4.9999999999999996E-5	0.281	0.281
Åland Islands	AX	1.0	Swedish	sv	official	25938.0	0.99	1.0	1.0
Albania	AL	0.968	Albanian	sq	official	3107100.0	1.0	0.968	0.968
Albania	AL	0.968	Greek	el		59034.9	0.019	0.968	0.968
Albania	AL	0.968	Macedonian	mk		14603.37	0.0047	0.968	0.968
Algeria	DZ	0.7259999999999998	Algerian Arabic	arq		3.9028675E7	0.83	0.726	0.726
Algeria	DZ	0.7259999999999998	Arabic	ar	official	3.479665E7	0.74	0.726	0.726
Algeria	DZ	0.7259999999999998	French	fr	official	1.5517425E7	0.33	0.726	0.726
Algeria	DZ	0.7259999999999998	Hassaniyya	mey		5172475.0	0.11	0.726	0.726
Algeria	DZ	0.7259999999999998	Kabyle	kab		3667755.0	0.078	0.1	0.1
Algeria	DZ	0.7259999999999998	English	en		3291575.0	0.07	0.726	0.726
Algeria	DZ	0.7259999999999998	Tumzabt	mzb		169281.0	0.0036	0.726	0.726
Algeria	DZ	0.7259999999999998	Taznatit	grr		12225.85	2.6000000000000003E-4	0.726	0.726
American Samoa	AS	0.97	Samoan	sm	official	43456.05	0.9900000000000001	0.97	0.97
American Samoa	AS	0.97	English	en	de_facto_official	42578.15	0.9700000000000001	0.97	0.97
Andorra	AD	1.0	Catalan	ca	official	43538.7	0.51	1.0	1.0
Andorra	AD	1.0	Spanish	es		36709.1	0.43	1.0	1.0
Andorra	AD	1.0	French	fr		5805.16	0.068	1.0	1.0
Angola	AO	0.7040000000000001	Portuguese	pt	official	2.4925407E7	0.67	0.7040000000000001	0.7040000000000001
Angola	AO	0.7040000000000001	Umbundu	umb		1.0788609E7	0.29	0.7040000000000001	0.7040000000000001
Angola	AO	0.7040000000000001	Kimbundu	kmb		9300525.0	0.25	0.1	0.1
Angola	AO	0.7040000000000001	Lingala	ln		249254.07	0.0067	0.7040000000000001	0.7040000000000001
Anguilla	AI	0.95	English	en	official	18445.2	0.9500000000000001	0.9499999999999998	0.9499999999999998
Antarctica	AQ	0.99	Unknown language	und		300.0	1.0	0.99	0.99
Antigua & Barbuda	AG	0.99	English	en	official	88265.24	0.8600000000000001	0.9899999999999999	0.9899999999999999
Antigua & Barbuda	AG	0.99	Portuguese	pt		1642.1440000000002	0.016000000000000004	0.99	0.99
Argentina	AR	0.9790000000000001	Spanish	es	official	4.69944E7	1.0	0.9790000000000001	0.9790000000000001
Argentina	AR	0.9790000000000001	English	en		3289608.0	0.07	0.9790000000000002	0.9790000000000002
Argentina	AR	0.9790000000000001	Welsh	cy		31016.304000000004	6.600000000000001E-4	0.9790000000000001	0.9790000000000001
Argentina	AR	0.9790000000000001	Guarani	gn		22087.368	4.7E-4	0.9790000000000002	0.9790000000000002
Armenia	AM	0.996	Armenian	hy	official	2947002.3	0.99	0.996	0.996
Armenia	AM	0.996	Russian	ru		1934900.5	0.65	0.996	0.996
Armenia	AM	0.996	Kurdish	ku		98233.41	0.033	0.996	0.05
Armenia	AM	0.996	Kurdish (Cyrillic)	ku_Cyrl		98233.41	0.033	0.996	0.996
Armenia	AM	0.996	Azeri	az		0.0	0.0	NaN	NaN
Aruba	AW	0.968	Dutch	nl	official	121311.11	0.97	0.968	0.968
Aruba	AW	0.968	Papiamento	pap	official	76288.43	0.61	0.968	0.968
Aruba	AW	0.968	English	en		3001.512	0.024	0.968	0.968
Ascension Island	AC	0.99	English	en		930.6	0.99	0.99	0.99
Australia	AU	0.99	English	en	de_facto_official	2.5697856E7	0.96	0.99	0.99
Australia	AU	0.99	Chinese (Traditional)	zh_Hant		562140.6	0.020999999999999998	0.99	0.99
Australia	AU	0.99	Italian	it		508603.4	0.019	0.99	0.99
Australia	AU	0.99	Warlpiri	wbp		2489.4797999999996	9.299999999999998E-5	0.9899999999999999	0.9899999999999999
Australia	AU	0.99	Hmong Njua	hnj		2195.0252	8.2E-5	0.9899999999999999	0.9899999999999999
Austria	AT	0.98	German	de	official	8698940.6	0.97	0.9799999999999999	0.9799999999999999
Austria	AT	0.98	Bavarian	bar		8519581.0	0.95	0.98	0.98
Austria	AT	0.98	English	en		6546625.4	0.7300000000000001	0.98	0.98
Austria	AT	0.98	French	fr		1165837.4	0.12999999999999998	0.9799999999999999	0.9799999999999999
Austria	AT	0.98	Italian	it		807118.2	0.09	0.98	0.98
Austria	AT	0.98	Croatian	hr	official_regional	107615.76	0.012	0.9799999999999999	0.9799999999999999
Austria	AT	0.98	Slovenian	sl	official_regional	33181.526	0.0036999999999999997	0.98	0.98
Austria	AT	0.98	Hungarian	hu	official_regional	23316.748000000003	0.0026000000000000003	0.98	0.98
Azerbaijan	AZ	0.998	Azeri	az	official	9478678.0	0.89	0.998	0.998
Azerbaijan	AZ	0.998	Azeri (Cyrillic)	az_Cyrl	official	1054369.8	0.099	0.998	0.998
Azerbaijan	AZ	0.998	Talysh	tly		1043719.6000000001	0.098	0.998	0.998
Azerbaijan	AZ	0.998	Kurdish	ku		25560.48	0.0024	0.9980000000000001	0.05
Azerbaijan	AZ	0.998	Kurdish (Cyrillic)	ku_Cyrl		25560.48	0.0024	0.9980000000000001	0.9980000000000001
Azerbaijan	AZ	0.998	Muslim Tat	ttt		23430.44	0.0021999999999999997	0.9980000000000001	0.9980000000000001
Azerbaijan	AZ	0.998	Tsakhur	tkr		17040.32	0.0016	0.998	0.998
Bahamas	BS	0.956	English	en	official	410862.0	1.0	0.956	0.956
Bahrain	BH	0.946	Arabic	ar	official	1363194.3	0.87	0.946	0.946
Bahrain	BH	0.946	Malayalam	ml		51707.37	0.033	0.9459999999999998	0.9459999999999998
Bangladesh	BD	0.5770000000000001	Bangla	bn	official	1.6532306E8	0.98	0.5770000000000001	0.5770000000000001
Bangladesh	BD	0.5770000000000001	English	en		3.036546E7	0.18	0.5770000000000001	0.5770000000000001
Bangladesh	BD	0.5770000000000001	Rangpuri	rkt		1.0965305E7	0.065	0.2	0.2
Bangladesh	BD	0.5770000000000001	Sylheti	syl		8434850.0	0.05	0.35	0.35
Bangladesh	BD	0.5770000000000001	Rohingya	rhg		894094.1	0.0053	0.5770000000000001	0.5770000000000001
Bangladesh	BD	0.5770000000000001	Chakma	ccp		371133.4	0.0022	0.5770000000000001	0.5770000000000001
Bangladesh	BD	0.5770000000000001	Burmese	my		354263.7	0.0021	0.5770000000000001	0.5770000000000001
Bangladesh	BD	0.5770000000000001	Garo	grt		123148.81	7.3E-4	0.5770000000000001	0.5770000000000001
Bangladesh	BD	0.5770000000000001	Mru	mro		30365.46	1.7999999999999998E-4	0.5770000000000002	0.5770000000000002
Bangladesh	BD	0.5770000000000001	Manipuri	mni		18556.67	1.0999999999999999E-4	0.5770000000000001	0.5770000000000001
Barbados	BB	0.9969999999999999	English	en	official	304139.0	1.0	0.9969999999999999	0.9969999999999999
Belarus	BY	0.996	Russian	ru	official	6746029.5	0.71	0.996	0.996
Belarus	BY	0.996	Belarusian	be	official	2470377.0	0.26	0.9960000000000001	0.9960000000000001
Belgium	BE	0.99	English	en		7066784.0	0.59	0.99	0.99
Belgium	BE	0.99	Dutch	nl	official	6587680.0	0.55	0.99	0.99
Belgium	BE	0.99	French	fr	official	4551488.0	0.38	0.99	0.99
Belgium	BE	0.99	German	de	official	2635072.0	0.22	0.9899999999999999	0.9899999999999999
Belgium	BE	0.99	West Flemish	vls		1197760.0	0.1	0.9899999999999999	0.9899999999999999
Belgium	BE	0.99	Walloon	wa		694700.8	0.058	0.99	0.05
Belize	BZ	0.769	English	en	official	320157.53	0.77	0.769	0.769
Belize	BZ	0.769	Spanish	es		228683.95	0.55	0.769	0.769
Belize	BZ	0.769	Belize Kriol English	bzj		207894.5	0.5	0.769	0.769
Belize	BZ	0.769	Qʼeqchiʼ	kek		27026.285	0.065	0.769	0.769
Belize	BZ	0.769	Mopán Maya	mop		16631.56	0.04	0.769	0.769
Belize	BZ	0.769	Garifuna	cab		7899.991	0.019	0.769	0.769
Benin	BJ	0.424	French	fr	official	4997014.0	0.34	0.42399999999999993	0.42399999999999993
Benin	BJ	0.424	Fon	fon		3674275.0	0.25	0.424	0.424
Benin	BJ	0.424	Yoruba	yo		984705.7	0.06699999999999999	0.424	0.424
Benin	BJ	0.424	Anii	blo		44091.3	0.003	0.424	0.424
Bermuda	BM	0.98	English	en	official	66976.0	0.92	0.98	0.98
Bhutan	BT	0.528	Dzongkha	dz	official	415736.62	0.47	0.528	0.528
Bhutan	BT	0.528	Nepali	ne		150372.82	0.17	0.528	0.528
Bhutan	BT	0.528	Tshangla	tsj		132681.9	0.15	0.528	0.528
Bhutan	BT	0.528	English	en		97300.06	0.11	0.528	0.528
Bhutan	BT	0.528	Lepcha	lep		34497.294	0.039	0.528	0.528
Bolivia	BO	0.912	Spanish	es	official	7510320.0	0.61	0.912	0.912
Bolivia	BO	0.912	Quechua	qu	official	3939840.0	0.32	0.912	0.912
Bolivia	BO	0.912	Aymara	ay	official	2462400.0	0.2	0.9119999999999999	0.9119999999999999
Bolivia	BO	0.912	Guarani	gn		55404.0	0.0045	0.912	0.912
Bolivia	BO	0.912	Araona	aro		110.80799999999999	9.0E-6	0.912	0.912
Bosnia & Herzegovina	BA	0.98	Bosnian	bs	official	3760683.3	0.99	0.98	0.98
Bosnia & Herzegovina	BA	0.98	Bosnian (Cyrillic)	bs_Cyrl	official	3760683.3	0.99	0.98	0.05
Bosnia & Herzegovina	BA	0.98	English	en		1709401.5	0.45	0.98	0.98
Bosnia & Herzegovina	BA	0.98	Croatian	hr	official	455840.4	0.12000000000000001	0.98	0.98
Bosnia & Herzegovina	BA	0.98	Serbian	sr	official	379867.0	0.1	0.98	0.98
Bosnia & Herzegovina	BA	0.98	Serbian (Latin)	sr_Latn	official	379867.0	0.1	0.98	0.04999999999999999
Botswana	BW	0.851	English	en	official	1985042.7	0.8099999999999999	0.851	0.851
Botswana	BW	0.851	Tswana	tn	official	1519415.4	0.62	0.8509999999999998	0.8509999999999998
Botswana	BW	0.851	Afrikaans	af		5881.607999999999	0.0024	0.8509999999999998	0.8509999999999998
Bouvet Island	BV	0.99	Norwegian	no		1.0	1.0	0.99	0.99
Brazil	BR	0.904	Portuguese	pt	official	2.0024732E8	0.91	0.904	0.904
Brazil	BR	0.904	English	en		1.760416E7	0.08	0.904	0.904
Brazil	BR	0.904	German	de		1848436.8	0.0084	0.9040000000000002	0.9040000000000002
Brazil	BR	0.904	Hunsrik	hrx		1298306.8	0.0059	0.904	0.904
Brazil	BR	0.904	Italian	it		616145.6000000001	0.0028000000000000004	0.904	0.904
Brazil	BR	0.904	Venetian	vec	official_regional	528124.8	0.0024000000000000002	0.904	0.904
Brazil	BR	0.904	Japanese	ja		462109.2	0.0021	0.9040000000000002	0.9040000000000002
Brazil	BR	0.904	Spanish	es		79218.71999999999	3.599999999999999E-4	0.904	0.904
Brazil	BR	0.904	Kaingang	kgp		52812.48	2.4E-4	0.904	0.904
Brazil	BR	0.904	Korean	ko		46210.92	2.0999999999999998E-4	0.904	0.904
Brazil	BR	0.904	Nheengatu	yrl		22005.2	1.0E-4	0.904	0.904
Brazil	BR	0.904	Guajajára	gub		18484.368	8.4E-5	0.904	0.904
Brazil	BR	0.904	Xavánte	xav		9902.339999999998	4.499999999999999E-5	0.904	0.904
British Indian Ocean Territory	IO	0.99	English	en	official	3500.0	1.0	1.0	1.0
British Virgin Islands	VG	0.978	English	en	official	39299.96	0.98	0.978	0.978
Brunei	BN	0.9540000000000001	Malay	ms	official	457467.0	0.93	0.9540000000000001	0.9540000000000001
Brunei	BN	0.9540000000000001	Chinese (Traditional)	zh_Hant		54109.0	0.11	0.9540000000000001	0.9540000000000001
Brunei	BN	0.9540000000000001	Malay (Arabic)	ms_Arab	official	24595.0	0.05	0.9540000000000001	0.9540000000000001
Brunei	BN	0.9540000000000001	English	en		7870.4	0.016	0.9540000000000001	0.9540000000000001
Bulgaria	BG	0.9840000000000001	Bulgarian	bg	official	6782660.0	1.0	0.9840000000000001	0.9840000000000001
Bulgaria	BG	0.9840000000000001	English	en		1695665.0	0.25	0.9840000000000001	0.9840000000000001
Bulgaria	BG	0.9840000000000001	Russian	ru		1560011.8	0.23	0.9840000000000001	0.9840000000000001
Bulgaria	BG	0.9840000000000001	Turkish	tr		746092.6	0.11	0.9840000000000001	0.9840000000000001
Bulgaria	BG	0.9840000000000001	German	de		542612.8	0.08	0.9840000000000001	0.9840000000000001
Burkina Faso	BF	0.287	Mossi	mos		9216880.0	0.4	0.287	0.287
Burkina Faso	BF	0.287	Dyula	dyu		7373504.0	0.32	0.28700000000000003	0.28700000000000003
Burkina Faso	BF	0.287	French	fr	official	5760550.0	0.25	0.287	0.287
Burkina Faso	BF	0.287	Fula	ff		0.0	0.0	NaN	NaN
Burkina Faso	BF	0.287	Fula (Adlam)	ff_Adlm		0.0	0.0	NaN	NaN
Burundi	BI	0.6719999999999999	Rundi	rn	official	8561763.0	0.63	0.672	0.672
Burundi	BI	0.6719999999999999	French	fr	official	8018159.0	0.59	0.672	0.672
Burundi	BI	0.6719999999999999	Swahili	sw		6387.347	4.7E-4	0.672	0.672
Burundi	BI	0.6719999999999999	English	en	official	6251.446	4.6E-4	0.672	0.672
Cambodia	KH	0.7390000000000001	Khmer	km	official	1.5186693E7	0.89	0.7390000000000001	0.7390000000000001
Cambodia	KH	0.7390000000000001	Western Cham	cja		273019.2	0.016	0.7390000000000001	0.7390000000000001
Cambodia	KH	0.7390000000000001	Kuy	kdt		18770.07	0.0011	0.7390000000000001	0.7390000000000001
Cameroon	CM	0.713	French	fr	official	2.1056948E7	0.68	0.713	0.713
Cameroon	CM	0.713	English	en	official	1.1767118E7	0.38	0.713	0.713
Cameroon	CM	0.713	Bulu	bum		1424440.6	0.046000000000000006	0.713	0.713
Cameroon	CM	0.713	Fula	ff		1114779.6	0.036000000000000004	0.713	0.713
Cameroon	CM	0.713	Ewondo	ewo		959949.1	0.031	0.15	0.15
Cameroon	CM	0.713	Yemba	ybb		495457.6	0.016	0.02	0.02
Cameroon	CM	0.713	Ghomala	bbj		433525.4	0.014	0.25	0.25
Cameroon	CM	0.713	Ngiemboon	nnh		433525.4	0.014	0.07999999999999999	0.07999999999999999
Cameroon	CM	0.713	Kom	bkm		402559.3	0.013	0.713	0.05
Cameroon	CM	0.713	Basaa	bas		371593.2	0.012	0.25	0.25
Cameroon	CM	0.713	Bamun	bax		371593.2	0.012	0.7130000000000001	0.7130000000000001
Cameroon	CM	0.713	Medumba	byv		340627.1	0.011	0.15000000000000002	0.15000000000000002
Cameroon	CM	0.713	Mundang	mua		309661.0	0.01	0.713	0.713
Cameroon	CM	0.713	Mafa	maf		229149.14	0.0074	0.713	0.713
Cameroon	CM	0.713	Bafut	bfd		176506.77	0.005699999999999999	0.3	0.3
Cameroon	CM	0.713	Akoose	bss		167216.94000000003	0.005400000000000001	0.3	0.3
Cameroon	CM	0.713	Kako	kkj		167216.94000000003	0.005400000000000001	0.713	0.713
Cameroon	CM	0.713	Duala	dua		148637.28	0.0048	0.25	0.25
Cameroon	CM	0.713	Metaʼ	mgo		145540.67	0.0047	0.713	0.05
Cameroon	CM	0.713	Arabic	ar		120767.79	0.0039	0.713	0.713
Cameroon	CM	0.713	Ngomba	jgo		105284.74	0.0034000000000000002	0.3	0.3
Cameroon	CM	0.713	Bafia	ksf		99091.52	0.0032	0.7130000000000001	0.7130000000000001
Cameroon	CM	0.713	Kenyang	ken		77415.25	0.0025	0.713	0.713
Cameroon	CM	0.713	Aghem	agq		43352.54	0.0014	0.19999999999999996	0.19999999999999996
Cameroon	CM	0.713	Hausa (Arabic)	ha_Arab		43352.54	0.0014	0.713	0.713
Cameroon	CM	0.713	Kwasio	nmg		8980.169	2.9E-4	0.1	0.1
Cameroon	CM	0.713	Yangben	yav		2291.4914000000003	7.400000000000001E-5	0.713	0.713
Cameroon	CM	0.713	Fula (Adlam)	ff_Adlm		0.0	0.0	NaN	NaN
Canada	CA	0.99	English	en	official	3.3751476E7	0.87	0.99	0.99
Canada	CA	0.99	French	fr	official	1.1250492E7	0.29	0.99	0.99
Canada	CA	0.99	Spanish	es		1241433.6	0.032	0.9899999999999999	0.9899999999999999
Canada	CA	0.99	Chinese	zh		1047459.6	0.027	0.99	0.99
Canada	CA	0.99	Punjabi	pa		1008664.8	0.026000000000000002	0.99	0.99
Canada	CA	0.99	Arabic	ar		892280.4	0.023	0.9900000000000001	0.9900000000000001
Canada	CA	0.99	Hindi	hi		814690.8	0.021	0.99	0.99
Canada	CA	0.99	Filipino	fil		775896.0	0.02	0.99	0.99
Canada	CA	0.99	Cantonese	yue		775896.0	0.02	0.99	0.99
Canada	CA	0.99	Italian	it		581922.0	0.015	0.99	0.99
Canada	CA	0.99	German	de		465537.6	0.012	0.99	0.99
Canada	CA	0.99	Urdu	ur		426742.8	0.011	0.9899999999999999	0.9899999999999999
Canada	CA	0.99	Portuguese	pt		360791.64	0.009300000000000001	0.99	0.99
Canada	CA	0.99	Russian	ru		329755.8	0.008499999999999999	0.9899999999999999	0.9899999999999999
Canada	CA	0.99	Tamil	ta		252166.2	0.006500000000000001	0.99	0.99
Canada	CA	0.99	Vietnamese	vi		248286.72	0.0064	0.99	0.99
Canada	CA	0.99	Persian	fa		236648.28	0.0061	0.99	0.99
Canada	CA	0.99	Gujarati	gu		225009.84	0.0058	0.99	0.99
Canada	CA	0.99	Korean	ko		217250.88000000003	0.005600000000000001	0.99	0.99
Canada	CA	0.99	Polish	pl		217250.88000000003	0.005600000000000001	0.99	0.99
Canada	CA	0.99	Greek	el		155179.2	0.004	0.9899999999999999	0.9899999999999999
Canada	CA	0.99	Ukrainian	uk		139661.28	0.0036	0.9899999999999999	0.9899999999999999
Canada	CA	0.99	Bangla	bn		128022.84	0.0033	0.99	0.99
Canada	CA	0.99	Romanian	ro		124143.36	0.0032	0.99	0.99
Canada	CA	0.99	Dutch	nl		116384.4	0.003	0.99	0.99
Canada	CA	0.99	Japanese	ja		104745.96	0.0027	0.99	0.99
Canada	CA	0.99	Serbian	sr		89228.04	0.0023	0.99	0.99
Canada	CA	0.99	Turkish	tr		85348.56	0.0022	0.99	0.99
Canada	CA	0.99	Croatian	hr		77589.6	0.002	0.9899999999999999	0.9899999999999999
Canada	CA	0.99	Hungarian	hu		69830.64	0.0018	0.9899999999999999	0.9899999999999999
Canada	CA	0.99	Somali	so		62071.68	0.0016	0.99	0.99
Canada	CA	0.99	Inuktitut	iu	official_regional	42674.28	0.0011	0.3	0.3
Canada	CA	0.99	Inuktitut (Latin)	iu_Latn	official_regional	42674.28	0.0011	0.3	0.3
Canada	CA	0.99	Plautdietsch	pdt		42674.28	0.0011	0.99	0.99
Canada	CA	0.99	Ojibwa	oj		27932.255999999998	7.199999999999999E-4	0.99	0.99
Canada	CA	0.99	Oji-Cree	ojs		16293.816	4.2E-4	0.99	0.99
Canada	CA	0.99	Plains Cree	crk	official_regional	12802.284000000001	3.3000000000000005E-4	0.99	0.99
Canada	CA	0.99	Chipewyan	chp	official_regional	12414.336000000001	3.2E-4	0.99	0.99
Canada	CA	0.99	Innu-aimun	moe		11638.44	3.0000000000000003E-4	0.99	0.99
Canada	CA	0.99	Mi'kmaw	mic		9310.752	2.4E-4	0.99	0.99
Canada	CA	0.99	Atikamekw	atj		6983.063999999999	1.7999999999999998E-4	0.99	0.99
Canada	CA	0.99	Siksiká	bla		6595.116000000001	1.7E-4	0.99	0.99
Canada	CA	0.99	Cree	cr		5043.324	1.3E-4	0.99	0.99
Canada	CA	0.99	Northern East Cree	crl		5043.324	1.3E-4	0.99	0.99
Canada	CA	0.99	Swampy Cree	csw		4655.376	1.2E-4	0.99	0.99
Canada	CA	0.99	Waray	war		4655.376	1.2E-4	0.99	0.99
Canada	CA	0.99	Western Ojibwa	ojw		3646.7111999999997	9.4E-5	0.99	0.99
Canada	CA	0.99	Slave	den	official_regional	2327.688	6.0E-5	0.99	0.99
Canada	CA	0.99	Dogrib	dgr	official_regional	2133.714	5.4999999999999995E-5	0.99	0.99
Canada	CA	0.99	Michif	crg		1900.9451999999999	4.9E-5	0.99	0.99
Canada	CA	0.99	Mohawk	moh		1590.5868000000003	4.100000000000001E-5	0.99	0.99
Canada	CA	0.99	Dakota	dak		1512.9972	3.9E-5	0.9899999999999999	0.9899999999999999
Canada	CA	0.99	Halkomelem	hur		1396.6127999999999	3.5999999999999994E-5	0.99	0.99
Canada	CA	0.99	Naskapi	nsk		1047.4596000000001	2.7000000000000002E-5	0.99	0.99
Canada	CA	0.99	Chilcotin	clc		853.4856000000001	2.2000000000000003E-5	0.99	0.99
Canada	CA	0.99	Kwakʼwala	kwk		814.6908	2.1E-5	0.9899999999999999	0.9899999999999999
Canada	CA	0.99	Maliseet-Passamaquoddy	pqm		814.6908	2.1E-5	0.9899999999999999	0.9899999999999999
Canada	CA	0.99	Okanagan	oka		698.3063999999999	1.7999999999999997E-5	0.99	0.99
Canada	CA	0.99	Lillooet	lil		581.922	1.5E-5	0.99	0.99
Canada	CA	0.99	Gwichʼin	gwi	official_regional	310.3584	8.0E-6	0.9899999999999999	0.9899999999999999
Canary Islands	IC	0.977	Spanish	es	official	2056618.2	0.98	0.977	0.977
Cape Verde	CV	0.8490000000000001	Kabuverdianu	kea		556022.74	0.91	0.8490000000000001	0.8490000000000001
Cape Verde	CV	0.8490000000000001	Portuguese	pt	official	464370.64	0.76	0.8490000000000001	0.8490000000000001
Caribbean Netherlands	BQ	0.99	Papiamento	pap		16200.0	0.81	0.99	0.99
Caribbean Netherlands	BQ	0.99	Dutch	nl	official	1600.0	0.08	0.99	0.99
Cayman Islands	KY	0.9889999999999999	English	en	official	65319.94	0.98	0.9890000000000001	0.9890000000000001
Central African Republic	CF	0.5660000000000001	Sango	sg	official	2768970.4	0.49	0.566	0.566
Central African Republic	CF	0.5660000000000001	French	fr	official	1638778.4	0.29	0.5660000000000001	0.5660000000000001
Central African Republic	CF	0.5660000000000001	Lingala	ln		13562.303999999998	0.0024	0.5660000000000001	0.5660000000000001
Ceuta & Melilla	EA	0.977	Spanish	es	official	147000.0	0.98	0.977	0.977
Chad	TD	0.354	Arabic	ar	official	3245912.0	0.17	0.354	0.354
Chad	TD	0.354	French	fr	official	2482168.0	0.13	0.354	0.354
Chile	CL	0.986	Spanish	es	official	1.8291406E7	0.98	0.986	0.986
Chile	CL	0.986	English	en		1773146.5	0.095	0.9859999999999998	0.9859999999999998
Chile	CL	0.986	Mapuche	arn		279970.5	0.015	0.9859999999999998	0.9859999999999998
China	CN	0.9509999999999998	Chinese	zh	official	1.274436E9	0.9	0.951	0.951
China	CN	0.9509999999999998	Wu Chinese	wuu		8.49624E7	0.06	0.951	0.951
China	CN	0.9509999999999998	Cantonese	yue		7.363408E7	0.052	0.951	0.05
China	CN	0.9509999999999998	Cantonese (Simplified)	yue_Hans		7.363408E7	0.052	0.951	0.05
China	CN	0.9509999999999998	Xiang Chinese	hsn		4.106516E7	0.029	0.951	0.951
China	CN	0.9509999999999998	Hakka Chinese	hak		3.2568919999999996E7	0.022999999999999996	0.951	0.951
China	CN	0.9509999999999998	Min Nan Chinese	nan		2.690476E7	0.019	0.951	0.951
China	CN	0.9509999999999998	Gan Chinese	gan		2.407268E7	0.017	0.951	0.951
China	CN	0.9509999999999998	Sichuan Yi	ii		8496240.0	0.006	0.6	0.6
China	CN	0.9509999999999998	Uyghur	ug	official_regional	7788220.000000001	0.0055000000000000005	0.951	0.951
China	CN	0.9509999999999998	Zhuang	za	official_regional	4389724.0	0.0031	0.951	0.951
China	CN	0.9509999999999998	Mongolian (Mongolian)	mn_Mong	official_regional	3681704.0	0.0026	0.951	0.951
China	CN	0.9509999999999998	Tibetan	bo	official_regional	2832080.0	0.002	0.951	0.951
China	CN	0.9509999999999998	Korean	ko	official_regional	2124060.0	0.0015	0.951	0.951
China	CN	0.9509999999999998	Kazakh (Arabic)	kk_Arab		1203634.0000000002	8.500000000000002E-4	0.9509999999999998	0.9509999999999998
China	CN	0.9509999999999998	Lisu	lis		637218.0	4.5E-4	0.951	0.951
China	CN	0.9509999999999998	Kyrgyz (Arabic)	ky_Arab		481453.6	3.3999999999999997E-4	0.951	0.951
China	CN	0.9509999999999998	Naxi	nxq		339849.6	2.3999999999999998E-4	0.951	0.951
China	CN	0.9509999999999998	Lü	khb		269047.6	1.8999999999999998E-4	0.951	0.951
China	CN	0.9509999999999998	Tai Nüa	tdd		269047.6	1.8999999999999998E-4	0.951	0.951
China	CN	0.9509999999999998	Hmong Daw	mww		240726.8	1.6999999999999999E-4	0.951	0.951
China	CN	0.9509999999999998	Western Lawa	lcp		82130.31999999999	5.7999999999999994E-5	0.9509999999999998	0.9509999999999998
China	CN	0.9509999999999998	English	en		63721.79999999999	4.499999999999999E-5	0.951	0.951
China	CN	0.9509999999999998	Hmong Njua	hnj		56641.6	3.9999999999999996E-5	0.951	0.951
China	CN	0.9509999999999998	Russian	ru		14160.4	9.999999999999999E-6	0.951	0.951
China	CN	0.9509999999999998	Vietnamese	vi		7080.2	4.9999999999999996E-6	0.951	0.951
China	CN	0.9509999999999998	Uzbek (Cyrillic)	uz_Cyrl		5664.16	4.0E-6	0.951	0.951
China	CN	0.9509999999999998	Literary Chinese	lzh		0.0	0.0	NaN	NaN
China	CN	0.9509999999999998	Samtao (Tai Le)	stu_Tale		0.0	0.0	NaN	NaN
Christmas Island	CX	0.99	English	en	official	1404.36	0.83	0.99	0.99
Clipperton Island	CP	0.99	Unknown language	und		1.0	1.0	0.99	0.99
Cocos (Keeling) Islands	CC	0.9900000000000001	Malay (Arabic)	ms_Arab		498.12	0.84	0.99	0.99
Cocos (Keeling) Islands	CC	0.9900000000000001	English	en	de_facto_official	100.81	0.17	0.99	0.99
Colombia	CO	0.9359999999999999	Spanish	es	official	4.6117212E7	0.93	0.9359999999999999	0.9359999999999999
Colombia	CO	0.9359999999999999	Wayuu	guc		133888.68	0.0026999999999999997	0.9359999999999999	0.9359999999999999
Colombia	CO	0.9359999999999999	Nheengatu	yrl		2975.304	6.0E-5	0.9359999999999999	0.9359999999999999
Comoros	KM	0.755	Arabic	ar	official	594093.06	0.66	0.755	0.755
Comoros	KM	0.755	Ngazidja Comorian	zdj	official	333052.17	0.37	0.755	0.755
Comoros	KM	0.755	Ndzwani Comorian	wni	official	306047.94	0.34	0.755	0.755
Comoros	KM	0.755	French	fr	official	234036.66	0.26	0.7550000000000001	0.7550000000000001
Congo - Brazzaville	CG	0.838	French	fr	official	3719578.7	0.61	0.838	0.838
Congo - Brazzaville	CG	0.838	Lingala	ln		146344.08	0.023999999999999997	0.838	0.838
Congo - Kinshasa	CD	0.6679999999999999	French	fr	official	5.885553E7	0.51	0.6679999999999999	0.6679999999999999
Congo - Kinshasa	CD	0.6679999999999999	Swahili	sw	official_regional	5.77015E7	0.5	0.6679999999999999	0.6679999999999999
Congo - Kinshasa	CD	0.6679999999999999	Luba-Lulua	lua	official_regional	1.1078688E7	0.096	0.6679999999999999	0.6679999999999999
Congo - Kinshasa	CD	0.6679999999999999	Lingala	ln	official_regional	3577493.0	0.031	0.6679999999999998	0.6679999999999998
Congo - Kinshasa	CD	0.6679999999999999	Luba-Katanga	lu		2654268.9999999995	0.022999999999999996	0.6679999999999999	0.6679999999999999
Congo - Kinshasa	CD	0.6679999999999999	Kongo	kg	official_regional	1731045.0	0.015	0.6679999999999999	0.6679999999999999
Congo - Kinshasa	CD	0.6679999999999999	Mongo	lol		703958.3	0.0061	0.6679999999999999	0.6679999999999999
Congo - Kinshasa	CD	0.6679999999999999	Kinyarwanda	rw		438531.4	0.0038	0.6679999999999999	0.6679999999999999
Cook Islands	CK	0.95	English	en	official	7761.0	1.0	0.95	0.95
Costa Rica	CR	0.963	Spanish	es	official	5002301.0	0.95	0.963	0.963
Côte d’Ivoire	CI	0.569	French	fr	official	1.0193812E7	0.34	0.569	0.569
Côte d’Ivoire	CI	0.569	Baoulé	bci		3297998.0	0.11	0.1	0.1
Côte d’Ivoire	CI	0.569	Cebaara Senoufo	sef		1289217.4	0.043	0.569	0.05
Côte d’Ivoire	CI	0.569	Dan	dnj		1199272.0	0.04	0.01	0.01
Côte d’Ivoire	CI	0.569	Koro	kfo		68958.14	0.0023	0.569	0.569
Croatia	HR	0.9890000000000001	Croatian	hr	official	4108618.8	0.99	0.9890000000000001	0.9890000000000001
Croatia	HR	0.9890000000000001	English	en		2033558.8	0.49	0.9890000000000001	0.9890000000000001
Croatia	HR	0.9890000000000001	Italian	it	official_regional	66401.92	0.016	0.9890000000000001	0.9890000000000001
Croatia	HR	0.9890000000000001	Venetian	vec	official_regional	29050.84	0.007	0.9890000000000001	0.9890000000000001
Cuba	CU	0.998	Spanish	es	official	1.0966E7	1.0	0.998	0.998
Curaçao	CW	0.9899999999999999	Papiamento	pap	de_facto_official	124164.09	0.8099999999999999	0.99	0.99
Curaçao	CW	0.9899999999999999	Dutch	nl	official	12263.12	0.08	0.99	0.99
Curaçao	CW	0.9899999999999999	Spanish	es		5671.693	0.037	0.9900000000000001	0.9900000000000001
Cyprus	CY	0.9870000000000002	Greek	el	official	1254503.5	0.95	0.987	0.987
Cyprus	CY	0.9870000000000002	English	en		963986.9	0.73	0.987	0.987
Cyprus	CY	0.9870000000000002	Turkish	tr	official	303721.9	0.23	0.987	0.987
Cyprus	CY	0.9870000000000002	French	fr		87154.98	0.066	0.9870000000000002	0.9870000000000002
Cyprus	CY	0.9870000000000002	Armenian	hy		2773.113	0.0021	0.987	0.987
Cyprus	CY	0.9870000000000002	Arabic	ar		1294.1194	9.8E-4	0.987	0.987
Cyprus	CY	0.9870000000000002	Eteocypriot	ecy		1.32053	1.0E-6	0.987	0.987
Czechia	CZ	0.99	Czech	cs	official	1.0621142E7	0.98	0.99	0.99
Czechia	CZ	0.99	English	en		2926233.0	0.27	0.99	0.99
Czechia	CZ	0.99	Slovak	sk		1734064.0	0.16	0.99	0.99
Czechia	CZ	0.99	German	de		1625685.0	0.15	0.99	0.99
Czechia	CZ	0.99	Polish	pl		53105.71	0.0049	0.99	0.99
Denmark	DK	0.99	Danish	da	official	5555020.2	0.93	0.9900000000000001	0.9900000000000001
Denmark	DK	0.99	English	en		5136900.4	0.8600000000000001	0.9900000000000001	0.9900000000000001
Denmark	DK	0.99	German	de	official_regional	2807375.8	0.47	0.99	0.99
Denmark	DK	0.99	Swedish	sv		776508.2	0.13	0.99	0.99
Denmark	DK	0.99	Faroese	fo		22697.932	0.0038	0.99	0.99
Denmark	DK	0.99	Kalaallisut	kl	official_regional	7167.767999999999	0.0012	0.99	0.99
Denmark	DK	0.99	Jutish	jut		0.0	0.0	NaN	NaN
Diego Garcia	DG	0.99	English	en	de_facto_official	495.0	0.99	0.99	0.99
Djibouti	DJ	0.679	French	fr	official	497487.0	0.5	0.679	0.679
Djibouti	DJ	0.679	Afar	aa		417889.08	0.42000000000000004	0.679	0.679
Djibouti	DJ	0.679	Somali	so		407939.34	0.41000000000000003	0.6789999999999999	0.6789999999999999
Djibouti	DJ	0.679	Arabic	ar	official	72633.102	0.073	0.679	0.679
Dominica	DM	0.94	English	en	official	70181.34	0.94	0.94	0.94
Dominican Republic	DO	0.9009999999999999	Spanish	es	official	8436402.0	0.78	0.9009999999999999	0.9009999999999999
Dominican Republic	DO	0.9009999999999999	English	en		8003.766	7.4E-4	0.9009999999999999	0.9009999999999999
Ecuador	EC	0.9159999999999999	Spanish	es	official	1.75776E7	0.96	0.9159999999999999	0.9159999999999999
Ecuador	EC	0.9159999999999999	Quechua	qu	official	3112700.0	0.17	0.9159999999999999	0.9159999999999999
Ecuador	EC	0.9159999999999999	Chimborazo Highland Quichua	qug		1043670.0	0.057	0.9159999999999999	0.9159999999999999
Egypt	EG	0.7390000000000002	Arabic	ar	official	1.0457218E8	0.94	0.7390000000000001	0.7390000000000001
Egypt	EG	0.7390000000000002	Egyptian Arabic	arz		7.119808E7	0.64	0.7390000000000001	0.7390000000000001
Egypt	EG	0.7390000000000002	English	en		3.893645E7	0.35	0.7390000000000001	0.7390000000000001
Egypt	EG	0.7390000000000002	Coptic	cop		6674820.0	0.06	0.7390000000000001	0.7390000000000001
Egypt	EG	0.7390000000000002	Greek	el		67860.67	6.1E-4	0.7390000000000001	0.7390000000000001
El Salvador	SV	0.845	Spanish	es	official	5899543.0	0.89	0.845	0.845
El Salvador	SV	0.845	Cacaopera	ccr		3712.072	5.600000000000001E-4	0.845	0.845
El Salvador	SV	0.845	Pipil	ppl		2717.7670000000003	4.1000000000000005E-4	0.845	0.845
El Salvador	SV	0.845	Lenca	len		1325.74	2.0E-4	0.845	0.845
Equatorial Guinea	GQ	0.9420000000000001	Spanish	es	official	1562372.1	0.8700000000000001	0.9420000000000001	0.9420000000000001
Equatorial Guinea	GQ	0.9420000000000001	Fang	fan		915873.3	0.51	0.9420000000000002	0.9420000000000002
Equatorial Guinea	GQ	0.9420000000000001	French	fr	official	520790.7	0.29	0.9420000000000001	0.9420000000000001
Equatorial Guinea	GQ	0.9420000000000001	Bube	bvb		141870.57	0.079	0.9420000000000001	0.9420000000000001
Equatorial Guinea	GQ	0.9420000000000001	Portuguese	pt	official	1.79583	1.0E-6	0.9420000000000001	0.9420000000000001
Eritrea	ER	0.6890000000000001	Tigrinya	ti	de_facto_official	3806376.0	0.6	0.6890000000000001	0.6890000000000001
Eritrea	ER	0.6890000000000001	English	en	official	3742936.4	0.59	0.689	0.689
Eritrea	ER	0.6890000000000001	Tigre	tig		1141912.8	0.18000000000000002	0.6890000000000001	0.6890000000000001
Eritrea	ER	0.6890000000000001	Arabic	ar	official	310854.04000000004	0.04900000000000001	0.6890000000000001	0.05
Eritrea	ER	0.6890000000000001	Afar	aa		228382.56	0.036	0.6890000000000001	0.6890000000000001
Eritrea	ER	0.6890000000000001	Saho	ssy		228382.56	0.036	0.6890000000000001	0.6890000000000001
Eritrea	ER	0.6890000000000001	Blin	byn		82471.48	0.013	0.6890000000000001	0.6890000000000001
Estonia	EE	0.998	Estonian	et	official	847590.9	0.71	0.9979999999999998	0.9979999999999998
Estonia	EE	0.998	Russian	ru		668522.4	0.56	0.998	0.998
Estonia	EE	0.998	English	en		596895.0	0.5	0.998	0.998
Estonia	EE	0.998	Finnish	fi		250695.9	0.21	0.998	0.998
Estonia	EE	0.998	Võro	vro		68046.03	0.057	0.9980000000000001	0.9980000000000001
Estonia	EE	0.998	Interlingue	ie		1.1937900000000001	1.0000000000000002E-6	0.99	0.99
Eswatini	SZ	0.878	English	en	official	910472.0	0.8	0.878	0.878
Eswatini	SZ	0.878	Swati	ss	official	660092.2	0.58	0.8779999999999998	0.8779999999999998
Eswatini	SZ	0.878	Zulu	zu		77390.12	0.06799999999999999	0.8780000000000001	0.8780000000000001
Eswatini	SZ	0.878	Tsonga	ts		19347.53	0.016999999999999998	0.8780000000000001	0.8780000000000001
Ethiopia	ET	0.39	English	en		5.09765E7	0.43	0.39	0.39
Ethiopia	ET	0.39	Amharic	am	official	3.91215E7	0.33	0.39	0.39
Ethiopia	ET	0.39	Oromo	om		3.7936E7	0.32	0.39	0.39
Ethiopia	ET	0.39	Somali	so		7113000.0	0.06	0.39	0.39
Ethiopia	ET	0.39	Tigrinya	ti		7113000.0	0.06	0.39	0.39
Ethiopia	ET	0.39	Sidamo	sid		4149250.0	0.035	0.39	0.39
Ethiopia	ET	0.39	Wolaytta	wal		2133900.0	0.018	0.39	0.39
Ethiopia	ET	0.39	Afar	aa		1659700.0	0.014	0.39	0.39
Ethiopia	ET	0.39	Geez	gez		0.0	0.0	NaN	NaN
Falkland Islands	FK	0.99	English	en	official	2819.74	0.7699999999999999	0.9899999999999999	0.9899999999999999
Faroe Islands	FO	0.99	Faroese	fo	official	50286.35	0.95	0.9899999999999999	0.9899999999999999
Fiji	FJ	0.937	English	en	official	894514.34	0.94	0.9369999999999998	0.9369999999999998
Fiji	FJ	0.937	Hindi	hi		418708.84	0.44	0.937	0.937
Fiji	FJ	0.937	Fiji Hindi	hif	official	390160.51	0.41000000000000003	0.937	0.937
Fiji	FJ	0.937	Fijian	fj	official	371128.29	0.38999999999999996	0.9370000000000002	0.9370000000000002
Fiji	FJ	0.937	Rotuman	rtm		2474.1886	0.0026	0.9370000000000002	0.9370000000000002
Finland	FI	1.0	Finnish	fi	official	5288825.4	0.9400000000000001	1.0	1.0
Finland	FI	1.0	English	en		3938487.0	0.7	1.0	1.0
Finland	FI	1.0	Swedish	sv	official	2475620.4	0.44	1.0	1.0
Finland	FI	1.0	German	de		1012753.8	0.18000000000000002	1.0	1.0
Finland	FI	1.0	Russian	ru		45573.921	0.0081	1.0000000000000002	1.0000000000000002
Finland	FI	1.0	Estonian	et		6189.0509999999995	0.0010999999999999998	1.0	1.0
Finland	FI	1.0	Kalo Finnish Romani	rmf		5007.5049	8.9E-4	1.0	1.0
Finland	FI	1.0	Northern Sami	se		2025.5076	3.5999999999999997E-4	1.0	1.0
Finland	FI	1.0	Inari Sami	smn		618.9051	1.0999999999999999E-4	1.0	1.0
Finland	FI	1.0	Skolt Sami	sms	official_regional	618.9051	1.0999999999999999E-4	1.0	1.0
France	FR	0.99	French	fr	official	6.6323362E7	0.97	0.99	0.99
France	FR	0.99	English	en		2.6666094E7	0.39	0.99	0.99
France	FR	0.99	Spanish	es		8888698.0	0.13	0.99	0.99
France	FR	0.99	German	de		3418730.0	0.05	0.99	0.99
France	FR	0.99	Occitan	oc		2051238.0	0.03	0.99	0.05
France	FR	0.99	Italian	it		1162368.2	0.016999999999999998	0.99	0.99
France	FR	0.99	Portuguese	pt		888869.8	0.013000000000000001	0.99	0.99
France	FR	0.99	Picard	pcd		752120.6	0.011	0.9899999999999999	0.9899999999999999
France	FR	0.99	Swiss German	gsw		622208.86	0.0091	0.99	0.05
France	FR	0.99	Breton	br		567509.18	0.0083	0.029999999999999995	0.029999999999999995
France	FR	0.99	Corsican	co		164099.04	0.0024000000000000002	0.9899999999999999	0.05
France	FR	0.99	Hmong Njua	hnj		129911.74	0.0019	0.99	0.99
France	FR	0.99	Catalan	ca		116236.82	0.0017000000000000001	0.9900000000000001	0.9900000000000001
France	FR	0.99	Basque	eu		88886.98	0.0013	0.99	0.99
France	FR	0.99	Dutch	nl		88886.98	0.0013	0.99	0.99
France	FR	0.99	Arpitan	frp		64272.124	9.400000000000001E-4	0.99	0.99
France	FR	0.99	Hmong Daw	mww		10256.19	1.5000000000000001E-4	0.9899999999999999	0.9899999999999999
France	FR	0.99	Interlingua	ia		136.7492	2.0E-6	0.99	0.99
French Guiana	GF	0.83	French	fr	official	123695.58	0.62	0.83	0.83
French Guiana	GF	0.83	Guianese Creole French	gcr		51872.34	0.26	0.83	0.83
French Guiana	GF	0.83	Chinese (Traditional)	zh_Hant		4987.725	0.025	0.83	0.83
French Guiana	GF	0.83	Hmong Njua	hnj		4788.215999999999	0.023999999999999997	0.83	0.83
French Polynesia	PF	0.98	French	fr	official	297469.2	0.9800000000000001	0.9799999999999999	0.9799999999999999
French Polynesia	PF	0.98	Tahitian	ty	official	94097.4	0.31	0.98	0.98
French Polynesia	PF	0.98	Chinese (Traditional)	zh_Hant		23676.12	0.078	0.98	0.98
French Southern and Antarctic Lands	TF	0.99	French	fr		140.0	1.0	1.0	1.0
Gabon	GA	0.89	French	fr	official	1546719.3	0.63	0.8900000000000001	0.8900000000000001
Gabon	GA	0.89	Punu	puu		220959.9	0.09	0.8899999999999999	0.8899999999999999
Gambia	GM	0.5109999999999999	English	en	official	1009332.0	0.4	0.511	0.511
Gambia	GM	0.5109999999999999	Mandingo	man		731765.7	0.29	0.5109999999999999	0.5109999999999999
Gambia	GM	0.5109999999999999	Mandingo (N’Ko)	man_Nkoo		731765.7	0.29	0.5109999999999999	0.05000000000000001
Gambia	GM	0.5109999999999999	Fula	ff		0.0	0.0	NaN	NaN
Gambia	GM	0.5109999999999999	Fula (Adlam)	ff_Adlm		0.0	0.0	NaN	NaN
Georgia	GE	0.997	Georgian	ka	official	4214825.6	0.8599999999999999	0.9970000000000002	0.9970000000000002
Georgia	GE	0.997	Mingrelian	xmf		539105.6	0.11	0.9969999999999999	0.9969999999999999
Georgia	GE	0.997	Russian	ru		441086.4	0.09000000000000001	0.997	0.997
Georgia	GE	0.997	Armenian	hy		343067.2	0.07	0.997	0.997
Georgia	GE	0.997	Abkhazian	ab	official_regional	107821.12	0.022	0.9969999999999999	0.9969999999999999
Georgia	GE	0.997	Ossetic	os	official_regional	107821.12	0.022	0.9969999999999999	0.9969999999999999
Georgia	GE	0.997	Kurdish (Cyrillic)	ku_Cyrl		43618.544	0.0089	0.9970000000000002	0.9970000000000002
Georgia	GE	0.997	Laz (Georgian)	lzz_Geor		98.0192	1.9999999999999998E-5	0.997	0.997
Germany	DE	0.99	German	de	official	7.6548381E7	0.91	0.99	0.99
Germany	DE	0.99	English	en		5.3836224E7	0.64	0.99	0.99
Germany	DE	0.99	French	fr		1.5141438E7	0.18	0.99	0.99
Germany	DE	0.99	Bavarian	bar		1.4300247E7	0.17	0.99	0.05
Germany	DE	0.99	Low German	nds		1.0094292E7	0.12	0.99	0.05
Germany	DE	0.99	Dutch	nl		7570719.0	0.09	0.99	0.99
Germany	DE	0.99	Italian	it		5888337.0	0.07	0.99	0.99
Germany	DE	0.99	Spanish	es		5047146.0	0.06	0.99	0.99
Germany	DE	0.99	Russian	ru		5047146.0	0.06	0.99	0.99
Germany	DE	0.99	Main-Franconian	vmf		5047146.0	0.06	0.99	0.99
Germany	DE	0.99	Turkish	tr		2102977.5	0.025	0.99	0.99
Germany	DE	0.99	Swiss German	gsw		1934739.2999999998	0.022999999999999996	0.99	0.05000000000000001
Germany	DE	0.99	Danish	da		1682382.0	0.02	0.99	0.99
Germany	DE	0.99	Swabian	swg		841191.0	0.01	0.99	0.05
Germany	DE	0.99	Croatian	hr		664540.89	0.0079	0.99	0.99
Germany	DE	0.99	Kurdish	ku		555186.06	0.006600000000000001	0.99	0.99
Germany	DE	0.99	Greek	el		319652.58	0.0038	0.99	0.99
Germany	DE	0.99	Colognian	ksh		252357.3	0.003	0.99	0.99
Germany	DE	0.99	Polish	pl		243945.39	0.0029000000000000002	0.9900000000000001	0.9900000000000001
Germany	DE	0.99	Upper Sorbian	hsb		13459.056	1.6E-4	0.99	0.05
Germany	DE	0.99	Northern Frisian	frr	official_regional	10094.292000000001	1.2000000000000002E-4	0.99	0.99
Germany	DE	0.99	Lower Sorbian	dsb		6981.8853	8.3E-5	0.99	0.05
Germany	DE	0.99	Eastern Frisian	frs		2018.8584	2.4E-5	0.99	0.99
Germany	DE	0.99	Saterland Frisian	stq		1009.4292	1.2E-5	0.99	0.99
Germany	DE	0.99	Palatine German	pfl		0.0	0.0	NaN	NaN
Ghana	GH	0.715	Akan	ak	official_regional	1.3489749E7	0.39	0.715	0.715
Ghana	GH	0.715	English	en	official	7263711.0	0.21	0.715	0.715
Ghana	GH	0.715	Ewe	ee	official_regional	3804801.0	0.11	0.715	0.715
Ghana	GH	0.715	Abron	abr		1729455.0	0.05	0.715	0.715
Ghana	GH	0.715	Frafra	gur		1210618.5	0.035	0.715	0.715
Ghana	GH	0.715	Adangme	ada		1037673.0	0.03	0.715	0.715
Ghana	GH	0.715	Ga	gaa	official_regional	968494.8	0.028	0.715	0.715
Ghana	GH	0.715	Nzima	nzi		345891.0	0.01	0.715	0.715
Ghana	GH	0.715	Hausa	ha		297466.26	0.0086	0.715	0.715
Ghana	GH	0.715	Safaliba	saf		4150.692	1.2E-4	0.715	0.715
Ghana	GH	0.715	Fula	ff		0.0	0.0	NaN	NaN
Ghana	GH	0.715	Fula (Adlam)	ff_Adlm		0.0	0.0	NaN	NaN
Gibraltar	GI	0.8	English	en	official	23746.4	0.8	0.8	0.8
Gibraltar	GI	0.8	Spanish	es		14841.5	0.5	0.8	0.8
Greece	GR	0.9730000000000001	Greek	el	official	1.0356489E7	0.99	0.9729999999999999	0.9729999999999999
Greece	GR	0.9730000000000001	English	en		5335161.0	0.51	0.973	0.973
Greece	GR	0.9730000000000001	French	fr		763660.3	0.07300000000000001	0.973	0.973
Greece	GR	0.9730000000000001	German	de		523055.0	0.05	0.973	0.973
Greece	GR	0.9730000000000001	Pontic	pnt		387060.7	0.037	0.973	0.973
Greece	GR	0.9730000000000001	Macedonian	mk		167377.6	0.016	0.9730000000000001	0.9730000000000001
Greece	GR	0.9730000000000001	Turkish	tr		125533.2	0.012	0.973	0.973
Greece	GR	0.9730000000000001	Bulgarian	bg		28244.97	0.0027	0.9730000000000001	0.9730000000000001
Greece	GR	0.9730000000000001	Albanian	sq		10042.655999999999	9.599999999999999E-4	0.973	0.973
Greece	GR	0.9730000000000001	Tsakonian	tsd		198.7609	1.8999999999999998E-5	0.973	0.973
Greece	GR	0.9730000000000001	Mycenaean Greek	gmy		0.0	0.0	NaN	NaN
Greece	GR	0.9730000000000001	Ancient Greek	grc		0.0	0.0	NaN	NaN
Greenland	GL	1.0	Kalaallisut	kl	official	48510.84	0.84	1.0000000000000002	1.0000000000000002
Greenland	GL	1.0	Danish	da		8085.14	0.14	1.0	1.0
Grenada	GD	0.96	English	en	official	110036.16	0.9600000000000001	0.9599999999999999	0.9599999999999999
Guadeloupe	GP	0.9	French	fr	official	380331.84	0.8400000000000001	0.9	0.9
Guam	GU	0.99	English	en	de_facto_official	154274.12	0.9099999999999999	0.9899999999999999	0.9899999999999999
Guam	GU	0.99	Chamorro	ch	official	37297.04	0.22	0.9900000000000001	0.9900000000000001
Guatemala	GT	0.759	Spanish	es	official	1.6064576E7	0.88	0.759	0.759
Guatemala	GT	0.759	Kaqchikel	cak	official_regional	1606457.6	0.08800000000000001	0.759	0.759
Guatemala	GT	0.759	Qʼeqchiʼ	kek		1606457.6	0.08800000000000001	0.759	0.759
Guatemala	GT	0.759	Kʼicheʼ	quc	official_regional	1569947.2	0.086	0.7590000000000002	0.7590000000000002
Guatemala	GT	0.759	Mam	mam		839739.2	0.046	0.7590000000000002	0.7590000000000002
Guatemala	GT	0.759	English	en		565911.2	0.030999999999999996	0.759	0.759
Guatemala	GT	0.759	Q'anjob'al	kjb		219062.4	0.012	0.759	0.759
Guatemala	GT	0.759	Poqomchi'	poh		219062.4	0.012	0.759	0.759
Guatemala	GT	0.759	Achi	acr		200807.2	0.011000000000000001	0.759	0.759
Guatemala	GT	0.759	Ixil	ixl	official_regional	162471.28	0.0089	0.759	0.759
Guatemala	GT	0.759	Tz'utujil	tzj		111356.72	0.0061	0.759	0.759
Guatemala	GT	0.759	Western Kanjobal	knj		105880.16	0.0058000000000000005	0.759	0.759
Guatemala	GT	0.759	Chuj	cac		78497.36	0.0043	0.759	0.759
Guatemala	GT	0.759	Popti'	jac		56591.12	0.0031000000000000003	0.759	0.759
Guatemala	GT	0.759	Aguacateco	agu		47463.52	0.0026	0.759	0.759
Guatemala	GT	0.759	Chortí	caa	official_regional	23731.76	0.0013	0.759	0.759
Guatemala	GT	0.759	Poqomam	poc		16429.68	9.0E-4	0.759	0.759
Guatemala	GT	0.759	Sacapulteco	quv	official_regional	9857.808	5.4E-4	0.759	0.759
Guatemala	GT	0.759	Uspanteco	usp	official_regional	8214.84	4.5E-4	0.759	0.759
Guatemala	GT	0.759	Sipacapense	qum		6571.871999999999	3.5999999999999997E-4	0.759	0.759
Guatemala	GT	0.759	Garifuna	cab		4928.904	2.7E-4	0.759	0.759
Guatemala	GT	0.759	Tektiteko	ttc		4928.904	2.7E-4	0.759	0.759
Guatemala	GT	0.759	Xinca	xin	official_regional	4928.904	2.7E-4	0.759	0.759
Guatemala	GT	0.759	Cakchiquel-Quiché Mixed Language	ckz		3285.9359999999997	1.7999999999999998E-4	0.759	0.759
Guatemala	GT	0.759	Mopán Maya	mop		3285.9359999999997	1.7999999999999998E-4	0.759	0.759
Guatemala	GT	0.759	Itzá	itz		1661.2232000000001	9.1E-5	0.759	0.759
Guernsey	GG	1.0	English	en	official	67787.0	1.0	1.0	1.0
Guinea	GN	0.41	French	fr	official	3776274.0	0.27	0.41	0.41
Guinea	GN	0.41	Fula	ff		3636412.0	0.26	0.41	0.41
Guinea	GN	0.41	Susu	sus		3356688.0	0.24	0.41	0.41
Guinea	GN	0.41	Mandingo	man		3216826.0	0.23	0.4099999999999999	0.4099999999999999
Guinea	GN	0.41	Mandingo (N’Ko)	man_Nkoo		3216826.0	0.23	0.25	0.25
Guinea	GN	0.41	N’Ko	nqo		699310.0	0.05	0.4099999999999999	0.4099999999999999
Guinea	GN	0.41	Kpelle	kpe		531475.6	0.038	0.41	0.41
Guinea	GN	0.41	Fula (Adlam)	ff_Adlm		0.0	0.0	NaN	NaN
Guinea-Bissau	GW	0.5529999999999999	Portuguese	pt	official	2132330.0	1.0	0.5529999999999999	0.5529999999999999
Guinea-Bissau	GW	0.5529999999999999	French	fr		319849.5	0.15	0.5529999999999999	0.5529999999999999
Guinea-Bissau	GW	0.5529999999999999	Mankanya	knf		55440.58	0.026000000000000002	0.5529999999999999	0.5529999999999999
Guinea-Bissau	GW	0.5529999999999999	Fula	ff		0.0	0.0	NaN	NaN
Guinea-Bissau	GW	0.5529999999999999	Fula (Adlam)	ff_Adlm		0.0	0.0	NaN	NaN
Guyana	GY	0.9179999999999999	English	en	official	794099.0	1.0	0.9179999999999999	0.9179999999999999
Haiti	HT	0.48700000000000004	Haitian Creole	ht	official	9520659.0	0.81	0.48700000000000004	0.48700000000000004
Haiti	HT	0.48700000000000004	French	fr	official	4936638.0	0.42	0.48700000000000004	0.48700000000000004
Heard Island & McDonald Islands	HM	0.99	Unknown language	und		1.0	1.0	1.0	1.0
Honduras	HN	0.851	Spanish	es	official	8671562.9	0.91	0.851	0.851
Honduras	HN	0.851	Garifuna	cab		44787.193	0.0047	0.8510000000000001	0.8510000000000001
Honduras	HN	0.851	English	en		41928.436	0.0044	0.851	0.851
Hong Kong SAR China	HK	0.935	Chinese (Traditional)	zh_Hant	official	6932929.0	0.95	0.935	0.935
Hong Kong SAR China	HK	0.935	Cantonese	yue		6568038.0	0.9	0.935	0.935
Hong Kong SAR China	HK	0.935	English	en	official	3721888.2	0.51	0.9349999999999998	0.9349999999999998
Hong Kong SAR China	HK	0.935	Chinese	zh		364891.0	0.05	0.935	0.935
Hungary	HU	0.99	Hungarian	hu	official	9855750.0	1.0	0.99	0.99
Hungary	HU	0.99	English	en		1971150.0	0.2	0.99	0.99
Hungary	HU	0.99	German	de		1774035.0	0.18	0.99	0.99
Hungary	HU	0.99	French	fr		118269.0	0.012	0.99	0.99
Hungary	HU	0.99	Romanian	ro		97571.925	0.0099	0.9900000000000001	0.9900000000000001
Hungary	HU	0.99	Croatian	hr		31538.4	0.0032	0.99	0.99
Hungary	HU	0.99	Slovak	sk		11826.9	0.0012	0.9899999999999999	0.9899999999999999
Hungary	HU	0.99	Slovenian	sl		5026.432499999999	5.099999999999999E-4	0.99	0.99
Iceland	IS	0.99	Icelandic	is	official	364036.0	1.0	0.99	0.99
Iceland	IS	0.99	Danish	da		2257.0232	0.006200000000000001	0.99	0.99
India	IN	0.628	Hindi	hi	official	5.777433E8	0.41	0.628	0.628
India	IN	0.628	English	en	official	2.677347E8	0.19	0.628	0.628
India	IN	0.628	Bangla	bn	official_regional	1.1413953E8	0.081	0.628	0.628
India	IN	0.628	Telugu	te	official_regional	1.0145736E8	0.072	0.628	0.628
India	IN	0.628	Marathi	mr	official_regional	9.86391E7	0.07	0.628	0.628
India	IN	0.628	Tamil	ta	official_regional	8.313867000000001E7	0.05900000000000001	0.628	0.628
India	IN	0.628	Urdu	ur	official_regional	7.04565E7	0.05	0.628	0.628
India	IN	0.628	Gujarati	gu	official_regional	6.341085E7	0.045	0.6279999999999999	0.6279999999999999
India	IN	0.628	Kannada	kn	official_regional	5.213781E7	0.037	0.628	0.628
India	IN	0.628	Malayalam	ml	official_regional	4.509216E7	0.032	0.628	0.628
India	IN	0.628	Odia	or	official_regional	4.509216E7	0.032	0.628	0.628
India	IN	0.628	Punjabi	pa	official_regional	3.945563999999999E7	0.027999999999999994	0.628	0.628
India	IN	0.628	Bhojpuri	bho		3.2409989999999996E7	0.022999999999999996	0.3	0.3
India	IN	0.628	Awadhi	awa		2.677347E7	0.019	0.628	0.05
India	IN	0.628	Assamese	as	official_regional	1.831869E7	0.013	0.628	0.628
India	IN	0.628	Haryanvi	bgc		1.690956E7	0.012	0.55	0.55
India	IN	0.628	Magahi	mag		1.690956E7	0.012	0.3	0.3
India	IN	0.628	Maithili	mai	official_regional	1.690956E7	0.012	0.628	0.628
India	IN	0.628	Marwari	mwr		1.690956E7	0.012	0.628	0.628
India	IN	0.628	Chhattisgarhi	hne		1.5500430000000002E7	0.011000000000000001	0.628	0.628
India	IN	0.628	Deccan	dcc		1.3950387E7	0.0099	0.6279999999999999	0.6279999999999999
India	IN	0.628	Kanauji	bjj		7891128.000000001	0.005600000000000001	0.6	0.6
India	IN	0.628	Nepali	ne	official_regional	7891128.000000001	0.005600000000000001	0.628	0.628
India	IN	0.628	Santali	sat	official_regional	7750215.000000001	0.0055000000000000005	0.628	0.628
India	IN	0.628	Mewati	wtm		6481998.0	0.0046	0.25	0.25
India	IN	0.628	Rangpuri	rkt		6059259.0	0.0043	0.2	0.2
India	IN	0.628	Kashmiri	ks	official_regional	5777433.0	0.0041	0.628	0.628
India	IN	0.628	Konkani [individual language]	knn		5213781.0	0.0037	0.628	0.628
India	IN	0.628	Konkani	kok	official_regional	4509216.0	0.0032	0.628	0.628
India	IN	0.628	Shekhawati	swv		3945564.0000000005	0.0028000000000000004	0.628	0.628
India	IN	0.628	Garhwali	gbm		3804651.0	0.0027	0.628	0.628
India	IN	0.628	Lambadi	lmn		3804651.0	0.0027	0.628	0.628
India	IN	0.628	Sindhi	sd	official_regional	3663738.0	0.0026	0.6279999999999999	0.6279999999999999
India	IN	0.628	Gondi	gon		3381912.0	0.0024	0.628	0.628
India	IN	0.628	Kumaoni	kfy		3100086.0	0.0022	0.628	0.628
India	IN	0.628	Dogri	doi		2818260.0	0.002	0.628	0.628
India	IN	0.628	Kurukh	kru		2677347.0	0.0019	0.628	0.628
India	IN	0.628	Sadri	sck		2536434.0	0.0018	0.628	0.628
India	IN	0.628	Waddar	wbq		2536434.0	0.0018	0.628	0.628
India	IN	0.628	Kangri	xnr		2254608.0	0.0016	0.628	0.628
India	IN	0.628	Khandesi	khn		2113695.0	0.0015	0.628	0.628
India	IN	0.628	Tulu	tcy		2113695.0	0.0015	0.628	0.628
India	IN	0.628	Wagdi	wbr		2113695.0	0.0015	0.628	0.628
India	IN	0.628	Bodo	brx		1972782.0000000002	0.0014000000000000002	0.628	0.628
India	IN	0.628	Sindhi (Devanagari)	sd_Deva	official_regional	1972782.0000000002	0.0014000000000000002	0.628	0.628
India	IN	0.628	Nimadi	noe		1831869.0	0.0013	0.6279999999999999	0.6279999999999999
India	IN	0.628	Bhili	bhb		1690956.0	0.0012	0.628	0.628
India	IN	0.628	Manipuri	mni		1550043.0	0.0011	0.628	0.628
India	IN	0.628	Hindi (Latin)	hi_Latn		1409130.0	0.001	0.628	0.628
India	IN	0.628	Rajasthani	raj		1409130.0	0.001	0.628	0.628
India	IN	0.628	Ho	hoc		1395038.7	9.9E-4	0.628	0.628
India	IN	0.628	Mewari	mtr		1366856.1	9.7E-4	0.628	0.628
India	IN	0.628	Mundari	unr		1324582.2	9.4E-4	0.628	0.628
India	IN	0.628	Bhilali	bhi		1296399.6	9.2E-4	0.6279999999999999	0.6279999999999999
India	IN	0.628	Hadothi	hoj		1155486.6	8.200000000000001E-4	0.628	0.628
India	IN	0.628	Khasi	kha	official_regional	1127304.0	8.0E-4	0.29	0.29
India	IN	0.628	Kachhi	kfr		1056847.5	7.5E-4	0.628	0.628
India	IN	0.628	Garo	grt		746838.9	5.3E-4	0.628	0.628
India	IN	0.628	Munda	unx		676382.4	4.8E-4	0.628	0.628
India	IN	0.628	Bagheli	bfy		521378.1	3.7E-4	0.628	0.628
India	IN	0.628	Sirmauri	srx		493195.50000000006	3.5000000000000005E-4	0.628	0.628
India	IN	0.628	Sourashtra	saz		408647.7	2.9E-4	0.628	0.628
India	IN	0.628	Chakma	ccp		394556.4	2.8000000000000003E-4	0.628	0.628
India	IN	0.628	Badaga	bfq		324099.9	2.3E-4	0.6279999999999999	0.6279999999999999
India	IN	0.628	Ao Naga	njo		324099.9	2.3E-4	0.6279999999999999	0.6279999999999999
India	IN	0.628	Adilabad Gondi	wsg		295917.3	2.0999999999999998E-4	0.628	0.628
India	IN	0.628	Riang [India]	ria		183186.9	1.3E-4	0.6279999999999999	0.6279999999999999
India	IN	0.628	Tibetan	bo		155004.3	1.0999999999999999E-4	0.628	0.628
India	IN	0.628	Bishnupriya	bpy		95820.84	6.8E-5	0.628	0.628
India	IN	0.628	Balti	bft		87366.06	6.2E-5	0.628	0.628
India	IN	0.628	Braj	bra		57774.33000000001	4.100000000000001E-5	0.628	0.628
India	IN	0.628	Lepcha	lep		49319.55	3.5000000000000004E-5	0.628	0.628
India	IN	0.628	Mara	mrh		47910.42	3.4E-5	0.628	0.628
India	IN	0.628	Kuvi	kxv		40864.77	2.8999999999999997E-5	0.628	0.628
India	IN	0.628	Bateri	btv		36637.38	2.6E-5	0.628	0.628
India	IN	0.628	Limbu	lif		36637.38	2.6E-5	0.628	0.628
India	IN	0.628	Western Panjabi	lah		35228.25	2.5E-5	0.628	0.628
India	IN	0.628	Sanskrit	sa	official_regional	16909.559999999998	1.1999999999999999E-5	0.628	0.628
India	IN	0.628	Khamti	kht		8454.779999999999	5.999999999999999E-6	0.628	0.628
India	IN	0.628	Divehi	dv		4227.389999999999	2.9999999999999997E-6	0.628	0.628
India	IN	0.628	Dzongkha	dz		2818.26	2.0000000000000003E-6	0.628	0.628
India	IN	0.628	Pali (Devanagari)	pi_Deva		0.0	0.0	NaN	NaN
Indonesia	ID	0.9279999999999999	Indonesian	id	official	1.8019968E8	0.64	0.9279999999999999	0.9279999999999999
Indonesia	ID	0.9279999999999999	Javanese	jv		9.573108E7	0.34	0.1	0.1
Indonesia	ID	0.9279999999999999	Sundanese	su		3.378744E7	0.12	0.9279999999999999	0.9279999999999999
Indonesia	ID	0.9279999999999999	Madurese	mad		1.7738406E7	0.063	0.4	0.4
Indonesia	ID	0.9279999999999999	Malay	ms		9573108.0	0.034	0.9279999999999999	0.9279999999999999
Indonesia	ID	0.9279999999999999	Minangkabau	min		8446860.0	0.03	0.1	0.1
Indonesia	ID	0.9279999999999999	Betawi	bew		5912802.0	0.021	0.9279999999999999	0.9279999999999999
Indonesia	ID	0.9279999999999999	Balinese	ban		5068116.0	0.018	0.1	0.1
Indonesia	ID	0.9279999999999999	Buginese	bug		4504992.0	0.016	0.1	0.1
Indonesia	ID	0.9279999999999999	Banjar	bjn		4223430.0	0.015	0.1	0.1
Indonesia	ID	0.9279999999999999	Acehnese	ace		3941868.0	0.014	0.9279999999999999	0.9279999999999999
Indonesia	ID	0.9279999999999999	Malay (Arabic)	ms_Arab		3378744.0	0.012	0.9279999999999999	0.9279999999999999
Indonesia	ID	0.9279999999999999	Sasak	sas		2731151.4	0.0097	0.9279999999999999	0.9279999999999999
Indonesia	ID	0.9279999999999999	Batak Toba	bbc		2590370.4	0.0092	0.9279999999999999	0.9279999999999999
Indonesia	ID	0.9279999999999999	Chinese (Traditional)	zh_Hant		2590370.4	0.0092	0.9279999999999999	0.9279999999999999
Indonesia	ID	0.9279999999999999	Makasar	mak		2055402.6	0.0073	0.9279999999999999	0.9279999999999999
Indonesia	ID	0.9279999999999999	Lampung Api	ljp		1942777.7999999998	0.006899999999999999	0.9279999999999999	0.9279999999999999
Indonesia	ID	0.9279999999999999	Rejang	rej		1295185.2	0.0046	0.9279999999999999	0.9279999999999999
Indonesia	ID	0.9279999999999999	Gorontalo	gor		1154404.2	0.0040999999999999995	0.9279999999999999	0.9279999999999999
Indonesia	ID	0.9279999999999999	Ngaju	nij		1041779.4	0.0037	0.9279999999999999	0.9279999999999999
Indonesia	ID	0.9279999999999999	Komering	kge		900998.4	0.0032	0.9279999999999999	0.9279999999999999
Indonesia	ID	0.9279999999999999	Uab Meto	aoz		760217.4	0.0027	0.9279999999999999	0.9279999999999999
Indonesia	ID	0.9279999999999999	Kerinci	kvr		394186.80000000005	0.0014000000000000002	0.9280000000000002	0.9280000000000002
Indonesia	ID	0.9279999999999999	Tolaki	lbw		366030.6	0.0013	0.9280000000000002	0.9280000000000002
Indonesia	ID	0.9279999999999999	Gayo	gay		337874.4	0.0012000000000000001	0.9279999999999998	0.9279999999999998
Indonesia	ID	0.9279999999999999	Tae'	rob		309718.2	0.0011	0.9280000000000002	0.9280000000000002
Indonesia	ID	0.9279999999999999	Mandar	mdr		259037.04	9.2E-4	0.9279999999999999	0.9279999999999999
Indonesia	ID	0.9279999999999999	Sangir	sxn		259037.04	9.2E-4	0.9279999999999999	0.9279999999999999
Indonesia	ID	0.9279999999999999	Selayar	sly		152043.48	5.4E-4	0.9279999999999998	0.9279999999999998
Indonesia	ID	0.9279999999999999	Mentawai	mwv		67574.88	2.4E-4	0.9279999999999999	0.9279999999999999
Indonesia	ID	0.9279999999999999	Balinese (Balinese)	ban_Bali		0.0	0.0	NaN	NaN
Indonesia	ID	0.9279999999999999	Kawi	kaw		0.0	0.0	NaN	NaN
Iran	IR	0.85	Persian	fa	official	6.6290175E7	0.75	0.85	0.85
Iran	IR	0.85	Azeri (Arabic)	az_Arab		2.1212856E7	0.24	0.8500000000000001	0.8500000000000001
Iran	IR	0.85	Mazanderani	mzn		4419345.0	0.05	0.85	0.85
Iran	IR	0.85	Gilaki	glk		4065797.3999999994	0.04599999999999999	0.85	0.85
Iran	IR	0.85	Southern Kurdish	sdh		3977410.5	0.045	0.85	0.85
Iran	IR	0.85	Turkmen	tk		2474833.1999999997	0.027999999999999997	0.85	0.85
Iran	IR	0.85	Northern Luri	lrc		1856124.9	0.020999999999999998	0.1	0.1
Iran	IR	0.85	Arabic	ar		1767738.0	0.02	0.85	0.85
Iran	IR	0.85	Baluchi	bal		1767738.0	0.02	0.85	0.85
Iran	IR	0.85	Domari	rmt		1679351.1	0.019	0.010000000000000002	0.010000000000000002
Iran	IR	0.85	Bakhtiari	bqi		1237416.5999999999	0.013999999999999999	0.85	0.85
Iran	IR	0.85	Southern Luri	luz		1060642.8	0.012	0.85	0.85
Iran	IR	0.85	Laki	lki		671740.44	0.007599999999999999	0.85	0.85
Iran	IR	0.85	Kara-Kalpak	kaa		592192.23	0.006699999999999999	0.85	0.85
Iran	IR	0.85	Central Kurdish	ckb		556837.47	0.0063	0.85	0.85
Iran	IR	0.85	Western Balochi	bgn		494966.6400000001	0.005600000000000001	0.85	0.05
Iran	IR	0.85	Kurdish (Arabic)	ku_Arab		494966.6400000001	0.005600000000000001	0.85	0.85
Iran	IR	0.85	Parsi-Dari	prd		441934.5	0.005	0.85	0.85
Iran	IR	0.85	Armenian	hy		212128.56	0.0024	0.8500000000000001	0.8500000000000001
Iran	IR	0.85	Pashto	ps		141419.04	0.0016	0.85	0.85
Iran	IR	0.85	Georgian	ka		62754.69899999999	7.099999999999999E-4	0.85	0.85
Iran	IR	0.85	Zoroastrian Dari	gbz		8043.2079	9.1E-5	0.85	0.85
Iran	IR	0.85	Kazakh (Arabic)	kk_Arab		3005.1546	3.4E-5	0.85	0.85
Iraq	IQ	0.785	Arabic	ar	official	2.8616712E7	0.68	0.785	0.785
Iraq	IQ	0.785	English	en		1.472919E7	0.35	0.785	0.785
Iraq	IQ	0.785	Central Kurdish	ckb	official_regional	5050008.0	0.12	0.785	0.785
Iraq	IQ	0.785	Kurdish (Arabic)	ku_Arab		4208340.0	0.1	0.785	0.785
Iraq	IQ	0.785	Azeri (Arabic)	az_Arab	official_regional	757501.2	0.018	0.785	0.785
Iraq	IQ	0.785	Persian	fa		366125.58	0.008700000000000001	0.785	0.785
Iraq	IQ	0.785	Northern Luri	lrc		256708.74	0.0060999999999999995	0.785	0.785
Iraq	IQ	0.785	Syriac	syr		210417.0	0.005	0.785	0.785
Ireland	IE	0.9900000000000001	English	en	official	5128790.8	0.98	0.99	0.99
Ireland	IE	0.9900000000000001	Irish	ga	official	1151361.2	0.22	0.99	0.99
Ireland	IE	0.9900000000000001	French	fr		680349.8	0.13	0.99	0.99
Isle of Man	IM	0.99	English	en	official	92269.0	1.0	0.99	0.99
Isle of Man	IM	0.99	Manx	gv	official	1660.842	0.018000000000000002	0.99	0.99
Israel	IL	0.971	Hebrew	he	official	9402620.0	1.0	0.971	0.971
Israel	IL	0.971	English	en		7992227.0	0.85	0.971	0.971
Israel	IL	0.971	Arabic	ar	official	1880524.0	0.2	0.971	0.971
Israel	IL	0.971	Levantine Arabic	apc		1598445.4	0.16999999999999998	0.971	0.971
Israel	IL	0.971	Russian	ru		1034288.2	0.11	0.971	0.971
Israel	IL	0.971	Romanian	ro		347896.94	0.037	0.971	0.971
Israel	IL	0.971	Yiddish	yi		282078.6	0.03	0.9710000000000001	0.9710000000000001
Israel	IL	0.971	Polish	pl		141039.3	0.015	0.9710000000000001	0.9710000000000001
Israel	IL	0.971	Ladino	lad		122234.06	0.013	0.971	0.971
Israel	IL	0.971	Hungarian	hu		94026.2	0.01	0.971	0.971
Israel	IL	0.971	Amharic	am		55475.458	0.0059	0.971	0.971
Israel	IL	0.971	Tigrinya	ti		10342.882	0.0011	0.971	0.971
Israel	IL	0.971	Malayalam	ml		7992.227000000001	8.500000000000001E-4	0.971	0.971
Italy	IT	0.99	Italian	it	official	5.7916655E7	0.95	0.99	0.99
Italy	IT	0.99	English	en		2.0728066E7	0.34	0.99	0.99
Italy	IT	0.99	French	fr	official_regional	1.219298E7	0.2	0.99	0.99
Italy	IT	0.99	Lombard	lmo		3474999.3	0.056999999999999995	0.99	0.99
Italy	IT	0.99	Sardinian	sc		1036403.3	0.017	0.99	0.99
Italy	IT	0.99	German	de		975438.4	0.016	0.99	0.99
Italy	IT	0.99	Venetian	vec	official_regional	792543.7	0.013	0.99	0.99
Italy	IT	0.99	Piedmontese	pms		670613.9	0.011000000000000001	0.9900000000000001	0.9900000000000001
Italy	IT	0.99	Neapolitan	nap		591359.53	0.0097	0.9900000000000001	0.05
Italy	IT	0.99	Ligurian	lij		524298.14	0.0086	0.99	0.99
Italy	IT	0.99	Sicilian	scn		499912.18	0.0082	0.99	0.05
Italy	IT	0.99	Sassarese Sardinian	sdc		103640.33	0.0017000000000000001	0.99	0.99
Italy	IT	0.99	Slovenian	sl		103640.33	0.0017000000000000001	0.99	0.99
Italy	IT	0.99	Friulian	fur		36578.94	6.000000000000001E-4	0.99	0.05
Italy	IT	0.99	Emilian	egl		30482.45	5.0E-4	0.99	0.99
Italy	IT	0.99	Ladin	lld		29263.152000000002	4.8E-4	0.9900000000000001	0.9900000000000001
Italy	IT	0.99	Catalan	ca		21337.715	3.5E-4	0.99	0.99
Italy	IT	0.99	Greek	el		21337.715	3.5E-4	0.99	0.99
Italy	IT	0.99	Croatian	hr		3474.9993	5.6999999999999996E-5	0.9899999999999999	0.9899999999999999
Italy	IT	0.99	Mòcheno	mhn		1402.1926999999998	2.2999999999999997E-5	0.99	0.99
Italy	IT	0.99	Romagnol	rgn		0.0	0.0	NaN	NaN
Jamaica	JM	0.8700000000000001	English	en	official	2767235.8	0.98	0.87	0.87
Jamaica	JM	0.8700000000000001	Jamaican Creole English	jam		2682524.5	0.95	0.87	0.87
Japan	JP	0.99	Japanese	ja	official	1.170419E8	0.95	0.99	0.99
Japan	JP	0.99	Central Okinawan	ryu		948655.4	0.0077	0.99	0.05
Japan	JP	0.99	Korean	ko		640650.4	0.0052	0.9900000000000001	0.9900000000000001
Jersey	JE	0.99	English	en	official	98217.65	0.95	0.99	0.99
Jordan	JO	0.9590000000000002	Arabic	ar	official	1.1174E7	1.0	0.9590000000000002	0.9590000000000002
Jordan	JO	0.9590000000000002	Levantine Arabic	apc		7374840.0	0.66	0.9590000000000001	0.9590000000000001
Jordan	JO	0.9590000000000002	English	en		5028300.0	0.45	0.9590000000000001	0.9590000000000001
Jordan	JO	0.9590000000000002	Adyghe	ady		111740.0	0.01	0.9590000000000001	0.9590000000000001
Kazakhstan	KZ	0.997	Russian	ru	official	1.45872E7	0.72	0.997	0.997
Kazakhstan	KZ	0.997	Kazakh	kk	official	1.29664E7	0.64	0.997	0.997
Kazakhstan	KZ	0.997	English	en		3039000.0	0.15	0.997	0.997
Kazakhstan	KZ	0.997	German	de		1296640.0	0.064	0.997	0.997
Kazakhstan	KZ	0.997	Uyghur (Cyrillic)	ug_Cyrl		405200.0	0.02	0.997	0.997
Kazakhstan	KZ	0.997	Kara-Kalpak	kaa		3646.8	1.8E-4	0.997	0.997
Kenya	KE	0.8740000000000001	Swahili	sw	official	3.8442624E7	0.66	0.8740000000000001	0.8740000000000001
Kenya	KE	0.8740000000000001	English	en	official	1.1066816E7	0.19	0.8740000000000001	0.8740000000000001
Kenya	KE	0.8740000000000001	Kikuyu	ki		9901888.0	0.17	0.8739999999999999	0.8739999999999999
Kenya	KE	0.8740000000000001	Luyia	luy		6407104.0	0.11	0.8740000000000001	0.8740000000000001
Kenya	KE	0.8740000000000001	Luo	luo		5708147.2	0.098	0.8740000000000001	0.8740000000000001
Kenya	KE	0.8740000000000001	Kamba	kam		4426726.4	0.07600000000000001	0.8740000000000001	0.8740000000000001
Kenya	KE	0.8740000000000001	Kalenjin	kln		4426726.4	0.07600000000000001	0.8740000000000001	0.8740000000000001
Kenya	KE	0.8740000000000001	Gusii	guz		2854073.6	0.049	0.8740000000000001	0.8740000000000001
Kenya	KE	0.8740000000000001	Meru	mer		2329856.0	0.04	0.8740000000000001	0.8740000000000001
Kenya	KE	0.8740000000000001	Masai	mas		931942.4	0.016	0.5	0.5
Kenya	KE	0.8740000000000001	Embu	ebu		873696.0	0.015	0.009999999999999998	0.009999999999999998
Kenya	KE	0.8740000000000001	Somali	so		757203.2	0.013	0.8739999999999999	0.8739999999999999
Kenya	KE	0.8740000000000001	Taita	dav		477620.48	0.008199999999999999	0.8740000000000001	0.05
Kenya	KE	0.8740000000000001	Teso	teo		431023.36	0.0073999999999999995	0.8740000000000002	0.8740000000000002
Kenya	KE	0.8740000000000001	Pökoot	pko		401900.16	0.0069	0.01	0.01
Kenya	KE	0.8740000000000001	Oromo	om		273758.08	0.0047	0.8740000000000001	0.8740000000000001
Kenya	KE	0.8740000000000001	Samburu	saq		267933.44	0.0046	0.01	0.01
Kenya	KE	0.8740000000000001	Arabic	ar		26793.343999999997	4.5999999999999996E-4	0.8740000000000001	0.8740000000000001
Kenya	KE	0.8740000000000001	Punjabi	pa		9901.888	1.7E-4	0.8740000000000001	0.8740000000000001
Kenya	KE	0.8740000000000001	Gujarati	gu		5009.1903999999995	8.599999999999999E-5	0.8740000000000001	0.8740000000000001
Kiribati	KI	0.968	English	en	official	116545.0	1.0	0.968	0.968
Kiribati	KI	0.968	Gilbertese	gil	official	69927.0	0.6	0.968	0.968
Kosovo	XK	0.919	Albanian	sq	official	1818922.8	0.92	0.919	0.919
Kosovo	XK	0.919	Gheg Albanian	aln		1463046.6	0.7400000000000001	0.919	0.919
Kosovo	XK	0.919	Serbian	sr	official	98854.5	0.05	0.919	0.919
Kosovo	XK	0.919	Serbian (Latin)	sr_Latn	official	98854.5	0.05	0.919	0.919
Kuwait	KW	0.9390000000000001	Arabic	ar	official	3138360.0	1.0	0.9390000000000001	0.9390000000000001
Kyrgyzstan	KG	0.992	Kyrgyz	ky	official	2962608.0	0.48	0.992	0.992
Kyrgyzstan	KG	0.992	Russian	ru	official	2221956.0	0.36	0.9919999999999999	0.9919999999999999
Kyrgyzstan	KG	0.992	Kara-Kalpak	kaa		1172.6989999999998	1.8999999999999998E-4	0.992	0.992
Laos	LA	0.727	Lao	lo	official	5487956.4	0.6900000000000001	0.727	0.727
Laos	LA	0.727	Khmu	kjg		461306.48	0.057999999999999996	0.7270000000000002	0.7270000000000002
Laos	LA	0.727	Hmong Njua	hnj		238606.8	0.03	0.727	0.727
Laos	LA	0.727	Hmong Daw	mww		182931.88	0.023	0.7270000000000002	0.7270000000000002
Laos	LA	0.727	Kuy	kdt		76354.17599999999	0.0096	0.727	0.727
Latvia	LV	0.998	Latvian	lv	official	1098762.5	0.61	0.9980000000000001	0.9980000000000001
Latvia	LV	0.998	English	en		828575.0	0.46	0.998	0.998
Latvia	LV	0.998	Russian	ru		684475.0	0.38	0.998	0.998
Latvia	LV	0.998	Latgalian	ltg		160311.25	0.089	0.998	0.998
Lebanon	LB	0.8959999999999999	Levantine Arabic	apc		5364480.0	1.0	0.8959999999999999	0.8959999999999999
Lebanon	LB	0.8959999999999999	Arabic	ar	official	4613452.8	0.86	0.8959999999999999	0.8959999999999999
Lebanon	LB	0.8959999999999999	English	en		2145792.0	0.4	0.8959999999999999	0.8959999999999999
Lebanon	LB	0.8959999999999999	French	fr		2038502.4	0.38	0.8959999999999999	0.8959999999999999
Lebanon	LB	0.8959999999999999	Armenian	hy		278952.96	0.052000000000000005	0.8959999999999999	0.8959999999999999
Lebanon	LB	0.8959999999999999	Kurdish (Arabic)	ku_Arab		91196.16	0.017	0.8959999999999999	0.8959999999999999
Lesotho	LS	0.8959999999999999	Southern Sotho	st	official	2182999.0	0.98	0.8959999999999999	0.8959999999999999
Lesotho	LS	0.8959999999999999	English	en	official	601438.5	0.27	0.8959999999999999	0.8959999999999999
Lesotho	LS	0.8959999999999999	Zulu	zu		311857.0	0.14	0.8959999999999998	0.8959999999999998
Lesotho	LS	0.8959999999999999	Swati	ss		53461.2	0.023999999999999997	0.8959999999999999	0.8959999999999999
Lesotho	LS	0.8959999999999999	Xhosa	xh		22052.745	0.009899999999999999	0.8960000000000001	0.8960000000000001
Liberia	LR	0.608	English	en	official	4512917.5	0.83	0.608	0.608
Liberia	LR	0.608	Liberian English	lir		4023565.0	0.74	0.608	0.608
Liberia	LR	0.608	Kpelle	kpe		1087450.0	0.2	0.608	0.608
Liberia	LR	0.608	Bassa	bsq		761215.0	0.14	0.608	0.608
Liberia	LR	0.608	Kru	kro		543725.0	0.1	0.608	0.608
Liberia	LR	0.608	Grebo	grb		538287.75	0.099	0.608	0.608
Liberia	LR	0.608	Dan	dnj		429542.75	0.079	0.01	0.01
Liberia	LR	0.608	Mano	mev		391482.0	0.072	0.608	0.608
Liberia	LR	0.608	Southern Kisi	kss		233801.75	0.043	0.608	0.608
Liberia	LR	0.608	Vai	vai		206615.5	0.038	0.6079999999999999	0.6079999999999999
Liberia	LR	0.608	Bandi	bza		157680.25	0.029	0.608	0.608
Liberia	LR	0.608	Mende	men		92433.25	0.017	0.608	0.608
Liberia	LR	0.608	Fula	ff		0.0	0.0	NaN	NaN
Liberia	LR	0.608	Fula (Adlam)	ff_Adlm		0.0	0.0	NaN	NaN
Liberia	LR	0.608	Vai (Latin)	vai_Latn		0.0	0.0	NaN	NaN
Libya	LY	0.895	Arabic	ar	official	5447332.4	0.7400000000000001	0.8949999999999999	0.8949999999999999
Liechtenstein	LI	1.0	German	de	official	40272.0	1.0	1.0	1.0
Liechtenstein	LI	1.0	Swiss German	gsw	de_facto_official	34231.2	0.85	1.0	0.05
Liechtenstein	LI	1.0	Walser	wae		1288.7040000000002	0.03200000000000001	1.0	1.0
Lithuania	LT	0.9970000000000002	Lithuanian	lt	official	2260243.4	0.86	0.997	0.997
Lithuania	LT	0.9970000000000002	Russian	ru		2102552.0	0.8	0.997	0.997
Lithuania	LT	0.9970000000000002	English	en		998712.2	0.38	0.997	0.997
Lithuania	LT	0.9970000000000002	German	de		367946.6	0.13999999999999999	0.9969999999999999	0.9969999999999999
Lithuania	LT	0.9970000000000002	Samogitian	sgs		0.0	0.0	NaN	NaN
Luxembourg	LU	1.0	French	fr	official	617553.68	0.92	1.0	1.0
Luxembourg	LU	1.0	Luxembourgish	lb	official	449740.18	0.67	1.0	0.05
Luxembourg	LU	1.0	German	de	official	422890.02	0.63	1.0	1.0
Luxembourg	LU	1.0	English	en		375902.24	0.5599999999999999	1.0	1.0
Luxembourg	LU	1.0	Portuguese	pt		107400.64	0.16	1.0	1.0
Macao SAR China	MO	0.956	Chinese (Traditional)	zh_Hant	official	631537.48	0.98	0.956	0.956
Macao SAR China	MO	0.956	Cantonese	yue	de_facto_official	554206.36	0.86	0.956	0.956
Macao SAR China	MO	0.956	English	en		148217.98	0.23	0.9560000000000001	0.9560000000000001
Macao SAR China	MO	0.956	Chinese	zh		32221.3	0.049999999999999996	0.956	0.956
Macao SAR China	MO	0.956	Min Nan Chinese (Traditional)	nan_Hant		23843.762000000002	0.037000000000000005	0.956	0.956
Macao SAR China	MO	0.956	Filipino	fil		19977.206000000002	0.031000000000000003	0.9559999999999998	0.9559999999999998
Macao SAR China	MO	0.956	Portuguese	pt	official	14821.797999999999	0.023	0.956	0.956
Madagascar	MG	0.645	Malagasy	mg	official	2.650743E7	0.9	0.6450000000000001	0.6450000000000001
Madagascar	MG	0.645	French	fr	official	7952229.0	0.27	0.645	0.645
Madagascar	MG	0.645	English	en	official	5301486.0	0.18	0.645	0.645
Malawi	MW	0.748	English	en	official	1.3710879E7	0.63	0.7479999999999998	0.7479999999999998
Malawi	MW	0.748	Nyanja	ny	official	1.3710879E7	0.63	0.7479999999999998	0.7479999999999998
Malawi	MW	0.748	Tumbuka	tum		1828117.2	0.08399999999999999	0.748	0.748
Malawi	MW	0.748	Nyasa Tonga	tog		213280.34	0.0098	0.748	0.748
Malawi	MW	0.748	Zulu	zu		71818.89	0.0033	0.748	0.748
Malaysia	MY	0.9309999999999999	Malay	ms	official	2.59236E7	0.75	0.9309999999999999	0.9309999999999999
Malaysia	MY	0.9309999999999999	English	en		7258608.0	0.21	0.9309999999999999	0.9309999999999999
Malaysia	MY	0.9309999999999999	Chinese	zh		5876016.0	0.17	0.931	0.931
Malaysia	MY	0.9309999999999999	Tamil	ta		1451721.6	0.042	0.9309999999999999	0.9309999999999999
Malaysia	MY	0.9309999999999999	Iban	iba		864120.0	0.025	0.9309999999999999	0.9309999999999999
Malaysia	MY	0.9309999999999999	Javanese	jv		414777.6	0.011999999999999999	0.9309999999999999	0.9309999999999999
Malaysia	MY	0.9309999999999999	Negeri Sembilan Malay	zmi		414777.6	0.011999999999999999	0.9309999999999999	0.9309999999999999
Malaysia	MY	0.9309999999999999	Central Dusun	dtp		193562.88	0.0056	0.9309999999999999	0.9309999999999999
Malaysia	MY	0.9309999999999999	Malayalam	ml		51847.2	0.0014999999999999998	0.9309999999999999	0.9309999999999999
Malaysia	MY	0.9309999999999999	Buginese	bug		27306.192000000003	7.900000000000001E-4	0.9309999999999999	0.9309999999999999
Malaysia	MY	0.9309999999999999	Banjar	bjn		4839.072	1.4000000000000001E-4	0.9309999999999999	0.9309999999999999
Maldives	MV	0.9840000000000001	Divehi	dv	official	381080.84	0.9800000000000001	0.9840000000000001	0.9840000000000001
Maldives	MV	0.9840000000000001	English	en		291643.5	0.75	0.9840000000000001	0.9840000000000001
Mali	ML	0.33399999999999996	Bambara	bm		1.0115676E7	0.46	0.33399999999999996	0.33399999999999996
Mali	ML	0.33399999999999996	French	fr	official	3738402.0	0.17	0.33399999999999996	0.33399999999999996
Mali	ML	0.33399999999999996	Maasina Fulfulde	ffm		1693276.2	0.077	0.3340000000000001	0.3340000000000001
Mali	ML	0.33399999999999996	Soninke	snk		1297445.4000000001	0.059000000000000004	0.33399999999999996	0.33399999999999996
Mali	ML	0.33399999999999996	Kita Maninkakan	mwk		1099530.0	0.05	0.33399999999999996	0.33399999999999996
Mali	ML	0.33399999999999996	Koyraboro Senni	ses		747680.4	0.034	0.33399999999999996	0.33399999999999996
Mali	ML	0.33399999999999996	Tamashek	tmh		461802.6	0.020999999999999998	0.33399999999999996	0.33399999999999996
Mali	ML	0.33399999999999996	Bambara (N’Ko)	bm_Nkoo		439812.0	0.02	0.33399999999999996	0.33399999999999996
Mali	ML	0.33399999999999996	Koyra Chiini	khq		373840.2	0.017	0.33399999999999996	0.33399999999999996
Mali	ML	0.33399999999999996	Tomo Kan Dogon	dtm		241896.60000000003	0.011000000000000001	0.3339999999999999	0.3339999999999999
Mali	ML	0.33399999999999996	Xaasongaxango	kao		219906.0	0.01	0.33399999999999996	0.33399999999999996
Mali	ML	0.33399999999999996	Arabic	ar		197915.4	0.009	0.3339999999999999	0.3339999999999999
Mali	ML	0.33399999999999996	Bomu	bmq		189119.16	0.0086	0.33399999999999996	0.33399999999999996
Mali	ML	0.33399999999999996	Jenaama Bozo	bze		186920.1	0.0085	0.33399999999999996	0.33399999999999996
Malta	MT	0.924	Maltese	mt	official	469730.0	1.0	0.924	0.924
Malta	MT	0.924	English	en	official	413362.4	0.88	0.924	0.924
Malta	MT	0.924	Italian	it		263048.8	0.5599999999999999	0.924	0.924
Malta	MT	0.924	French	fr		61064.9	0.13	0.924	0.924
Marshall Islands	MH	0.937	English	en	official	76270.23	0.9299999999999999	0.937	0.937
Marshall Islands	MH	0.937	Marshallese	mh	official	59868.03	0.73	0.937	0.937
Martinique	MQ	0.98	French	fr	official	353266.11	0.8099999999999999	0.9800000000000001	0.9800000000000001
Mauritania	MR	0.586	Hassaniyya	mey		3765394.8	0.87	0.586	0.586
Mauritania	MR	0.586	Arabic	ar	official	3678834.0	0.85	0.586	0.586
Mauritania	MR	0.586	French	fr		562645.2	0.12999999999999998	0.5860000000000001	0.5860000000000001
Mauritania	MR	0.586	Fula	ff		246698.28	0.057	0.586	0.586
Mauritania	MR	0.586	Wolof	wo		9954.492	0.0023	0.586	0.586
Mauritania	MR	0.586	Fula (Adlam)	ff_Adlm		0.0	0.0	NaN	NaN
Mauritius	MU	0.888	Morisyen	mfe		1179450.0	0.9	0.888	0.888
Mauritius	MU	0.888	French	fr	official	956665.0	0.73	0.888	0.888
Mauritius	MU	0.888	English	en	official	943560.0	0.72	0.888	0.888
Mauritius	MU	0.888	Bhojpuri	bho		112703.0	0.086	0.888	0.888
Mauritius	MU	0.888	Urdu	ur		68146.0	0.052	0.888	0.888
Mauritius	MU	0.888	Tamil	ta		32762.5	0.025	0.888	0.888
Mayotte	YT	0.8079999999999999	Comorian	swb		170720.0	0.88	0.8079999999999999	0.8079999999999999
Mayotte	YT	0.8079999999999999	French	fr	official	122220.0	0.63	0.8079999999999999	0.8079999999999999
Mayotte	YT	0.8079999999999999	Bushi	buc		44620.0	0.23	0.8079999999999999	0.8079999999999999
Mayotte	YT	0.8079999999999999	Swahili	sw		2716.0	0.014	0.8079999999999999	0.8079999999999999
Mexico	MX	0.935	Spanish	es	de_facto_official	1.085142E8	0.83	0.935	0.935
Mexico	MX	0.935	English	en		1.69962E7	0.13	0.935	0.935
Mexico	MX	0.935	Yucateco	yua		875958.0	0.0067	0.935	0.935
Mexico	MX	0.935	Eastern Huasteca Nahuatl	nhe		509886.0	0.0039	0.935	0.935
Mexico	MX	0.935	Western Huasteca Nahuatl	nhw		509886.0	0.0039	0.935	0.935
Mexico	MX	0.935	Central Mazahua	maz		444516.0	0.0034	0.935	0.935
Mexico	MX	0.935	Central Huasteca Nahuatl	nch		248406.0	0.0019	0.935	0.935
Mexico	MX	0.935	Venetian	vec		2484.06	1.9E-5	0.935	0.935
Mexico	MX	0.935	Seri	sei		915.18	7.0E-6	0.935	0.935
Micronesia	FM	0.89	English	en	official	56773.71	0.57	0.8899999999999999	0.8899999999999999
Micronesia	FM	0.89	Chuukese	chk		29880.9	0.3	0.89	0.89
Micronesia	FM	0.89	Pohnpeian	pon		22908.69	0.22999999999999998	0.8899999999999999	0.8899999999999999
Micronesia	FM	0.89	Kosraean	kos		7968.24	0.08	0.89	0.89
Micronesia	FM	0.89	Yapese	yap		6573.797999999999	0.06599999999999999	0.89	0.89
Micronesia	FM	0.89	Ulithian	uli		2988.09	0.030000000000000002	0.89	0.89
Moldova	MD	0.99	Romanian	ro	official	2267703.9	0.63	0.99	0.99
Moldova	MD	0.99	Ukrainian	uk		503934.2	0.14	0.99	0.99
Moldova	MD	0.99	Bulgarian	bg		338355.82	0.094	0.99	0.99
Moldova	MD	0.99	Gagauz	gag		118784.49	0.033	0.99	0.99
Moldova	MD	0.99	Russian	ru		107985.9	0.03	0.99	0.99
Monaco	MC	0.99	French	fr	official	30858.61	0.97	0.99	0.99
Mongolia	MN	0.9740000000000001	Mongolian	mn	official	3051962.4	0.9299999999999999	0.9740000000000001	0.9740000000000001
Mongolia	MN	0.9740000000000001	Kazakh (Arabic)	kk_Arab		236280.96	0.072	0.9740000000000001	0.9740000000000001
Mongolia	MN	0.9740000000000001	Chinese	zh		45943.52	0.013999999999999999	0.9740000000000001	0.9740000000000001
Mongolia	MN	0.9740000000000001	Russian	ru		3938.0159999999996	0.0012	0.9740000000000001	0.9740000000000001
Mongolia	MN	0.9740000000000001	Uyghur (Cyrillic)	ug_Cyrl		984.5039999999999	3.0E-4	0.9740000000000001	0.9740000000000001
Montenegro	ME	0.985	Serbian (Latin)	sr_Latn	official	599849.0	1.0	0.985	0.985
Montenegro	ME	0.985	Albanian	sq		47388.071	0.079	0.9850000000000001	0.9850000000000001
Montenegro	ME	0.985	Serbian	sr		29992.45	0.05	0.985	0.985
Montserrat	MS	0.97	English	en	official	3499.52	0.64	0.97	0.97
Morocco	MA	0.6709999999999999	Moroccan Arabic	ary		3.2527212E7	0.87	0.6709999999999999	0.6709999999999999
Morocco	MA	0.6709999999999999	Arabic	ar	official	2.3180312E7	0.62	0.6709999999999999	0.6709999999999999
Morocco	MA	0.6709999999999999	French	fr	de_facto_official	1.3459536E7	0.36	0.6709999999999999	0.6709999999999999
Morocco	MA	0.6709999999999999	Standard Moroccan Tamazight	zgh		8225272.0	0.22	0.6709999999999999	0.6709999999999999
Morocco	MA	0.6709999999999999	English	en		5234264.0	0.14	0.6709999999999999	0.6709999999999999
Morocco	MA	0.6709999999999999	Central Atlas Tamazight	tzm	official	3663984.8	0.09799999999999999	0.25	0.25
Morocco	MA	0.6709999999999999	Tachelhit	shi		3252721.2	0.08700000000000001	0.6709999999999999	0.6709999999999999
Morocco	MA	0.6709999999999999	Tachelhit (Latin)	shi_Latn		3252721.2	0.08700000000000001	0.6709999999999999	0.05
Morocco	MA	0.6709999999999999	Riffian	rif		1831992.4	0.048999999999999995	0.6709999999999998	0.05
Morocco	MA	0.6709999999999999	Riffian (Tifinagh)	rif_Tfng		1831992.4	0.048999999999999995	0.6709999999999998	0.05
Morocco	MA	0.6709999999999999	Hassaniyya	mey		306578.32	0.0082	0.6709999999999999	0.6709999999999999
Morocco	MA	0.6709999999999999	Spanish	es		24301.94	6.5E-4	0.6709999999999999	0.6709999999999999
Mozambique	MZ	0.561	Portuguese	pt	official	9004770.0	0.27	0.561	0.561
Mozambique	MZ	0.561	Makhuwa	vmw		4335630.0	0.13	0.561	0.561
Mozambique	MZ	0.561	Ndau	ndc		3301749.0	0.099	0.561	0.561
Mozambique	MZ	0.561	Tsonga	ts		2634729.0	0.079	0.561	0.561
Mozambique	MZ	0.561	Lomwe	ngl		2267868.0	0.068	0.5609999999999999	0.5609999999999999
Mozambique	MZ	0.561	Sena	seh		1534146.0	0.046	0.561	0.561
Mozambique	MZ	0.561	Makhuwa-Meetto	mgh		1500795.0	0.045	0.561	0.561
Mozambique	MZ	0.561	Ronga	rng		1133934.0	0.034	0.5609999999999999	0.5609999999999999
Mozambique	MZ	0.561	Nyanja	ny		867126.0	0.026	0.561	0.561
Mozambique	MZ	0.561	Yao	yao		800424.0	0.024	0.561	0.561
Mozambique	MZ	0.561	Swahili	sw		9338.28	2.8000000000000003E-4	0.561	0.561
Mozambique	MZ	0.561	Zulu	zu		1800.9540000000002	5.4000000000000005E-5	0.561	0.561
Myanmar (Burma)	MM	0.927	Burmese	my	official	3.6817344E7	0.64	0.927	0.927
Myanmar (Burma)	MM	0.927	Shan	shn		3681734.4	0.064	0.927	0.927
Myanmar (Burma)	MM	0.927	Kachin	kac		977960.7	0.016999999999999998	0.927	0.927
Myanmar (Burma)	MM	0.927	Rohingya	rhg		977960.7	0.016999999999999998	0.927	0.927
Myanmar (Burma)	MM	0.927	Mon	mnw		862906.5	0.015	0.927	0.927
Myanmar (Burma)	MM	0.927	Mara	mrh		20709.755999999998	3.5999999999999997E-4	0.927	0.927
Myanmar (Burma)	MM	0.927	Hmong Njua	hnj		12655.962	2.1999999999999998E-4	0.927	0.927
Myanmar (Burma)	MM	0.927	Samtao	stu		9779.607	1.7E-4	0.927	0.927
Myanmar (Burma)	MM	0.927	Khamti	kht		4257.0054	7.4E-5	0.927	0.927
Myanmar (Burma)	MM	0.927	Pali (Myanmar)	pi_Mymr		0.0	0.0	NaN	NaN
Namibia	NA	0.888	Afrikaans	af		2102745.0	0.75	0.888	0.888
Namibia	NA	0.888	Kuanyama	kj		981281.0	0.35	0.888	0.888
Namibia	NA	0.888	Ndonga	ng		588768.6	0.21	0.888	0.888
Namibia	NA	0.888	Nama	naq		308402.6	0.10999999999999999	0.888	0.888
Namibia	NA	0.888	Herero	hz		255133.06	0.091	0.888	0.888
Namibia	NA	0.888	English	en	official	196256.2	0.07	0.8879999999999998	0.8879999999999998
Namibia	NA	0.888	German	de		25232.94	0.009	0.888	0.888
Namibia	NA	0.888	Tswana	tn		15700.496000000001	0.0056	0.888	0.888
Nauru	NR	0.99	English	en	official	9397.4	0.95	0.99	0.99
Nauru	NR	0.99	Nauru	na	official	6924.4	0.7	0.99	0.99
Nepal	NP	0.5740000000000001	Nepali	ne	official	1.3693856E7	0.44	0.574	0.574
Nepal	NP	0.5740000000000001	Maithili	mai		3423464.0	0.11	0.574	0.574
Nepal	NP	0.5740000000000001	Bhojpuri	bho		2116323.2	0.068	0.574	0.574
Nepal	NP	0.5740000000000001	Newari	new		1027039.2	0.033	0.5740000000000001	0.5740000000000001
Nepal	NP	0.5740000000000001	Jumli	jml		995916.8	0.032	0.574	0.574
Nepal	NP	0.5740000000000001	English	en		933672.0	0.03	0.574	0.574
Nepal	NP	0.5740000000000001	Dotyali	dty		778060.0	0.025	0.574	0.574
Nepal	NP	0.5740000000000001	Awadhi	awa		684692.8	0.022000000000000002	0.574	0.574
Nepal	NP	0.5740000000000001	Dangaura Tharu	thl		622448.0	0.02	0.574	0.574
Nepal	NP	0.5740000000000001	Bantawa	bap		466836.0	0.015	0.574	0.574
Nepal	NP	0.5740000000000001	Western Tamang	tdg		404591.2	0.013000000000000001	0.574	0.574
Nepal	NP	0.5740000000000001	Rana Tharu	thr		373468.8	0.012	0.574	0.574
Nepal	NP	0.5740000000000001	Limbu	lif		342346.4	0.011000000000000001	0.574	0.574
Nepal	NP	0.5740000000000001	Magar	mgp		342346.4	0.011000000000000001	0.574	0.574
Nepal	NP	0.5740000000000001	Kochila Tharu	thq		311224.0	0.01	0.574	0.574
Nepal	NP	0.5740000000000001	Western Magar	mrd		258315.92	0.0083	0.5740000000000001	0.5740000000000001
Nepal	NP	0.5740000000000001	Bagheli	bfy		168060.96	0.005399999999999999	0.574	0.574
Nepal	NP	0.5740000000000001	Sherpa	xsr		161836.48	0.005200000000000001	0.574	0.574
Nepal	NP	0.5740000000000001	Rajbanshi	rjs		136938.56	0.0044	0.67	0.67
Nepal	NP	0.5740000000000001	Eastern Tamang	taj		133826.32	0.0043	0.574	0.574
Nepal	NP	0.5740000000000001	Hindi	hi		130714.08	0.0042	0.574	0.574
Nepal	NP	0.5740000000000001	Gurung	gvr		90254.96	0.0029000000000000002	0.574	0.574
Nepal	NP	0.5740000000000001	Tibetan	bo		74693.76	0.0024	0.5740000000000001	0.5740000000000001
Nepal	NP	0.5740000000000001	Kathoriya Tharu	tkt		74693.76	0.0024	0.5740000000000001	0.5740000000000001
Nepal	NP	0.5740000000000001	Sunwar	suz		40459.12	0.0013000000000000002	0.574	0.574
Nepal	NP	0.5740000000000001	Thulung	tdh		37346.88	0.0012	0.5740000000000001	0.5740000000000001
Nepal	NP	0.5740000000000001	Bangla	bn		29255.056	9.4E-4	0.574	0.574
Nepal	NP	0.5740000000000001	Mundari (Devanagari)	unr_Deva		5602.031999999999	1.7999999999999998E-4	0.574	0.574
Nepal	NP	0.5740000000000001	Lepcha	lep		2832.1384000000003	9.1E-5	0.574	0.574
Netherlands	NL	0.99	Dutch	nl	official	1.77724E7	1.0	0.99	0.99
Netherlands	NL	0.99	English	en		1.599516E7	0.9	0.99	0.99
Netherlands	NL	0.99	German	de		1.2618404E7	0.71	0.99	0.04999999999999999
Netherlands	NL	0.99	French	fr		3376756.0	0.19	0.99	0.99
Netherlands	NL	0.99	Low German	nds		1954964.0	0.11	0.99	0.05
Netherlands	NL	0.99	Limburgish	li		977482.0	0.055	0.99	0.05
Netherlands	NL	0.99	Western Frisian	fy	official_regional	764213.2	0.043	0.99	0.99
Netherlands	NL	0.99	Gronings	gos		639806.4	0.036000000000000004	0.99	0.05
Netherlands	NL	0.99	Indonesian	id		319903.2	0.018000000000000002	0.99	0.99
Netherlands	NL	0.99	Zeelandic	zea		248813.6	0.014	0.99	0.99
Netherlands	NL	0.99	Riffian	rif		213268.8	0.011999999999999999	0.99	0.99
Netherlands	NL	0.99	Turkish	tr		213268.8	0.011999999999999999	0.99	0.99
New Caledonia	NC	0.9620000000000001	French	fr	official	301125.33	0.9900000000000001	0.9620000000000002	0.9620000000000002
New Zealand	NZ	0.9900000000000001	English	en	de_facto_official	5057985.8	0.98	0.99	0.99
New Zealand	NZ	0.9900000000000001	Māori	mi	official	144513.88	0.028	0.99	0.99
Nicaragua	NI	0.78	Spanish	es	official	5208021.0	0.78	0.78	0.78
Niger	NE	0.287	Hausa	ha		1.0800548E7	0.41	0.287	0.287
Niger	NE	0.287	Zarma	dje		4478276.0	0.17	0.287	0.287
Niger	NE	0.287	French	fr	official	3424564.0	0.13	0.287	0.287
Niger	NE	0.287	Central-Eastern Niger Fulfulde	fuq		1843996.0	0.07	0.287	0.287
Niger	NE	0.287	Tamashek	tmh		1580568.0	0.06	0.287	0.287
Niger	NE	0.287	Arabic	ar		55319.88	0.0021	0.287	0.287
Niger	NE	0.287	Tasawaq	twq		7902.84	3.0000000000000003E-4	0.287	0.287
Niger	NE	0.287	Fula	ff		0.0	0.0	NaN	NaN
Niger	NE	0.287	Fula (Adlam)	ff_Adlm		0.0	0.0	NaN	NaN
Nigeria	NG	0.613	English	en	official	1.2547591E8	0.53	0.613	0.613
Nigeria	NG	0.613	Nigerian Pidgin	pcm		4.971687E7	0.21	0.613	0.613
Nigeria	NG	0.613	Hausa	ha		3.077711E7	0.13	0.613	0.613
Nigeria	NG	0.613	Igbo	ig		3.077711E7	0.13	0.613	0.613
Nigeria	NG	0.613	Yoruba	yo	official	3.077711E7	0.13	0.613	0.613
Nigeria	NG	0.613	Nigerian Fulfulde	fuv		1.5862049E7	0.067	0.2	0.2
Nigeria	NG	0.613	Tiv	tiv		3787952.0	0.016	0.25	0.25
Nigeria	NG	0.613	Efik	efi		3314458.0	0.014	0.6129999999999999	0.6129999999999999
Nigeria	NG	0.613	Ibibio	ibb		3314458.0	0.014	0.6129999999999999	0.6129999999999999
Nigeria	NG	0.613	Hausa (Arabic)	ha_Arab		2367470.0	0.01	0.613	0.613
Nigeria	NG	0.613	Bini	bin		1680903.7	0.0070999999999999995	0.613	0.613
Nigeria	NG	0.613	Jju	kaj		497168.7	0.0021	0.613	0.613
Nigeria	NG	0.613	Tyap	kcg		220174.71	9.299999999999999E-4	0.613	0.613
Nigeria	NG	0.613	Arabic	ar		168090.37	7.1E-4	0.613	0.613
Nigeria	NG	0.613	Atsam	cch		49716.87	2.1E-4	0.613	0.613
Nigeria	NG	0.613	Amo	amo		20596.988999999998	8.699999999999999E-5	0.613	0.613
Nigeria	NG	0.613	Obolo	ann		0.0	0.0	NaN	NaN
Nigeria	NG	0.613	Fula	ff		0.0	0.0	NaN	NaN
Nigeria	NG	0.613	Fula (Adlam)	ff_Adlm		0.0	0.0	NaN	NaN
Niue	NU	0.95	English	en	official	1120.0	0.56	0.95	0.95
Niue	NU	0.95	Niuean	niu	official	1120.0	0.56	0.95	0.95
Norfolk Island	NF	0.99	English	en	official	1678.08	0.96	0.99	0.99
North Korea	KP	1.0	Korean	ko	official	2.3142856E7	0.88	1.0	1.0
North Macedonia	MK	0.9740000000000001	Macedonian	mk	official	1430865.4	0.6699999999999999	0.9740000000000001	0.9740000000000001
North Macedonia	MK	0.9740000000000001	Albanian	sq	official_regional	533905.0	0.25	0.9740000000000001	0.9740000000000001
North Macedonia	MK	0.9740000000000001	Turkish	tr		74746.7	0.034999999999999996	0.9740000000000001	0.9740000000000001
Northern Mariana Islands	MP	0.97	English	en	de_facto_official	49584.46	0.97	0.97	0.97
Northern Mariana Islands	MP	0.97	Chamorro	ch		9201.24	0.18	0.9700000000000002	0.9700000000000002
Norway	NO	1.0	Norwegian Bokmål	nb	official	5509730.0	1.0	1.0	1.0
Norway	NO	1.0	Norwegian	no	official	5509730.0	1.0	1.0	1.0
Norway	NO	1.0	Norwegian Nynorsk	nn	official	1377432.5	0.25	1.0	1.0
Norway	NO	1.0	Northern Sami	se	official_regional	15978.216999999999	0.0029	1.0	1.0
Oman	OM	0.8690000000000001	Arabic	ar	official	3160611.9	0.8099999999999999	0.8690000000000001	0.8690000000000001
Oman	OM	0.8690000000000001	Baluchi	bal		191197.51	0.049	0.8690000000000001	0.8690000000000001
Oman	OM	0.8690000000000001	Persian	fa		36678.706	0.0094	0.8690000000000001	0.8690000000000001
Pakistan	PK	0.5489999999999999	Urdu	ur	official	2.397458E8	0.95	0.5489999999999999	0.5489999999999999
Pakistan	PK	0.5489999999999999	Punjabi (Arabic)	pa_Arab		1.766548E8	0.7	0.5489999999999999	0.5489999999999999
Pakistan	PK	0.5489999999999999	English	en	official	1.26182E8	0.5	0.5489999999999999	0.5489999999999999
Pakistan	PK	0.5489999999999999	Western Panjabi	lah		1.009456E8	0.4	0.5489999999999999	0.5489999999999999
Pakistan	PK	0.5489999999999999	Pashto	ps		4.037824E7	0.16	0.5489999999999999	0.5489999999999999
Pakistan	PK	0.5489999999999999	Sindhi	sd		3.78546E7	0.15	0.5489999999999999	0.5489999999999999
Pakistan	PK	0.5489999999999999	Saraiki	skr		3.028368E7	0.12	0.01	0.01
Pakistan	PK	0.5489999999999999	Baluchi	bal		6561464.0	0.026	0.5489999999999999	0.5489999999999999
Pakistan	PK	0.5489999999999999	Northern Hindko	hno		4290188.0	0.017	0.5489999999999999	0.5489999999999999
Pakistan	PK	0.5489999999999999	Brahui	brh		3028368.0	0.012	0.5489999999999999	0.5489999999999999
Pakistan	PK	0.5489999999999999	Persian	fa		1665602.4	0.0066	0.5489999999999999	0.5489999999999999
Pakistan	PK	0.5489999999999999	Western Balochi	bgn		1438474.8	0.0057	0.5489999999999999	0.05000000000000001
Pakistan	PK	0.5489999999999999	Southern Hindko	hnd		1034692.4	0.0041	0.5489999999999999	0.5489999999999999
Pakistan	PK	0.5489999999999999	Tajik (Arabic)	tg_Arab		832801.2	0.0033	0.5489999999999999	0.5489999999999999
Pakistan	PK	0.5489999999999999	Gujari	gju		504728.0	0.002	0.549	0.549
Pakistan	PK	0.5489999999999999	Balti	bft		454255.2	0.0018	0.5489999999999999	0.5489999999999999
Pakistan	PK	0.5489999999999999	Parkari Koli	kvx		403782.4	0.0016	0.5489999999999999	0.5489999999999999
Pakistan	PK	0.5489999999999999	Khowar	khw		378546.0	0.0015	0.5489999999999999	0.5489999999999999
Pakistan	PK	0.5489999999999999	Indus Kohistani	mvy		353309.6	0.0014	0.5489999999999999	0.5489999999999999
Pakistan	PK	0.5489999999999999	Kachi Koli	gjk		277600.4	0.0011	0.5489999999999999	0.5489999999999999
Pakistan	PK	0.5489999999999999	Wadiyara Koli	kxp		277600.4	0.0011	0.5489999999999999	0.5489999999999999
Pakistan	PK	0.5489999999999999	Kashmiri	ks		174131.16	6.9E-4	0.5489999999999999	0.5489999999999999
Pakistan	PK	0.5489999999999999	Torwali	trw		133752.92	5.300000000000001E-4	0.5489999999999999	0.5489999999999999
Pakistan	PK	0.5489999999999999	Bateri	btv		47949.16	1.9E-4	0.5489999999999999	0.5489999999999999
Palau	PW	0.92	Palauan	pau	official	16179.36	0.74	0.92	0.92
Palau	PW	0.92	English	en	official	1880.3039999999999	0.086	0.92	0.92
Palestinian Territories	PS	0.953	Arabic	ar	official	5385010.0	1.0	0.953	0.953
Palestinian Territories	PS	0.953	Levantine Arabic	apc		4684958.7	0.87	0.9530000000000001	0.9530000000000001
Panama	PA	0.941	Spanish	es	official	3084465.6	0.6900000000000001	0.941	0.941
Panama	PA	0.941	English	en		625833.6	0.13999999999999999	0.941	0.941
Panama	PA	0.941	Chinese (Traditional)	zh_Hant		5811.312000000001	0.0013000000000000002	0.941	0.941
Papua New Guinea	PG	0.624	Tok Pisin	tpi	official	7132802.0	0.71	0.45	0.45
Papua New Guinea	PG	0.624	English	en	official	5023100.0	0.5	0.624	0.624
Papua New Guinea	PG	0.624	Hiri Motu	ho	official	210970.2	0.021	0.6240000000000001	0.05
Paraguay	PY	0.9390000000000001	Guarani	gn	official	5190559.5	0.69	0.9390000000000001	0.9390000000000001
Paraguay	PY	0.9390000000000001	Spanish	es	official	5040108.5	0.67	0.9390000000000001	0.9390000000000001
Paraguay	PY	0.9390000000000001	German	de		218153.95	0.029	0.9390000000000001	0.9390000000000001
Paraguay	PY	0.9390000000000001	Nivaclé	cag		17301.865	0.0023000000000000004	0.9390000000000001	0.9390000000000001
Paraguay	PY	0.9390000000000001	Mbyá Guaraní	gun		12036.08	0.0016	0.9390000000000001	0.9390000000000001
Paraguay	PY	0.9390000000000001	Enlhet	enl		9779.315	0.0013000000000000002	0.9390000000000001	0.9390000000000001
Paraguay	PY	0.9390000000000001	Pai Tavytera	pta		9779.315	0.0013000000000000002	0.9390000000000001	0.9390000000000001
Paraguay	PY	0.9390000000000001	Enxet	enx		5641.9125	7.5E-4	0.9390000000000002	0.9390000000000002
Paraguay	PY	0.9390000000000001	Ayoreo	ayo		2708.118	3.5999999999999997E-4	0.9390000000000001	0.9390000000000001
Paraguay	PY	0.9390000000000001	Chamacoco	ceg		2256.765	3.0E-4	0.9390000000000001	0.9390000000000001
Paraguay	PY	0.9390000000000001	Maca	mca		2031.0885	2.7E-4	0.9390000000000001	0.9390000000000001
Paraguay	PY	0.9390000000000001	Toba-Maskoy	tmf		2031.0885	2.7E-4	0.9390000000000001	0.9390000000000001
Paraguay	PY	0.9390000000000001	Sanapaná	spn		1880.6375	2.5E-4	0.9390000000000001	0.9390000000000001
Paraguay	PY	0.9390000000000001	Aché	guq		1805.412	2.4E-4	0.9390000000000001	0.9390000000000001
Paraguay	PY	0.9390000000000001	Angaité	aqt		1278.8335	1.6999999999999999E-4	0.9390000000000001	0.9390000000000001
Paraguay	PY	0.9390000000000001	Chiripá	nhd		1203.608	1.5999999999999999E-4	0.9390000000000001	0.9390000000000001
Paraguay	PY	0.9390000000000001	Guana [Paraguay]	gva		22.56765	3.0E-6	0.9390000000000001	0.9390000000000001
Peru	PE	0.8959999999999999	Spanish	es	official	2.3798146E7	0.73	0.8959999999999999	0.8959999999999999
Peru	PE	0.8959999999999999	Quechua	qu	official	4890030.0	0.15	0.8959999999999999	0.8959999999999999
Peru	PE	0.8959999999999999	Aymara	ay		521603.2	0.016	0.8959999999999999	0.8959999999999999
Philippines	PH	0.9540000000000001	English	en	official	7.569728E7	0.64	0.9540000000000001	0.9540000000000001
Philippines	PH	0.9540000000000001	Filipino	fil	official	7.09662E7	0.6	0.9540000000000001	0.9540000000000001
Philippines	PH	0.9540000000000001	Spanish	es		3.666587E7	0.31	0.954	0.954
Philippines	PH	0.9540000000000001	Cebuano	ceb	official_regional	2.838648E7	0.24	0.13	0.13
Philippines	PH	0.9540000000000001	Iloko	ilo	official_regional	1.1354592E7	0.096	0.1	0.1
Philippines	PH	0.9540000000000001	Hiligaynon	hil	official_regional	9935268.0	0.084	0.08	0.08
Philippines	PH	0.9540000000000001	Bikol	bik		3548310.0	0.03	0.9540000000000001	0.9540000000000001
Philippines	PH	0.9540000000000001	Waray	war	official_regional	3430033.0	0.029	0.9540000000000002	0.9540000000000002
Philippines	PH	0.9540000000000001	West Albay Bikol	fbl		2720371.0	0.023	0.954	0.954
Philippines	PH	0.9540000000000001	Pampanga	pam		2720371.0	0.023	0.954	0.954
Philippines	PH	0.9540000000000001	Pangasinan	pag	official_regional	1655878.0	0.014	0.9540000000000001	0.9540000000000001
Philippines	PH	0.9540000000000001	Maguindanaon	mdh	official_regional	1419324.0	0.012	0.954	0.954
Philippines	PH	0.9540000000000001	Tausug	tsg	official_regional	1301047.0000000002	0.011000000000000003	0.9540000000000001	0.9540000000000001
Philippines	PH	0.9540000000000001	Chinese (Traditional)	zh_Hant		863422.1	0.0073	0.9540000000000001	0.9540000000000001
Philippines	PH	0.9540000000000001	Capiznon	cps		780628.2	0.0066	0.9540000000000001	0.9540000000000001
Philippines	PH	0.9540000000000001	Kinaray-a	krj		461280.3	0.0039	0.9540000000000001	0.9540000000000001
Philippines	PH	0.9540000000000001	Rinconada Bikol	bto		331175.60000000003	0.0028000000000000004	0.9540000000000001	0.9540000000000001
Philippines	PH	0.9540000000000001	Hanunoo	hnn		18924.32	1.5999999999999999E-4	0.9540000000000001	0.9540000000000001
Philippines	PH	0.9540000000000001	Tagbanwa	tbw		10053.545000000002	8.500000000000002E-5	0.36	0.36
Philippines	PH	0.9540000000000001	Buhid	bku		8042.835999999999	6.8E-5	0.9540000000000001	0.9540000000000001
Pitcairn Islands	PN	0.99	English	en	official	46.0	0.92	0.99	0.99
Poland	PL	0.997	Polish	pl	official	3.7196448E7	0.96	0.9969999999999999	0.9969999999999999
Poland	PL	0.997	English	en		1.2786279E7	0.33	0.997	0.997
Poland	PL	0.997	German	de	official_regional	7361797.0	0.19	0.997	0.997
Poland	PL	0.997	Russian	ru		6974334.0	0.18	0.9970000000000002	0.9970000000000002
Poland	PL	0.997	Silesian	szl		503701.9	0.013000000000000001	0.997	0.997
Poland	PL	0.997	Belarusian	be		224728.54	0.0058000000000000005	0.997	0.997
Poland	PL	0.997	Ukrainian	uk		151110.57	0.0039000000000000003	0.9969999999999999	0.9969999999999999
Poland	PL	0.997	Kashubian	csb	official_regional	50370.19	0.0013000000000000002	0.9969999999999999	0.9969999999999999
Poland	PL	0.997	Lower Silesian	sli		12011.353000000001	3.1E-4	0.997	0.997
Poland	PL	0.997	Lithuanian	lt	official_regional	8136.723000000001	2.1000000000000004E-4	0.997	0.997
Poland	PL	0.997	Prussian	prg		38.7463	1.0E-6	0.997	0.997
Portugal	PT	0.9540000000000001	Portuguese	pt	official	9798912.0	0.96	0.9540000000000001	0.9540000000000001
Portugal	PT	0.9540000000000001	English	en		2755944.0	0.27	0.9540000000000001	0.9540000000000001
Portugal	PT	0.9540000000000001	French	fr		1531080.0	0.15	0.9540000000000001	0.9540000000000001
Portugal	PT	0.9540000000000001	Spanish	es		1020720.0	0.1	0.9540000000000001	0.9540000000000001
Portugal	PT	0.9540000000000001	Galician	gl		14290.080000000002	0.0014000000000000002	0.9540000000000001	0.9540000000000001
Puerto Rico	PR	0.903	Spanish	es	official	2626921.5	0.87	0.9029999999999998	0.9029999999999998
Puerto Rico	PR	0.903	English	en	de_facto_official	1479530.5	0.49	0.9029999999999998	0.9029999999999998
Qatar	QA	0.963	Arabic	ar	official	2271360.1	0.89	0.963	0.963
Qatar	QA	0.963	Persian	fa		280729.9	0.11000000000000001	0.963	0.963
Qatar	QA	0.963	Malayalam	ml		6380.225	0.0025	0.963	0.963
Réunion	RE	0.88	French	fr	official	700949.76	0.89	0.8799999999999999	0.8799999999999999
Réunion	RE	0.88	Réunion Creole French	rcf		559184.64	0.71	0.88	0.88
Réunion	RE	0.88	Tamil	ta		118137.6	0.15	0.88	0.88
Romania	RO	0.9769999999999999	Romanian	ro	official	1.633338E7	0.9	0.977	0.977
Romania	RO	0.9769999999999999	English	en		5625942.0	0.31	0.977	0.977
Romania	RO	0.9769999999999999	French	fr		2177784.0	0.12	0.9770000000000002	0.9770000000000002
Romania	RO	0.9769999999999999	Spanish	es		1814820.0	0.1	0.977	0.977
Romania	RO	0.9769999999999999	Hungarian	hu		1197781.2	0.066	0.9769999999999999	0.9769999999999999
Romania	RO	0.9769999999999999	German	de		38111.22	0.0021	0.9769999999999999	0.9769999999999999
Romania	RO	0.9769999999999999	Turkish	tr		23592.66	0.0013	0.977	0.977
Romania	RO	0.9769999999999999	Serbian (Latin)	sr_Latn		21777.84	0.0012000000000000001	0.9769999999999999	0.9769999999999999
Romania	RO	0.9769999999999999	Bulgarian	bg		6714.834	3.7E-4	0.977	0.977
Romania	RO	0.9769999999999999	Greek	el		4174.085999999999	2.2999999999999995E-4	0.977	0.977
Romania	RO	0.9769999999999999	Polish	pl		2722.23	1.5000000000000001E-4	0.9769999999999999	0.9769999999999999
Russia	RU	0.997	Russian	ru	official	1.3941279E8	0.99	0.997	0.997
Russia	RU	0.997	English	en		5351198.0	0.038	0.997	0.997
Russia	RU	0.997	Tatar	tt	official_regional	3379704.0	0.024	0.997	0.997
Russia	RU	0.997	Chuvash	cv		1830673.0	0.013	0.997	0.997
Russia	RU	0.997	Chechen	ce	official_regional	1549031.0	0.011	0.9970000000000002	0.9970000000000002
Russia	RU	0.997	Armenian	hy		1182896.4	0.0084	0.5	0.5
Russia	RU	0.997	Bashkir	ba	official_regional	1126568.0	0.008	0.997	0.997
Russia	RU	0.997	German	de		1112485.9	0.007899999999999999	0.9970000000000002	0.9970000000000002
Russia	RU	0.997	Avaric	av	official_regional	675940.8	0.0048000000000000004	0.997	0.997
Russia	RU	0.997	Ukrainian	uk		647776.6	0.0046	0.9969999999999999	0.9969999999999999
Russia	RU	0.997	Kabardian	kbd	official_regional	478791.4	0.0034000000000000002	0.997	0.997
Russia	RU	0.997	Erzya	myv	official_regional	436545.1	0.0031	0.997	0.997
Russia	RU	0.997	Kumyk	kum	official_regional	422463.0	0.003	0.997	0.997
Russia	RU	0.997	Yakut	sah	official_regional	394298.80000000005	0.0028000000000000004	0.997	0.997
Russia	RU	0.997	Dargwa	dar		380216.7	0.0027	0.997	0.997
Russia	RU	0.997	Ossetic	os		366134.6	0.0026	0.997	0.997
Russia	RU	0.997	Ingush	inh	official_regional	352052.5	0.0025	0.997	0.997
Russia	RU	0.997	Buriat	bua	official_regional	323888.3	0.0023	0.9969999999999999	0.9969999999999999
Russia	RU	0.997	Azeri (Cyrillic)	az_Cyrl	official_regional	309806.2	0.0022	0.9969999999999999	0.9969999999999999
Russia	RU	0.997	Lezghian	lez	official_regional	295724.1	0.0021	0.997	0.997
Russia	RU	0.997	Moksha	mdf	official_regional	295724.1	0.0021	0.997	0.997
Russia	RU	0.997	Kazakh	kk		281642.0	0.002	0.997	0.997
Russia	RU	0.997	Karachay-Balkar	krc	official_regional	281642.0	0.002	0.997	0.997
Russia	RU	0.997	Mari	chm		267559.9	0.0019000000000000002	0.997	0.997
Russia	RU	0.997	Tuvinian	tyv	official_regional	267559.9	0.0019000000000000002	0.997	0.997
Russia	RU	0.997	Udmurt	udm	official_regional	267559.9	0.0019000000000000002	0.997	0.997
Russia	RU	0.997	Uzbek	uz		239395.7	0.0017000000000000001	0.997	0.997
Russia	RU	0.997	Tajik	tg		225313.6	0.0016	0.997	0.997
Russia	RU	0.997	Adyghe	ady	official_regional	114065.01	8.1E-4	0.997	0.997
Russia	RU	0.997	Komi	kv	official_regional	114065.01	8.1E-4	0.997	0.997
Russia	RU	0.997	Kalmyk	xal		112656.8	8.0E-4	0.997	0.997
Russia	RU	0.997	Lak	lbe	official_regional	91533.65	6.5E-4	0.997	0.997
Russia	RU	0.997	Georgian	ka		84492.6	6.000000000000001E-4	0.997	0.997
Russia	RU	0.997	Southern Altai	alt		66185.87	4.7E-4	0.9970000000000002	0.9970000000000002
Russia	RU	0.997	Belarusian	be		63369.45	4.5E-4	0.997	0.997
Russia	RU	0.997	Pontic (Cyrillic)	pnt_Cyrl		56328.4	4.0E-4	0.997	0.997
Russia	RU	0.997	Komi-Permyak	koi	official_regional	43654.51	3.1E-4	0.9969999999999999	0.9969999999999999
Russia	RU	0.997	Abaza	abq		29572.41	2.1E-4	0.997	0.997
Russia	RU	0.997	Kaitag	xdq		21123.15	1.5000000000000001E-4	0.997	0.997
Russia	RU	0.997	Western Mari	mrj		15490.31	1.0999999999999999E-4	0.997	0.997
Russia	RU	0.997	Finnish	fi		14082.1	1.0E-4	0.997	0.997
Russia	RU	0.997	Karelian	krl		14082.1	1.0E-4	0.997	0.997
Russia	RU	0.997	Serbian	sr		5914.482	4.2E-5	0.997	0.997
Russia	RU	0.997	Mongolian	mn		4647.093	3.2999999999999996E-5	0.997	0.997
Russia	RU	0.997	Veps	vep		2253.136	1.6E-5	0.997	0.997
Russia	RU	0.997	Church Slavic	cu		1408.21	1.0E-5	0.997	0.997
Russia	RU	0.997	Kara-Kalpak	kaa		422.46299999999997	2.9999999999999997E-6	0.997	0.997
Russia	RU	0.997	Ingrian	izh		0.0	0.0	NaN	NaN
Russia	RU	0.997	Votic	vot		0.0	0.0	NaN	NaN
Rwanda	RW	0.711	Kinyarwanda	rw	official	1.0489941E7	0.77	0.711	0.711
Rwanda	RW	0.711	English	en	official	2043495.0	0.15	0.711	0.711
Rwanda	RW	0.711	French	fr	official	790151.4	0.058	0.7110000000000001	0.7110000000000001
Samoa	WS	0.988	Samoan	sm	official	208853.0	1.0	0.988	0.988
Samoa	WS	0.988	English	en	official	4385.9130000000005	0.021	0.988	0.988
San Marino	SM	0.9599999999999999	Italian	it	official	31234.55	0.89	0.96	0.96
San Marino	SM	0.9599999999999999	Esperanto	eo		298.3075	0.0085	0.96	0.96
São Tomé & Príncipe	ST	0.6949999999999998	Portuguese	pt	official	190026.85	0.85	0.695	0.695
São Tomé & Príncipe	ST	0.6949999999999998	French	fr		44712.2	0.19999999999999998	0.695	0.695
Sark	CQ	0.99	English	en	official	482.16	0.9800000000000001	0.99	0.99
Saudi Arabia	SA	0.872	Arabic	ar	official	3.65444E7	1.0	0.872	0.872
Saudi Arabia	SA	0.872	Najdi Arabic	ars		1096332.0	0.03	0.872	0.05
Senegal	SN	0.49700000000000005	Wolof	wo	de_facto_official	1.319325E7	0.7	0.49700000000000005	0.49700000000000005
Senegal	SN	0.49700000000000005	French	fr	official	4900350.0	0.26	1.0	1.0
Senegal	SN	0.49700000000000005	Fula	ff	official_regional	3957975.0	0.21	0.49700000000000005	0.49700000000000005
Senegal	SN	0.49700000000000005	Serer	srr	official_regional	2073225.0	0.11	0.49700000000000005	0.49700000000000005
Senegal	SN	0.49700000000000005	Jola-Fonyi	dyo	official_regional	490035.0	0.026	0.1	0.1
Senegal	SN	0.49700000000000005	Saafi-Saafi	sav	official_regional	282712.5	0.015	0.49699999999999994	0.49699999999999994
Senegal	SN	0.49700000000000005	Mandjak	mfv	official_regional	145125.75	0.0077	0.1	0.1
Senegal	SN	0.49700000000000005	Balanta-Ganja	bjt	official_regional	114969.75	0.0061	1.0	1.0
Senegal	SN	0.49700000000000005	Noon	snf	official_regional	45234.0	0.0024	0.09999999999999998	0.09999999999999998
Senegal	SN	0.49700000000000005	Mankanya	knf	official_regional	39579.75	0.0021	0.1	0.1
Senegal	SN	0.49700000000000005	Bassari	bsc	official_regional	18282.075	9.7E-4	0.1	0.1
Senegal	SN	0.49700000000000005	Hassaniyya (Latin)	mey_Latn	official_regional	7162.05	3.8E-4	0.1	0.1
Senegal	SN	0.49700000000000005	Ménik	tnr	official_regional	3392.55	1.8E-4	0.1	0.1
Senegal	SN	0.49700000000000005	Fula (Adlam)	ff_Adlm		0.0	0.0	NaN	NaN
Serbia	RS	0.98	Serbian	sr	official	6585687.9	0.9900000000000001	0.98	0.98
Serbia	RS	0.98	Serbian (Latin)	sr_Latn	official	6585687.9	0.9900000000000001	0.98	0.05
Serbia	RS	0.98	Albanian	sq		1263919.9	0.18999999999999997	0.98	0.98
Serbia	RS	0.98	Hungarian	hu	official_regional	319306.08	0.048	0.98	0.98
Serbia	RS	0.98	Romanian	ro	official_regional	139696.41	0.021	0.9800000000000001	0.9800000000000001
Serbia	RS	0.98	Croatian	hr	official_regional	61865.55300000001	0.009300000000000001	0.98	0.98
Serbia	RS	0.98	Slovak	sk	official_regional	56543.785	0.0085	0.98	0.98
Serbia	RS	0.98	Ukrainian	uk	official_regional	0.0	0.0	NaN	NaN
Seychelles	SC	0.9179999999999999	Seselwa Creole French	crs		96223.26	0.98	0.9179999999999999	0.9179999999999999
Seychelles	SC	0.9179999999999999	French	fr	official	52039.11	0.53	0.9179999999999998	0.9179999999999998
Seychelles	SC	0.9179999999999999	English	en	official	37311.06	0.37999999999999995	0.9179999999999999	0.9179999999999999
Sierra Leone	SL	0.433	Krio	kri		8664997.5	0.95	0.433	0.433
Sierra Leone	SL	0.433	English	en	official	3192367.5	0.35	0.433	0.433
Sierra Leone	SL	0.433	Mende	men		2462683.5	0.27	0.433	0.433
Sierra Leone	SL	0.433	Timne	tem		2371473.0	0.26	0.06	0.06
Sierra Leone	SL	0.433	Susu	sus		273631.5	0.03	0.433	0.433
Sierra Leone	SL	0.433	Fula	ff		0.0	0.0	NaN	NaN
Sierra Leone	SL	0.433	Fula (Adlam)	ff_Adlm		0.0	0.0	NaN	NaN
Singapore	SG	0.9590000000000001	English	en	official	4822768.0	0.8	1.0	1.0
Singapore	SG	0.9590000000000001	Chinese	zh	official	3737645.2	0.62	1.0	1.0
Singapore	SG	0.9590000000000001	Malay	ms	official	1145407.4	0.18999999999999997	1.0	1.0
Singapore	SG	0.9590000000000001	Min Nan Chinese	nan		349650.68	0.057999999999999996	0.9590000000000001	0.9590000000000001
Singapore	SG	0.9590000000000001	Tamil	ta	official	295394.54000000004	0.04900000000000001	0.88	0.88
Singapore	SG	0.9590000000000001	Hakka Chinese	hak		259223.78	0.043	0.9590000000000001	0.9590000000000001
Singapore	SG	0.9590000000000001	Filipino	fil		156739.96	0.026	0.959	0.959
Singapore	SG	0.9590000000000001	Cantonese	yue		126597.66	0.021	0.9590000000000001	0.9590000000000001
Singapore	SG	0.9590000000000001	Indonesian	id		120569.2	0.02	0.9590000000000001	0.9590000000000001
Singapore	SG	0.9590000000000001	Javanese	jv		90426.9	0.015	0.959	0.959
Singapore	SG	0.9590000000000001	Bangla	bn		78369.98	0.013	0.959	0.959
Singapore	SG	0.9590000000000001	Min Dong Chinese	cdo		54256.14	0.009	0.9590000000000001	0.9590000000000001
Singapore	SG	0.9590000000000001	Thai	th		42199.22	0.007	0.9590000000000001	0.9590000000000001
Singapore	SG	0.9590000000000001	Japanese	ja		36170.76	0.006	0.959	0.959
Singapore	SG	0.9590000000000001	Pu-Xian Chinese	cpx		24113.84	0.004	0.9590000000000001	0.9590000000000001
Singapore	SG	0.9590000000000001	Madurese	mad		24113.84	0.004	0.9590000000000001	0.9590000000000001
Singapore	SG	0.9590000000000001	Malayalam	ml		24113.84	0.004	0.9590000000000001	0.9590000000000001
Singapore	SG	0.9590000000000001	Punjabi	pa		24113.84	0.004	0.9590000000000001	0.9590000000000001
Singapore	SG	0.9590000000000001	Min Bei Chinese	mnp		18085.38	0.003	0.959	0.959
Sint Maarten	SX	0.99	English	en	official	31426.2	0.68	0.99	0.99
Sint Maarten	SX	0.99	Spanish	es		5083.65	0.10999999999999999	0.9900000000000001	0.9900000000000001
Sint Maarten	SX	0.99	Virgin Islands Creole English	vic		3096.405	0.067	0.99	0.99
Sint Maarten	SX	0.99	Dutch	nl	official	1571.31	0.033999999999999996	0.99	0.99
Slovakia	SK	0.996	Slovak	sk	official	5007285.0	0.9	0.9960000000000001	0.9960000000000001
Slovakia	SK	0.996	Czech	cs		2614915.5	0.47	0.9960000000000001	0.9960000000000001
Slovakia	SK	0.996	English	en		1446549.0	0.26	0.9960000000000001	0.9960000000000001
Slovakia	SK	0.996	German	de		1224003.0	0.22	0.9959999999999998	0.9959999999999998
Slovakia	SK	0.996	Hungarian	hu		612001.5	0.11	0.9959999999999998	0.9959999999999998
Slovakia	SK	0.996	Ukrainian	uk		105709.35	0.019	0.996	0.996
Slovakia	SK	0.996	Polish	pl		51741.945	0.0093	0.9960000000000001	0.9960000000000001
Slovenia	SI	0.997	Slovenian	sl	official	1825164.3	0.87	0.997	0.997
Slovenia	SI	0.997	Croatian	hr		1279712.9	0.61	0.997	0.997
Slovenia	SI	0.997	English	en		1237755.1	0.5900000000000001	0.9970000000000002	0.9970000000000002
Slovenia	SI	0.997	German	de		881113.8	0.42000000000000004	0.9970000000000002	0.9970000000000002
Slovenia	SI	0.997	Venetian	vec	official_regional	29370.46	0.014	0.997	0.997
Slovenia	SI	0.997	Hungarian	hu		9230.716	0.0044	0.997	0.997
Slovenia	SI	0.997	Italian	it		3985.991	0.0019	0.997	0.997
Solomon Islands	SB	0.8410000000000001	English	en	official	726799.0	1.0	0.8410000000000001	0.8410000000000001
Solomon Islands	SB	0.8410000000000001	Pijin	pis		595975.18	0.8200000000000001	0.841	0.841
Solomon Islands	SB	0.8410000000000001	Roviana	rug		10175.186	0.014	0.841	0.841
Somalia	SO	0.37799999999999995	Somali	so	official	1.0153494E7	0.78	0.37799999999999995	0.37799999999999995
Somalia	SO	0.37799999999999995	Arabic	ar	official	4425882.0	0.34	0.99	0.99
Somalia	SO	0.37799999999999995	Swahili	sw		260346.0	0.02	0.37799999999999995	0.37799999999999995
Somalia	SO	0.37799999999999995	Oromo	om		54672.66	0.004200000000000001	0.3779999999999999	0.3779999999999999
South Africa	ZA	0.93	English	en	official	1.8737206E7	0.31	0.9900000000000001	0.9900000000000001
South Africa	ZA	0.93	Zulu	zu	official_regional	1.4506224E7	0.24	0.5	0.5
South Africa	ZA	0.93	Xhosa	xh	official_regional	1.0879668E7	0.18	0.5	0.5
South Africa	ZA	0.93	Afrikaans	af	official_regional	7857538.0	0.13	0.99	0.99
South Africa	ZA	0.93	Northern Sotho	nso	official_regional	5681604.4	0.094	0.5	0.5
South Africa	ZA	0.93	Tswana	tn	official_regional	4956293.199999999	0.08199999999999999	0.5	0.5
South Africa	ZA	0.93	Southern Sotho	st	official_regional	4774965.4	0.079	0.5	0.5
South Africa	ZA	0.93	Tsonga	ts	official_regional	2659474.4000000004	0.044000000000000004	0.5	0.5
South Africa	ZA	0.93	Swati	ss	official_regional	1631950.2	0.027	0.5	0.5
South Africa	ZA	0.93	Venda	ve	official_regional	1390179.8	0.023	0.5	0.5
South Africa	ZA	0.93	Hindi	hi		1208852.0	0.02	0.69	0.69
South Africa	ZA	0.93	South Ndebele	nr	official_regional	967081.6	0.016	0.5	0.5
South Africa	ZA	0.93	Swahili	sw		1027.5242	1.7E-5	0.5	0.5
South Georgia & South Sandwich Islands	GS	0.99	English	en	official	20.0	1.0	0.99	0.99
South Korea	KR	0.9790000000000001	Korean	ko	official	5.20818E7	1.0	0.9790000000000001	0.9790000000000001
South Sudan	SS	0.27	Arabic	ar		3429999.0	0.27	0.27	0.27
South Sudan	SS	0.27	English	en	official	3429999.0	0.27	0.27	0.27
South Sudan	SS	0.27	Nuer	nus		711407.2	0.055999999999999994	0.27	0.27
Spain	ES	0.977	Spanish	es	official	4.6807596E7	0.99	0.977	0.977
Spain	ES	0.977	English	en		1.1347296E7	0.24	0.977	0.977
Spain	ES	0.977	Catalan	ca	official_regional	8037668.0	0.17	0.977	0.977
Spain	ES	0.977	Galician	gl	official_regional	3309628.0	0.07	0.977	0.977
Spain	ES	0.977	Basque	eu	official_regional	945608.0	0.02	0.977	0.977
Spain	ES	0.977	Asturian	ast	official_regional	614645.2	0.013	0.977	0.977
Spain	ES	0.977	Extremaduran	ext		231673.96	0.0049	0.977	0.977
Spain	ES	0.977	Aragonese	an		24585.807999999997	5.2E-4	0.9770000000000002	0.9770000000000002
Spain	ES	0.977	Occitan	oc	official_regional	4728.04	1.0E-4	0.9769999999999999	0.9769999999999999
Sri Lanka	LK	0.912	Sinhala	si	official	1.4948168E7	0.68	0.912	0.912
Sri Lanka	LK	0.912	Tamil	ta	official	3297390.0	0.15	0.912	0.912
Sri Lanka	LK	0.912	English	en		2198260.0	0.1	0.912	0.912
Sri Lanka	LK	0.912	Pali (Sinhala)	pi_Sinh		0.0	0.0	NaN	NaN
St. Barthélemy	BL	0.99	French	fr	official	6023.1	0.8500000000000001	0.99	0.99
St. Helena, Ascension & Tristan da Cunha	SH	0.97	English	en	official	5401.24	0.6799999999999999	0.9700000000000002	0.9700000000000002
St. Kitts & Nevis	KN	0.9779999999999999	English	en	official	54030.34	0.98	0.978	0.978
St. Lucia	LC	0.9009999999999999	English	en	official	151234.2	0.9	0.9009999999999999	0.9009999999999999
St. Martin	MF	0.99	French	fr	official	27716.64	0.84	0.99	0.99
St. Pierre & Miquelon	PM	0.99	French	fr	official	5132.0	1.0	0.99	0.99
St. Pierre & Miquelon	PM	0.99	English	en		189.88400000000001	0.037000000000000005	0.9900000000000001	0.9900000000000001
St. Vincent & Grenadines	VC	0.96	English	en	official	96621.12	0.96	0.96	0.96
Sudan	SD	0.7190000000000001	Sudanese Arabic	apd		3.0785053E7	0.61	0.7190000000000001	0.7190000000000001
Sudan	SD	0.7190000000000001	Arabic	ar	official	3.0785053E7	0.61	0.7190000000000001	0.7190000000000001
Sudan	SD	0.7190000000000001	English	en	official	3.0785053E7	0.61	0.7190000000000001	0.7190000000000001
Sudan	SD	0.7190000000000001	Beja	bej		2725234.2	0.054000000000000006	0.7190000000000001	0.7190000000000001
Sudan	SD	0.7190000000000001	Fur	fvr		1362617.1	0.027000000000000003	0.7190000000000001	0.7190000000000001
Sudan	SD	0.7190000000000001	Hausa (Arabic)	ha_Arab		908411.4	0.018000000000000002	0.7189999999999999	0.7189999999999999
Sudan	SD	0.7190000000000001	Masalit	mls		499626.27	0.0099	0.7190000000000001	0.7190000000000001
Sudan	SD	0.7190000000000001	Nobiin	fia		418878.59	0.0083	0.7190000000000001	0.7190000000000001
Sudan	SD	0.7190000000000001	Zaghawa	zag		257383.23	0.0051	0.7190000000000001	0.7190000000000001
Suriname	SR	0.9470000000000001	Dutch	nl	official	582082.2	0.8999999999999999	0.9470000000000002	0.9470000000000002
Suriname	SR	0.9470000000000001	Sranan Tongo	srn		439795.44	0.68	0.75	0.75
Suriname	SR	0.9470000000000001	Chinese (Traditional)	zh_Hant		7114.338000000001	0.011000000000000001	0.9470000000000001	0.9470000000000001
Suriname	SR	0.9470000000000001	Hmong Njua	hnj		2328.3288000000002	0.0036000000000000003	0.9470000000000002	0.9470000000000002
Svalbard & Jan Mayen	SJ	1.0	Norwegian Bokmål	nb	official	1492.26	0.51	1.0	1.0
Svalbard & Jan Mayen	SJ	1.0	Russian	ru		1199.66	0.41000000000000003	1.0	1.0
Sweden	SE	0.99	Swedish	sv	official	1.006031E7	0.95	0.99	0.99
Sweden	SE	0.99	English	en		9107228.0	0.86	0.9900000000000001	0.9900000000000001
Sweden	SE	0.99	Finnish	fi	official_regional	232975.60000000003	0.022000000000000002	0.99	0.99
Sweden	SE	0.99	Tornedalen Finnish	fit		58243.90000000001	0.0055000000000000005	0.99	0.99
Sweden	SE	0.99	Northern Sami	se		34946.34	0.0032999999999999995	0.99	0.99
Sweden	SE	0.99	Tavringer Romani	rmu		9530.82	9.0E-4	0.9900000000000001	0.9900000000000001
Sweden	SE	0.99	Yiddish	yi		2965.1440000000002	2.8000000000000003E-4	0.9900000000000001	0.9900000000000001
Sweden	SE	0.99	Lule Sami	smj		1482.5720000000001	1.4000000000000001E-4	0.9900000000000001	0.9900000000000001
Sweden	SE	0.99	Southern Sami	sma		296.51439999999997	2.7999999999999996E-5	0.75	0.75
Sweden	SE	0.99	Interlingua	ia		0.0	0.0	NaN	NaN
Switzerland	CH	0.9900000000000001	German	de	official	6734033.2	0.76	0.9900000000000001	0.9900000000000001
Switzerland	CH	0.9900000000000001	Swiss German	gsw	de_facto_official	5847976.2	0.66	0.9900000000000001	0.05
Switzerland	CH	0.9900000000000001	English	en		3987256.5	0.45	0.99	0.99
Switzerland	CH	0.9900000000000001	French	fr	official	3455622.3	0.38999999999999996	0.99	0.99
Switzerland	CH	0.9900000000000001	Italian	it	official	1329085.5	0.15	0.99	0.99
Switzerland	CH	0.9900000000000001	Lombard	lmo		363283.37	0.041	0.9900000000000001	0.05
Switzerland	CH	0.9900000000000001	Portuguese	pt		301259.38	0.034	0.9900000000000001	0.9900000000000001
Switzerland	CH	0.9900000000000001	Romansh	rm	official_regional	44302.85	0.005	0.9899999999999999	0.9899999999999999
Switzerland	CH	0.9900000000000001	Sinte Romani	rmo		25695.653	0.0029	0.99	0.99
Switzerland	CH	0.9900000000000001	Walser	wae		9746.627	0.0011	0.99	0.99
Syria	SY	0.841	Levantine Arabic	apc		2.028559E7	0.85	0.8410000000000001	0.8410000000000001
Syria	SY	0.841	Arabic	ar	official	1.909232E7	0.8	0.841	0.841
Syria	SY	0.841	Kurdish	ku		1909232.0	0.08	0.841	0.841
Syria	SY	0.841	French	fr		1408058.6	0.059000000000000004	0.841	0.841
Syria	SY	0.841	Armenian	hy		429577.2	0.018000000000000002	0.841	0.841
Syria	SY	0.841	Syriac	syr		20046.936	8.4E-4	0.841	0.05
Taiwan	TW	0.961	Chinese (Traditional)	zh_Hant	official	2.2415535E7	0.95	0.961	0.961
Taiwan	TW	0.961	Min Nan Chinese (Traditional)	nan_Hant	official	1.3449321E7	0.57	0.961	0.961
Taiwan	TW	0.961	Hakka Chinese (Traditional)	hak_Hant	official	2595483.0	0.11	0.961	0.961
Taiwan	TW	0.961	Taroko	trv		4719.06	2.0E-4	0.961	0.961
Tajikistan	TJ	0.9969999999999999	Tajik	tg	official	1.03941E7	1.0	0.9969999999999999	0.9969999999999999
Tajikistan	TJ	0.9969999999999999	Russian	ru		1247292.0	0.12	0.997	0.997
Tajikistan	TJ	0.9969999999999999	Persian	fa		81073.98	0.0078	0.9969999999999999	0.9969999999999999
Tajikistan	TJ	0.9969999999999999	Arabic	ar		997.8335999999998	9.599999999999999E-5	0.997	0.997
Tanzania	TZ	0.6779999999999999	Swahili	sw	official	6.071589E7	0.9	0.6779999999999999	0.6779999999999999
Tanzania	TZ	0.6779999999999999	English	en	official	4.6548849E7	0.69	0.6779999999999999	0.6779999999999999
Tanzania	TZ	0.6779999999999999	Sukuma	suk		5869202.7	0.08700000000000001	0.6779999999999999	0.6779999999999999
Tanzania	TZ	0.6779999999999999	Nyamwezi	nym		2226249.3	0.032999999999999995	0.6779999999999999	0.6779999999999999
Tanzania	TZ	0.6779999999999999	Makonde	kde		1686552.5	0.025	0.6779999999999999	0.6779999999999999
Tanzania	TZ	0.6779999999999999	Bena	bez		1146855.7	0.016999999999999998	0.6779999999999999	0.6779999999999999
Tanzania	TZ	0.6779999999999999	Shambala	ksb		1146855.7	0.016999999999999998	0.6779999999999999	0.6779999999999999
Tanzania	TZ	0.6779999999999999	Masai	mas		1011931.5	0.015	0.5	0.5
Tanzania	TZ	0.6779999999999999	Mbunga	mgy		944469.4	0.014	0.6779999999999999	0.6779999999999999
Tanzania	TZ	0.6779999999999999	Asu	asa		809545.2	0.011999999999999999	0.6779999999999999	0.6779999999999999
Tanzania	TZ	0.6779999999999999	Langi	lag		586920.27	0.008700000000000001	0.6779999999999999	0.6779999999999999
Tanzania	TZ	0.6779999999999999	Machame	jmc		499219.54	0.0073999999999999995	0.6779999999999999	0.6779999999999999
Tanzania	TZ	0.6779999999999999	Rombo	rof		499219.54	0.0073999999999999995	0.6779999999999999	0.6779999999999999
Tanzania	TZ	0.6779999999999999	Vunjo	vun		499219.54	0.0073999999999999995	0.6779999999999999	0.6779999999999999
Tanzania	TZ	0.6779999999999999	Rwa	rwk		148416.62	0.0022	0.6779999999999999	0.6779999999999999
Tanzania	TZ	0.6779999999999999	Sangu	sbp		134924.2	0.002	0.01	0.01
Thailand	TH	0.935	Thai	th	official	5.59368E7	0.8	0.93	0.93
Thailand	TH	0.935	English	en		1.887867E7	0.27	0.935	0.935
Thailand	TH	0.935	Northeastern Thai	tts		1.678104E7	0.24	0.935	0.05
Thailand	TH	0.935	Northern Thai	nod		6712416.0	0.096	0.935	0.05
Thailand	TH	0.935	Southern Thai	sou		5593680.0	0.08	0.935	0.05
Thailand	TH	0.935	Pattani Malay	mfa		3496050.0	0.05	0.935	0.935
Thailand	TH	0.935	Chinese (Traditional)	zh_Hant		1258578.0	0.018	0.935	0.935
Thailand	TH	0.935	Northern Khmer	kxm		1188657.0	0.017	0.935	0.935
Thailand	TH	0.935	Kuy	kdt		335620.8	0.0048	0.5	0.5
Thailand	TH	0.935	Mon	mnw		118865.7	0.0017	0.935	0.935
Thailand	TH	0.935	Hmong Njua	hnj		68522.58	9.8E-4	0.935	0.935
Thailand	TH	0.935	Shan	shn		67124.16	9.6E-4	0.935	0.935
Thailand	TH	0.935	Hmong Daw	mww		32862.87	4.7000000000000004E-4	0.935	0.935
Thailand	TH	0.935	Western Lawa	lcp		6992.1	1.0E-4	0.25	0.25
Thailand	TH	0.935	Eastern Lawa	lwl		6992.1	1.0E-4	0.9349999999999998	0.9349999999999998
Thailand	TH	0.935	Pali (Thai)	pi_Thai		0.0	0.0	NaN	NaN
Timor-Leste	TL	0.583	Portuguese	pt	official	889076.9	0.59	1.0	1.0
Timor-Leste	TL	0.583	Tetum	tet	official	889076.9	0.59	0.583	0.583
Togo	TG	0.604	French	fr	official	3656375.9	0.41	0.604	0.604
Togo	TG	0.604	Ewe	ee		1516058.3	0.17	0.6040000000000001	0.6040000000000001
Togo	TG	0.604	Ifè	ife		115933.87	0.013	0.14999999999999997	0.14999999999999997
Togo	TG	0.604	Anii	blo		13376.985	0.0015	0.604	0.604
Tokelau	TK	0.996	Tokelauan	tkl	official	1136.43	0.6900000000000001	0.71	0.71
Tokelau	TK	0.996	English	en	official	625.86	0.38	0.9	0.9
Tokelau	TK	0.996	Samoan	sm		329.4	0.19999999999999998	0.996	0.996
Tonga	TO	0.99	Tongan	to	official	99644.55	0.9500000000000001	0.9900000000000001	0.9900000000000001
Tonga	TO	0.99	English	en	official	29368.92	0.27999999999999997	0.9899999999999999	0.9899999999999999
Trinidad & Tobago	TT	0.988	English	en	official	1239893.6	0.8800000000000001	0.9879999999999999	0.9879999999999999
Trinidad & Tobago	TT	0.988	Spanish	es		4086.013	0.0029	0.988	0.988
Tristan da Cunha	TA	0.99	English	en		272.25	0.99	0.9899999999999999	0.9899999999999999
Tunisia	TN	0.7909999999999999	Tunisian Arabic	aeb		1.084392E7	0.9	0.7909999999999999	0.7909999999999999
Tunisia	TN	0.7909999999999999	Arabic	ar	official	1.084392E7	0.9	0.7909999999999999	0.7909999999999999
Tunisia	TN	0.7909999999999999	French	fr	official	6385864.0	0.53	0.7909999999999999	0.7909999999999999
Türkiye	TR	0.9409999999999998	Turkish	tr	official	7.8231135E7	0.93	0.941	0.941
Türkiye	TR	0.9409999999999998	English	en		1.4300315E7	0.17	0.941	0.941
Türkiye	TR	0.9409999999999998	Kurdish	ku		4626572.5	0.055	0.941	0.941
Türkiye	TR	0.9409999999999998	Levantine Arabic	apc		4374214.0	0.052	0.941	0.941
Türkiye	TR	0.9409999999999998	Zaza	zza		1177672.9999999998	0.013999999999999997	0.9409999999999998	0.9409999999999998
Türkiye	TR	0.9409999999999998	Kabardian	kbd		647720.15	0.0077	0.9410000000000001	0.9410000000000001
Türkiye	TR	0.9409999999999998	Azeri	az		622484.3	0.0074	0.9409999999999998	0.9409999999999998
Türkiye	TR	0.9409999999999998	Azeri (Arabic)	az_Arab		546776.75	0.0065	0.941	0.941
Türkiye	TR	0.9409999999999998	Arabic	ar		471069.20000000007	0.005600000000000001	0.941	0.941
Türkiye	TR	0.9409999999999998	Balkan Gagauz Turkish	bgx		386949.7	0.0046	0.9409999999999998	0.9409999999999998
Türkiye	TR	0.9409999999999998	Bulgarian	bg		353301.9	0.004200000000000001	0.941	0.941
Türkiye	TR	0.9409999999999998	Adyghe	ady		328066.05	0.0039	0.941	0.941
Türkiye	TR	0.9409999999999998	Kirmanjki	kiu		159827.05	0.0018999999999999998	0.9410000000000001	0.9410000000000001
Türkiye	TR	0.9409999999999998	Kara-Kalpak	kaa		84119.5	0.001	0.941	0.941
Türkiye	TR	0.9409999999999998	Armenian	hy		47106.92	5.6E-4	0.941	0.941
Türkiye	TR	0.9409999999999998	Georgian	ka		47106.92	5.6E-4	0.941	0.941
Türkiye	TR	0.9409999999999998	Serbian (Latin)	sr_Latn		23553.46	2.8E-4	0.941	0.04999999999999999
Türkiye	TR	0.9409999999999998	Laz	lzz		21029.875	2.5E-4	0.73	0.73
Türkiye	TR	0.9409999999999998	Albanian	sq		17665.095	2.1E-4	0.9410000000000001	0.9410000000000001
Türkiye	TR	0.9409999999999998	Abaza (Latin)	abq_Latn		12617.925	1.5E-4	0.941	0.941
Türkiye	TR	0.9409999999999998	Pontic (Latin)	pnt_Latn		5131.2895	6.1E-5	0.941	0.941
Türkiye	TR	0.9409999999999998	Abkhazian	ab		4037.736	4.8E-5	0.941	0.941
Türkiye	TR	0.9409999999999998	Greek	el		4037.736	4.8E-5	0.941	0.941
Türkiye	TR	0.9409999999999998	Turoyo	tru		3028.302	3.6E-5	0.941	0.941
Türkiye	TR	0.9409999999999998	Uzbek	uz		2018.868	2.4E-5	0.941	0.941
Türkiye	TR	0.9409999999999998	Kyrgyz (Latin)	ky_Latn		1177.673	1.4E-5	0.941	0.941
Türkiye	TR	0.9409999999999998	Kazakh	kk		588.8365	7.0E-6	0.941	0.941
Turkmenistan	TM	0.996	Turkmen	tk	official	4020905.0	0.7	0.996	0.996
Turkmenistan	TM	0.996	Russian	ru		689298.0	0.12	0.996	0.996
Turkmenistan	TM	0.996	Uzbek	uz		516973.5	0.09	0.996	0.996
Turkmenistan	TM	0.996	Kurdish (Cyrillic)	ku_Cyrl		22976.6	0.004	0.996	0.996
Turkmenistan	TM	0.996	Kara-Kalpak	kaa		5744.15	0.001	0.996	0.996
Turks & Caicos Islands	TC	0.98	English	en	official	59230.22	0.98	0.98	0.98
Tuvalu	TV	0.95	Tuvalu	tvl	official	9973.05	0.85	0.95	0.95
Tuvalu	TV	0.95	English	en	official	1067.703	0.091	0.95	0.95
U.S. Outlying Islands	UM	0.9899999999999999	English	en	de_facto_official	316.0	1.0	0.9899999999999999	0.9899999999999999
U.S. Virgin Islands	VI	0.99	English	en	de_facto_official	78282.75	0.75	0.99	0.99
Uganda	UG	0.732	Swahili	sw	official	3.696225E7	0.75	0.732	0.732
Uganda	UG	0.732	Ganda	lg		6406790.0	0.13	0.732	0.732
Uganda	UG	0.732	Nyankole	nyn		3104829.0	0.063	0.732	0.732
Uganda	UG	0.732	Chiga	cgg		2661282.0000000005	0.054000000000000006	0.732	0.732
Uganda	UG	0.732	Soga	xog		2611999.0	0.053	0.732	0.732
Uganda	UG	0.732	English	en	official	1922037.0	0.039	0.732	0.732
Uganda	UG	0.732	Teso	teo		1922037.0	0.039	0.732	0.732
Uganda	UG	0.732	Lango [Uganda]	laj		1872754.0	0.038	0.732	0.732
Uganda	UG	0.732	Acoli	ach		1823471.0	0.037	0.732	0.732
Uganda	UG	0.732	Masaaba	myx		1429207.0	0.029	0.732	0.732
Uganda	UG	0.732	Kinyarwanda	rw		1034943.0	0.021	0.732	0.732
Uganda	UG	0.732	Tooro	ttj		936377.0	0.019	0.732	0.732
Uganda	UG	0.732	Hindi	hi		2217.7349999999997	4.4999999999999996E-5	0.732	0.732
Ukraine	UA	0.997	Ukrainian	uk	official	2.318017E7	0.65	0.997	0.997
Ukraine	UA	0.997	Russian	ru	de_facto_official	1.6404428E7	0.46	0.997	0.997
Ukraine	UA	0.997	Polish	pl		855883.2	0.023999999999999997	0.9969999999999999	0.9969999999999999
Ukraine	UA	0.997	Yiddish	yi		463603.4	0.013000000000000001	0.997	0.997
Ukraine	UA	0.997	Rusyn	rue		427941.6	0.011999999999999999	0.9969999999999999	0.9969999999999999
Ukraine	UA	0.997	Belarusian	be		295992.94	0.0083	0.9969999999999999	0.9969999999999999
Ukraine	UA	0.997	Crimean Tatar	crh		199706.08000000005	0.005600000000000002	0.997	0.997
Ukraine	UA	0.997	Romanian	ro		185441.36	0.0052	0.997	0.997
Ukraine	UA	0.997	Bulgarian	bg		174742.82	0.0049	0.9970000000000002	0.9970000000000002
Ukraine	UA	0.997	Turkish	tr		149779.56	0.0042	0.9969999999999999	0.9969999999999999
Ukraine	UA	0.997	Hungarian	hu		131948.66	0.0037	0.9970000000000002	0.9970000000000002
Ukraine	UA	0.997	Greek	el		7132.36	1.9999999999999998E-4	0.997	0.997
United Arab Emirates	AE	0.9	Arabic	ar	official	7825116.0	0.78	0.9	0.9
United Arab Emirates	AE	0.9	English	en		5016100.0	0.5	0.9	0.9
United Arab Emirates	AE	0.9	Malayalam	ml		702254.0	0.07	0.9	0.9
United Arab Emirates	AE	0.9	Pashto	ps		290933.8	0.028999999999999998	0.9	0.9
United Arab Emirates	AE	0.9	Baluchi	bal		230740.6	0.023	0.9	0.9
United Arab Emirates	AE	0.9	Persian	fa		190611.8	0.019	0.9	0.9
United Kingdom	GB	0.99	English	en	official	6.7089918E7	0.98	0.99	0.99
United Kingdom	GB	0.99	French	fr		1.1638047E7	0.17	0.99	0.99
United Kingdom	GB	0.99	German	de		6161319.0	0.09	0.99	0.99
United Kingdom	GB	0.99	Spanish	es		5476728.0	0.08	0.99	0.99
United Kingdom	GB	0.99	Polish	pl		2738364.0	0.04	0.99	0.99
United Kingdom	GB	0.99	Punjabi	pa		2464527.6	0.036000000000000004	0.99	0.99
United Kingdom	GB	0.99	Urdu	ur		2396068.5	0.035	0.99	0.99
United Kingdom	GB	0.99	Tamil	ta		2190691.2	0.032	0.99	0.99
United Kingdom	GB	0.99	Gujarati	gu		1985313.9	0.028999999999999998	0.99	0.99
United Kingdom	GB	0.99	Scots	sco		1711477.5	0.025	0.99	0.05
United Kingdom	GB	0.99	Welsh	cy	official_regional	889968.3	0.013000000000000001	0.99	0.99
United Kingdom	GB	0.99	Romanian	ro		547672.8	0.008	0.99	0.99
United Kingdom	GB	0.99	Bangla	bn		273836.4	0.004	0.99	0.99
United Kingdom	GB	0.99	Arabic	ar		205377.3	0.0029999999999999996	0.99	0.99
United Kingdom	GB	0.99	Chinese (Traditional)	zh_Hant		205377.3	0.0029999999999999996	0.99	0.99
United Kingdom	GB	0.99	Italian	it		136918.2	0.002	0.99	0.99
United Kingdom	GB	0.99	Lithuanian	lt		136918.2	0.002	0.99	0.99
United Kingdom	GB	0.99	Portuguese	pt		136918.2	0.002	0.99	0.99
United Kingdom	GB	0.99	Somali	so		136918.2	0.002	0.99	0.99
United Kingdom	GB	0.99	Turkish	tr		136918.2	0.002	0.99	0.99
United Kingdom	GB	0.99	Irish	ga	official_regional	102688.65	0.0014999999999999998	0.99	0.99
United Kingdom	GB	0.99	Scottish Gaelic	gd	official_regional	75305.01	0.0010999999999999998	0.9899999999999999	0.05
United Kingdom	GB	0.99	Cornish	kw		1985.3138999999999	2.8999999999999997E-5	0.99	0.99
United Kingdom	GB	0.99	Pali	pi		136.9182	2.0000000000000003E-6	0.99	0.99
United Kingdom	GB	0.99	English (Shavian)	en_Shaw		0.0	0.0	NaN	NaN
United States	US	0.99	English	en	de_facto_official	3.2828448E8	0.96	0.99	0.99
United States	US	0.99	Spanish	es	official_regional	3.2828448E7	0.096	0.99	0.99
United States	US	0.99	Chinese (Traditional)	zh_Hant		2359544.6999999997	0.006899999999999999	0.9900000000000001	0.9900000000000001
United States	US	0.99	French	fr		1914992.8000000003	0.005600000000000001	0.99	0.99
United States	US	0.99	German	de		1607226.1	0.0047	0.99	0.99
United States	US	0.99	Filipino	fil		1436244.6	0.004200000000000001	0.99	0.99
United States	US	0.99	Italian	it		1162674.2000000002	0.0034000000000000007	0.99	0.99
United States	US	0.99	Vietnamese	vi		1162674.2000000002	0.0034000000000000007	0.99	0.99
United States	US	0.99	Korean	ko		1025889.0	0.003	0.99	0.99
United States	US	0.99	Russian	ru		820711.2	0.0024	0.99	0.99
United States	US	0.99	Hmong Daw	mww		232534.84	6.799999999999999E-4	0.99	0.99
United States	US	0.99	Navajo	nv		170981.5	5.0E-4	0.99	0.99
United States	US	0.99	Yiddish	yi		167561.87	4.9E-4	0.9900000000000001	0.9900000000000001
United States	US	0.99	Pennsylvania German	pdc		133365.57	3.9000000000000005E-4	0.9899999999999999	0.9899999999999999
United States	US	0.99	Hmong Njua	hnj		119687.05000000002	3.5000000000000005E-4	0.99	0.99
United States	US	0.99	Hawaiian	haw	official_regional	30434.707000000002	8.900000000000001E-5	0.99	0.99
United States	US	0.99	Cajun French	frc		28724.891999999996	8.4E-5	0.99	0.99
United States	US	0.99	Cherokee	chr		26331.151	7.7E-5	0.99	0.05
United States	US	0.99	Central Yupik	esu		21543.668999999998	6.3E-5	0.99	0.99
United States	US	0.99	Dakota	dak		20175.817	5.9E-5	0.99	0.99
United States	US	0.99	Choctaw	cho		11284.778999999999	3.2999999999999996E-5	0.99	0.99
United States	US	0.99	Lakota	lkt		8207.112	2.3999999999999997E-5	0.99	0.99
United States	US	0.99	Inupiaq	ik		7865.149	2.3E-5	0.99	0.05
United States	US	0.99	Muscogee	mus		4103.556	1.1999999999999999E-5	0.99	0.99
United States	US	0.99	Okanagan	oka		341.963	1.0000000000000002E-6	0.9899999999999999	0.9899999999999999
United States	US	0.99	Caddo	cad		0.0	0.0	NaN	NaN
United States	US	0.99	Chickasaw	cic		0.0	0.0	NaN	NaN
United States	US	0.99	Ido	io		0.0	0.0	NaN	NaN
United States	US	0.99	Lojban	jbo		0.0	0.0	NaN	NaN
United States	US	0.99	Osage	osa		0.0	0.0	NaN	NaN
Uruguay	UY	0.981	Spanish	es	official	3014290.4	0.88	0.9809999999999998	0.9809999999999998
Uzbekistan	UZ	0.9940000000000001	Uzbek	uz	official	3.104251E7	0.85	0.9940000000000001	0.9940000000000001
Uzbekistan	UZ	0.9940000000000001	Uzbek (Cyrillic)	uz_Cyrl	official	5478090.0	0.15	0.9940000000000001	0.9940000000000001
Uzbekistan	UZ	0.9940000000000001	Russian	ru		5112884.0	0.14	0.9940000000000001	0.9940000000000001
Uzbekistan	UZ	0.9940000000000001	Kara-Kalpak	kaa		766932.6	0.020999999999999998	0.9940000000000001	0.9940000000000001
Uzbekistan	UZ	0.9940000000000001	Turkish	tr		226427.72	0.0062	0.9940000000000001	0.9940000000000001
Vanuatu	VU	0.8320000000000001	Bislama	bi	official	286206.3	0.8999999999999999	0.8320000000000001	0.8320000000000001
Vanuatu	VU	0.8320000000000001	English	en	official	263945.81	0.83	0.8320000000000001	0.8320000000000001
Vanuatu	VU	0.8320000000000001	French	fr	official	98582.17	0.31	0.8320000000000001	0.8320000000000001
Vatican City	VA	1.0	Italian	it	de_facto_official	820.0	0.82	1.0	1.0
Vatican City	VA	1.0	Latin	la		820.0	0.82	1.0	1.0
Venezuela	VE	0.955	Spanish	es	official	2.5625246E7	0.82	0.955	0.955
Venezuela	VE	0.955	Nheengatu	yrl		2000.0192000000002	6.400000000000001E-5	0.955	0.955
Vietnam	VN	0.934	Vietnamese	vi	official	9.095274E7	0.86	0.934	0.934
Vietnam	VN	0.934	Hmong Daw	mww		1480626.0	0.014	0.934	0.934
Vietnam	VN	0.934	Chinese (Traditional)	zh_Hant		1163349.0000000002	0.011000000000000003	0.934	0.934
Vietnam	VN	0.934	Tai Dam	blt		729737.1	0.0069	0.934	0.934
Vietnam	VN	0.934	Hmong Njua	hnj		179790.3	0.0017	0.934	0.934
Vietnam	VN	0.934	Eastern Cham	cjm		94125.51	8.9E-4	0.6	0.6
Wallis & Futuna	WF	0.5	French	fr	official	13250.12	0.8300000000000001	0.5	0.5
Wallis & Futuna	WF	0.5	Wallisian	wls		9418.76	0.59	0.5	0.5
Wallis & Futuna	WF	0.5	East Futuna	fud		4789.2	0.3	0.5	0.5
Western Sahara	EH	0.5	Arabic	ar	official	652271.0	1.0	0.5	0.5
Western Sahara	EH	0.5	Hassaniyya	mey		1.304542	2.0000000000000003E-6	0.5	0.5
Yemen	YE	0.653	Arabic	ar	official	2.3783896E7	0.74	0.653	0.653
Yemen	YE	0.653	English	en		2892636.0	0.09	0.653	0.653
Zambia	ZM	0.614	Bemba	bem		7071694.0	0.34	0.6139999999999999	0.6139999999999999
Zambia	ZM	0.614	Nyanja	ny		3951829.0	0.19	0.614	0.614
Zambia	ZM	0.614	English	en	official	3327856.0	0.16	0.614	0.614
Zambia	ZM	0.614	Tonga [Zambia]	toi		2287901.0	0.11	0.6140000000000001	0.6140000000000001
Zambia	ZM	0.614	Lozi	loz		1143950.5	0.055	0.6140000000000001	0.6140000000000001
Zambia	ZM	0.614	Nsenga	nse		623973.0	0.03	0.6139999999999999	0.6139999999999999
Zambia	ZM	0.614	Lala-Bisa	leb		582374.8	0.028	0.6139999999999999	0.6139999999999999
Zambia	ZM	0.614	Tumbuka	tum		540776.6	0.026	0.6139999999999999	0.6139999999999999
Zambia	ZM	0.614	Kaonde	kqn		395182.9	0.019	0.6140000000000001	0.6140000000000001
Zambia	ZM	0.614	Lunda	lun		395182.9	0.019	0.6140000000000001	0.6140000000000001
Zambia	ZM	0.614	Luvale	lue		311986.5	0.015	0.6139999999999999	0.6139999999999999
Zimbabwe	ZW	0.836	Shona	sn	official	1.3891824E7	0.81	0.836	0.836
Zimbabwe	ZW	0.836	English	en	official	7203168.0	0.42	0.836	0.836
Zimbabwe	ZW	0.836	North Ndebele	nd	official	2058048.0	0.12	0.836	0.836
Zimbabwe	ZW	0.836	Manyika	mxc		1114776.0	0.065	0.836	0.836
Zimbabwe	ZW	0.836	Ndau	ndc		1046174.4	0.061	0.836	0.836
Zimbabwe	ZW	0.836	Kalanga	kck		908971.2	0.053	0.836	0.836
Zimbabwe	ZW	0.836	Nyanja	ny		325857.6	0.019	0.836	0.836
Zimbabwe	ZW	0.836	Venda	ve		109762.56	0.0063999999999999994	0.836	0.836
Zimbabwe	ZW	0.836	Tswana	tn		37730.88	0.0021999999999999997	0.836	0.836
