#LCode	English Name	Script	Locale Level	Path Level	STStatus	Bailey	Section	Page	Header	Code	ST Link
af	Afrikaans	Latin	modern	moderate	n/a	[	Core Data	Alphabetic Information	Symbols	Nested Bracked Replacement: (	https://st.unicode.org/v#/af//5f07aaec0572deb9
af	Afrikaans	Latin	modern	moderate	n/a	［	Core Data	Alphabetic Information	Symbols	Nested Bracked Replacement: （	https://st.unicode.org/v#/af//6b3f9432b6084428
af	Afrikaans	Latin	modern	moderate	n/a	]	Core Data	Alphabetic Information	Symbols	Nested Bracked Replacement: )	https://st.unicode.org/v#/af//cca9090168552a5
af	Afrikaans	Latin	modern	moderate	n/a	］	Core Data	Alphabetic Information	Symbols	Nested Bracked Replacement: ）	https://st.unicode.org/v#/af//1fead4f36824848a
ak	Akan	Latin	moderate	moderate	n/a	[	Core Data	Alphabetic Information	Symbols	Nested Bracked Replacement: (	https://st.unicode.org/v#/ak//5f07aaec0572deb9
ak	Akan	Latin	moderate	moderate	n/a	［	Core Data	Alphabetic Information	Symbols	Nested Bracked Replacement: （	https://st.unicode.org/v#/ak//6b3f9432b6084428
ak	Akan	Latin	moderate	moderate	n/a	]	Core Data	Alphabetic Information	Symbols	Nested Bracked Replacement: )	https://st.unicode.org/v#/ak//cca9090168552a5
ak	Akan	Latin	moderate	moderate	n/a	］	Core Data	Alphabetic Information	Symbols	Nested Bracked Replacement: ）	https://st.unicode.org/v#/ak//1fead4f36824848a
am	Amharic	Ethiopic	modern	moderate	n/a	[	Core Data	Alphabetic Information	Symbols	Nested Bracked Replacement: (	https://st.unicode.org/v#/am//5f07aaec0572deb9
am	Amharic	Ethiopic	modern	moderate	n/a	［	Core Data	Alphabetic Information	Symbols	Nested Bracked Replacement: （	https://st.unicode.org/v#/am//6b3f9432b6084428
am	Amharic	Ethiopic	modern	moderate	n/a	]	Core Data	Alphabetic Information	Symbols	Nested Bracked Replacement: )	https://st.unicode.org/v#/am//cca9090168552a5
am	Amharic	Ethiopic	modern	moderate	n/a	］	Core Data	Alphabetic Information	Symbols	Nested Bracked Replacement: ）	https://st.unicode.org/v#/am//1fead4f36824848a
ar	Arabic	Arabic	modern	moderate	n/a	[	Core Data	Alphabetic Information	Symbols	Nested Bracked Replacement: (	https://st.unicode.org/v#/ar//5f07aaec0572deb9
ar	Arabic	Arabic	modern	moderate	n/a	［	Core Data	Alphabetic Information	Symbols	Nested Bracked Replacement: （	https://st.unicode.org/v#/ar//6b3f9432b6084428
ar	Arabic	Arabic	modern	moderate	n/a	]	Core Data	Alphabetic Information	Symbols	Nested Bracked Replacement: )	https://st.unicode.org/v#/ar//cca9090168552a5
ar	Arabic	Arabic	modern	moderate	n/a	］	Core Data	Alphabetic Information	Symbols	Nested Bracked Replacement: ）	https://st.unicode.org/v#/ar//1fead4f36824848a
as	Assamese	Bangla	modern	moderate	n/a	[	Core Data	Alphabetic Information	Symbols	Nested Bracked Replacement: (	https://st.unicode.org/v#/as//5f07aaec0572deb9
as	Assamese	Bangla	modern	moderate	n/a	［	Core Data	Alphabetic Information	Symbols	Nested Bracked Replacement: （	https://st.unicode.org/v#/as//6b3f9432b6084428
as	Assamese	Bangla	modern	moderate	n/a	]	Core Data	Alphabetic Information	Symbols	Nested Bracked Replacement: )	https://st.unicode.org/v#/as//cca9090168552a5
as	Assamese	Bangla	modern	moderate	n/a	］	Core Data	Alphabetic Information	Symbols	Nested Bracked Replacement: ）	https://st.unicode.org/v#/as//1fead4f36824848a
as	Assamese	Bangla	modern	modern	n/a	E17-001	Characters	Smileys & Emotion	face-concerned	🫪 –keywords	https://st.unicode.org/v#/as//61afaaef5b9cda0
as	Assamese	Bangla	modern	modern	n/a	E17-001	Characters	Smileys & Emotion	face-concerned	🫪 -name	https://st.unicode.org/v#/as//3c7130082660f529
‡ast	Asturian	Latin	moderate	moderate	n/a	chinu	Locale Display Names	Languages (A-D)	C	Chinese ► zh-menu	https://st.unicode.org/v#/ast//89bfbc46185de05
‡ast	Asturian	Latin	moderate	moderate	n/a	null	Locale Display Names	Geographic Regions	Africa	202	https://st.unicode.org/v#/ast//1a1f6994f748b028
‡ast	Asturian	Latin	moderate	moderate	n/a	null	Locale Display Names	Territories (Europe)	Northern Europe	CQ	https://st.unicode.org/v#/ast//7df36d3a79aacaf4
‡ast	Asturian	Latin	moderate	moderate	n/a	Territoriu Británicu del Océanu Índicu	Locale Display Names	Territories (Africa)	Eastern Africa	IO-biot	https://st.unicode.org/v#/ast//5d5fdfb3f9090dae
‡ast	Asturian	Latin	moderate	moderate	n/a	Territoriu Británicu del Océanu Índicu	Locale Display Names	Territories (Africa)	Eastern Africa	IO-chagos	https://st.unicode.org/v#/ast//417c7a965a4f3421
‡ast	Asturian	Latin	moderate	moderate	n/a	null	Locale Display Names	Territories (Europe)	Southern Europe	MK	https://st.unicode.org/v#/ast//216cb1286c47a733
‡ast	Asturian	Latin	moderate	moderate	n/a	null	Locale Display Names	Geographic Regions	Unknown Region	XA	https://st.unicode.org/v#/ast//4ef00bbec7020af2
‡ast	Asturian	Latin	moderate	moderate	n/a	null	Locale Display Names	Geographic Regions	Unknown Region	XB	https://st.unicode.org/v#/ast//33ce17d5a876bf18
‡ast	Asturian	Latin	moderate	moderate	n/a	null	Locale Display Names	Keys	calendar	calendar-gregorian-core	https://st.unicode.org/v#/ast//29c8990b1136ed5d
‡ast	Asturian	Latin	moderate	moderate	n/a	null	Locale Display Names	Keys	collation	collation-standard-core	https://st.unicode.org/v#/ast//742a5266b9fe2f1
‡ast	Asturian	Latin	moderate	moderate	n/a	[	Core Data	Alphabetic Information	Symbols	Nested Bracked Replacement: (	https://st.unicode.org/v#/ast//5f07aaec0572deb9
‡ast	Asturian	Latin	moderate	moderate	n/a	［	Core Data	Alphabetic Information	Symbols	Nested Bracked Replacement: （	https://st.unicode.org/v#/ast//6b3f9432b6084428
‡ast	Asturian	Latin	moderate	moderate	n/a	]	Core Data	Alphabetic Information	Symbols	Nested Bracked Replacement: )	https://st.unicode.org/v#/ast//cca9090168552a5
‡ast	Asturian	Latin	moderate	moderate	n/a	］	Core Data	Alphabetic Information	Symbols	Nested Bracked Replacement: ）	https://st.unicode.org/v#/ast//1fead4f36824848a
‡ast	Asturian	Latin	moderate	moderate	n/a	{1}, {0}	Date & Time	Generic	Formats - Standard - Date & Time Combination Formats	full-relative	https://st.unicode.org/v#/ast//b8b55f00b0180a9
‡ast	Asturian	Latin	moderate	moderate	n/a	{1}, {0}	Date & Time	Generic	Formats - Standard - Date & Time Combination Formats	long-relative	https://st.unicode.org/v#/ast//449809cb91dbb281
‡ast	Asturian	Latin	moderate	moderate	n/a	{1}, {0}	Date & Time	Generic	Formats - Standard - Date & Time Combination Formats	medium-atTime	https://st.unicode.org/v#/ast//2c0d283f4538da0e
‡ast	Asturian	Latin	moderate	moderate	n/a	{1}, {0}	Date & Time	Generic	Formats - Standard - Date & Time Combination Formats	medium-relative	https://st.unicode.org/v#/ast//1c09da19b962fd5f
‡ast	Asturian	Latin	moderate	moderate	n/a	{1} {0}	Date & Time	Generic	Formats - Standard - Date & Time Combination Formats	short-atTime	https://st.unicode.org/v#/ast//307554bf43a9b71c
‡ast	Asturian	Latin	moderate	moderate	n/a	{1} {0}	Date & Time	Generic	Formats - Standard - Date & Time Combination Formats	short-relative	https://st.unicode.org/v#/ast//430829513e94c0e5
‡ast	Asturian	Latin	moderate	moderate	n/a	E h a	Date & Time	Generic	Formats - Flexible - 12 Hour Time Formats	Eh	https://st.unicode.org/v#/ast//80e65b4cca5799
‡ast	Asturian	Latin	moderate	moderate	n/a	G y-MM	Date & Time	Generic	Formats - Flexible - Date Formats	GyM	https://st.unicode.org/v#/ast//67d2a1ac024cf291
‡ast	Asturian	Latin	moderate	moderate	n/a	G y-MM-dd	Date & Time	Generic	Formats - Flexible - Date Formats	GyMd	https://st.unicode.org/v#/ast//2460eb0ab964182f
‡ast	Asturian	Latin	moderate	moderate	n/a	G y-MM-dd, E	Date & Time	Generic	Formats - Flexible - Date Formats	GyMEd	https://st.unicode.org/v#/ast//4304769b5de6924b
‡ast	Asturian	Latin	moderate	moderate	n/a	h a v	Date & Time	Generic	Formats - Flexible - 12 Hour Time Formats	hv	https://st.unicode.org/v#/ast//3d7f877d23b667e0
‡ast	Asturian	Latin	moderate	moderate	n/a	HH v	Date & Time	Generic	Formats - Flexible - 24 Hour Time Formats	Hv	https://st.unicode.org/v#/ast//6c886cedf4875d66
‡ast	Asturian	Latin	moderate	moderate	n/a	G y – G y	Date & Time	Generic	Formats - Intervals - Date Formats	Gy/G	https://st.unicode.org/v#/ast//61311ec5148c7b4
‡ast	Asturian	Latin	moderate	moderate	n/a	G y–y	Date & Time	Generic	Formats - Intervals - Date Formats	Gy/y	https://st.unicode.org/v#/ast//a521492603ab0b5
‡ast	Asturian	Latin	moderate	moderate	n/a	G y-MM – G y-MM	Date & Time	Generic	Formats - Intervals - Date Formats	GyM/G	https://st.unicode.org/v#/ast//4da3529635ae80fc
‡ast	Asturian	Latin	moderate	moderate	n/a	G y-MM – y-MM	Date & Time	Generic	Formats - Intervals - Date Formats	GyM/M	https://st.unicode.org/v#/ast//5087eaa0adc4cca4
‡ast	Asturian	Latin	moderate	moderate	n/a	G y-MM – y-MM	Date & Time	Generic	Formats - Intervals - Date Formats	GyM/y	https://st.unicode.org/v#/ast//62960bf3419b19b1
‡ast	Asturian	Latin	moderate	moderate	n/a	G y-MM-dd – y-MM-dd	Date & Time	Generic	Formats - Intervals - Date Formats	GyMd/d	https://st.unicode.org/v#/ast//439e81cebcf40890
‡ast	Asturian	Latin	moderate	moderate	n/a	G y-MM-dd – G y-MM-dd	Date & Time	Generic	Formats - Intervals - Date Formats	GyMd/G	https://st.unicode.org/v#/ast//2c7a89bb9183b31b
‡ast	Asturian	Latin	moderate	moderate	n/a	G y-MM-dd – y-MM-dd	Date & Time	Generic	Formats - Intervals - Date Formats	GyMd/M	https://st.unicode.org/v#/ast//3dd959ce9a1f3fb1
‡ast	Asturian	Latin	moderate	moderate	n/a	G y-MM-dd – y-MM-dd	Date & Time	Generic	Formats - Intervals - Date Formats	GyMd/y	https://st.unicode.org/v#/ast//4d29b73aecbbc1f2
‡ast	Asturian	Latin	moderate	moderate	n/a	G y-MM-dd, E – y-MM-dd, E	Date & Time	Generic	Formats - Intervals - Date Formats	GyMEd/d	https://st.unicode.org/v#/ast//6f77ec54c8c8d789
‡ast	Asturian	Latin	moderate	moderate	n/a	G y-MM-dd, E – G y-MM-dd, E	Date & Time	Generic	Formats - Intervals - Date Formats	GyMEd/G	https://st.unicode.org/v#/ast//48056be21933c47
‡ast	Asturian	Latin	moderate	moderate	n/a	G y-MM-dd, E – y-MM-dd, E	Date & Time	Generic	Formats - Intervals - Date Formats	GyMEd/M	https://st.unicode.org/v#/ast//24e714309a479a17
‡ast	Asturian	Latin	moderate	moderate	n/a	G y-MM-dd, E – y-MM-dd, E	Date & Time	Generic	Formats - Intervals - Date Formats	GyMEd/y	https://st.unicode.org/v#/ast//2ffee695e4b27d6c
‡ast	Asturian	Latin	moderate	moderate	n/a	G y MMM – G y MMM	Date & Time	Generic	Formats - Intervals - Date Formats	GyMMM/G	https://st.unicode.org/v#/ast//2d6328219811dc8f
‡ast	Asturian	Latin	moderate	moderate	n/a	G y MMM–MMM	Date & Time	Generic	Formats - Intervals - Date Formats	GyMMM/M	https://st.unicode.org/v#/ast//5e0f3b40a32241c3
‡ast	Asturian	Latin	moderate	moderate	n/a	G y MMM – y MMM	Date & Time	Generic	Formats - Intervals - Date Formats	GyMMM/y	https://st.unicode.org/v#/ast//1f03135e8b290ad0
‡ast	Asturian	Latin	moderate	moderate	n/a	G y MMM d–d	Date & Time	Generic	Formats - Intervals - Date Formats	GyMMMd/d	https://st.unicode.org/v#/ast//66474bfca375effd
‡ast	Asturian	Latin	moderate	moderate	n/a	G y MMM d – G y MMM d	Date & Time	Generic	Formats - Intervals - Date Formats	GyMMMd/G	https://st.unicode.org/v#/ast//75b5b6be1c43f531
‡ast	Asturian	Latin	moderate	moderate	n/a	G y MMM d – MMM d	Date & Time	Generic	Formats - Intervals - Date Formats	GyMMMd/M	https://st.unicode.org/v#/ast//37cc92955780b3ed
‡ast	Asturian	Latin	moderate	moderate	n/a	G y MMM d – y MMM d	Date & Time	Generic	Formats - Intervals - Date Formats	GyMMMd/y	https://st.unicode.org/v#/ast//734370892368e68f
‡ast	Asturian	Latin	moderate	moderate	n/a	G y MMM d, E – MMM d, E	Date & Time	Generic	Formats - Intervals - Date Formats	GyMMMEd/d	https://st.unicode.org/v#/ast//37ee7307d91420cc
‡ast	Asturian	Latin	moderate	moderate	n/a	G y MMM d, E – G y MMM d, E	Date & Time	Generic	Formats - Intervals - Date Formats	GyMMMEd/G	https://st.unicode.org/v#/ast//194ffdca90603aed
‡ast	Asturian	Latin	moderate	moderate	n/a	G y MMM d, E – MMM d, E	Date & Time	Generic	Formats - Intervals - Date Formats	GyMMMEd/M	https://st.unicode.org/v#/ast//1683e919a38c652a
‡ast	Asturian	Latin	moderate	moderate	n/a	G y MMM d, E – y MMM d, E	Date & Time	Generic	Formats - Intervals - Date Formats	GyMMMEd/y	https://st.unicode.org/v#/ast//a24b5af75e63965
‡ast	Asturian	Latin	moderate	moderate	n/a	{1}, {0}	Date & Time	Gregorian	Formats - Standard - Date & Time Combination Formats	full-relative	https://st.unicode.org/v#/ast//69aea48d4dcafa1c
‡ast	Asturian	Latin	moderate	moderate	n/a	{1}, {0}	Date & Time	Gregorian	Formats - Standard - Date & Time Combination Formats	long-relative	https://st.unicode.org/v#/ast//4704ea450f1ac1c7
‡ast	Asturian	Latin	moderate	moderate	n/a	{1}, {0}	Date & Time	Gregorian	Formats - Standard - Date & Time Combination Formats	medium-atTime	https://st.unicode.org/v#/ast//43da060150c3ffc1
‡ast	Asturian	Latin	moderate	moderate	n/a	{1}, {0}	Date & Time	Gregorian	Formats - Standard - Date & Time Combination Formats	medium-relative	https://st.unicode.org/v#/ast//1b31e46c02586a17
‡ast	Asturian	Latin	moderate	moderate	n/a	{1} {0}	Date & Time	Gregorian	Formats - Standard - Date & Time Combination Formats	short-atTime	https://st.unicode.org/v#/ast//41c6220a73c6b71a
‡ast	Asturian	Latin	moderate	moderate	n/a	{1} {0}	Date & Time	Gregorian	Formats - Standard - Date & Time Combination Formats	short-relative	https://st.unicode.org/v#/ast//61ddc9a418010f71
‡ast	Asturian	Latin	moderate	moderate	n/a	h B	Date & Time	Gregorian	Formats - Flexible - 12 Hour Time Formats	Bh	https://st.unicode.org/v#/ast//124541076119fb83
‡ast	Asturian	Latin	moderate	moderate	n/a	h:mm B	Date & Time	Gregorian	Formats - Flexible - 12 Hour Time Formats	Bhm	https://st.unicode.org/v#/ast//248fbe564acac90d
‡ast	Asturian	Latin	moderate	moderate	n/a	h:mm:ss B	Date & Time	Gregorian	Formats - Flexible - 12 Hour Time Formats	Bhms	https://st.unicode.org/v#/ast//7d4ae376741e3116
‡ast	Asturian	Latin	moderate	moderate	n/a	E h B	Date & Time	Gregorian	Formats - Flexible - 12 Hour Time Formats	EBh	https://st.unicode.org/v#/ast//2b8bb64fac2acfc3
‡ast	Asturian	Latin	moderate	moderate	n/a	E h:mm B	Date & Time	Gregorian	Formats - Flexible - 12 Hour Time Formats	EBhm	https://st.unicode.org/v#/ast//71e07b0a5a1703b7
‡ast	Asturian	Latin	moderate	moderate	n/a	E h:mm:ss B	Date & Time	Gregorian	Formats - Flexible - 12 Hour Time Formats	EBhms	https://st.unicode.org/v#/ast//2d8a541f0fd34d5d
‡ast	Asturian	Latin	moderate	moderate	n/a	E h a	Date & Time	Gregorian	Formats - Flexible - 12 Hour Time Formats	Eh	https://st.unicode.org/v#/ast//f3b6f1e799dc395
‡ast	Asturian	Latin	moderate	moderate	n/a	G y-MM	Date & Time	Gregorian	Formats - Flexible - Date Formats	GyM	https://st.unicode.org/v#/ast//6d3920cb38c6376
‡ast	Asturian	Latin	moderate	moderate	n/a	G y-MM-dd	Date & Time	Gregorian	Formats - Flexible - Date Formats	GyMd	https://st.unicode.org/v#/ast//720b48090ba506b2
‡ast	Asturian	Latin	moderate	moderate	n/a	G y-MM-dd, E	Date & Time	Gregorian	Formats - Flexible - Date Formats	GyMEd	https://st.unicode.org/v#/ast//3c9a947bdffca050
‡ast	Asturian	Latin	moderate	moderate	n/a	h a v	Date & Time	Gregorian	Formats - Flexible - 12 Hour Time Formats	hv	https://st.unicode.org/v#/ast//e119c296a55debd
‡ast	Asturian	Latin	moderate	moderate	n/a	HH v	Date & Time	Gregorian	Formats - Flexible - 24 Hour Time Formats	Hv	https://st.unicode.org/v#/ast//e9e82d88304c79f
‡ast	Asturian	Latin	moderate	moderate	n/a	G y – G y	Date & Time	Gregorian	Formats - Intervals - Date Formats	Gy/G	https://st.unicode.org/v#/ast//4e86f39cdac7c48b
‡ast	Asturian	Latin	moderate	moderate	n/a	G y–y	Date & Time	Gregorian	Formats - Intervals - Date Formats	Gy/y	https://st.unicode.org/v#/ast//6685ce7bd6b4c70c
‡ast	Asturian	Latin	moderate	moderate	n/a	G y-MM – G y-MM	Date & Time	Gregorian	Formats - Intervals - Date Formats	GyM/G	https://st.unicode.org/v#/ast//67a646a489b24404
‡ast	Asturian	Latin	moderate	moderate	n/a	G y-MM – y-MM	Date & Time	Gregorian	Formats - Intervals - Date Formats	GyM/M	https://st.unicode.org/v#/ast//1007d274275d4a9c
‡ast	Asturian	Latin	moderate	moderate	n/a	G y-MM – y-MM	Date & Time	Gregorian	Formats - Intervals - Date Formats	GyM/y	https://st.unicode.org/v#/ast//67c74c166996cc7e
‡ast	Asturian	Latin	moderate	moderate	n/a	G y-MM-dd – y-MM-dd	Date & Time	Gregorian	Formats - Intervals - Date Formats	GyMd/d	https://st.unicode.org/v#/ast//3b6ecc3dc01728cc
‡ast	Asturian	Latin	moderate	moderate	n/a	G y-MM-dd – G y-MM-dd	Date & Time	Gregorian	Formats - Intervals - Date Formats	GyMd/G	https://st.unicode.org/v#/ast//46398df66d561b44
‡ast	Asturian	Latin	moderate	moderate	n/a	G y-MM-dd – y-MM-dd	Date & Time	Gregorian	Formats - Intervals - Date Formats	GyMd/M	https://st.unicode.org/v#/ast//634d7fb7ef17de44
‡ast	Asturian	Latin	moderate	moderate	n/a	G y-MM-dd – y-MM-dd	Date & Time	Gregorian	Formats - Intervals - Date Formats	GyMd/y	https://st.unicode.org/v#/ast//17d866092a4b6705
‡ast	Asturian	Latin	moderate	moderate	n/a	G y-MM-dd, E – y-MM-dd, E	Date & Time	Gregorian	Formats - Intervals - Date Formats	GyMEd/d	https://st.unicode.org/v#/ast//a123bbeb7d1df7f
‡ast	Asturian	Latin	moderate	moderate	n/a	G y-MM-dd, E – G y-MM-dd, E	Date & Time	Gregorian	Formats - Intervals - Date Formats	GyMEd/G	https://st.unicode.org/v#/ast//609e1850e554d157
‡ast	Asturian	Latin	moderate	moderate	n/a	G y-MM-dd, E – y-MM-dd, E	Date & Time	Gregorian	Formats - Intervals - Date Formats	GyMEd/M	https://st.unicode.org/v#/ast//7655936c57cb8e2a
‡ast	Asturian	Latin	moderate	moderate	n/a	G y-MM-dd, E – y-MM-dd, E	Date & Time	Gregorian	Formats - Intervals - Date Formats	GyMEd/y	https://st.unicode.org/v#/ast//423f5188501cf1a1
‡ast	Asturian	Latin	moderate	moderate	n/a	G y MMM – G y MMM	Date & Time	Gregorian	Formats - Intervals - Date Formats	GyMMM/G	https://st.unicode.org/v#/ast//43fa7e551cc6fc1d
‡ast	Asturian	Latin	moderate	moderate	n/a	G y MMM–MMM	Date & Time	Gregorian	Formats - Intervals - Date Formats	GyMMM/M	https://st.unicode.org/v#/ast//5222a87fad3af790
‡ast	Asturian	Latin	moderate	moderate	n/a	G y MMM – y MMM	Date & Time	Gregorian	Formats - Intervals - Date Formats	GyMMM/y	https://st.unicode.org/v#/ast//44ca5354b977f662
‡ast	Asturian	Latin	moderate	moderate	n/a	G y MMM d–d	Date & Time	Gregorian	Formats - Intervals - Date Formats	GyMMMd/d	https://st.unicode.org/v#/ast//5db7b9b4de4db13d
‡ast	Asturian	Latin	moderate	moderate	n/a	G y MMM d – G y MMM d	Date & Time	Gregorian	Formats - Intervals - Date Formats	GyMMMd/G	https://st.unicode.org/v#/ast//347f1932cf6fcfb7
‡ast	Asturian	Latin	moderate	moderate	n/a	G y MMM d – MMM d	Date & Time	Gregorian	Formats - Intervals - Date Formats	GyMMMd/M	https://st.unicode.org/v#/ast//46f1e0f7dd705131
‡ast	Asturian	Latin	moderate	moderate	n/a	G y MMM d – y MMM d	Date & Time	Gregorian	Formats - Intervals - Date Formats	GyMMMd/y	https://st.unicode.org/v#/ast//30cc3af5d25f8c7a
‡ast	Asturian	Latin	moderate	moderate	n/a	G y MMM d, E – MMM d, E	Date & Time	Gregorian	Formats - Intervals - Date Formats	GyMMMEd/d	https://st.unicode.org/v#/ast//4d988ef42af07ea2
‡ast	Asturian	Latin	moderate	moderate	n/a	G y MMM d, E – G y MMM d, E	Date & Time	Gregorian	Formats - Intervals - Date Formats	GyMMMEd/G	https://st.unicode.org/v#/ast//63eb318f2538fca1
‡ast	Asturian	Latin	moderate	moderate	n/a	G y MMM d, E – MMM d, E	Date & Time	Gregorian	Formats - Intervals - Date Formats	GyMMMEd/M	https://st.unicode.org/v#/ast//a4ea0b28b563e70
‡ast	Asturian	Latin	moderate	moderate	n/a	G y MMM d, E – y MMM d, E	Date & Time	Gregorian	Formats - Intervals - Date Formats	GyMMMEd/y	https://st.unicode.org/v#/ast//6e080fd6d8a2113c
‡ast	Asturian	Latin	moderate	moderate	n/a	GMT+?	Timezones	Timezone Display Patterns	null	GMT Unknown Format	https://st.unicode.org/v#/ast//bbbadb93fde127
‡ast	Asturian	Latin	moderate	moderate	n/a	null	Timezones	Central Asia	Kazakhstan	standard-long	https://st.unicode.org/v#/ast//1bac5ed79b7fa428
‡ast	Asturian	Latin	moderate	moderate	n/a	null	Timezones	North America	Yukon	standard-long	https://st.unicode.org/v#/ast//5a474fd785a80c35
‡ast	Asturian	Latin	moderate	moderate	n/a	~	Numbers	Symbols	Symbols 	approximatelySign	https://st.unicode.org/v#/ast//69689fb86ae60444
‡ast	Asturian	Latin	moderate	moderate	n/a	CNH	Currencies	Eastern Asia (C)	Eastern Asia: China: CNH (offshore)	CNH-name	https://st.unicode.org/v#/ast//7b0abdabba2d296b
‡ast	Asturian	Latin	moderate	moderate	n/a	CNH	Currencies	Eastern Asia (C)	Eastern Asia: China: CNH (offshore)	CNH-name-one	https://st.unicode.org/v#/ast//33614e4fbb0dde2f
‡ast	Asturian	Latin	moderate	moderate	n/a	CNH	Currencies	Eastern Asia (C)	Eastern Asia: China: CNH (offshore)	CNH-name-other	https://st.unicode.org/v#/ast//5d6b36f22c5a1078
‡ast	Asturian	Latin	moderate	moderate	n/a	SLL	Currencies	Western Africa	Western Africa: Sierra Leone: SLL (old)	SLL-name	https://st.unicode.org/v#/ast//770c9302f08cf129
‡ast	Asturian	Latin	moderate	moderate	n/a	SLL	Currencies	Western Africa	Western Africa: Sierra Leone: SLL (old)	SLL-name-one	https://st.unicode.org/v#/ast//208985c6135fb58e
‡ast	Asturian	Latin	moderate	moderate	n/a	SLL	Currencies	Western Africa	Western Africa: Sierra Leone: SLL (old)	SLL-name-other	https://st.unicode.org/v#/ast//7d9503e5da5eb88
‡ast	Asturian	Latin	moderate	moderate	n/a	XCG	Currencies	North America (C)	Caribbean: Curaçao	XCG-name	https://st.unicode.org/v#/ast//3dc582eba521f2ed
‡ast	Asturian	Latin	moderate	moderate	n/a	XCG	Currencies	North America (C)	Caribbean: Curaçao	XCG-name-one	https://st.unicode.org/v#/ast//6582bf32ffbbb903
‡ast	Asturian	Latin	moderate	moderate	n/a	XCG	Currencies	North America (C)	Caribbean: Curaçao	XCG-name-other	https://st.unicode.org/v#/ast//1d749fe766a5ff6b
‡ast	Asturian	Latin	moderate	moderate	n/a	ZWG	Currencies	Eastern Africa	Eastern Africa: Zimbabwe	ZWG-name	https://st.unicode.org/v#/ast//597a8bf1d9abe2a5
‡ast	Asturian	Latin	moderate	moderate	n/a	ZWG	Currencies	Eastern Africa	Eastern Africa: Zimbabwe	ZWG-name-one	https://st.unicode.org/v#/ast//41cdc22e8246299b
‡ast	Asturian	Latin	moderate	moderate	n/a	ZWG	Currencies	Eastern Africa	Eastern Africa: Zimbabwe	ZWG-name-other	https://st.unicode.org/v#/ast//47e96b4285144797
‡ast	Asturian	Latin	moderate	moderate	n/a	~{0}	Numbers	Number Formatting Patterns	Miscellaneous Patterns 	approximately	https://st.unicode.org/v#/ast//39bebc189a5828a2
‡ast	Asturian	Latin	moderate	moderate	n/a	≤{0}	Numbers	Number Formatting Patterns	Miscellaneous Patterns 	atMost	https://st.unicode.org/v#/ast//6c59fff3c0a3f8bb
‡ast	Asturian	Latin	moderate	moderate	n/a	{0}⋅{1}	Units	Compound Units	times	long	https://st.unicode.org/v#/ast//6761036bf70f7124
‡ast	Asturian	Latin	moderate	moderate	n/a	direction	Units	Coordinates	all	long-displayName	https://st.unicode.org/v#/ast//f8a86481ab6f7c4
‡ast	Asturian	Latin	moderate	moderate	n/a	{0}⋅{1}	Units	Compound Units	times	short	https://st.unicode.org/v#/ast//1f481381246e1911
‡ast	Asturian	Latin	moderate	moderate	n/a	direction	Units	Coordinates	all	short-displayName	https://st.unicode.org/v#/ast//354e1ea2070e20ca
‡ast	Asturian	Latin	moderate	moderate	n/a	{0}, {1}	Miscellaneous	Displaying Lists	Narrow “Or” List	start	https://st.unicode.org/v#/ast//73d7f5db9cc0c635
‡ast	Asturian	Latin	moderate	moderate	n/a	{0}, {1}	Miscellaneous	Displaying Lists	Narrow “Or” List	middle	https://st.unicode.org/v#/ast//424ec989429f47f4
‡ast	Asturian	Latin	moderate	moderate	n/a	{0} o {1}	Miscellaneous	Displaying Lists	Narrow “Or” List	end	https://st.unicode.org/v#/ast//236884c8f32f5529
‡ast	Asturian	Latin	moderate	moderate	n/a	{0} o {1}	Miscellaneous	Displaying Lists	Narrow “Or” List	2	https://st.unicode.org/v#/ast//6dc44d3d6c2eb297
‡ast	Asturian	Latin	moderate	moderate	n/a	{0}, {1}	Miscellaneous	Displaying Lists	Short “Or” List	start	https://st.unicode.org/v#/ast//3a0c050836c60b63
‡ast	Asturian	Latin	moderate	moderate	n/a	{0}, {1}	Miscellaneous	Displaying Lists	Short “Or” List	middle	https://st.unicode.org/v#/ast//f3d6bab1a545be8
‡ast	Asturian	Latin	moderate	moderate	n/a	{0} o {1}	Miscellaneous	Displaying Lists	Short “Or” List	end	https://st.unicode.org/v#/ast//f9db97e964d1ed1
‡ast	Asturian	Latin	moderate	moderate	n/a	{0} o {1}	Miscellaneous	Displaying Lists	Short “Or” List	2	https://st.unicode.org/v#/ast//3e4ecd594cd0cfa7
‡ast	Asturian	Latin	moderate	moderate	n/a	{0}, {1}	Miscellaneous	Displaying Lists	Narrow “and” List	start	https://st.unicode.org/v#/ast//341abd84f9a08a7a
‡ast	Asturian	Latin	moderate	moderate	n/a	{0}, {1}	Miscellaneous	Displaying Lists	Narrow “and” List	middle	https://st.unicode.org/v#/ast//d26e13a8fd3523c
‡ast	Asturian	Latin	moderate	moderate	n/a	{0} y {1}	Miscellaneous	Displaying Lists	Narrow “and” List	end	https://st.unicode.org/v#/ast//3cfedeed6666782c
‡ast	Asturian	Latin	moderate	moderate	n/a	{0} y {1}	Miscellaneous	Displaying Lists	Narrow “and” List	2	https://st.unicode.org/v#/ast//7c156a882e8a7d4a
‡ast	Asturian	Latin	moderate	moderate	n/a	Territoriu Británicu del Océanu Índicu	Locale Display Names	Territories (Africa)	Eastern Africa	IO	https://st.unicode.org/v#/ast//37586518da29ac68
‡ast	Asturian	Latin	moderate	moderate	n/a	h a	Date & Time	Generic	Formats - Flexible - 12 Hour Time Formats	h	https://st.unicode.org/v#/ast//78a9379d31bea109
‡ast	Asturian	Latin	moderate	moderate	n/a	HH	Date & Time	Generic	Formats - Flexible - 24 Hour Time Formats	H	https://st.unicode.org/v#/ast//735ca872d30800ce
‡ast	Asturian	Latin	moderate	moderate	n/a	h:mm a	Date & Time	Generic	Formats - Flexible - 12 Hour Time Formats	hm	https://st.unicode.org/v#/ast//2286b39dc852af0c
‡ast	Asturian	Latin	moderate	moderate	n/a	HH:mm	Date & Time	Generic	Formats - Flexible - 24 Hour Time Formats	Hm	https://st.unicode.org/v#/ast//72d4097e5b2ded68
‡ast	Asturian	Latin	moderate	moderate	n/a	h:mm:ss a	Date & Time	Generic	Formats - Flexible - 12 Hour Time Formats	hms	https://st.unicode.org/v#/ast//e45d26b1c9b5692
‡ast	Asturian	Latin	moderate	moderate	n/a	HH:mm:ss	Date & Time	Generic	Formats - Flexible - 24 Hour Time Formats	Hms	https://st.unicode.org/v#/ast//42909d3ff8541dc1
‡ast	Asturian	Latin	moderate	moderate	n/a	mm:ss	Date & Time	Generic	Formats - Flexible - 24 Hour Time Formats	ms	https://st.unicode.org/v#/ast//2148bf0459c6ab67
‡ast	Asturian	Latin	moderate	moderate	n/a	#,##0.00	Numbers	Number Formatting Patterns	Standard Patterns 	standard-currency-noCurrency	https://st.unicode.org/v#/ast//5e1a988d076003b6
‡ast	Asturian	Latin	moderate	moderate	n/a	#,##0.00	Numbers	Number Formatting Patterns	Standard Patterns 	accounting-currency-noCurrency	https://st.unicode.org/v#/ast//5666b8876422ed2e
az	Azerbaijani	Latin	modern	moderate	n/a	[	Core Data	Alphabetic Information	Symbols	Nested Bracked Replacement: (	https://st.unicode.org/v#/az//5f07aaec0572deb9
az	Azerbaijani	Latin	modern	moderate	n/a	［	Core Data	Alphabetic Information	Symbols	Nested Bracked Replacement: （	https://st.unicode.org/v#/az//6b3f9432b6084428
az	Azerbaijani	Latin	modern	moderate	n/a	]	Core Data	Alphabetic Information	Symbols	Nested Bracked Replacement: )	https://st.unicode.org/v#/az//cca9090168552a5
az	Azerbaijani	Latin	modern	moderate	n/a	］	Core Data	Alphabetic Information	Symbols	Nested Bracked Replacement: ）	https://st.unicode.org/v#/az//1fead4f36824848a
be	Belarusian	Cyrillic	modern	moderate	n/a	[	Core Data	Alphabetic Information	Symbols	Nested Bracked Replacement: (	https://st.unicode.org/v#/be//5f07aaec0572deb9
be	Belarusian	Cyrillic	modern	moderate	n/a	［	Core Data	Alphabetic Information	Symbols	Nested Bracked Replacement: （	https://st.unicode.org/v#/be//6b3f9432b6084428
be	Belarusian	Cyrillic	modern	moderate	n/a	]	Core Data	Alphabetic Information	Symbols	Nested Bracked Replacement: )	https://st.unicode.org/v#/be//cca9090168552a5
be	Belarusian	Cyrillic	modern	moderate	n/a	］	Core Data	Alphabetic Information	Symbols	Nested Bracked Replacement: ）	https://st.unicode.org/v#/be//1fead4f36824848a
bg	Bulgarian	Cyrillic	modern	moderate	n/a	[	Core Data	Alphabetic Information	Symbols	Nested Bracked Replacement: (	https://st.unicode.org/v#/bg//5f07aaec0572deb9
bg	Bulgarian	Cyrillic	modern	moderate	n/a	［	Core Data	Alphabetic Information	Symbols	Nested Bracked Replacement: （	https://st.unicode.org/v#/bg//6b3f9432b6084428
bg	Bulgarian	Cyrillic	modern	moderate	n/a	]	Core Data	Alphabetic Information	Symbols	Nested Bracked Replacement: )	https://st.unicode.org/v#/bg//cca9090168552a5
bg	Bulgarian	Cyrillic	modern	moderate	n/a	］	Core Data	Alphabetic Information	Symbols	Nested Bracked Replacement: ）	https://st.unicode.org/v#/bg//1fead4f36824848a
bn	Bangla	Bangla	modern	moderate	n/a	[	Core Data	Alphabetic Information	Symbols	Nested Bracked Replacement: (	https://st.unicode.org/v#/bn//5f07aaec0572deb9
bn	Bangla	Bangla	modern	moderate	n/a	［	Core Data	Alphabetic Information	Symbols	Nested Bracked Replacement: （	https://st.unicode.org/v#/bn//6b3f9432b6084428
bn	Bangla	Bangla	modern	moderate	n/a	]	Core Data	Alphabetic Information	Symbols	Nested Bracked Replacement: )	https://st.unicode.org/v#/bn//cca9090168552a5
bn	Bangla	Bangla	modern	moderate	n/a	］	Core Data	Alphabetic Information	Symbols	Nested Bracked Replacement: ）	https://st.unicode.org/v#/bn//1fead4f36824848a
‡br	Breton	Latin	moderate	moderate	n/a	[	Core Data	Alphabetic Information	Symbols	Nested Bracked Replacement: (	https://st.unicode.org/v#/br//5f07aaec0572deb9
‡br	Breton	Latin	moderate	moderate	n/a	［	Core Data	Alphabetic Information	Symbols	Nested Bracked Replacement: （	https://st.unicode.org/v#/br//6b3f9432b6084428
‡br	Breton	Latin	moderate	moderate	n/a	]	Core Data	Alphabetic Information	Symbols	Nested Bracked Replacement: )	https://st.unicode.org/v#/br//cca9090168552a5
‡br	Breton	Latin	moderate	moderate	n/a	］	Core Data	Alphabetic Information	Symbols	Nested Bracked Replacement: ）	https://st.unicode.org/v#/br//1fead4f36824848a
‡br	Breton	Latin	moderate	moderate	n/a	XCG	Currencies	North America (C)	Caribbean: Curaçao	XCG-name	https://st.unicode.org/v#/br//3dc582eba521f2ed
‡br	Breton	Latin	moderate	moderate	n/a	XCG	Currencies	North America (C)	Caribbean: Curaçao	XCG-name-one	https://st.unicode.org/v#/br//6582bf32ffbbb903
‡br	Breton	Latin	moderate	moderate	n/a	XCG	Currencies	North America (C)	Caribbean: Curaçao	XCG-name-two	https://st.unicode.org/v#/br//79c644c37fa9ab31
‡br	Breton	Latin	moderate	moderate	n/a	XCG	Currencies	North America (C)	Caribbean: Curaçao	XCG-name-few	https://st.unicode.org/v#/br//51397de7288daba3
‡br	Breton	Latin	moderate	moderate	n/a	XCG	Currencies	North America (C)	Caribbean: Curaçao	XCG-name-many	https://st.unicode.org/v#/br//75539905915b60e9
‡br	Breton	Latin	moderate	moderate	n/a	XCG	Currencies	North America (C)	Caribbean: Curaçao	XCG-name-other	https://st.unicode.org/v#/br//1d749fe766a5ff6b
‡br	Breton	Latin	moderate	moderate	n/a	ZWG	Currencies	Eastern Africa	Eastern Africa: Zimbabwe	ZWG-name	https://st.unicode.org/v#/br//597a8bf1d9abe2a5
‡br	Breton	Latin	moderate	moderate	n/a	ZWG	Currencies	Eastern Africa	Eastern Africa: Zimbabwe	ZWG-name-one	https://st.unicode.org/v#/br//41cdc22e8246299b
‡br	Breton	Latin	moderate	moderate	n/a	ZWG	Currencies	Eastern Africa	Eastern Africa: Zimbabwe	ZWG-name-two	https://st.unicode.org/v#/br//5dba672e2db429ec
‡br	Breton	Latin	moderate	moderate	n/a	ZWG	Currencies	Eastern Africa	Eastern Africa: Zimbabwe	ZWG-name-few	https://st.unicode.org/v#/br//20eb9944aeda8056
‡br	Breton	Latin	moderate	moderate	n/a	ZWG	Currencies	Eastern Africa	Eastern Africa: Zimbabwe	ZWG-name-many	https://st.unicode.org/v#/br//1b42a3a280839418
‡br	Breton	Latin	moderate	moderate	n/a	ZWG	Currencies	Eastern Africa	Eastern Africa: Zimbabwe	ZWG-name-other	https://st.unicode.org/v#/br//47e96b4285144797
bs	Bosnian	Latin	modern	moderate	n/a	[	Core Data	Alphabetic Information	Symbols	Nested Bracked Replacement: (	https://st.unicode.org/v#/bs//5f07aaec0572deb9
bs	Bosnian	Latin	modern	moderate	n/a	［	Core Data	Alphabetic Information	Symbols	Nested Bracked Replacement: （	https://st.unicode.org/v#/bs//6b3f9432b6084428
bs	Bosnian	Latin	modern	moderate	n/a	]	Core Data	Alphabetic Information	Symbols	Nested Bracked Replacement: )	https://st.unicode.org/v#/bs//cca9090168552a5
bs	Bosnian	Latin	modern	moderate	n/a	］	Core Data	Alphabetic Information	Symbols	Nested Bracked Replacement: ）	https://st.unicode.org/v#/bs//1fead4f36824848a
ca	Catalan	Latin	modern	moderate	n/a	[	Core Data	Alphabetic Information	Symbols	Nested Bracked Replacement: (	https://st.unicode.org/v#/ca//5f07aaec0572deb9
ca	Catalan	Latin	modern	moderate	n/a	［	Core Data	Alphabetic Information	Symbols	Nested Bracked Replacement: （	https://st.unicode.org/v#/ca//6b3f9432b6084428
ca	Catalan	Latin	modern	moderate	n/a	]	Core Data	Alphabetic Information	Symbols	Nested Bracked Replacement: )	https://st.unicode.org/v#/ca//cca9090168552a5
ca	Catalan	Latin	modern	moderate	n/a	］	Core Data	Alphabetic Information	Symbols	Nested Bracked Replacement: ）	https://st.unicode.org/v#/ca//1fead4f36824848a
ceb	Cebuano	Latin	moderate	moderate	n/a	[	Core Data	Alphabetic Information	Symbols	Nested Bracked Replacement: (	https://st.unicode.org/v#/ceb//5f07aaec0572deb9
ceb	Cebuano	Latin	moderate	moderate	n/a	［	Core Data	Alphabetic Information	Symbols	Nested Bracked Replacement: （	https://st.unicode.org/v#/ceb//6b3f9432b6084428
ceb	Cebuano	Latin	moderate	moderate	n/a	]	Core Data	Alphabetic Information	Symbols	Nested Bracked Replacement: )	https://st.unicode.org/v#/ceb//cca9090168552a5
ceb	Cebuano	Latin	moderate	moderate	n/a	］	Core Data	Alphabetic Information	Symbols	Nested Bracked Replacement: ）	https://st.unicode.org/v#/ceb//1fead4f36824848a
‡chr	Cherokee	Cherokee	modern	moderate	n/a	[	Core Data	Alphabetic Information	Symbols	Nested Bracked Replacement: (	https://st.unicode.org/v#/chr//5f07aaec0572deb9
‡chr	Cherokee	Cherokee	modern	moderate	n/a	［	Core Data	Alphabetic Information	Symbols	Nested Bracked Replacement: （	https://st.unicode.org/v#/chr//6b3f9432b6084428
‡chr	Cherokee	Cherokee	modern	moderate	n/a	]	Core Data	Alphabetic Information	Symbols	Nested Bracked Replacement: )	https://st.unicode.org/v#/chr//cca9090168552a5
‡chr	Cherokee	Cherokee	modern	moderate	n/a	］	Core Data	Alphabetic Information	Symbols	Nested Bracked Replacement: ）	https://st.unicode.org/v#/chr//1fead4f36824848a
cs	Czech	Latin	modern	moderate	n/a	[	Core Data	Alphabetic Information	Symbols	Nested Bracked Replacement: (	https://st.unicode.org/v#/cs//5f07aaec0572deb9
cs	Czech	Latin	modern	moderate	n/a	［	Core Data	Alphabetic Information	Symbols	Nested Bracked Replacement: （	https://st.unicode.org/v#/cs//6b3f9432b6084428
cs	Czech	Latin	modern	moderate	n/a	]	Core Data	Alphabetic Information	Symbols	Nested Bracked Replacement: )	https://st.unicode.org/v#/cs//cca9090168552a5
cs	Czech	Latin	modern	moderate	n/a	］	Core Data	Alphabetic Information	Symbols	Nested Bracked Replacement: ）	https://st.unicode.org/v#/cs//1fead4f36824848a
cy	Welsh	Latin	modern	moderate	n/a	[	Core Data	Alphabetic Information	Symbols	Nested Bracked Replacement: (	https://st.unicode.org/v#/cy//5f07aaec0572deb9
cy	Welsh	Latin	modern	moderate	n/a	［	Core Data	Alphabetic Information	Symbols	Nested Bracked Replacement: （	https://st.unicode.org/v#/cy//6b3f9432b6084428
cy	Welsh	Latin	modern	moderate	n/a	]	Core Data	Alphabetic Information	Symbols	Nested Bracked Replacement: )	https://st.unicode.org/v#/cy//cca9090168552a5
cy	Welsh	Latin	modern	moderate	n/a	］	Core Data	Alphabetic Information	Symbols	Nested Bracked Replacement: ）	https://st.unicode.org/v#/cy//1fead4f36824848a
da	Danish	Latin	modern	moderate	n/a	[	Core Data	Alphabetic Information	Symbols	Nested Bracked Replacement: (	https://st.unicode.org/v#/da//5f07aaec0572deb9
da	Danish	Latin	modern	moderate	n/a	［	Core Data	Alphabetic Information	Symbols	Nested Bracked Replacement: （	https://st.unicode.org/v#/da//6b3f9432b6084428
da	Danish	Latin	modern	moderate	n/a	]	Core Data	Alphabetic Information	Symbols	Nested Bracked Replacement: )	https://st.unicode.org/v#/da//cca9090168552a5
da	Danish	Latin	modern	moderate	n/a	］	Core Data	Alphabetic Information	Symbols	Nested Bracked Replacement: ）	https://st.unicode.org/v#/da//1fead4f36824848a
de	German	Latin	modern	moderate	n/a	[	Core Data	Alphabetic Information	Symbols	Nested Bracked Replacement: (	https://st.unicode.org/v#/de//5f07aaec0572deb9
de	German	Latin	modern	moderate	n/a	［	Core Data	Alphabetic Information	Symbols	Nested Bracked Replacement: （	https://st.unicode.org/v#/de//6b3f9432b6084428
de	German	Latin	modern	moderate	n/a	]	Core Data	Alphabetic Information	Symbols	Nested Bracked Replacement: )	https://st.unicode.org/v#/de//cca9090168552a5
de	German	Latin	modern	moderate	n/a	］	Core Data	Alphabetic Information	Symbols	Nested Bracked Replacement: ）	https://st.unicode.org/v#/de//1fead4f36824848a
‡dsb	Lower Sorbian	Latin	modern	moderate	n/a	[	Core Data	Alphabetic Information	Symbols	Nested Bracked Replacement: (	https://st.unicode.org/v#/dsb//5f07aaec0572deb9
‡dsb	Lower Sorbian	Latin	modern	moderate	n/a	［	Core Data	Alphabetic Information	Symbols	Nested Bracked Replacement: （	https://st.unicode.org/v#/dsb//6b3f9432b6084428
‡dsb	Lower Sorbian	Latin	modern	moderate	n/a	]	Core Data	Alphabetic Information	Symbols	Nested Bracked Replacement: )	https://st.unicode.org/v#/dsb//cca9090168552a5
‡dsb	Lower Sorbian	Latin	modern	moderate	n/a	］	Core Data	Alphabetic Information	Symbols	Nested Bracked Replacement: ）	https://st.unicode.org/v#/dsb//1fead4f36824848a
el	Greek	Greek	modern	moderate	n/a	[	Core Data	Alphabetic Information	Symbols	Nested Bracked Replacement: (	https://st.unicode.org/v#/el//5f07aaec0572deb9
el	Greek	Greek	modern	moderate	n/a	［	Core Data	Alphabetic Information	Symbols	Nested Bracked Replacement: （	https://st.unicode.org/v#/el//6b3f9432b6084428
el	Greek	Greek	modern	moderate	n/a	]	Core Data	Alphabetic Information	Symbols	Nested Bracked Replacement: )	https://st.unicode.org/v#/el//cca9090168552a5
el	Greek	Greek	modern	moderate	n/a	］	Core Data	Alphabetic Information	Symbols	Nested Bracked Replacement: ）	https://st.unicode.org/v#/el//1fead4f36824848a
es	Spanish	Latin	modern	moderate	n/a	[	Core Data	Alphabetic Information	Symbols	Nested Bracked Replacement: (	https://st.unicode.org/v#/es//5f07aaec0572deb9
es	Spanish	Latin	modern	moderate	n/a	［	Core Data	Alphabetic Information	Symbols	Nested Bracked Replacement: （	https://st.unicode.org/v#/es//6b3f9432b6084428
es	Spanish	Latin	modern	moderate	n/a	]	Core Data	Alphabetic Information	Symbols	Nested Bracked Replacement: )	https://st.unicode.org/v#/es//cca9090168552a5
es	Spanish	Latin	modern	moderate	n/a	］	Core Data	Alphabetic Information	Symbols	Nested Bracked Replacement: ）	https://st.unicode.org/v#/es//1fead4f36824848a
et	Estonian	Latin	modern	moderate	n/a	[	Core Data	Alphabetic Information	Symbols	Nested Bracked Replacement: (	https://st.unicode.org/v#/et//5f07aaec0572deb9
et	Estonian	Latin	modern	moderate	n/a	［	Core Data	Alphabetic Information	Symbols	Nested Bracked Replacement: （	https://st.unicode.org/v#/et//6b3f9432b6084428
et	Estonian	Latin	modern	moderate	n/a	]	Core Data	Alphabetic Information	Symbols	Nested Bracked Replacement: )	https://st.unicode.org/v#/et//cca9090168552a5
et	Estonian	Latin	modern	moderate	n/a	］	Core Data	Alphabetic Information	Symbols	Nested Bracked Replacement: ）	https://st.unicode.org/v#/et//1fead4f36824848a
eu	Basque	Latin	modern	moderate	n/a	[	Core Data	Alphabetic Information	Symbols	Nested Bracked Replacement: (	https://st.unicode.org/v#/eu//5f07aaec0572deb9
eu	Basque	Latin	modern	moderate	n/a	［	Core Data	Alphabetic Information	Symbols	Nested Bracked Replacement: （	https://st.unicode.org/v#/eu//6b3f9432b6084428
eu	Basque	Latin	modern	moderate	n/a	]	Core Data	Alphabetic Information	Symbols	Nested Bracked Replacement: )	https://st.unicode.org/v#/eu//cca9090168552a5
eu	Basque	Latin	modern	moderate	n/a	］	Core Data	Alphabetic Information	Symbols	Nested Bracked Replacement: ）	https://st.unicode.org/v#/eu//1fead4f36824848a
fa	Persian	Arabic	modern	moderate	n/a	[	Core Data	Alphabetic Information	Symbols	Nested Bracked Replacement: (	https://st.unicode.org/v#/fa//5f07aaec0572deb9
fa	Persian	Arabic	modern	moderate	n/a	［	Core Data	Alphabetic Information	Symbols	Nested Bracked Replacement: （	https://st.unicode.org/v#/fa//6b3f9432b6084428
fa	Persian	Arabic	modern	moderate	n/a	]	Core Data	Alphabetic Information	Symbols	Nested Bracked Replacement: )	https://st.unicode.org/v#/fa//cca9090168552a5
fa	Persian	Arabic	modern	moderate	n/a	］	Core Data	Alphabetic Information	Symbols	Nested Bracked Replacement: ）	https://st.unicode.org/v#/fa//1fead4f36824848a
‡ff_Adlm	Fula (Adlam)	Adlam	moderate	moderate	n/a	null	Locale Display Names	Languages (A-D)	A	Akoose ► bss	https://st.unicode.org/v#/ff_Adlm//32b35fdc8419e28
‡ff_Adlm	Fula (Adlam)	Adlam	moderate	moderate	n/a	null	Locale Display Names	Territories (Europe)	Northern Europe	CQ	https://st.unicode.org/v#/ff_Adlm//7df36d3a79aacaf4
‡ff_Adlm	Fula (Adlam)	Adlam	moderate	moderate	n/a	𞤚𞤵𞤥𞤦𞤫𞤪𞤫 𞤄𞤪𞤭𞤼𞤢𞤲𞤭𞤲𞤳𞤮𞥅𞤪𞤫 𞤀𞤬𞤪𞤭𞤳𞤭	Locale Display Names	Territories (Africa)	Eastern Africa	IO-biot	https://st.unicode.org/v#/ff_Adlm//5d5fdfb3f9090dae
‡ff_Adlm	Fula (Adlam)	Adlam	moderate	moderate	n/a	𞤚𞤵𞤥𞤦𞤫𞤪𞤫 𞤄𞤪𞤭𞤼𞤢𞤲𞤭𞤲𞤳𞤮𞥅𞤪𞤫 𞤀𞤬𞤪𞤭𞤳𞤭	Locale Display Names	Territories (Africa)	Eastern Africa	IO-chagos	https://st.unicode.org/v#/ff_Adlm//417c7a965a4f3421
‡ff_Adlm	Fula (Adlam)	Adlam	moderate	moderate	n/a	null	Locale Display Names	Keys	calendar	calendar-gregorian-core	https://st.unicode.org/v#/ff_Adlm//29c8990b1136ed5d
‡ff_Adlm	Fula (Adlam)	Adlam	moderate	moderate	n/a	null	Locale Display Names	Keys	calendar	calendar-islamic-core	https://st.unicode.org/v#/ff_Adlm//544f8cfc686005f3
‡ff_Adlm	Fula (Adlam)	Adlam	moderate	moderate	n/a	null	Locale Display Names	Keys	calendar	calendar-islamic-civil-core	https://st.unicode.org/v#/ff_Adlm//381a0d0c8482c89b
‡ff_Adlm	Fula (Adlam)	Adlam	moderate	moderate	n/a	null	Locale Display Names	Keys	calendar	calendar-islamic-tbla-core	https://st.unicode.org/v#/ff_Adlm//16c0637f2c7ec67a
‡ff_Adlm	Fula (Adlam)	Adlam	moderate	moderate	n/a	null	Locale Display Names	Keys	collation	collation-standard-core	https://st.unicode.org/v#/ff_Adlm//742a5266b9fe2f1
‡ff_Adlm	Fula (Adlam)	Adlam	moderate	moderate	n/a	[	Core Data	Alphabetic Information	Symbols	Nested Bracked Replacement: (	https://st.unicode.org/v#/ff_Adlm//5f07aaec0572deb9
‡ff_Adlm	Fula (Adlam)	Adlam	moderate	moderate	n/a	［	Core Data	Alphabetic Information	Symbols	Nested Bracked Replacement: （	https://st.unicode.org/v#/ff_Adlm//6b3f9432b6084428
‡ff_Adlm	Fula (Adlam)	Adlam	moderate	moderate	n/a	]	Core Data	Alphabetic Information	Symbols	Nested Bracked Replacement: )	https://st.unicode.org/v#/ff_Adlm//cca9090168552a5
‡ff_Adlm	Fula (Adlam)	Adlam	moderate	moderate	n/a	］	Core Data	Alphabetic Information	Symbols	Nested Bracked Replacement: ）	https://st.unicode.org/v#/ff_Adlm//1fead4f36824848a
‡ff_Adlm	Fula (Adlam)	Adlam	moderate	moderate	n/a	{1} {0}	Date & Time	Generic	Formats - Standard - Date & Time Combination Formats	full-atTime	https://st.unicode.org/v#/ff_Adlm//684c7861e871aabd
‡ff_Adlm	Fula (Adlam)	Adlam	moderate	moderate	n/a	{1} {0}	Date & Time	Generic	Formats - Standard - Date & Time Combination Formats	full-relative	https://st.unicode.org/v#/ff_Adlm//b8b55f00b0180a9
‡ff_Adlm	Fula (Adlam)	Adlam	moderate	moderate	n/a	{1} {0}	Date & Time	Generic	Formats - Standard - Date & Time Combination Formats	long-atTime	https://st.unicode.org/v#/ff_Adlm//68d56b9b9ac13d3c
‡ff_Adlm	Fula (Adlam)	Adlam	moderate	moderate	n/a	{1} {0}	Date & Time	Generic	Formats - Standard - Date & Time Combination Formats	long-relative	https://st.unicode.org/v#/ff_Adlm//449809cb91dbb281
‡ff_Adlm	Fula (Adlam)	Adlam	moderate	moderate	n/a	{1} {0}	Date & Time	Generic	Formats - Standard - Date & Time Combination Formats	medium-atTime	https://st.unicode.org/v#/ff_Adlm//2c0d283f4538da0e
‡ff_Adlm	Fula (Adlam)	Adlam	moderate	moderate	n/a	{1} {0}	Date & Time	Generic	Formats - Standard - Date & Time Combination Formats	medium-relative	https://st.unicode.org/v#/ff_Adlm//1c09da19b962fd5f
‡ff_Adlm	Fula (Adlam)	Adlam	moderate	moderate	n/a	{1} {0}	Date & Time	Generic	Formats - Standard - Date & Time Combination Formats	short-atTime	https://st.unicode.org/v#/ff_Adlm//307554bf43a9b71c
‡ff_Adlm	Fula (Adlam)	Adlam	moderate	moderate	n/a	{1} {0}	Date & Time	Generic	Formats - Standard - Date & Time Combination Formats	short-relative	https://st.unicode.org/v#/ff_Adlm//430829513e94c0e5
‡ff_Adlm	Fula (Adlam)	Adlam	moderate	moderate	n/a	E h a	Date & Time	Generic	Formats - Flexible - 12 Hour Time Formats	Eh	https://st.unicode.org/v#/ff_Adlm//80e65b4cca5799
‡ff_Adlm	Fula (Adlam)	Adlam	moderate	moderate	n/a	G y-MM	Date & Time	Generic	Formats - Flexible - Date Formats	GyM	https://st.unicode.org/v#/ff_Adlm//67d2a1ac024cf291
‡ff_Adlm	Fula (Adlam)	Adlam	moderate	moderate	n/a	G y-MM-dd, E	Date & Time	Generic	Formats - Flexible - Date Formats	GyMEd	https://st.unicode.org/v#/ff_Adlm//4304769b5de6924b
‡ff_Adlm	Fula (Adlam)	Adlam	moderate	moderate	n/a	h a v	Date & Time	Generic	Formats - Flexible - 12 Hour Time Formats	hv	https://st.unicode.org/v#/ff_Adlm//3d7f877d23b667e0
‡ff_Adlm	Fula (Adlam)	Adlam	moderate	moderate	n/a	HH v	Date & Time	Generic	Formats - Flexible - 24 Hour Time Formats	Hv	https://st.unicode.org/v#/ff_Adlm//6c886cedf4875d66
‡ff_Adlm	Fula (Adlam)	Adlam	moderate	moderate	n/a	G y–y	Date & Time	Generic	Formats - Intervals - Date Formats	Gy/y	https://st.unicode.org/v#/ff_Adlm//a521492603ab0b5
‡ff_Adlm	Fula (Adlam)	Adlam	moderate	moderate	n/a	G y-MM – G y-MM	Date & Time	Generic	Formats - Intervals - Date Formats	GyM/G	https://st.unicode.org/v#/ff_Adlm//4da3529635ae80fc
‡ff_Adlm	Fula (Adlam)	Adlam	moderate	moderate	n/a	G y-MM – y-MM	Date & Time	Generic	Formats - Intervals - Date Formats	GyM/M	https://st.unicode.org/v#/ff_Adlm//5087eaa0adc4cca4
‡ff_Adlm	Fula (Adlam)	Adlam	moderate	moderate	n/a	G y-MM – y-MM	Date & Time	Generic	Formats - Intervals - Date Formats	GyM/y	https://st.unicode.org/v#/ff_Adlm//62960bf3419b19b1
‡ff_Adlm	Fula (Adlam)	Adlam	moderate	moderate	n/a	G y-MM-dd – y-MM-dd	Date & Time	Generic	Formats - Intervals - Date Formats	GyMd/d	https://st.unicode.org/v#/ff_Adlm//439e81cebcf40890
‡ff_Adlm	Fula (Adlam)	Adlam	moderate	moderate	n/a	G y-MM-dd – G y-MM-dd	Date & Time	Generic	Formats - Intervals - Date Formats	GyMd/G	https://st.unicode.org/v#/ff_Adlm//2c7a89bb9183b31b
‡ff_Adlm	Fula (Adlam)	Adlam	moderate	moderate	n/a	G y-MM-dd – y-MM-dd	Date & Time	Generic	Formats - Intervals - Date Formats	GyMd/M	https://st.unicode.org/v#/ff_Adlm//3dd959ce9a1f3fb1
‡ff_Adlm	Fula (Adlam)	Adlam	moderate	moderate	n/a	G y-MM-dd – y-MM-dd	Date & Time	Generic	Formats - Intervals - Date Formats	GyMd/y	https://st.unicode.org/v#/ff_Adlm//4d29b73aecbbc1f2
‡ff_Adlm	Fula (Adlam)	Adlam	moderate	moderate	n/a	G y-MM-dd, E – y-MM-dd, E	Date & Time	Generic	Formats - Intervals - Date Formats	GyMEd/d	https://st.unicode.org/v#/ff_Adlm//6f77ec54c8c8d789
‡ff_Adlm	Fula (Adlam)	Adlam	moderate	moderate	n/a	G y-MM-dd, E – G y-MM-dd, E	Date & Time	Generic	Formats - Intervals - Date Formats	GyMEd/G	https://st.unicode.org/v#/ff_Adlm//48056be21933c47
‡ff_Adlm	Fula (Adlam)	Adlam	moderate	moderate	n/a	G y-MM-dd, E – y-MM-dd, E	Date & Time	Generic	Formats - Intervals - Date Formats	GyMEd/M	https://st.unicode.org/v#/ff_Adlm//24e714309a479a17
‡ff_Adlm	Fula (Adlam)	Adlam	moderate	moderate	n/a	G y-MM-dd, E – y-MM-dd, E	Date & Time	Generic	Formats - Intervals - Date Formats	GyMEd/y	https://st.unicode.org/v#/ff_Adlm//2ffee695e4b27d6c
‡ff_Adlm	Fula (Adlam)	Adlam	moderate	moderate	n/a	G y MMM – G y MMM	Date & Time	Generic	Formats - Intervals - Date Formats	GyMMM/G	https://st.unicode.org/v#/ff_Adlm//2d6328219811dc8f
‡ff_Adlm	Fula (Adlam)	Adlam	moderate	moderate	n/a	G y MMM–MMM	Date & Time	Generic	Formats - Intervals - Date Formats	GyMMM/M	https://st.unicode.org/v#/ff_Adlm//5e0f3b40a32241c3
‡ff_Adlm	Fula (Adlam)	Adlam	moderate	moderate	n/a	G y MMM d–d	Date & Time	Generic	Formats - Intervals - Date Formats	GyMMMd/d	https://st.unicode.org/v#/ff_Adlm//66474bfca375effd
‡ff_Adlm	Fula (Adlam)	Adlam	moderate	moderate	n/a	G y MMM d – G y MMM d	Date & Time	Generic	Formats - Intervals - Date Formats	GyMMMd/G	https://st.unicode.org/v#/ff_Adlm//75b5b6be1c43f531
‡ff_Adlm	Fula (Adlam)	Adlam	moderate	moderate	n/a	G y MMM d – MMM d	Date & Time	Generic	Formats - Intervals - Date Formats	GyMMMd/M	https://st.unicode.org/v#/ff_Adlm//37cc92955780b3ed
‡ff_Adlm	Fula (Adlam)	Adlam	moderate	moderate	n/a	G y MMM d – y MMM d	Date & Time	Generic	Formats - Intervals - Date Formats	GyMMMd/y	https://st.unicode.org/v#/ff_Adlm//734370892368e68f
‡ff_Adlm	Fula (Adlam)	Adlam	moderate	moderate	n/a	G y MMM d, E – MMM d, E	Date & Time	Generic	Formats - Intervals - Date Formats	GyMMMEd/d	https://st.unicode.org/v#/ff_Adlm//37ee7307d91420cc
‡ff_Adlm	Fula (Adlam)	Adlam	moderate	moderate	n/a	G y MMM d, E – G y MMM d, E	Date & Time	Generic	Formats - Intervals - Date Formats	GyMMMEd/G	https://st.unicode.org/v#/ff_Adlm//194ffdca90603aed
‡ff_Adlm	Fula (Adlam)	Adlam	moderate	moderate	n/a	G y MMM d, E – MMM d, E	Date & Time	Generic	Formats - Intervals - Date Formats	GyMMMEd/M	https://st.unicode.org/v#/ff_Adlm//1683e919a38c652a
‡ff_Adlm	Fula (Adlam)	Adlam	moderate	moderate	n/a	G y MMM d, E – y MMM d, E	Date & Time	Generic	Formats - Intervals - Date Formats	GyMMMEd/y	https://st.unicode.org/v#/ff_Adlm//a24b5af75e63965
‡ff_Adlm	Fula (Adlam)	Adlam	moderate	moderate	n/a	{1} {0}	Date & Time	Gregorian	Formats - Standard - Date & Time Combination Formats	full-relative	https://st.unicode.org/v#/ff_Adlm//69aea48d4dcafa1c
‡ff_Adlm	Fula (Adlam)	Adlam	moderate	moderate	n/a	{1} {0}	Date & Time	Gregorian	Formats - Standard - Date & Time Combination Formats	long-relative	https://st.unicode.org/v#/ff_Adlm//4704ea450f1ac1c7
‡ff_Adlm	Fula (Adlam)	Adlam	moderate	moderate	n/a	{1} {0}	Date & Time	Gregorian	Formats - Standard - Date & Time Combination Formats	medium-atTime	https://st.unicode.org/v#/ff_Adlm//43da060150c3ffc1
‡ff_Adlm	Fula (Adlam)	Adlam	moderate	moderate	n/a	{1} {0}	Date & Time	Gregorian	Formats - Standard - Date & Time Combination Formats	medium-relative	https://st.unicode.org/v#/ff_Adlm//1b31e46c02586a17
‡ff_Adlm	Fula (Adlam)	Adlam	moderate	moderate	n/a	{1} {0}	Date & Time	Gregorian	Formats - Standard - Date & Time Combination Formats	short-atTime	https://st.unicode.org/v#/ff_Adlm//41c6220a73c6b71a
‡ff_Adlm	Fula (Adlam)	Adlam	moderate	moderate	n/a	{1} {0}	Date & Time	Gregorian	Formats - Standard - Date & Time Combination Formats	short-relative	https://st.unicode.org/v#/ff_Adlm//61ddc9a418010f71
‡ff_Adlm	Fula (Adlam)	Adlam	moderate	moderate	n/a	E h B	Date & Time	Gregorian	Formats - Flexible - 12 Hour Time Formats	EBh	https://st.unicode.org/v#/ff_Adlm//2b8bb64fac2acfc3
‡ff_Adlm	Fula (Adlam)	Adlam	moderate	moderate	n/a	E h a	Date & Time	Gregorian	Formats - Flexible - 12 Hour Time Formats	Eh	https://st.unicode.org/v#/ff_Adlm//f3b6f1e799dc395
‡ff_Adlm	Fula (Adlam)	Adlam	moderate	moderate	n/a	G y-MM	Date & Time	Gregorian	Formats - Flexible - Date Formats	GyM	https://st.unicode.org/v#/ff_Adlm//6d3920cb38c6376
‡ff_Adlm	Fula (Adlam)	Adlam	moderate	moderate	n/a	G y-MM-dd, E	Date & Time	Gregorian	Formats - Flexible - Date Formats	GyMEd	https://st.unicode.org/v#/ff_Adlm//3c9a947bdffca050
‡ff_Adlm	Fula (Adlam)	Adlam	moderate	moderate	n/a	h a v	Date & Time	Gregorian	Formats - Flexible - 12 Hour Time Formats	hv	https://st.unicode.org/v#/ff_Adlm//e119c296a55debd
‡ff_Adlm	Fula (Adlam)	Adlam	moderate	moderate	n/a	HH v	Date & Time	Gregorian	Formats - Flexible - 24 Hour Time Formats	Hv	https://st.unicode.org/v#/ff_Adlm//e9e82d88304c79f
‡ff_Adlm	Fula (Adlam)	Adlam	moderate	moderate	n/a	GMT+?	Timezones	Timezone Display Patterns	null	GMT Unknown Format	https://st.unicode.org/v#/ff_Adlm//bbbadb93fde127
‡ff_Adlm	Fula (Adlam)	Adlam	moderate	moderate	n/a	Coyhaique	Timezones	South America	Cities and Regions	Coyhaique	https://st.unicode.org/v#/ff_Adlm//2847e229d5bd20a6
‡ff_Adlm	Fula (Adlam)	Adlam	moderate	moderate	n/a	Ciudad Juárez	Timezones	North America	Cities and Regions	Ciudad_Juarez	https://st.unicode.org/v#/ff_Adlm//483f71e2007512d
‡ff_Adlm	Fula (Adlam)	Adlam	moderate	moderate	n/a	null	Timezones	Central Asia	Kazakhstan	standard-long	https://st.unicode.org/v#/ff_Adlm//1bac5ed79b7fa428
‡ff_Adlm	Fula (Adlam)	Adlam	moderate	moderate	n/a	null	Timezones	North America	Yukon	standard-long	https://st.unicode.org/v#/ff_Adlm//5a474fd785a80c35
‡ff_Adlm	Fula (Adlam)	Adlam	moderate	moderate	n/a	¤ #,##0.00	Numbers	Number Formatting Patterns	Standard Patterns 	standard-currency-alphaNextToNumber	https://st.unicode.org/v#/ff_Adlm//6154e7673c3829ce
‡ff_Adlm	Fula (Adlam)	Adlam	moderate	moderate	n/a	¤ #,##0.00	Numbers	Number Formatting Patterns	Standard Patterns 	accounting-currency-alphaNextToNumber	https://st.unicode.org/v#/ff_Adlm//7abd37d9426d5dfa
‡ff_Adlm	Fula (Adlam)	Adlam	moderate	moderate	n/a	LSL	Currencies	Southern Africa	Southern Africa: Lesotho	LSL-name	https://st.unicode.org/v#/ff_Adlm//73cdaa7e87cb07d1
‡ff_Adlm	Fula (Adlam)	Adlam	moderate	moderate	n/a	LSL	Currencies	Southern Africa	Southern Africa: Lesotho	LSL-name-one	https://st.unicode.org/v#/ff_Adlm//5b2f89143722a9fd
‡ff_Adlm	Fula (Adlam)	Adlam	moderate	moderate	n/a	LSL	Currencies	Southern Africa	Southern Africa: Lesotho	LSL-name-other	https://st.unicode.org/v#/ff_Adlm//18e72d157fb85bce
‡ff_Adlm	Fula (Adlam)	Adlam	moderate	moderate	n/a	XCG	Currencies	North America (C)	Caribbean: Curaçao	XCG-name	https://st.unicode.org/v#/ff_Adlm//3dc582eba521f2ed
‡ff_Adlm	Fula (Adlam)	Adlam	moderate	moderate	n/a	XCG	Currencies	North America (C)	Caribbean: Curaçao	XCG-name-one	https://st.unicode.org/v#/ff_Adlm//6582bf32ffbbb903
‡ff_Adlm	Fula (Adlam)	Adlam	moderate	moderate	n/a	XCG	Currencies	North America (C)	Caribbean: Curaçao	XCG-name-other	https://st.unicode.org/v#/ff_Adlm//1d749fe766a5ff6b
‡ff_Adlm	Fula (Adlam)	Adlam	moderate	moderate	n/a	ZWG	Currencies	Eastern Africa	Eastern Africa: Zimbabwe	ZWG-name	https://st.unicode.org/v#/ff_Adlm//597a8bf1d9abe2a5
‡ff_Adlm	Fula (Adlam)	Adlam	moderate	moderate	n/a	ZWG	Currencies	Eastern Africa	Eastern Africa: Zimbabwe	ZWG-name-one	https://st.unicode.org/v#/ff_Adlm//41cdc22e8246299b
‡ff_Adlm	Fula (Adlam)	Adlam	moderate	moderate	n/a	ZWG	Currencies	Eastern Africa	Eastern Africa: Zimbabwe	ZWG-name-other	https://st.unicode.org/v#/ff_Adlm//47e96b4285144797
‡ff_Adlm	Fula (Adlam)	Adlam	moderate	moderate	n/a	𞤚𞤵𞤥𞤦𞤫𞤪𞤫 𞤄𞤪𞤭𞤼𞤢𞤲𞤭𞤲𞤳𞤮𞥅𞤪𞤫 𞤀𞤬𞤪𞤭𞤳𞤭	Locale Display Names	Territories (Africa)	Eastern Africa	IO	https://st.unicode.org/v#/ff_Adlm//37586518da29ac68
‡ff_Adlm	Fula (Adlam)	Adlam	moderate	moderate	n/a	𞤙𞤢𞤤𞤥𞤫𞤪𞤫 𞤂𞤭𞤧𞤤𞤢𞥄𞤥𞤴𞤢𞤲𞤳𞤮	Locale Display Names	Keys	calendar	calendar-islamic	https://st.unicode.org/v#/ff_Adlm//3df52b1e4d65309a
‡ff_Adlm	Fula (Adlam)	Adlam	moderate	moderate	n/a	𞤙𞤢𞤤𞤯𞤭𞤥𞤫𞤪𞤫 𞤂𞤭𞤧𞤤𞤢𞥄𞤥𞤴𞤢𞤲𞤳𞤮 (𞤢𞤤𞥆𞤵𞤱𞤢𞤤, 𞤬𞤫𞤱𞤲𞥋𞤣𞤮 𞤲𞥋𞤦𞤫𞤯𞥆𞤢𞥄𞤳𞤵)	Locale Display Names	Keys	calendar	calendar-islamic-civil	https://st.unicode.org/v#/ff_Adlm//3f25f93d4f11dacc
‡ff_Adlm	Fula (Adlam)	Adlam	moderate	moderate	n/a	𞤙𞤢𞤤𞤯𞤭𞤥𞤫𞤪𞤫 𞤂𞤭𞤧𞤤𞤢𞥄𞤥𞤵 (𞤀𞤤𞥆𞤵𞤲𞤳𞤮, 𞤊𞤫𞤱𞤣𞤮 𞤋𞤲𞤳𞤮𞥅𞤣𞤭𞤲𞤳𞤮)	Locale Display Names	Keys	calendar	calendar-islamic-tbla	https://st.unicode.org/v#/ff_Adlm//6e3e7d3f963a4604
fi	Finnish	Latin	modern	moderate	n/a	[	Core Data	Alphabetic Information	Symbols	Nested Bracked Replacement: (	https://st.unicode.org/v#/fi//5f07aaec0572deb9
fi	Finnish	Latin	modern	moderate	n/a	［	Core Data	Alphabetic Information	Symbols	Nested Bracked Replacement: （	https://st.unicode.org/v#/fi//6b3f9432b6084428
fi	Finnish	Latin	modern	moderate	n/a	]	Core Data	Alphabetic Information	Symbols	Nested Bracked Replacement: )	https://st.unicode.org/v#/fi//cca9090168552a5
fi	Finnish	Latin	modern	moderate	n/a	］	Core Data	Alphabetic Information	Symbols	Nested Bracked Replacement: ）	https://st.unicode.org/v#/fi//1fead4f36824848a
fil	Filipino	Latin	modern	moderate	n/a	[	Core Data	Alphabetic Information	Symbols	Nested Bracked Replacement: (	https://st.unicode.org/v#/fil//5f07aaec0572deb9
fil	Filipino	Latin	modern	moderate	n/a	［	Core Data	Alphabetic Information	Symbols	Nested Bracked Replacement: （	https://st.unicode.org/v#/fil//6b3f9432b6084428
fil	Filipino	Latin	modern	moderate	n/a	]	Core Data	Alphabetic Information	Symbols	Nested Bracked Replacement: )	https://st.unicode.org/v#/fil//cca9090168552a5
fil	Filipino	Latin	modern	moderate	n/a	］	Core Data	Alphabetic Information	Symbols	Nested Bracked Replacement: ）	https://st.unicode.org/v#/fil//1fead4f36824848a
‡fo	Faroese	Latin	moderate	moderate	n/a	[	Core Data	Alphabetic Information	Symbols	Nested Bracked Replacement: (	https://st.unicode.org/v#/fo//5f07aaec0572deb9
‡fo	Faroese	Latin	moderate	moderate	n/a	［	Core Data	Alphabetic Information	Symbols	Nested Bracked Replacement: （	https://st.unicode.org/v#/fo//6b3f9432b6084428
‡fo	Faroese	Latin	moderate	moderate	n/a	]	Core Data	Alphabetic Information	Symbols	Nested Bracked Replacement: )	https://st.unicode.org/v#/fo//cca9090168552a5
‡fo	Faroese	Latin	moderate	moderate	n/a	］	Core Data	Alphabetic Information	Symbols	Nested Bracked Replacement: ）	https://st.unicode.org/v#/fo//1fead4f36824848a
fr	French	Latin	modern	moderate	n/a	[	Core Data	Alphabetic Information	Symbols	Nested Bracked Replacement: (	https://st.unicode.org/v#/fr//5f07aaec0572deb9
fr	French	Latin	modern	moderate	n/a	［	Core Data	Alphabetic Information	Symbols	Nested Bracked Replacement: （	https://st.unicode.org/v#/fr//6b3f9432b6084428
fr	French	Latin	modern	moderate	n/a	]	Core Data	Alphabetic Information	Symbols	Nested Bracked Replacement: )	https://st.unicode.org/v#/fr//cca9090168552a5
fr	French	Latin	modern	moderate	n/a	］	Core Data	Alphabetic Information	Symbols	Nested Bracked Replacement: ）	https://st.unicode.org/v#/fr//1fead4f36824848a
ga	Irish	Latin	modern	moderate	n/a	[	Core Data	Alphabetic Information	Symbols	Nested Bracked Replacement: (	https://st.unicode.org/v#/ga//5f07aaec0572deb9
ga	Irish	Latin	modern	moderate	n/a	［	Core Data	Alphabetic Information	Symbols	Nested Bracked Replacement: （	https://st.unicode.org/v#/ga//6b3f9432b6084428
ga	Irish	Latin	modern	moderate	n/a	]	Core Data	Alphabetic Information	Symbols	Nested Bracked Replacement: )	https://st.unicode.org/v#/ga//cca9090168552a5
ga	Irish	Latin	modern	moderate	n/a	］	Core Data	Alphabetic Information	Symbols	Nested Bracked Replacement: ）	https://st.unicode.org/v#/ga//1fead4f36824848a
gd	Scottish Gaelic	Latin	modern	moderate	n/a	[	Core Data	Alphabetic Information	Symbols	Nested Bracked Replacement: (	https://st.unicode.org/v#/gd//5f07aaec0572deb9
gd	Scottish Gaelic	Latin	modern	moderate	n/a	［	Core Data	Alphabetic Information	Symbols	Nested Bracked Replacement: （	https://st.unicode.org/v#/gd//6b3f9432b6084428
gd	Scottish Gaelic	Latin	modern	moderate	n/a	]	Core Data	Alphabetic Information	Symbols	Nested Bracked Replacement: )	https://st.unicode.org/v#/gd//cca9090168552a5
gd	Scottish Gaelic	Latin	modern	moderate	n/a	］	Core Data	Alphabetic Information	Symbols	Nested Bracked Replacement: ）	https://st.unicode.org/v#/gd//1fead4f36824848a
gd	Scottish Gaelic	Latin	modern	modern	n/a	E17-005	Characters	Animals & Nature	animal-marine	🫍 –keywords	https://st.unicode.org/v#/gd//677fb06c7558087f
gd	Scottish Gaelic	Latin	modern	modern	n/a	E17-005	Characters	Animals & Nature	animal-marine	🫍 -name	https://st.unicode.org/v#/gd//2ba8eb59a8870187
gl	Galician	Latin	modern	moderate	n/a	[	Core Data	Alphabetic Information	Symbols	Nested Bracked Replacement: (	https://st.unicode.org/v#/gl//5f07aaec0572deb9
gl	Galician	Latin	modern	moderate	n/a	［	Core Data	Alphabetic Information	Symbols	Nested Bracked Replacement: （	https://st.unicode.org/v#/gl//6b3f9432b6084428
gl	Galician	Latin	modern	moderate	n/a	]	Core Data	Alphabetic Information	Symbols	Nested Bracked Replacement: )	https://st.unicode.org/v#/gl//cca9090168552a5
gl	Galician	Latin	modern	moderate	n/a	］	Core Data	Alphabetic Information	Symbols	Nested Bracked Replacement: ）	https://st.unicode.org/v#/gl//1fead4f36824848a
gu	Gujarati	Gujarati	modern	moderate	n/a	[	Core Data	Alphabetic Information	Symbols	Nested Bracked Replacement: (	https://st.unicode.org/v#/gu//5f07aaec0572deb9
gu	Gujarati	Gujarati	modern	moderate	n/a	［	Core Data	Alphabetic Information	Symbols	Nested Bracked Replacement: （	https://st.unicode.org/v#/gu//6b3f9432b6084428
gu	Gujarati	Gujarati	modern	moderate	n/a	]	Core Data	Alphabetic Information	Symbols	Nested Bracked Replacement: )	https://st.unicode.org/v#/gu//cca9090168552a5
gu	Gujarati	Gujarati	modern	moderate	n/a	］	Core Data	Alphabetic Information	Symbols	Nested Bracked Replacement: ）	https://st.unicode.org/v#/gu//1fead4f36824848a
ha	Hausa	Latin	modern	moderate	n/a	[	Core Data	Alphabetic Information	Symbols	Nested Bracked Replacement: (	https://st.unicode.org/v#/ha//5f07aaec0572deb9
ha	Hausa	Latin	modern	moderate	n/a	［	Core Data	Alphabetic Information	Symbols	Nested Bracked Replacement: （	https://st.unicode.org/v#/ha//6b3f9432b6084428
ha	Hausa	Latin	modern	moderate	n/a	]	Core Data	Alphabetic Information	Symbols	Nested Bracked Replacement: )	https://st.unicode.org/v#/ha//cca9090168552a5
ha	Hausa	Latin	modern	moderate	n/a	］	Core Data	Alphabetic Information	Symbols	Nested Bracked Replacement: ）	https://st.unicode.org/v#/ha//1fead4f36824848a
he	Hebrew	Hebrew	modern	moderate	n/a	[	Core Data	Alphabetic Information	Symbols	Nested Bracked Replacement: (	https://st.unicode.org/v#/he//5f07aaec0572deb9
he	Hebrew	Hebrew	modern	moderate	n/a	［	Core Data	Alphabetic Information	Symbols	Nested Bracked Replacement: （	https://st.unicode.org/v#/he//6b3f9432b6084428
he	Hebrew	Hebrew	modern	moderate	n/a	]	Core Data	Alphabetic Information	Symbols	Nested Bracked Replacement: )	https://st.unicode.org/v#/he//cca9090168552a5
he	Hebrew	Hebrew	modern	moderate	n/a	］	Core Data	Alphabetic Information	Symbols	Nested Bracked Replacement: ）	https://st.unicode.org/v#/he//1fead4f36824848a
hi	Hindi	Devanagari	modern	moderate	n/a	[	Core Data	Alphabetic Information	Symbols	Nested Bracked Replacement: (	https://st.unicode.org/v#/hi//5f07aaec0572deb9
hi	Hindi	Devanagari	modern	moderate	n/a	［	Core Data	Alphabetic Information	Symbols	Nested Bracked Replacement: （	https://st.unicode.org/v#/hi//6b3f9432b6084428
hi	Hindi	Devanagari	modern	moderate	n/a	]	Core Data	Alphabetic Information	Symbols	Nested Bracked Replacement: )	https://st.unicode.org/v#/hi//cca9090168552a5
hi	Hindi	Devanagari	modern	moderate	n/a	］	Core Data	Alphabetic Information	Symbols	Nested Bracked Replacement: ）	https://st.unicode.org/v#/hi//1fead4f36824848a
hi	Hindi	Devanagari	modern	modern	n/a	E17-008	Characters	Objects	musical-instrument	🪊 –keywords	https://st.unicode.org/v#/hi//396f2d8fe22619b5
hi	Hindi	Devanagari	modern	modern	n/a	E17-008	Characters	Objects	musical-instrument	🪊 -name	https://st.unicode.org/v#/hi//d80c778525a853d
hr	Croatian	Latin	modern	moderate	n/a	[	Core Data	Alphabetic Information	Symbols	Nested Bracked Replacement: (	https://st.unicode.org/v#/hr//5f07aaec0572deb9
hr	Croatian	Latin	modern	moderate	n/a	［	Core Data	Alphabetic Information	Symbols	Nested Bracked Replacement: （	https://st.unicode.org/v#/hr//6b3f9432b6084428
hr	Croatian	Latin	modern	moderate	n/a	]	Core Data	Alphabetic Information	Symbols	Nested Bracked Replacement: )	https://st.unicode.org/v#/hr//cca9090168552a5
hr	Croatian	Latin	modern	moderate	n/a	］	Core Data	Alphabetic Information	Symbols	Nested Bracked Replacement: ）	https://st.unicode.org/v#/hr//1fead4f36824848a
‡hsb	Upper Sorbian	Latin	modern	moderate	n/a	[	Core Data	Alphabetic Information	Symbols	Nested Bracked Replacement: (	https://st.unicode.org/v#/hsb//5f07aaec0572deb9
‡hsb	Upper Sorbian	Latin	modern	moderate	n/a	［	Core Data	Alphabetic Information	Symbols	Nested Bracked Replacement: （	https://st.unicode.org/v#/hsb//6b3f9432b6084428
‡hsb	Upper Sorbian	Latin	modern	moderate	n/a	]	Core Data	Alphabetic Information	Symbols	Nested Bracked Replacement: )	https://st.unicode.org/v#/hsb//cca9090168552a5
‡hsb	Upper Sorbian	Latin	modern	moderate	n/a	］	Core Data	Alphabetic Information	Symbols	Nested Bracked Replacement: ）	https://st.unicode.org/v#/hsb//1fead4f36824848a
hu	Hungarian	Latin	modern	moderate	n/a	[	Core Data	Alphabetic Information	Symbols	Nested Bracked Replacement: (	https://st.unicode.org/v#/hu//5f07aaec0572deb9
hu	Hungarian	Latin	modern	moderate	n/a	［	Core Data	Alphabetic Information	Symbols	Nested Bracked Replacement: （	https://st.unicode.org/v#/hu//6b3f9432b6084428
hu	Hungarian	Latin	modern	moderate	n/a	]	Core Data	Alphabetic Information	Symbols	Nested Bracked Replacement: )	https://st.unicode.org/v#/hu//cca9090168552a5
hu	Hungarian	Latin	modern	moderate	n/a	］	Core Data	Alphabetic Information	Symbols	Nested Bracked Replacement: ）	https://st.unicode.org/v#/hu//1fead4f36824848a
hy	Armenian	Armenian	modern	moderate	n/a	[	Core Data	Alphabetic Information	Symbols	Nested Bracked Replacement: (	https://st.unicode.org/v#/hy//5f07aaec0572deb9
hy	Armenian	Armenian	modern	moderate	n/a	［	Core Data	Alphabetic Information	Symbols	Nested Bracked Replacement: （	https://st.unicode.org/v#/hy//6b3f9432b6084428
hy	Armenian	Armenian	modern	moderate	n/a	]	Core Data	Alphabetic Information	Symbols	Nested Bracked Replacement: )	https://st.unicode.org/v#/hy//cca9090168552a5
hy	Armenian	Armenian	modern	moderate	n/a	］	Core Data	Alphabetic Information	Symbols	Nested Bracked Replacement: ）	https://st.unicode.org/v#/hy//1fead4f36824848a
id	Indonesian	Latin	modern	moderate	n/a	[	Core Data	Alphabetic Information	Symbols	Nested Bracked Replacement: (	https://st.unicode.org/v#/id//5f07aaec0572deb9
id	Indonesian	Latin	modern	moderate	n/a	［	Core Data	Alphabetic Information	Symbols	Nested Bracked Replacement: （	https://st.unicode.org/v#/id//6b3f9432b6084428
id	Indonesian	Latin	modern	moderate	n/a	]	Core Data	Alphabetic Information	Symbols	Nested Bracked Replacement: )	https://st.unicode.org/v#/id//cca9090168552a5
id	Indonesian	Latin	modern	moderate	n/a	］	Core Data	Alphabetic Information	Symbols	Nested Bracked Replacement: ）	https://st.unicode.org/v#/id//1fead4f36824848a
ig	Igbo	Latin	modern	moderate	n/a	[	Core Data	Alphabetic Information	Symbols	Nested Bracked Replacement: (	https://st.unicode.org/v#/ig//5f07aaec0572deb9
ig	Igbo	Latin	modern	moderate	n/a	［	Core Data	Alphabetic Information	Symbols	Nested Bracked Replacement: （	https://st.unicode.org/v#/ig//6b3f9432b6084428
ig	Igbo	Latin	modern	moderate	n/a	]	Core Data	Alphabetic Information	Symbols	Nested Bracked Replacement: )	https://st.unicode.org/v#/ig//cca9090168552a5
ig	Igbo	Latin	modern	moderate	n/a	］	Core Data	Alphabetic Information	Symbols	Nested Bracked Replacement: ）	https://st.unicode.org/v#/ig//1fead4f36824848a
is	Icelandic	Latin	modern	moderate	n/a	[	Core Data	Alphabetic Information	Symbols	Nested Bracked Replacement: (	https://st.unicode.org/v#/is//5f07aaec0572deb9
is	Icelandic	Latin	modern	moderate	n/a	［	Core Data	Alphabetic Information	Symbols	Nested Bracked Replacement: （	https://st.unicode.org/v#/is//6b3f9432b6084428
is	Icelandic	Latin	modern	moderate	n/a	]	Core Data	Alphabetic Information	Symbols	Nested Bracked Replacement: )	https://st.unicode.org/v#/is//cca9090168552a5
is	Icelandic	Latin	modern	moderate	n/a	］	Core Data	Alphabetic Information	Symbols	Nested Bracked Replacement: ）	https://st.unicode.org/v#/is//1fead4f36824848a
it	Italian	Latin	modern	moderate	n/a	[	Core Data	Alphabetic Information	Symbols	Nested Bracked Replacement: (	https://st.unicode.org/v#/it//5f07aaec0572deb9
it	Italian	Latin	modern	moderate	n/a	［	Core Data	Alphabetic Information	Symbols	Nested Bracked Replacement: （	https://st.unicode.org/v#/it//6b3f9432b6084428
it	Italian	Latin	modern	moderate	n/a	]	Core Data	Alphabetic Information	Symbols	Nested Bracked Replacement: )	https://st.unicode.org/v#/it//cca9090168552a5
it	Italian	Latin	modern	moderate	n/a	］	Core Data	Alphabetic Information	Symbols	Nested Bracked Replacement: ）	https://st.unicode.org/v#/it//1fead4f36824848a
ja	Japanese	Japanese	modern	moderate	n/a	[	Core Data	Alphabetic Information	Symbols	Nested Bracked Replacement: (	https://st.unicode.org/v#/ja//5f07aaec0572deb9
ja	Japanese	Japanese	modern	moderate	n/a	［	Core Data	Alphabetic Information	Symbols	Nested Bracked Replacement: （	https://st.unicode.org/v#/ja//6b3f9432b6084428
ja	Japanese	Japanese	modern	moderate	n/a	]	Core Data	Alphabetic Information	Symbols	Nested Bracked Replacement: )	https://st.unicode.org/v#/ja//cca9090168552a5
ja	Japanese	Japanese	modern	moderate	n/a	］	Core Data	Alphabetic Information	Symbols	Nested Bracked Replacement: ）	https://st.unicode.org/v#/ja//1fead4f36824848a
jv	Javanese	Latin	modern	moderate	n/a	[	Core Data	Alphabetic Information	Symbols	Nested Bracked Replacement: (	https://st.unicode.org/v#/jv//5f07aaec0572deb9
jv	Javanese	Latin	modern	moderate	n/a	［	Core Data	Alphabetic Information	Symbols	Nested Bracked Replacement: （	https://st.unicode.org/v#/jv//6b3f9432b6084428
jv	Javanese	Latin	modern	moderate	n/a	]	Core Data	Alphabetic Information	Symbols	Nested Bracked Replacement: )	https://st.unicode.org/v#/jv//cca9090168552a5
jv	Javanese	Latin	modern	moderate	n/a	］	Core Data	Alphabetic Information	Symbols	Nested Bracked Replacement: ）	https://st.unicode.org/v#/jv//1fead4f36824848a
ka	Georgian	Georgian	modern	moderate	n/a	[	Core Data	Alphabetic Information	Symbols	Nested Bracked Replacement: (	https://st.unicode.org/v#/ka//5f07aaec0572deb9
ka	Georgian	Georgian	modern	moderate	n/a	［	Core Data	Alphabetic Information	Symbols	Nested Bracked Replacement: （	https://st.unicode.org/v#/ka//6b3f9432b6084428
ka	Georgian	Georgian	modern	moderate	n/a	]	Core Data	Alphabetic Information	Symbols	Nested Bracked Replacement: )	https://st.unicode.org/v#/ka//cca9090168552a5
ka	Georgian	Georgian	modern	moderate	n/a	］	Core Data	Alphabetic Information	Symbols	Nested Bracked Replacement: ）	https://st.unicode.org/v#/ka//1fead4f36824848a
‡kgp	Kaingang	Latin	moderate	moderate	n/a	null	Locale Display Names	Territories (Europe)	Northern Europe	CQ	https://st.unicode.org/v#/kgp//7df36d3a79aacaf4
‡kgp	Kaingang	Latin	moderate	moderate	n/a	Osiỹno Ĩniko tỹ Tehitórijo Mritỹnĩku	Locale Display Names	Territories (Africa)	Eastern Africa	IO-biot	https://st.unicode.org/v#/kgp//5d5fdfb3f9090dae
‡kgp	Kaingang	Latin	moderate	moderate	n/a	Osiỹno Ĩniko tỹ Tehitórijo Mritỹnĩku	Locale Display Names	Territories (Africa)	Eastern Africa	IO-chagos	https://st.unicode.org/v#/kgp//417c7a965a4f3421
‡kgp	Kaingang	Latin	moderate	moderate	n/a	null	Locale Display Names	Keys	calendar	calendar-gregorian-core	https://st.unicode.org/v#/kgp//29c8990b1136ed5d
‡kgp	Kaingang	Latin	moderate	moderate	n/a	null	Locale Display Names	Keys	collation	collation-standard-core	https://st.unicode.org/v#/kgp//742a5266b9fe2f1
‡kgp	Kaingang	Latin	moderate	moderate	n/a	[	Core Data	Alphabetic Information	Symbols	Nested Bracked Replacement: (	https://st.unicode.org/v#/kgp//5f07aaec0572deb9
‡kgp	Kaingang	Latin	moderate	moderate	n/a	［	Core Data	Alphabetic Information	Symbols	Nested Bracked Replacement: （	https://st.unicode.org/v#/kgp//6b3f9432b6084428
‡kgp	Kaingang	Latin	moderate	moderate	n/a	]	Core Data	Alphabetic Information	Symbols	Nested Bracked Replacement: )	https://st.unicode.org/v#/kgp//cca9090168552a5
‡kgp	Kaingang	Latin	moderate	moderate	n/a	］	Core Data	Alphabetic Information	Symbols	Nested Bracked Replacement: ）	https://st.unicode.org/v#/kgp//1fead4f36824848a
‡kgp	Kaingang	Latin	moderate	moderate	n/a	{1} {0}	Date & Time	Generic	Formats - Standard - Date & Time Combination Formats	full-atTime	https://st.unicode.org/v#/kgp//684c7861e871aabd
‡kgp	Kaingang	Latin	moderate	moderate	n/a	{1} {0}	Date & Time	Generic	Formats - Standard - Date & Time Combination Formats	full-relative	https://st.unicode.org/v#/kgp//b8b55f00b0180a9
‡kgp	Kaingang	Latin	moderate	moderate	n/a	{1} {0}	Date & Time	Generic	Formats - Standard - Date & Time Combination Formats	long-atTime	https://st.unicode.org/v#/kgp//68d56b9b9ac13d3c
‡kgp	Kaingang	Latin	moderate	moderate	n/a	{1} {0}	Date & Time	Generic	Formats - Standard - Date & Time Combination Formats	long-relative	https://st.unicode.org/v#/kgp//449809cb91dbb281
‡kgp	Kaingang	Latin	moderate	moderate	n/a	{1} {0}	Date & Time	Generic	Formats - Standard - Date & Time Combination Formats	medium-atTime	https://st.unicode.org/v#/kgp//2c0d283f4538da0e
‡kgp	Kaingang	Latin	moderate	moderate	n/a	{1} {0}	Date & Time	Generic	Formats - Standard - Date & Time Combination Formats	medium-relative	https://st.unicode.org/v#/kgp//1c09da19b962fd5f
‡kgp	Kaingang	Latin	moderate	moderate	n/a	{1} {0}	Date & Time	Generic	Formats - Standard - Date & Time Combination Formats	short-atTime	https://st.unicode.org/v#/kgp//307554bf43a9b71c
‡kgp	Kaingang	Latin	moderate	moderate	n/a	{1} {0}	Date & Time	Generic	Formats - Standard - Date & Time Combination Formats	short-relative	https://st.unicode.org/v#/kgp//430829513e94c0e5
‡kgp	Kaingang	Latin	moderate	moderate	n/a	E h a	Date & Time	Generic	Formats - Flexible - 12 Hour Time Formats	Eh	https://st.unicode.org/v#/kgp//80e65b4cca5799
‡kgp	Kaingang	Latin	moderate	moderate	n/a	G y-MM	Date & Time	Generic	Formats - Flexible - Date Formats	GyM	https://st.unicode.org/v#/kgp//67d2a1ac024cf291
‡kgp	Kaingang	Latin	moderate	moderate	n/a	G y-MM-dd	Date & Time	Generic	Formats - Flexible - Date Formats	GyMd	https://st.unicode.org/v#/kgp//2460eb0ab964182f
‡kgp	Kaingang	Latin	moderate	moderate	n/a	G y-MM-dd, E	Date & Time	Generic	Formats - Flexible - Date Formats	GyMEd	https://st.unicode.org/v#/kgp//4304769b5de6924b
‡kgp	Kaingang	Latin	moderate	moderate	n/a	h a v	Date & Time	Generic	Formats - Flexible - 12 Hour Time Formats	hv	https://st.unicode.org/v#/kgp//3d7f877d23b667e0
‡kgp	Kaingang	Latin	moderate	moderate	n/a	HH v	Date & Time	Generic	Formats - Flexible - 24 Hour Time Formats	Hv	https://st.unicode.org/v#/kgp//6c886cedf4875d66
‡kgp	Kaingang	Latin	moderate	moderate	n/a	{1} {0}	Date & Time	Gregorian	Formats - Standard - Date & Time Combination Formats	full-atTime	https://st.unicode.org/v#/kgp//2d13c5d451e3bf53
‡kgp	Kaingang	Latin	moderate	moderate	n/a	{1} {0}	Date & Time	Gregorian	Formats - Standard - Date & Time Combination Formats	full-relative	https://st.unicode.org/v#/kgp//69aea48d4dcafa1c
‡kgp	Kaingang	Latin	moderate	moderate	n/a	{1} {0}	Date & Time	Gregorian	Formats - Standard - Date & Time Combination Formats	long-atTime	https://st.unicode.org/v#/kgp//1eb22f6111d66f88
‡kgp	Kaingang	Latin	moderate	moderate	n/a	{1} {0}	Date & Time	Gregorian	Formats - Standard - Date & Time Combination Formats	long-relative	https://st.unicode.org/v#/kgp//4704ea450f1ac1c7
‡kgp	Kaingang	Latin	moderate	moderate	n/a	{1} {0}	Date & Time	Gregorian	Formats - Standard - Date & Time Combination Formats	medium-atTime	https://st.unicode.org/v#/kgp//43da060150c3ffc1
‡kgp	Kaingang	Latin	moderate	moderate	n/a	{1} {0}	Date & Time	Gregorian	Formats - Standard - Date & Time Combination Formats	medium-relative	https://st.unicode.org/v#/kgp//1b31e46c02586a17
‡kgp	Kaingang	Latin	moderate	moderate	n/a	{1} {0}	Date & Time	Gregorian	Formats - Standard - Date & Time Combination Formats	short-atTime	https://st.unicode.org/v#/kgp//41c6220a73c6b71a
‡kgp	Kaingang	Latin	moderate	moderate	n/a	{1} {0}	Date & Time	Gregorian	Formats - Standard - Date & Time Combination Formats	short-relative	https://st.unicode.org/v#/kgp//61ddc9a418010f71
‡kgp	Kaingang	Latin	moderate	moderate	n/a	E h B	Date & Time	Gregorian	Formats - Flexible - 12 Hour Time Formats	EBh	https://st.unicode.org/v#/kgp//2b8bb64fac2acfc3
‡kgp	Kaingang	Latin	moderate	moderate	n/a	E h a	Date & Time	Gregorian	Formats - Flexible - 12 Hour Time Formats	Eh	https://st.unicode.org/v#/kgp//f3b6f1e799dc395
‡kgp	Kaingang	Latin	moderate	moderate	n/a	G y-MM	Date & Time	Gregorian	Formats - Flexible - Date Formats	GyM	https://st.unicode.org/v#/kgp//6d3920cb38c6376
‡kgp	Kaingang	Latin	moderate	moderate	n/a	G y-MM-dd	Date & Time	Gregorian	Formats - Flexible - Date Formats	GyMd	https://st.unicode.org/v#/kgp//720b48090ba506b2
‡kgp	Kaingang	Latin	moderate	moderate	n/a	G y-MM-dd, E	Date & Time	Gregorian	Formats - Flexible - Date Formats	GyMEd	https://st.unicode.org/v#/kgp//3c9a947bdffca050
‡kgp	Kaingang	Latin	moderate	moderate	n/a	h a v	Date & Time	Gregorian	Formats - Flexible - 12 Hour Time Formats	hv	https://st.unicode.org/v#/kgp//e119c296a55debd
‡kgp	Kaingang	Latin	moderate	moderate	n/a	HH v	Date & Time	Gregorian	Formats - Flexible - 24 Hour Time Formats	Hv	https://st.unicode.org/v#/kgp//e9e82d88304c79f
‡kgp	Kaingang	Latin	moderate	moderate	n/a	GMT+?	Timezones	Timezone Display Patterns	null	GMT Unknown Format	https://st.unicode.org/v#/kgp//bbbadb93fde127
‡kgp	Kaingang	Latin	moderate	moderate	n/a	null	Timezones	Central Asia	Kazakhstan	standard-long	https://st.unicode.org/v#/kgp//1bac5ed79b7fa428
‡kgp	Kaingang	Latin	moderate	moderate	n/a	null	Timezones	North America	Yukon	standard-long	https://st.unicode.org/v#/kgp//5a474fd785a80c35
‡kgp	Kaingang	Latin	moderate	moderate	n/a	~	Numbers	Symbols	Symbols 	approximatelySign	https://st.unicode.org/v#/kgp//69689fb86ae60444
‡kgp	Kaingang	Latin	moderate	moderate	n/a	¤ #,##0.00	Numbers	Number Formatting Patterns	Standard Patterns 	standard-currency-alphaNextToNumber	https://st.unicode.org/v#/kgp//6154e7673c3829ce
‡kgp	Kaingang	Latin	moderate	moderate	n/a	¤ #,##0.00	Numbers	Number Formatting Patterns	Standard Patterns 	accounting-currency-alphaNextToNumber	https://st.unicode.org/v#/kgp//7abd37d9426d5dfa
‡kgp	Kaingang	Latin	moderate	moderate	n/a	XCG	Currencies	North America (C)	Caribbean: Curaçao	XCG-name	https://st.unicode.org/v#/kgp//3dc582eba521f2ed
‡kgp	Kaingang	Latin	moderate	moderate	n/a	XCG	Currencies	North America (C)	Caribbean: Curaçao	XCG-name-other	https://st.unicode.org/v#/kgp//1d749fe766a5ff6b
‡kgp	Kaingang	Latin	moderate	moderate	n/a	ZWG	Currencies	Eastern Africa	Eastern Africa: Zimbabwe	ZWG-name	https://st.unicode.org/v#/kgp//597a8bf1d9abe2a5
‡kgp	Kaingang	Latin	moderate	moderate	n/a	ZWG	Currencies	Eastern Africa	Eastern Africa: Zimbabwe	ZWG-name-other	https://st.unicode.org/v#/kgp//47e96b4285144797
‡kgp	Kaingang	Latin	moderate	moderate	n/a	Osiỹno Ĩniko tỹ Tehitórijo Mritỹnĩku	Locale Display Names	Territories (Africa)	Eastern Africa	IO	https://st.unicode.org/v#/kgp//37586518da29ac68
‡kgp	Kaingang	Latin	moderate	moderate	n/a	#,##0.00	Numbers	Number Formatting Patterns	Standard Patterns 	standard-currency-noCurrency	https://st.unicode.org/v#/kgp//5e1a988d076003b6
‡kgp	Kaingang	Latin	moderate	moderate	n/a	#,##0.00	Numbers	Number Formatting Patterns	Standard Patterns 	accounting-currency-noCurrency	https://st.unicode.org/v#/kgp//5666b8876422ed2e
kk	Kazakh	Cyrillic	modern	moderate	n/a	[	Core Data	Alphabetic Information	Symbols	Nested Bracked Replacement: (	https://st.unicode.org/v#/kk//5f07aaec0572deb9
kk	Kazakh	Cyrillic	modern	moderate	n/a	［	Core Data	Alphabetic Information	Symbols	Nested Bracked Replacement: （	https://st.unicode.org/v#/kk//6b3f9432b6084428
kk	Kazakh	Cyrillic	modern	moderate	n/a	]	Core Data	Alphabetic Information	Symbols	Nested Bracked Replacement: )	https://st.unicode.org/v#/kk//cca9090168552a5
kk	Kazakh	Cyrillic	modern	moderate	n/a	］	Core Data	Alphabetic Information	Symbols	Nested Bracked Replacement: ）	https://st.unicode.org/v#/kk//1fead4f36824848a
km	Khmer	Khmer	modern	moderate	n/a	[	Core Data	Alphabetic Information	Symbols	Nested Bracked Replacement: (	https://st.unicode.org/v#/km//5f07aaec0572deb9
km	Khmer	Khmer	modern	moderate	n/a	［	Core Data	Alphabetic Information	Symbols	Nested Bracked Replacement: （	https://st.unicode.org/v#/km//6b3f9432b6084428
km	Khmer	Khmer	modern	moderate	n/a	]	Core Data	Alphabetic Information	Symbols	Nested Bracked Replacement: )	https://st.unicode.org/v#/km//cca9090168552a5
km	Khmer	Khmer	modern	moderate	n/a	］	Core Data	Alphabetic Information	Symbols	Nested Bracked Replacement: ）	https://st.unicode.org/v#/km//1fead4f36824848a
kn	Kannada	Kannada	modern	moderate	n/a	[	Core Data	Alphabetic Information	Symbols	Nested Bracked Replacement: (	https://st.unicode.org/v#/kn//5f07aaec0572deb9
kn	Kannada	Kannada	modern	moderate	n/a	［	Core Data	Alphabetic Information	Symbols	Nested Bracked Replacement: （	https://st.unicode.org/v#/kn//6b3f9432b6084428
kn	Kannada	Kannada	modern	moderate	n/a	]	Core Data	Alphabetic Information	Symbols	Nested Bracked Replacement: )	https://st.unicode.org/v#/kn//cca9090168552a5
kn	Kannada	Kannada	modern	moderate	n/a	］	Core Data	Alphabetic Information	Symbols	Nested Bracked Replacement: ）	https://st.unicode.org/v#/kn//1fead4f36824848a
ko	Korean	Korean	modern	moderate	n/a	[	Core Data	Alphabetic Information	Symbols	Nested Bracked Replacement: (	https://st.unicode.org/v#/ko//5f07aaec0572deb9
ko	Korean	Korean	modern	moderate	n/a	［	Core Data	Alphabetic Information	Symbols	Nested Bracked Replacement: （	https://st.unicode.org/v#/ko//6b3f9432b6084428
ko	Korean	Korean	modern	moderate	n/a	]	Core Data	Alphabetic Information	Symbols	Nested Bracked Replacement: )	https://st.unicode.org/v#/ko//cca9090168552a5
ko	Korean	Korean	modern	moderate	n/a	］	Core Data	Alphabetic Information	Symbols	Nested Bracked Replacement: ）	https://st.unicode.org/v#/ko//1fead4f36824848a
kok	Konkani	Devanagari	modern	moderate	n/a	[	Core Data	Alphabetic Information	Symbols	Nested Bracked Replacement: (	https://st.unicode.org/v#/kok//5f07aaec0572deb9
kok	Konkani	Devanagari	modern	moderate	n/a	［	Core Data	Alphabetic Information	Symbols	Nested Bracked Replacement: （	https://st.unicode.org/v#/kok//6b3f9432b6084428
kok	Konkani	Devanagari	modern	moderate	n/a	]	Core Data	Alphabetic Information	Symbols	Nested Bracked Replacement: )	https://st.unicode.org/v#/kok//cca9090168552a5
kok	Konkani	Devanagari	modern	moderate	n/a	］	Core Data	Alphabetic Information	Symbols	Nested Bracked Replacement: ）	https://st.unicode.org/v#/kok//1fead4f36824848a
ky	Kyrgyz	Cyrillic	modern	moderate	n/a	[	Core Data	Alphabetic Information	Symbols	Nested Bracked Replacement: (	https://st.unicode.org/v#/ky//5f07aaec0572deb9
ky	Kyrgyz	Cyrillic	modern	moderate	n/a	［	Core Data	Alphabetic Information	Symbols	Nested Bracked Replacement: （	https://st.unicode.org/v#/ky//6b3f9432b6084428
ky	Kyrgyz	Cyrillic	modern	moderate	n/a	]	Core Data	Alphabetic Information	Symbols	Nested Bracked Replacement: )	https://st.unicode.org/v#/ky//cca9090168552a5
ky	Kyrgyz	Cyrillic	modern	moderate	n/a	］	Core Data	Alphabetic Information	Symbols	Nested Bracked Replacement: ）	https://st.unicode.org/v#/ky//1fead4f36824848a
lo	Lao	Lao	modern	moderate	n/a	[	Core Data	Alphabetic Information	Symbols	Nested Bracked Replacement: (	https://st.unicode.org/v#/lo//5f07aaec0572deb9
lo	Lao	Lao	modern	moderate	n/a	［	Core Data	Alphabetic Information	Symbols	Nested Bracked Replacement: （	https://st.unicode.org/v#/lo//6b3f9432b6084428
lo	Lao	Lao	modern	moderate	n/a	]	Core Data	Alphabetic Information	Symbols	Nested Bracked Replacement: )	https://st.unicode.org/v#/lo//cca9090168552a5
lo	Lao	Lao	modern	moderate	n/a	］	Core Data	Alphabetic Information	Symbols	Nested Bracked Replacement: ）	https://st.unicode.org/v#/lo//1fead4f36824848a
lo	Lao	Lao	modern	modern	n/a	E17-005	Characters	Animals & Nature	animal-marine	🫍 –keywords	https://st.unicode.org/v#/lo//677fb06c7558087f
lo	Lao	Lao	modern	modern	n/a	E17-005	Characters	Animals & Nature	animal-marine	🫍 -name	https://st.unicode.org/v#/lo//2ba8eb59a8870187
lt	Lithuanian	Latin	modern	moderate	n/a	[	Core Data	Alphabetic Information	Symbols	Nested Bracked Replacement: (	https://st.unicode.org/v#/lt//5f07aaec0572deb9
lt	Lithuanian	Latin	modern	moderate	n/a	［	Core Data	Alphabetic Information	Symbols	Nested Bracked Replacement: （	https://st.unicode.org/v#/lt//6b3f9432b6084428
lt	Lithuanian	Latin	modern	moderate	n/a	]	Core Data	Alphabetic Information	Symbols	Nested Bracked Replacement: )	https://st.unicode.org/v#/lt//cca9090168552a5
lt	Lithuanian	Latin	modern	moderate	n/a	］	Core Data	Alphabetic Information	Symbols	Nested Bracked Replacement: ）	https://st.unicode.org/v#/lt//1fead4f36824848a
lv	Latvian	Latin	modern	moderate	n/a	[	Core Data	Alphabetic Information	Symbols	Nested Bracked Replacement: (	https://st.unicode.org/v#/lv//5f07aaec0572deb9
lv	Latvian	Latin	modern	moderate	n/a	［	Core Data	Alphabetic Information	Symbols	Nested Bracked Replacement: （	https://st.unicode.org/v#/lv//6b3f9432b6084428
lv	Latvian	Latin	modern	moderate	n/a	]	Core Data	Alphabetic Information	Symbols	Nested Bracked Replacement: )	https://st.unicode.org/v#/lv//cca9090168552a5
lv	Latvian	Latin	modern	moderate	n/a	］	Core Data	Alphabetic Information	Symbols	Nested Bracked Replacement: ）	https://st.unicode.org/v#/lv//1fead4f36824848a
mi	Māori	Latin	moderate	moderate	n/a	[	Core Data	Alphabetic Information	Symbols	Nested Bracked Replacement: (	https://st.unicode.org/v#/mi//5f07aaec0572deb9
mi	Māori	Latin	moderate	moderate	n/a	［	Core Data	Alphabetic Information	Symbols	Nested Bracked Replacement: （	https://st.unicode.org/v#/mi//6b3f9432b6084428
mi	Māori	Latin	moderate	moderate	n/a	]	Core Data	Alphabetic Information	Symbols	Nested Bracked Replacement: )	https://st.unicode.org/v#/mi//cca9090168552a5
mi	Māori	Latin	moderate	moderate	n/a	］	Core Data	Alphabetic Information	Symbols	Nested Bracked Replacement: ）	https://st.unicode.org/v#/mi//1fead4f36824848a
mk	Macedonian	Cyrillic	modern	moderate	n/a	[	Core Data	Alphabetic Information	Symbols	Nested Bracked Replacement: (	https://st.unicode.org/v#/mk//5f07aaec0572deb9
mk	Macedonian	Cyrillic	modern	moderate	n/a	［	Core Data	Alphabetic Information	Symbols	Nested Bracked Replacement: （	https://st.unicode.org/v#/mk//6b3f9432b6084428
mk	Macedonian	Cyrillic	modern	moderate	n/a	]	Core Data	Alphabetic Information	Symbols	Nested Bracked Replacement: )	https://st.unicode.org/v#/mk//cca9090168552a5
mk	Macedonian	Cyrillic	modern	moderate	n/a	］	Core Data	Alphabetic Information	Symbols	Nested Bracked Replacement: ）	https://st.unicode.org/v#/mk//1fead4f36824848a
ml	Malayalam	Malayalam	modern	moderate	n/a	[	Core Data	Alphabetic Information	Symbols	Nested Bracked Replacement: (	https://st.unicode.org/v#/ml//5f07aaec0572deb9
ml	Malayalam	Malayalam	modern	moderate	n/a	［	Core Data	Alphabetic Information	Symbols	Nested Bracked Replacement: （	https://st.unicode.org/v#/ml//6b3f9432b6084428
ml	Malayalam	Malayalam	modern	moderate	n/a	]	Core Data	Alphabetic Information	Symbols	Nested Bracked Replacement: )	https://st.unicode.org/v#/ml//cca9090168552a5
ml	Malayalam	Malayalam	modern	moderate	n/a	］	Core Data	Alphabetic Information	Symbols	Nested Bracked Replacement: ）	https://st.unicode.org/v#/ml//1fead4f36824848a
mn	Mongolian	Cyrillic	modern	moderate	n/a	[	Core Data	Alphabetic Information	Symbols	Nested Bracked Replacement: (	https://st.unicode.org/v#/mn//5f07aaec0572deb9
mn	Mongolian	Cyrillic	modern	moderate	n/a	［	Core Data	Alphabetic Information	Symbols	Nested Bracked Replacement: （	https://st.unicode.org/v#/mn//6b3f9432b6084428
mn	Mongolian	Cyrillic	modern	moderate	n/a	]	Core Data	Alphabetic Information	Symbols	Nested Bracked Replacement: )	https://st.unicode.org/v#/mn//cca9090168552a5
mn	Mongolian	Cyrillic	modern	moderate	n/a	］	Core Data	Alphabetic Information	Symbols	Nested Bracked Replacement: ）	https://st.unicode.org/v#/mn//1fead4f36824848a
mr	Marathi	Devanagari	modern	moderate	n/a	[	Core Data	Alphabetic Information	Symbols	Nested Bracked Replacement: (	https://st.unicode.org/v#/mr//5f07aaec0572deb9
mr	Marathi	Devanagari	modern	moderate	n/a	［	Core Data	Alphabetic Information	Symbols	Nested Bracked Replacement: （	https://st.unicode.org/v#/mr//6b3f9432b6084428
mr	Marathi	Devanagari	modern	moderate	n/a	]	Core Data	Alphabetic Information	Symbols	Nested Bracked Replacement: )	https://st.unicode.org/v#/mr//cca9090168552a5
mr	Marathi	Devanagari	modern	moderate	n/a	］	Core Data	Alphabetic Information	Symbols	Nested Bracked Replacement: ）	https://st.unicode.org/v#/mr//1fead4f36824848a
mr	Marathi	Devanagari	modern	modern	n/a	E10-978	Characters	Emoji Symbols	transport-sign	🚾 –keywords	https://st.unicode.org/v#/mr//48fbfe1bac740f1d
mr	Marathi	Devanagari	modern	modern	n/a	E10-978	Characters	Emoji Symbols	transport-sign	🚾 -name	https://st.unicode.org/v#/mr//6fccea5242f41d0f
ms	Malay	Latin	modern	moderate	n/a	[	Core Data	Alphabetic Information	Symbols	Nested Bracked Replacement: (	https://st.unicode.org/v#/ms//5f07aaec0572deb9
ms	Malay	Latin	modern	moderate	n/a	［	Core Data	Alphabetic Information	Symbols	Nested Bracked Replacement: （	https://st.unicode.org/v#/ms//6b3f9432b6084428
ms	Malay	Latin	modern	moderate	n/a	]	Core Data	Alphabetic Information	Symbols	Nested Bracked Replacement: )	https://st.unicode.org/v#/ms//cca9090168552a5
ms	Malay	Latin	modern	moderate	n/a	］	Core Data	Alphabetic Information	Symbols	Nested Bracked Replacement: ）	https://st.unicode.org/v#/ms//1fead4f36824848a
my	Burmese	Myanmar	modern	moderate	n/a	[	Core Data	Alphabetic Information	Symbols	Nested Bracked Replacement: (	https://st.unicode.org/v#/my//5f07aaec0572deb9
my	Burmese	Myanmar	modern	moderate	n/a	［	Core Data	Alphabetic Information	Symbols	Nested Bracked Replacement: （	https://st.unicode.org/v#/my//6b3f9432b6084428
my	Burmese	Myanmar	modern	moderate	n/a	]	Core Data	Alphabetic Information	Symbols	Nested Bracked Replacement: )	https://st.unicode.org/v#/my//cca9090168552a5
my	Burmese	Myanmar	modern	moderate	n/a	］	Core Data	Alphabetic Information	Symbols	Nested Bracked Replacement: ）	https://st.unicode.org/v#/my//1fead4f36824848a
ne	Nepali	Devanagari	modern	moderate	n/a	[	Core Data	Alphabetic Information	Symbols	Nested Bracked Replacement: (	https://st.unicode.org/v#/ne//5f07aaec0572deb9
ne	Nepali	Devanagari	modern	moderate	n/a	［	Core Data	Alphabetic Information	Symbols	Nested Bracked Replacement: （	https://st.unicode.org/v#/ne//6b3f9432b6084428
ne	Nepali	Devanagari	modern	moderate	n/a	]	Core Data	Alphabetic Information	Symbols	Nested Bracked Replacement: )	https://st.unicode.org/v#/ne//cca9090168552a5
ne	Nepali	Devanagari	modern	moderate	n/a	］	Core Data	Alphabetic Information	Symbols	Nested Bracked Replacement: ）	https://st.unicode.org/v#/ne//1fead4f36824848a
nl	Dutch	Latin	modern	moderate	n/a	[	Core Data	Alphabetic Information	Symbols	Nested Bracked Replacement: (	https://st.unicode.org/v#/nl//5f07aaec0572deb9
nl	Dutch	Latin	modern	moderate	n/a	［	Core Data	Alphabetic Information	Symbols	Nested Bracked Replacement: （	https://st.unicode.org/v#/nl//6b3f9432b6084428
nl	Dutch	Latin	modern	moderate	n/a	]	Core Data	Alphabetic Information	Symbols	Nested Bracked Replacement: )	https://st.unicode.org/v#/nl//cca9090168552a5
nl	Dutch	Latin	modern	moderate	n/a	］	Core Data	Alphabetic Information	Symbols	Nested Bracked Replacement: ）	https://st.unicode.org/v#/nl//1fead4f36824848a
nn	Norwegian Nynorsk	Latin	modern	modern	n/a	hijri (tabell, sivil)	Locale Display Names	Keys	calendar	calendar-islamic-civil-core	https://st.unicode.org/v#/nn//381a0d0c8482c89b
nn	Norwegian Nynorsk	Latin	modern	modern	n/a	skattkiste	Characters	Objects2	money	🪎 -name	https://st.unicode.org/v#/nn//4743f6c961bdc6cd
no	Norwegian	Latin	modern	moderate	n/a	[	Core Data	Alphabetic Information	Symbols	Nested Bracked Replacement: (	https://st.unicode.org/v#/no//5f07aaec0572deb9
no	Norwegian	Latin	modern	moderate	n/a	［	Core Data	Alphabetic Information	Symbols	Nested Bracked Replacement: （	https://st.unicode.org/v#/no//6b3f9432b6084428
no	Norwegian	Latin	modern	moderate	n/a	]	Core Data	Alphabetic Information	Symbols	Nested Bracked Replacement: )	https://st.unicode.org/v#/no//cca9090168552a5
no	Norwegian	Latin	modern	moderate	n/a	］	Core Data	Alphabetic Information	Symbols	Nested Bracked Replacement: ）	https://st.unicode.org/v#/no//1fead4f36824848a
or	Odia	Odia	modern	moderate	n/a	[	Core Data	Alphabetic Information	Symbols	Nested Bracked Replacement: (	https://st.unicode.org/v#/or//5f07aaec0572deb9
or	Odia	Odia	modern	moderate	n/a	［	Core Data	Alphabetic Information	Symbols	Nested Bracked Replacement: （	https://st.unicode.org/v#/or//6b3f9432b6084428
or	Odia	Odia	modern	moderate	n/a	]	Core Data	Alphabetic Information	Symbols	Nested Bracked Replacement: )	https://st.unicode.org/v#/or//cca9090168552a5
or	Odia	Odia	modern	moderate	n/a	］	Core Data	Alphabetic Information	Symbols	Nested Bracked Replacement: ）	https://st.unicode.org/v#/or//1fead4f36824848a
pa	Punjabi	Gurmukhi	modern	moderate	n/a	[	Core Data	Alphabetic Information	Symbols	Nested Bracked Replacement: (	https://st.unicode.org/v#/pa//5f07aaec0572deb9
pa	Punjabi	Gurmukhi	modern	moderate	n/a	［	Core Data	Alphabetic Information	Symbols	Nested Bracked Replacement: （	https://st.unicode.org/v#/pa//6b3f9432b6084428
pa	Punjabi	Gurmukhi	modern	moderate	n/a	]	Core Data	Alphabetic Information	Symbols	Nested Bracked Replacement: )	https://st.unicode.org/v#/pa//cca9090168552a5
pa	Punjabi	Gurmukhi	modern	moderate	n/a	］	Core Data	Alphabetic Information	Symbols	Nested Bracked Replacement: ）	https://st.unicode.org/v#/pa//1fead4f36824848a
pcm	Nigerian Pidgin	Latin	modern	moderate	n/a	[	Core Data	Alphabetic Information	Symbols	Nested Bracked Replacement: (	https://st.unicode.org/v#/pcm//5f07aaec0572deb9
pcm	Nigerian Pidgin	Latin	modern	moderate	n/a	［	Core Data	Alphabetic Information	Symbols	Nested Bracked Replacement: （	https://st.unicode.org/v#/pcm//6b3f9432b6084428
pcm	Nigerian Pidgin	Latin	modern	moderate	n/a	]	Core Data	Alphabetic Information	Symbols	Nested Bracked Replacement: )	https://st.unicode.org/v#/pcm//cca9090168552a5
pcm	Nigerian Pidgin	Latin	modern	moderate	n/a	］	Core Data	Alphabetic Information	Symbols	Nested Bracked Replacement: ）	https://st.unicode.org/v#/pcm//1fead4f36824848a
pl	Polish	Latin	modern	moderate	n/a	[	Core Data	Alphabetic Information	Symbols	Nested Bracked Replacement: (	https://st.unicode.org/v#/pl//5f07aaec0572deb9
pl	Polish	Latin	modern	moderate	n/a	［	Core Data	Alphabetic Information	Symbols	Nested Bracked Replacement: （	https://st.unicode.org/v#/pl//6b3f9432b6084428
pl	Polish	Latin	modern	moderate	n/a	]	Core Data	Alphabetic Information	Symbols	Nested Bracked Replacement: )	https://st.unicode.org/v#/pl//cca9090168552a5
pl	Polish	Latin	modern	moderate	n/a	］	Core Data	Alphabetic Information	Symbols	Nested Bracked Replacement: ）	https://st.unicode.org/v#/pl//1fead4f36824848a
ps	Pashto	Arabic	modern	moderate	n/a	[	Core Data	Alphabetic Information	Symbols	Nested Bracked Replacement: (	https://st.unicode.org/v#/ps//5f07aaec0572deb9
ps	Pashto	Arabic	modern	moderate	n/a	［	Core Data	Alphabetic Information	Symbols	Nested Bracked Replacement: （	https://st.unicode.org/v#/ps//6b3f9432b6084428
ps	Pashto	Arabic	modern	moderate	n/a	]	Core Data	Alphabetic Information	Symbols	Nested Bracked Replacement: )	https://st.unicode.org/v#/ps//cca9090168552a5
ps	Pashto	Arabic	modern	moderate	n/a	］	Core Data	Alphabetic Information	Symbols	Nested Bracked Replacement: ）	https://st.unicode.org/v#/ps//1fead4f36824848a
pt	Portuguese	Latin	modern	moderate	n/a	[	Core Data	Alphabetic Information	Symbols	Nested Bracked Replacement: (	https://st.unicode.org/v#/pt//5f07aaec0572deb9
pt	Portuguese	Latin	modern	moderate	n/a	［	Core Data	Alphabetic Information	Symbols	Nested Bracked Replacement: （	https://st.unicode.org/v#/pt//6b3f9432b6084428
pt	Portuguese	Latin	modern	moderate	n/a	]	Core Data	Alphabetic Information	Symbols	Nested Bracked Replacement: )	https://st.unicode.org/v#/pt//cca9090168552a5
pt	Portuguese	Latin	modern	moderate	n/a	］	Core Data	Alphabetic Information	Symbols	Nested Bracked Replacement: ）	https://st.unicode.org/v#/pt//1fead4f36824848a
‡qu	Quechua	Latin	modern	moderate	n/a	[	Core Data	Alphabetic Information	Symbols	Nested Bracked Replacement: (	https://st.unicode.org/v#/qu//5f07aaec0572deb9
‡qu	Quechua	Latin	modern	moderate	n/a	［	Core Data	Alphabetic Information	Symbols	Nested Bracked Replacement: （	https://st.unicode.org/v#/qu//6b3f9432b6084428
‡qu	Quechua	Latin	modern	moderate	n/a	]	Core Data	Alphabetic Information	Symbols	Nested Bracked Replacement: )	https://st.unicode.org/v#/qu//cca9090168552a5
‡qu	Quechua	Latin	modern	moderate	n/a	］	Core Data	Alphabetic Information	Symbols	Nested Bracked Replacement: ）	https://st.unicode.org/v#/qu//1fead4f36824848a
‡qu	Quechua	Latin	modern	modern	n/a	E10-631	Characters	Travel & Places 2	transport-air	💺 –keywords	https://st.unicode.org/v#/qu//37240c9e73be250b
‡qu	Quechua	Latin	modern	modern	n/a	E10-631	Characters	Travel & Places 2	transport-air	💺 -name	https://st.unicode.org/v#/qu//6f5d73bd76f8f28e
‡qu	Quechua	Latin	modern	modern	n/a	E10-675	Characters	Objects2	mail	📦 –keywords	https://st.unicode.org/v#/qu//70890f2d876db4c
‡qu	Quechua	Latin	modern	modern	n/a	E10-675	Characters	Objects2	mail	📦 -name	https://st.unicode.org/v#/qu//9dd517e70ae6d28
ro	Romanian	Latin	modern	moderate	n/a	[	Core Data	Alphabetic Information	Symbols	Nested Bracked Replacement: (	https://st.unicode.org/v#/ro//5f07aaec0572deb9
ro	Romanian	Latin	modern	moderate	n/a	［	Core Data	Alphabetic Information	Symbols	Nested Bracked Replacement: （	https://st.unicode.org/v#/ro//6b3f9432b6084428
ro	Romanian	Latin	modern	moderate	n/a	]	Core Data	Alphabetic Information	Symbols	Nested Bracked Replacement: )	https://st.unicode.org/v#/ro//cca9090168552a5
ro	Romanian	Latin	modern	moderate	n/a	］	Core Data	Alphabetic Information	Symbols	Nested Bracked Replacement: ）	https://st.unicode.org/v#/ro//1fead4f36824848a
ru	Russian	Cyrillic	modern	moderate	n/a	[	Core Data	Alphabetic Information	Symbols	Nested Bracked Replacement: (	https://st.unicode.org/v#/ru//5f07aaec0572deb9
ru	Russian	Cyrillic	modern	moderate	n/a	［	Core Data	Alphabetic Information	Symbols	Nested Bracked Replacement: （	https://st.unicode.org/v#/ru//6b3f9432b6084428
ru	Russian	Cyrillic	modern	moderate	n/a	]	Core Data	Alphabetic Information	Symbols	Nested Bracked Replacement: )	https://st.unicode.org/v#/ru//cca9090168552a5
ru	Russian	Cyrillic	modern	moderate	n/a	］	Core Data	Alphabetic Information	Symbols	Nested Bracked Replacement: ）	https://st.unicode.org/v#/ru//1fead4f36824848a
‡sc	Sardinian	Latin	moderate	moderate	n/a	[	Core Data	Alphabetic Information	Symbols	Nested Bracked Replacement: (	https://st.unicode.org/v#/sc//5f07aaec0572deb9
‡sc	Sardinian	Latin	moderate	moderate	n/a	［	Core Data	Alphabetic Information	Symbols	Nested Bracked Replacement: （	https://st.unicode.org/v#/sc//6b3f9432b6084428
‡sc	Sardinian	Latin	moderate	moderate	n/a	]	Core Data	Alphabetic Information	Symbols	Nested Bracked Replacement: )	https://st.unicode.org/v#/sc//cca9090168552a5
‡sc	Sardinian	Latin	moderate	moderate	n/a	］	Core Data	Alphabetic Information	Symbols	Nested Bracked Replacement: ）	https://st.unicode.org/v#/sc//1fead4f36824848a
‡sc	Sardinian	Latin	moderate	moderate	n/a	ZWG	Currencies	Eastern Africa	Eastern Africa: Zimbabwe	ZWG-name	https://st.unicode.org/v#/sc//597a8bf1d9abe2a5
‡sc	Sardinian	Latin	moderate	moderate	n/a	ZWG	Currencies	Eastern Africa	Eastern Africa: Zimbabwe	ZWG-name-one	https://st.unicode.org/v#/sc//41cdc22e8246299b
‡sc	Sardinian	Latin	moderate	moderate	n/a	ZWG	Currencies	Eastern Africa	Eastern Africa: Zimbabwe	ZWG-name-other	https://st.unicode.org/v#/sc//47e96b4285144797
sd	Sindhi	Arabic	modern	moderate	n/a	[	Core Data	Alphabetic Information	Symbols	Nested Bracked Replacement: (	https://st.unicode.org/v#/sd//5f07aaec0572deb9
sd	Sindhi	Arabic	modern	moderate	n/a	［	Core Data	Alphabetic Information	Symbols	Nested Bracked Replacement: （	https://st.unicode.org/v#/sd//6b3f9432b6084428
sd	Sindhi	Arabic	modern	moderate	n/a	]	Core Data	Alphabetic Information	Symbols	Nested Bracked Replacement: )	https://st.unicode.org/v#/sd//cca9090168552a5
sd	Sindhi	Arabic	modern	moderate	n/a	］	Core Data	Alphabetic Information	Symbols	Nested Bracked Replacement: ）	https://st.unicode.org/v#/sd//1fead4f36824848a
si	Sinhala	Sinhala	modern	moderate	n/a	[	Core Data	Alphabetic Information	Symbols	Nested Bracked Replacement: (	https://st.unicode.org/v#/si//5f07aaec0572deb9
si	Sinhala	Sinhala	modern	moderate	n/a	［	Core Data	Alphabetic Information	Symbols	Nested Bracked Replacement: （	https://st.unicode.org/v#/si//6b3f9432b6084428
si	Sinhala	Sinhala	modern	moderate	n/a	]	Core Data	Alphabetic Information	Symbols	Nested Bracked Replacement: )	https://st.unicode.org/v#/si//cca9090168552a5
si	Sinhala	Sinhala	modern	moderate	n/a	］	Core Data	Alphabetic Information	Symbols	Nested Bracked Replacement: ）	https://st.unicode.org/v#/si//1fead4f36824848a
sk	Slovak	Latin	modern	moderate	n/a	[	Core Data	Alphabetic Information	Symbols	Nested Bracked Replacement: (	https://st.unicode.org/v#/sk//5f07aaec0572deb9
sk	Slovak	Latin	modern	moderate	n/a	［	Core Data	Alphabetic Information	Symbols	Nested Bracked Replacement: （	https://st.unicode.org/v#/sk//6b3f9432b6084428
sk	Slovak	Latin	modern	moderate	n/a	]	Core Data	Alphabetic Information	Symbols	Nested Bracked Replacement: )	https://st.unicode.org/v#/sk//cca9090168552a5
sk	Slovak	Latin	modern	moderate	n/a	］	Core Data	Alphabetic Information	Symbols	Nested Bracked Replacement: ）	https://st.unicode.org/v#/sk//1fead4f36824848a
sl	Slovenian	Latin	modern	moderate	n/a	[	Core Data	Alphabetic Information	Symbols	Nested Bracked Replacement: (	https://st.unicode.org/v#/sl//5f07aaec0572deb9
sl	Slovenian	Latin	modern	moderate	n/a	［	Core Data	Alphabetic Information	Symbols	Nested Bracked Replacement: （	https://st.unicode.org/v#/sl//6b3f9432b6084428
sl	Slovenian	Latin	modern	moderate	n/a	]	Core Data	Alphabetic Information	Symbols	Nested Bracked Replacement: )	https://st.unicode.org/v#/sl//cca9090168552a5
sl	Slovenian	Latin	modern	moderate	n/a	］	Core Data	Alphabetic Information	Symbols	Nested Bracked Replacement: ）	https://st.unicode.org/v#/sl//1fead4f36824848a
sl	Slovenian	Latin	modern	modern	n/a	E17-001	Characters	Smileys & Emotion	face-concerned	🫪 –keywords	https://st.unicode.org/v#/sl//61afaaef5b9cda0
sl	Slovenian	Latin	modern	modern	n/a	E17-001	Characters	Smileys & Emotion	face-concerned	🫪 -name	https://st.unicode.org/v#/sl//3c7130082660f529
so	Somali	Latin	modern	moderate	n/a	[	Core Data	Alphabetic Information	Symbols	Nested Bracked Replacement: (	https://st.unicode.org/v#/so//5f07aaec0572deb9
so	Somali	Latin	modern	moderate	n/a	［	Core Data	Alphabetic Information	Symbols	Nested Bracked Replacement: （	https://st.unicode.org/v#/so//6b3f9432b6084428
so	Somali	Latin	modern	moderate	n/a	]	Core Data	Alphabetic Information	Symbols	Nested Bracked Replacement: )	https://st.unicode.org/v#/so//cca9090168552a5
so	Somali	Latin	modern	moderate	n/a	］	Core Data	Alphabetic Information	Symbols	Nested Bracked Replacement: ）	https://st.unicode.org/v#/so//1fead4f36824848a
sq	Albanian	Latin	modern	moderate	n/a	[	Core Data	Alphabetic Information	Symbols	Nested Bracked Replacement: (	https://st.unicode.org/v#/sq//5f07aaec0572deb9
sq	Albanian	Latin	modern	moderate	n/a	［	Core Data	Alphabetic Information	Symbols	Nested Bracked Replacement: （	https://st.unicode.org/v#/sq//6b3f9432b6084428
sq	Albanian	Latin	modern	moderate	n/a	]	Core Data	Alphabetic Information	Symbols	Nested Bracked Replacement: )	https://st.unicode.org/v#/sq//cca9090168552a5
sq	Albanian	Latin	modern	moderate	n/a	］	Core Data	Alphabetic Information	Symbols	Nested Bracked Replacement: ）	https://st.unicode.org/v#/sq//1fead4f36824848a
sr	Serbian	Cyrillic	modern	moderate	n/a	[	Core Data	Alphabetic Information	Symbols	Nested Bracked Replacement: (	https://st.unicode.org/v#/sr//5f07aaec0572deb9
sr	Serbian	Cyrillic	modern	moderate	n/a	［	Core Data	Alphabetic Information	Symbols	Nested Bracked Replacement: （	https://st.unicode.org/v#/sr//6b3f9432b6084428
sr	Serbian	Cyrillic	modern	moderate	n/a	]	Core Data	Alphabetic Information	Symbols	Nested Bracked Replacement: )	https://st.unicode.org/v#/sr//cca9090168552a5
sr	Serbian	Cyrillic	modern	moderate	n/a	］	Core Data	Alphabetic Information	Symbols	Nested Bracked Replacement: ）	https://st.unicode.org/v#/sr//1fead4f36824848a
‡sr_Latn	Serbian (Latin)	Latin	modern	moderate	n/a	[	Core Data	Alphabetic Information	Symbols	Nested Bracked Replacement: (	https://st.unicode.org/v#/sr_Latn//5f07aaec0572deb9
‡sr_Latn	Serbian (Latin)	Latin	modern	moderate	n/a	［	Core Data	Alphabetic Information	Symbols	Nested Bracked Replacement: （	https://st.unicode.org/v#/sr_Latn//6b3f9432b6084428
‡sr_Latn	Serbian (Latin)	Latin	modern	moderate	n/a	]	Core Data	Alphabetic Information	Symbols	Nested Bracked Replacement: )	https://st.unicode.org/v#/sr_Latn//cca9090168552a5
‡sr_Latn	Serbian (Latin)	Latin	modern	moderate	n/a	］	Core Data	Alphabetic Information	Symbols	Nested Bracked Replacement: ）	https://st.unicode.org/v#/sr_Latn//1fead4f36824848a
sv	Swedish	Latin	modern	moderate	n/a	[	Core Data	Alphabetic Information	Symbols	Nested Bracked Replacement: (	https://st.unicode.org/v#/sv//5f07aaec0572deb9
sv	Swedish	Latin	modern	moderate	n/a	［	Core Data	Alphabetic Information	Symbols	Nested Bracked Replacement: （	https://st.unicode.org/v#/sv//6b3f9432b6084428
sv	Swedish	Latin	modern	moderate	n/a	]	Core Data	Alphabetic Information	Symbols	Nested Bracked Replacement: )	https://st.unicode.org/v#/sv//cca9090168552a5
sv	Swedish	Latin	modern	moderate	n/a	］	Core Data	Alphabetic Information	Symbols	Nested Bracked Replacement: ）	https://st.unicode.org/v#/sv//1fead4f36824848a
sw	Swahili	Latin	modern	moderate	n/a	[	Core Data	Alphabetic Information	Symbols	Nested Bracked Replacement: (	https://st.unicode.org/v#/sw//5f07aaec0572deb9
sw	Swahili	Latin	modern	moderate	n/a	［	Core Data	Alphabetic Information	Symbols	Nested Bracked Replacement: （	https://st.unicode.org/v#/sw//6b3f9432b6084428
sw	Swahili	Latin	modern	moderate	n/a	]	Core Data	Alphabetic Information	Symbols	Nested Bracked Replacement: )	https://st.unicode.org/v#/sw//cca9090168552a5
sw	Swahili	Latin	modern	moderate	n/a	］	Core Data	Alphabetic Information	Symbols	Nested Bracked Replacement: ）	https://st.unicode.org/v#/sw//1fead4f36824848a
sw	Swahili	Latin	modern	modern	n/a	E17-003	Characters	People & Body 2	person-fantasy	🫈 –keywords	https://st.unicode.org/v#/sw//1a9588718a22e0a1
sw	Swahili	Latin	modern	modern	n/a	E17-003	Characters	People & Body 2	person-fantasy	🫈 -name	https://st.unicode.org/v#/sw//74fb64216dfdd039
sw	Swahili	Latin	modern	modern	n/a	E17-005	Characters	Animals & Nature	animal-marine	🫍 –keywords	https://st.unicode.org/v#/sw//677fb06c7558087f
sw	Swahili	Latin	modern	modern	n/a	E17-005	Characters	Animals & Nature	animal-marine	🫍 -name	https://st.unicode.org/v#/sw//2ba8eb59a8870187
ta	Tamil	Tamil	modern	moderate	n/a	[	Core Data	Alphabetic Information	Symbols	Nested Bracked Replacement: (	https://st.unicode.org/v#/ta//5f07aaec0572deb9
ta	Tamil	Tamil	modern	moderate	n/a	［	Core Data	Alphabetic Information	Symbols	Nested Bracked Replacement: （	https://st.unicode.org/v#/ta//6b3f9432b6084428
ta	Tamil	Tamil	modern	moderate	n/a	]	Core Data	Alphabetic Information	Symbols	Nested Bracked Replacement: )	https://st.unicode.org/v#/ta//cca9090168552a5
ta	Tamil	Tamil	modern	moderate	n/a	］	Core Data	Alphabetic Information	Symbols	Nested Bracked Replacement: ）	https://st.unicode.org/v#/ta//1fead4f36824848a
te	Telugu	Telugu	modern	moderate	n/a	[	Core Data	Alphabetic Information	Symbols	Nested Bracked Replacement: (	https://st.unicode.org/v#/te//5f07aaec0572deb9
te	Telugu	Telugu	modern	moderate	n/a	［	Core Data	Alphabetic Information	Symbols	Nested Bracked Replacement: （	https://st.unicode.org/v#/te//6b3f9432b6084428
te	Telugu	Telugu	modern	moderate	n/a	]	Core Data	Alphabetic Information	Symbols	Nested Bracked Replacement: )	https://st.unicode.org/v#/te//cca9090168552a5
te	Telugu	Telugu	modern	moderate	n/a	］	Core Data	Alphabetic Information	Symbols	Nested Bracked Replacement: ）	https://st.unicode.org/v#/te//1fead4f36824848a
tg	Tajik	Cyrillic	moderate	moderate	n/a	[	Core Data	Alphabetic Information	Symbols	Nested Bracked Replacement: (	https://st.unicode.org/v#/tg//5f07aaec0572deb9
tg	Tajik	Cyrillic	moderate	moderate	n/a	［	Core Data	Alphabetic Information	Symbols	Nested Bracked Replacement: （	https://st.unicode.org/v#/tg//6b3f9432b6084428
tg	Tajik	Cyrillic	moderate	moderate	n/a	]	Core Data	Alphabetic Information	Symbols	Nested Bracked Replacement: )	https://st.unicode.org/v#/tg//cca9090168552a5
tg	Tajik	Cyrillic	moderate	moderate	n/a	］	Core Data	Alphabetic Information	Symbols	Nested Bracked Replacement: ）	https://st.unicode.org/v#/tg//1fead4f36824848a
th	Thai	Thai	modern	moderate	n/a	[	Core Data	Alphabetic Information	Symbols	Nested Bracked Replacement: (	https://st.unicode.org/v#/th//5f07aaec0572deb9
th	Thai	Thai	modern	moderate	n/a	［	Core Data	Alphabetic Information	Symbols	Nested Bracked Replacement: （	https://st.unicode.org/v#/th//6b3f9432b6084428
th	Thai	Thai	modern	moderate	n/a	]	Core Data	Alphabetic Information	Symbols	Nested Bracked Replacement: )	https://st.unicode.org/v#/th//cca9090168552a5
th	Thai	Thai	modern	moderate	n/a	］	Core Data	Alphabetic Information	Symbols	Nested Bracked Replacement: ）	https://st.unicode.org/v#/th//1fead4f36824848a
ti	Tigrinya	Ethiopic	moderate	moderate	n/a	[	Core Data	Alphabetic Information	Symbols	Nested Bracked Replacement: (	https://st.unicode.org/v#/ti//5f07aaec0572deb9
ti	Tigrinya	Ethiopic	moderate	moderate	n/a	［	Core Data	Alphabetic Information	Symbols	Nested Bracked Replacement: （	https://st.unicode.org/v#/ti//6b3f9432b6084428
ti	Tigrinya	Ethiopic	moderate	moderate	n/a	]	Core Data	Alphabetic Information	Symbols	Nested Bracked Replacement: )	https://st.unicode.org/v#/ti//cca9090168552a5
ti	Tigrinya	Ethiopic	moderate	moderate	n/a	］	Core Data	Alphabetic Information	Symbols	Nested Bracked Replacement: ）	https://st.unicode.org/v#/ti//1fead4f36824848a
tk	Turkmen	Latin	modern	moderate	n/a	[	Core Data	Alphabetic Information	Symbols	Nested Bracked Replacement: (	https://st.unicode.org/v#/tk//5f07aaec0572deb9
tk	Turkmen	Latin	modern	moderate	n/a	［	Core Data	Alphabetic Information	Symbols	Nested Bracked Replacement: （	https://st.unicode.org/v#/tk//6b3f9432b6084428
tk	Turkmen	Latin	modern	moderate	n/a	]	Core Data	Alphabetic Information	Symbols	Nested Bracked Replacement: )	https://st.unicode.org/v#/tk//cca9090168552a5
tk	Turkmen	Latin	modern	moderate	n/a	］	Core Data	Alphabetic Information	Symbols	Nested Bracked Replacement: ）	https://st.unicode.org/v#/tk//1fead4f36824848a
‡to	Tongan	Latin	moderate	moderate	n/a	null	Locale Display Names	Keys	calendar	calendar-gregorian-core	https://st.unicode.org/v#/to//29c8990b1136ed5d
‡to	Tongan	Latin	moderate	moderate	n/a	null	Locale Display Names	Keys	collation	collation-standard-core	https://st.unicode.org/v#/to//742a5266b9fe2f1
‡to	Tongan	Latin	moderate	moderate	n/a	[	Core Data	Alphabetic Information	Symbols	Nested Bracked Replacement: (	https://st.unicode.org/v#/to//5f07aaec0572deb9
‡to	Tongan	Latin	moderate	moderate	n/a	［	Core Data	Alphabetic Information	Symbols	Nested Bracked Replacement: （	https://st.unicode.org/v#/to//6b3f9432b6084428
‡to	Tongan	Latin	moderate	moderate	n/a	]	Core Data	Alphabetic Information	Symbols	Nested Bracked Replacement: )	https://st.unicode.org/v#/to//cca9090168552a5
‡to	Tongan	Latin	moderate	moderate	n/a	］	Core Data	Alphabetic Information	Symbols	Nested Bracked Replacement: ）	https://st.unicode.org/v#/to//1fead4f36824848a
‡to	Tongan	Latin	moderate	moderate	n/a	{1}, {0}	Date & Time	Generic	Formats - Standard - Date & Time Combination Formats	full-relative	https://st.unicode.org/v#/to//b8b55f00b0180a9
‡to	Tongan	Latin	moderate	moderate	n/a	{1}, {0}	Date & Time	Generic	Formats - Standard - Date & Time Combination Formats	long-relative	https://st.unicode.org/v#/to//449809cb91dbb281
‡to	Tongan	Latin	moderate	moderate	n/a	{1}, {0}	Date & Time	Generic	Formats - Standard - Date & Time Combination Formats	medium-relative	https://st.unicode.org/v#/to//1c09da19b962fd5f
‡to	Tongan	Latin	moderate	moderate	n/a	{1}, {0}	Date & Time	Generic	Formats - Standard - Date & Time Combination Formats	short-relative	https://st.unicode.org/v#/to//430829513e94c0e5
‡to	Tongan	Latin	moderate	moderate	n/a	E h a	Date & Time	Generic	Formats - Flexible - 12 Hour Time Formats	Eh	https://st.unicode.org/v#/to//80e65b4cca5799
‡to	Tongan	Latin	moderate	moderate	n/a	G y-MM	Date & Time	Generic	Formats - Flexible - Date Formats	GyM	https://st.unicode.org/v#/to//67d2a1ac024cf291
‡to	Tongan	Latin	moderate	moderate	n/a	G y-MM-dd, E	Date & Time	Generic	Formats - Flexible - Date Formats	GyMEd	https://st.unicode.org/v#/to//4304769b5de6924b
‡to	Tongan	Latin	moderate	moderate	n/a	h a v	Date & Time	Generic	Formats - Flexible - 12 Hour Time Formats	hv	https://st.unicode.org/v#/to//3d7f877d23b667e0
‡to	Tongan	Latin	moderate	moderate	n/a	HH v	Date & Time	Generic	Formats - Flexible - 24 Hour Time Formats	Hv	https://st.unicode.org/v#/to//6c886cedf4875d66
‡to	Tongan	Latin	moderate	moderate	n/a	{1}, {0}	Date & Time	Gregorian	Formats - Standard - Date & Time Combination Formats	full-relative	https://st.unicode.org/v#/to//69aea48d4dcafa1c
‡to	Tongan	Latin	moderate	moderate	n/a	{1}, {0}	Date & Time	Gregorian	Formats - Standard - Date & Time Combination Formats	long-relative	https://st.unicode.org/v#/to//4704ea450f1ac1c7
‡to	Tongan	Latin	moderate	moderate	n/a	{1}, {0}	Date & Time	Gregorian	Formats - Standard - Date & Time Combination Formats	medium-relative	https://st.unicode.org/v#/to//1b31e46c02586a17
‡to	Tongan	Latin	moderate	moderate	n/a	{1} {0}	Date & Time	Gregorian	Formats - Standard - Date & Time Combination Formats	short-relative	https://st.unicode.org/v#/to//61ddc9a418010f71
‡to	Tongan	Latin	moderate	moderate	n/a	E h B	Date & Time	Gregorian	Formats - Flexible - 12 Hour Time Formats	EBh	https://st.unicode.org/v#/to//2b8bb64fac2acfc3
‡to	Tongan	Latin	moderate	moderate	n/a	E h a	Date & Time	Gregorian	Formats - Flexible - 12 Hour Time Formats	Eh	https://st.unicode.org/v#/to//f3b6f1e799dc395
‡to	Tongan	Latin	moderate	moderate	n/a	G y-MM	Date & Time	Gregorian	Formats - Flexible - Date Formats	GyM	https://st.unicode.org/v#/to//6d3920cb38c6376
‡to	Tongan	Latin	moderate	moderate	n/a	G y-MM-dd, E	Date & Time	Gregorian	Formats - Flexible - Date Formats	GyMEd	https://st.unicode.org/v#/to//3c9a947bdffca050
‡to	Tongan	Latin	moderate	moderate	n/a	h a v	Date & Time	Gregorian	Formats - Flexible - 12 Hour Time Formats	hv	https://st.unicode.org/v#/to//e119c296a55debd
‡to	Tongan	Latin	moderate	moderate	n/a	HH v	Date & Time	Gregorian	Formats - Flexible - 24 Hour Time Formats	Hv	https://st.unicode.org/v#/to//e9e82d88304c79f
‡to	Tongan	Latin	moderate	moderate	n/a	GMT+?	Timezones	Timezone Display Patterns	null	GMT Unknown Format	https://st.unicode.org/v#/to//bbbadb93fde127
‡to	Tongan	Latin	moderate	moderate	n/a	¤ #,##0.00	Numbers	Number Formatting Patterns	Standard Patterns 	standard-currency-alphaNextToNumber	https://st.unicode.org/v#/to//6154e7673c3829ce
‡to	Tongan	Latin	moderate	moderate	n/a	¤ #,##0.00	Numbers	Number Formatting Patterns	Standard Patterns 	accounting-currency-alphaNextToNumber	https://st.unicode.org/v#/to//7abd37d9426d5dfa
‡to	Tongan	Latin	moderate	moderate	n/a	AED	Currencies	Western Asia (C)	Western Asia: United Arab Emirates	AED-name	https://st.unicode.org/v#/to//17d4e6f6de04303
‡to	Tongan	Latin	moderate	moderate	n/a	AED	Currencies	Western Asia (C)	Western Asia: United Arab Emirates	AED-name-other	https://st.unicode.org/v#/to//fc25f99c4635c72
‡to	Tongan	Latin	moderate	moderate	n/a	AFN	Currencies	Southern Asia (C)	Southern Asia: Afghanistan	AFN-name	https://st.unicode.org/v#/to//2143c475bfc49789
‡to	Tongan	Latin	moderate	moderate	n/a	AFN	Currencies	Southern Asia (C)	Southern Asia: Afghanistan	AFN-name-other	https://st.unicode.org/v#/to//273f773c35b87f71
‡to	Tongan	Latin	moderate	moderate	n/a	ALL	Currencies	Southern/Eastern Europe	Southern Europe: Albania	ALL-name	https://st.unicode.org/v#/to//1ce68db09f27168e
‡to	Tongan	Latin	moderate	moderate	n/a	ALL	Currencies	Southern/Eastern Europe	Southern Europe: Albania	ALL-name-other	https://st.unicode.org/v#/to//f6bed620b8beb7e
‡to	Tongan	Latin	moderate	moderate	n/a	AMD	Currencies	Western Asia (C)	Western Asia: Armenia	AMD-name	https://st.unicode.org/v#/to//18297165f42739ce
‡to	Tongan	Latin	moderate	moderate	n/a	AMD	Currencies	Western Asia (C)	Western Asia: Armenia	AMD-name-other	https://st.unicode.org/v#/to//248acb20005694b7
‡to	Tongan	Latin	moderate	moderate	n/a	ANG	Currencies	North America (C)	Caribbean: Netherlands Antilles: ANG (old)	ANG-name	https://st.unicode.org/v#/to//2fa097bfd08b05c6
‡to	Tongan	Latin	moderate	moderate	n/a	ANG	Currencies	North America (C)	Caribbean: Netherlands Antilles: ANG (old)	ANG-name-other	https://st.unicode.org/v#/to//584d29f39cc09fd6
‡to	Tongan	Latin	moderate	moderate	n/a	AOA	Currencies	Middle Africa	Middle Africa: Angola	AOA-name	https://st.unicode.org/v#/to//72351897bd713ef8
‡to	Tongan	Latin	moderate	moderate	n/a	AOA	Currencies	Middle Africa	Middle Africa: Angola	AOA-name-other	https://st.unicode.org/v#/to//5c5497e75f927e58
‡to	Tongan	Latin	moderate	moderate	n/a	ARS	Currencies	South America (C)	South America: Argentina	ARS-name	https://st.unicode.org/v#/to//29cc40c679e6357d
‡to	Tongan	Latin	moderate	moderate	n/a	ARS	Currencies	South America (C)	South America: Argentina	ARS-name-other	https://st.unicode.org/v#/to//5a22a27bff0bee86
‡to	Tongan	Latin	moderate	moderate	n/a	AWG	Currencies	North America (C)	Caribbean: Aruba	AWG-name	https://st.unicode.org/v#/to//3baefce3ed4a8693
‡to	Tongan	Latin	moderate	moderate	n/a	AWG	Currencies	North America (C)	Caribbean: Aruba	AWG-name-other	https://st.unicode.org/v#/to//5b9bb059570cff3
‡to	Tongan	Latin	moderate	moderate	n/a	AZN	Currencies	Western Asia (C)	Western Asia: Azerbaijan	AZN-name	https://st.unicode.org/v#/to//77b8c3e5586e1df9
‡to	Tongan	Latin	moderate	moderate	n/a	AZN	Currencies	Western Asia (C)	Western Asia: Azerbaijan	AZN-name-other	https://st.unicode.org/v#/to//12c8763115f6781b
‡to	Tongan	Latin	moderate	moderate	n/a	BAM	Currencies	Southern/Eastern Europe	Southern Europe: Bosnia & Herzegovina	BAM-name	https://st.unicode.org/v#/to//668f69fe857aa10e
‡to	Tongan	Latin	moderate	moderate	n/a	BAM	Currencies	Southern/Eastern Europe	Southern Europe: Bosnia & Herzegovina	BAM-name-other	https://st.unicode.org/v#/to//7059c57c6108edb4
‡to	Tongan	Latin	moderate	moderate	n/a	BBD	Currencies	North America (C)	Caribbean: Barbados	BBD-name	https://st.unicode.org/v#/to//5dd10a514bc04e9c
‡to	Tongan	Latin	moderate	moderate	n/a	BBD	Currencies	North America (C)	Caribbean: Barbados	BBD-name-other	https://st.unicode.org/v#/to//7f567380852f32f7
‡to	Tongan	Latin	moderate	moderate	n/a	BDT	Currencies	Southern Asia (C)	Southern Asia: Bangladesh	BDT-name	https://st.unicode.org/v#/to//6f73dc5b8778679
‡to	Tongan	Latin	moderate	moderate	n/a	BDT	Currencies	Southern Asia (C)	Southern Asia: Bangladesh	BDT-name-other	https://st.unicode.org/v#/to//7e800c0e24faa0b
‡to	Tongan	Latin	moderate	moderate	n/a	BGN	Currencies	Southern/Eastern Europe	Eastern Europe: Bulgaria: BGN (old)	BGN-name	https://st.unicode.org/v#/to//2a5738a06188dd09
‡to	Tongan	Latin	moderate	moderate	n/a	BGN	Currencies	Southern/Eastern Europe	Eastern Europe: Bulgaria: BGN (old)	BGN-name-other	https://st.unicode.org/v#/to//788350364fd22b46
‡to	Tongan	Latin	moderate	moderate	n/a	BHD	Currencies	Western Asia (C)	Western Asia: Bahrain	BHD-name	https://st.unicode.org/v#/to//6070425d4ecbab7d
‡to	Tongan	Latin	moderate	moderate	n/a	BHD	Currencies	Western Asia (C)	Western Asia: Bahrain	BHD-name-other	https://st.unicode.org/v#/to//5064a041f0381f43
‡to	Tongan	Latin	moderate	moderate	n/a	BIF	Currencies	Eastern Africa	Eastern Africa: Burundi	BIF-name	https://st.unicode.org/v#/to//62f6c9b0b2b720ee
‡to	Tongan	Latin	moderate	moderate	n/a	BIF	Currencies	Eastern Africa	Eastern Africa: Burundi	BIF-name-other	https://st.unicode.org/v#/to//7cd00a0b5471d2e0
‡to	Tongan	Latin	moderate	moderate	n/a	BMD	Currencies	North America (C)	Northern America: Bermuda	BMD-name	https://st.unicode.org/v#/to//56ef76ba1eaadf80
‡to	Tongan	Latin	moderate	moderate	n/a	BMD	Currencies	North America (C)	Northern America: Bermuda	BMD-name-other	https://st.unicode.org/v#/to//3a3ec1a0f4d3300b
‡to	Tongan	Latin	moderate	moderate	n/a	BND	Currencies	Southeast Asia (C)	Southeast Asia: Brunei	BND-name	https://st.unicode.org/v#/to//65e6786d67691d94
‡to	Tongan	Latin	moderate	moderate	n/a	BND	Currencies	Southeast Asia (C)	Southeast Asia: Brunei	BND-name-other	https://st.unicode.org/v#/to//194c1b97208a80c8
‡to	Tongan	Latin	moderate	moderate	n/a	BOB	Currencies	South America (C)	South America: Bolivia	BOB-name	https://st.unicode.org/v#/to//7c48ccfbe08394b7
‡to	Tongan	Latin	moderate	moderate	n/a	BOB	Currencies	South America (C)	South America: Bolivia	BOB-name-other	https://st.unicode.org/v#/to//2b210416349a8214
‡to	Tongan	Latin	moderate	moderate	n/a	BRL	Currencies	South America (C)	South America: Brazil	BRL-name	https://st.unicode.org/v#/to//42b92cc6fcad71da
‡to	Tongan	Latin	moderate	moderate	n/a	BRL	Currencies	South America (C)	South America: Brazil	BRL-name-other	https://st.unicode.org/v#/to//4b9cd8699b67c3b
‡to	Tongan	Latin	moderate	moderate	n/a	BSD	Currencies	North America (C)	Caribbean: Bahamas	BSD-name	https://st.unicode.org/v#/to//704da516fff5dbaa
‡to	Tongan	Latin	moderate	moderate	n/a	BSD	Currencies	North America (C)	Caribbean: Bahamas	BSD-name-other	https://st.unicode.org/v#/to//4ad43bd8b8cc70de
‡to	Tongan	Latin	moderate	moderate	n/a	BTN	Currencies	Southern Asia (C)	Southern Asia: Bhutan	BTN-name	https://st.unicode.org/v#/to//e5f3059a57dd7ec
‡to	Tongan	Latin	moderate	moderate	n/a	BTN	Currencies	Southern Asia (C)	Southern Asia: Bhutan	BTN-name-other	https://st.unicode.org/v#/to//b738acb7ba8b76d
‡to	Tongan	Latin	moderate	moderate	n/a	BWP	Currencies	Southern Africa	Southern Africa: Botswana	BWP-name	https://st.unicode.org/v#/to//1cb5cb416d226ab9
‡to	Tongan	Latin	moderate	moderate	n/a	BWP	Currencies	Southern Africa	Southern Africa: Botswana	BWP-name-other	https://st.unicode.org/v#/to//5e95c28352bc7fc8
‡to	Tongan	Latin	moderate	moderate	n/a	BYN	Currencies	Southern/Eastern Europe	Eastern Europe: Belarus	BYN-name	https://st.unicode.org/v#/to//6a2b565cfa0d2c8d
‡to	Tongan	Latin	moderate	moderate	n/a	BYN	Currencies	Southern/Eastern Europe	Eastern Europe: Belarus	BYN-name-other	https://st.unicode.org/v#/to//12f6b7c92038fe46
‡to	Tongan	Latin	moderate	moderate	n/a	BZD	Currencies	North America (C)	Central America: Belize	BZD-name	https://st.unicode.org/v#/to//27e10f3312c9bad0
‡to	Tongan	Latin	moderate	moderate	n/a	BZD	Currencies	North America (C)	Central America: Belize	BZD-name-other	https://st.unicode.org/v#/to//2eb3e7637b8109aa
‡to	Tongan	Latin	moderate	moderate	n/a	CAD	Currencies	North America (C)	Northern America: Canada	CAD-name	https://st.unicode.org/v#/to//784498f5498cb8
‡to	Tongan	Latin	moderate	moderate	n/a	CAD	Currencies	North America (C)	Northern America: Canada	CAD-name-other	https://st.unicode.org/v#/to//1e05375ecaacdaf
‡to	Tongan	Latin	moderate	moderate	n/a	CDF	Currencies	Middle Africa	Middle Africa: Congo - Kinshasa	CDF-name	https://st.unicode.org/v#/to//4891018be455cc69
‡to	Tongan	Latin	moderate	moderate	n/a	CDF	Currencies	Middle Africa	Middle Africa: Congo - Kinshasa	CDF-name-other	https://st.unicode.org/v#/to//9b56f355867e213
‡to	Tongan	Latin	moderate	moderate	n/a	CHF	Currencies	Northern/Western Europe	Western Europe: Switzerland	CHF-name	https://st.unicode.org/v#/to//2e6c5e67ace2d8d8
‡to	Tongan	Latin	moderate	moderate	n/a	CHF	Currencies	Northern/Western Europe	Western Europe: Switzerland	CHF-name-other	https://st.unicode.org/v#/to//8a400d99485752f
‡to	Tongan	Latin	moderate	moderate	n/a	CLP	Currencies	South America (C)	South America: Chile	CLP-name	https://st.unicode.org/v#/to//63fa409e427a9e2f
‡to	Tongan	Latin	moderate	moderate	n/a	CLP	Currencies	South America (C)	South America: Chile	CLP-name-other	https://st.unicode.org/v#/to//5e626d29b1fb7152
‡to	Tongan	Latin	moderate	moderate	n/a	CNH	Currencies	Eastern Asia (C)	Eastern Asia: China: CNH (offshore)	CNH-name	https://st.unicode.org/v#/to//7b0abdabba2d296b
‡to	Tongan	Latin	moderate	moderate	n/a	CNH	Currencies	Eastern Asia (C)	Eastern Asia: China: CNH (offshore)	CNH-name-other	https://st.unicode.org/v#/to//5d6b36f22c5a1078
‡to	Tongan	Latin	moderate	moderate	n/a	CNY	Currencies	Eastern Asia (C)	Eastern Asia: China	CNY-name	https://st.unicode.org/v#/to//7ee3078a07b28c67
‡to	Tongan	Latin	moderate	moderate	n/a	CNY	Currencies	Eastern Asia (C)	Eastern Asia: China	CNY-name-other	https://st.unicode.org/v#/to//7635ad6b68b27469
‡to	Tongan	Latin	moderate	moderate	n/a	COP	Currencies	South America (C)	South America: Colombia	COP-name	https://st.unicode.org/v#/to//4384816445e152e3
‡to	Tongan	Latin	moderate	moderate	n/a	COP	Currencies	South America (C)	South America: Colombia	COP-name-other	https://st.unicode.org/v#/to//7bb4b3b26acf5143
‡to	Tongan	Latin	moderate	moderate	n/a	CRC	Currencies	North America (C)	Central America: Costa Rica	CRC-name	https://st.unicode.org/v#/to//1d10ba30f259ab9a
‡to	Tongan	Latin	moderate	moderate	n/a	CRC	Currencies	North America (C)	Central America: Costa Rica	CRC-name-other	https://st.unicode.org/v#/to//6a88b69a674802bf
‡to	Tongan	Latin	moderate	moderate	n/a	CUC	Currencies	North America (C)	Caribbean: Cuba: CUC (old)	CUC-name	https://st.unicode.org/v#/to//6707f837facdba68
‡to	Tongan	Latin	moderate	moderate	n/a	CUC	Currencies	North America (C)	Caribbean: Cuba: CUC (old)	CUC-name-other	https://st.unicode.org/v#/to//3b0e0a11de7dc6a1
‡to	Tongan	Latin	moderate	moderate	n/a	CUP	Currencies	North America (C)	Caribbean: Cuba	CUP-name	https://st.unicode.org/v#/to//edaebdc38fc8a84
‡to	Tongan	Latin	moderate	moderate	n/a	CUP	Currencies	North America (C)	Caribbean: Cuba	CUP-name-other	https://st.unicode.org/v#/to//2de1f52c2f4d8d2e
‡to	Tongan	Latin	moderate	moderate	n/a	CVE	Currencies	Western Africa	Western Africa: Cape Verde	CVE-name	https://st.unicode.org/v#/to//1e6bb0431df359a7
‡to	Tongan	Latin	moderate	moderate	n/a	CVE	Currencies	Western Africa	Western Africa: Cape Verde	CVE-name-other	https://st.unicode.org/v#/to//7b7f96c0fcf8863f
‡to	Tongan	Latin	moderate	moderate	n/a	CZK	Currencies	Southern/Eastern Europe	Eastern Europe: Czechia	CZK-name	https://st.unicode.org/v#/to//44c8cdc2f9a9c75e
‡to	Tongan	Latin	moderate	moderate	n/a	CZK	Currencies	Southern/Eastern Europe	Eastern Europe: Czechia	CZK-name-other	https://st.unicode.org/v#/to//6ca462cc06f7bd7d
‡to	Tongan	Latin	moderate	moderate	n/a	DJF	Currencies	Eastern Africa	Eastern Africa: Djibouti	DJF-name	https://st.unicode.org/v#/to//4495e2bf1e62167c
‡to	Tongan	Latin	moderate	moderate	n/a	DJF	Currencies	Eastern Africa	Eastern Africa: Djibouti	DJF-name-other	https://st.unicode.org/v#/to//30b8621b0fe8578a
‡to	Tongan	Latin	moderate	moderate	n/a	DKK	Currencies	Northern/Western Europe	Northern Europe: Denmark	DKK-name	https://st.unicode.org/v#/to//75ad2fb4b3b6a98d
‡to	Tongan	Latin	moderate	moderate	n/a	DKK	Currencies	Northern/Western Europe	Northern Europe: Denmark	DKK-name-other	https://st.unicode.org/v#/to//37a19aed56136b97
‡to	Tongan	Latin	moderate	moderate	n/a	DOP	Currencies	North America (C)	Caribbean: Dominican Republic	DOP-name	https://st.unicode.org/v#/to//775f6cc1467c86f2
‡to	Tongan	Latin	moderate	moderate	n/a	DOP	Currencies	North America (C)	Caribbean: Dominican Republic	DOP-name-other	https://st.unicode.org/v#/to//49a2653bf25206b9
‡to	Tongan	Latin	moderate	moderate	n/a	DZD	Currencies	Northern Africa	Northern Africa: Algeria	DZD-name	https://st.unicode.org/v#/to//45fb098396a8082f
‡to	Tongan	Latin	moderate	moderate	n/a	DZD	Currencies	Northern Africa	Northern Africa: Algeria	DZD-name-other	https://st.unicode.org/v#/to//10a051db4cd44ee0
‡to	Tongan	Latin	moderate	moderate	n/a	EGP	Currencies	Northern Africa	Northern Africa: Egypt	EGP-name	https://st.unicode.org/v#/to//7937fecf4e396300
‡to	Tongan	Latin	moderate	moderate	n/a	EGP	Currencies	Northern Africa	Northern Africa: Egypt	EGP-name-other	https://st.unicode.org/v#/to//38df8adf2faa9738
‡to	Tongan	Latin	moderate	moderate	n/a	ERN	Currencies	Eastern Africa	Eastern Africa: Eritrea	ERN-name	https://st.unicode.org/v#/to//783e3841293d57b4
‡to	Tongan	Latin	moderate	moderate	n/a	ERN	Currencies	Eastern Africa	Eastern Africa: Eritrea	ERN-name-other	https://st.unicode.org/v#/to//124eea38c572b03e
‡to	Tongan	Latin	moderate	moderate	n/a	ETB	Currencies	Eastern Africa	Eastern Africa: Ethiopia	ETB-name	https://st.unicode.org/v#/to//5c8a53d3a7ad1efb
‡to	Tongan	Latin	moderate	moderate	n/a	ETB	Currencies	Eastern Africa	Eastern Africa: Ethiopia	ETB-name-other	https://st.unicode.org/v#/to//57ef0afbd1d22824
‡to	Tongan	Latin	moderate	moderate	n/a	FKP	Currencies	South America (C)	South America: Falkland Islands	FKP-name	https://st.unicode.org/v#/to//6396341d356a3fcf
‡to	Tongan	Latin	moderate	moderate	n/a	FKP	Currencies	South America (C)	South America: Falkland Islands	FKP-name-other	https://st.unicode.org/v#/to//5dde7cc68f9d8f50
‡to	Tongan	Latin	moderate	moderate	n/a	GBP	Currencies	Northern/Western Europe	Northern Europe: United Kingdom	GBP-name	https://st.unicode.org/v#/to//55b33d7d4a4ddb24
‡to	Tongan	Latin	moderate	moderate	n/a	GBP	Currencies	Northern/Western Europe	Northern Europe: United Kingdom	GBP-name-other	https://st.unicode.org/v#/to//1b1d1f8db6449871
‡to	Tongan	Latin	moderate	moderate	n/a	GEL	Currencies	Western Asia (C)	Western Asia: Georgia	GEL-name	https://st.unicode.org/v#/to//5bb7fd56ec415b0
‡to	Tongan	Latin	moderate	moderate	n/a	GEL	Currencies	Western Asia (C)	Western Asia: Georgia	GEL-name-other	https://st.unicode.org/v#/to//4ea7259a703b7086
‡to	Tongan	Latin	moderate	moderate	n/a	GHS	Currencies	Western Africa	Western Africa: Ghana	GHS-name	https://st.unicode.org/v#/to//46b93fa2ce4c219e
‡to	Tongan	Latin	moderate	moderate	n/a	GHS	Currencies	Western Africa	Western Africa: Ghana	GHS-name-other	https://st.unicode.org/v#/to//14db5c372a7d39cc
‡to	Tongan	Latin	moderate	moderate	n/a	GIP	Currencies	Southern/Eastern Europe	Southern Europe: Gibraltar	GIP-name	https://st.unicode.org/v#/to//3a57427c721eb335
‡to	Tongan	Latin	moderate	moderate	n/a	GIP	Currencies	Southern/Eastern Europe	Southern Europe: Gibraltar	GIP-name-other	https://st.unicode.org/v#/to//3490eeccd7f3542
‡to	Tongan	Latin	moderate	moderate	n/a	GMD	Currencies	Western Africa	Western Africa: Gambia	GMD-name	https://st.unicode.org/v#/to//397b627f783fef8a
‡to	Tongan	Latin	moderate	moderate	n/a	GMD	Currencies	Western Africa	Western Africa: Gambia	GMD-name-other	https://st.unicode.org/v#/to//1869c940ba3480cb
‡to	Tongan	Latin	moderate	moderate	n/a	GNF	Currencies	Western Africa	Western Africa: Guinea	GNF-name	https://st.unicode.org/v#/to//5a6979e2c1a31321
‡to	Tongan	Latin	moderate	moderate	n/a	GNF	Currencies	Western Africa	Western Africa: Guinea	GNF-name-other	https://st.unicode.org/v#/to//354f2e3d4c252894
‡to	Tongan	Latin	moderate	moderate	n/a	GTQ	Currencies	North America (C)	Central America: Guatemala	GTQ-name	https://st.unicode.org/v#/to//261d4169a3dc3d31
‡to	Tongan	Latin	moderate	moderate	n/a	GTQ	Currencies	North America (C)	Central America: Guatemala	GTQ-name-other	https://st.unicode.org/v#/to//7a211d07b6c8c93d
‡to	Tongan	Latin	moderate	moderate	n/a	GYD	Currencies	South America (C)	South America: Guyana	GYD-name	https://st.unicode.org/v#/to//2aedd38cb57a4f5
‡to	Tongan	Latin	moderate	moderate	n/a	GYD	Currencies	South America (C)	South America: Guyana	GYD-name-other	https://st.unicode.org/v#/to//444a4ee890d00eb8
‡to	Tongan	Latin	moderate	moderate	n/a	HKD	Currencies	Eastern Asia (C)	Eastern Asia: Hong Kong SAR China	HKD-name	https://st.unicode.org/v#/to//4fe1c3e5b4be32ef
‡to	Tongan	Latin	moderate	moderate	n/a	HKD	Currencies	Eastern Asia (C)	Eastern Asia: Hong Kong SAR China	HKD-name-other	https://st.unicode.org/v#/to//3f69b8470fa3824f
‡to	Tongan	Latin	moderate	moderate	n/a	HNL	Currencies	North America (C)	Central America: Honduras	HNL-name	https://st.unicode.org/v#/to//9d481a5c9bd48f7
‡to	Tongan	Latin	moderate	moderate	n/a	HNL	Currencies	North America (C)	Central America: Honduras	HNL-name-other	https://st.unicode.org/v#/to//2f42bec19fb08e05
‡to	Tongan	Latin	moderate	moderate	n/a	HRK	Currencies	Southern/Eastern Europe	Southern Europe: Croatia: HRK (old)	HRK-name	https://st.unicode.org/v#/to//4b4d306f75d64388
‡to	Tongan	Latin	moderate	moderate	n/a	HRK	Currencies	Southern/Eastern Europe	Southern Europe: Croatia: HRK (old)	HRK-name-other	https://st.unicode.org/v#/to//1adceb6c2811f1da
‡to	Tongan	Latin	moderate	moderate	n/a	HTG	Currencies	North America (C)	Caribbean: Haiti	HTG-name	https://st.unicode.org/v#/to//1ec5cfb0cdae15ad
‡to	Tongan	Latin	moderate	moderate	n/a	HTG	Currencies	North America (C)	Caribbean: Haiti	HTG-name-other	https://st.unicode.org/v#/to//268e78b4b307ed4d
‡to	Tongan	Latin	moderate	moderate	n/a	HUF	Currencies	Southern/Eastern Europe	Eastern Europe: Hungary	HUF-name	https://st.unicode.org/v#/to//539e082c17d49876
‡to	Tongan	Latin	moderate	moderate	n/a	HUF	Currencies	Southern/Eastern Europe	Eastern Europe: Hungary	HUF-name-other	https://st.unicode.org/v#/to//6f622b61cfaf5130
‡to	Tongan	Latin	moderate	moderate	n/a	IDR	Currencies	Southeast Asia (C)	Southeast Asia: Indonesia	IDR-name	https://st.unicode.org/v#/to//39aeef07e7f1f849
‡to	Tongan	Latin	moderate	moderate	n/a	IDR	Currencies	Southeast Asia (C)	Southeast Asia: Indonesia	IDR-name-other	https://st.unicode.org/v#/to//2f674d0113057f89
‡to	Tongan	Latin	moderate	moderate	n/a	ILS	Currencies	Western Asia (C)	Western Asia: Israel	ILS-name	https://st.unicode.org/v#/to//1ded921c74d570d7
‡to	Tongan	Latin	moderate	moderate	n/a	ILS	Currencies	Western Asia (C)	Western Asia: Israel	ILS-name-other	https://st.unicode.org/v#/to//176ec5d0b775ac84
‡to	Tongan	Latin	moderate	moderate	n/a	INR	Currencies	Southern Asia (C)	Southern Asia: India	INR-name	https://st.unicode.org/v#/to//429f92f78f376380
‡to	Tongan	Latin	moderate	moderate	n/a	INR	Currencies	Southern Asia (C)	Southern Asia: India	INR-name-other	https://st.unicode.org/v#/to//1be37189a56d6fd5
‡to	Tongan	Latin	moderate	moderate	n/a	IQD	Currencies	Western Asia (C)	Western Asia: Iraq	IQD-name	https://st.unicode.org/v#/to//6144a1757e350ceb
‡to	Tongan	Latin	moderate	moderate	n/a	IQD	Currencies	Western Asia (C)	Western Asia: Iraq	IQD-name-other	https://st.unicode.org/v#/to//28ed559aecd83a16
‡to	Tongan	Latin	moderate	moderate	n/a	IRR	Currencies	Southern Asia (C)	Southern Asia: Iran	IRR-name	https://st.unicode.org/v#/to//7d14bf3389aff5de
‡to	Tongan	Latin	moderate	moderate	n/a	IRR	Currencies	Southern Asia (C)	Southern Asia: Iran	IRR-name-other	https://st.unicode.org/v#/to//75b66bfad03be7e9
‡to	Tongan	Latin	moderate	moderate	n/a	ISK	Currencies	Northern/Western Europe	Northern Europe: Iceland	ISK-name	https://st.unicode.org/v#/to//b77d3376f8e1dbf
‡to	Tongan	Latin	moderate	moderate	n/a	ISK	Currencies	Northern/Western Europe	Northern Europe: Iceland	ISK-name-other	https://st.unicode.org/v#/to//61e176d6fcf5d3b2
‡to	Tongan	Latin	moderate	moderate	n/a	JMD	Currencies	North America (C)	Caribbean: Jamaica	JMD-name	https://st.unicode.org/v#/to//4c4280ed71d9cb31
‡to	Tongan	Latin	moderate	moderate	n/a	JMD	Currencies	North America (C)	Caribbean: Jamaica	JMD-name-other	https://st.unicode.org/v#/to//118a6961c056a47c
‡to	Tongan	Latin	moderate	moderate	n/a	JOD	Currencies	Western Asia (C)	Western Asia: Jordan	JOD-name	https://st.unicode.org/v#/to//23ae03047380bfa5
‡to	Tongan	Latin	moderate	moderate	n/a	JOD	Currencies	Western Asia (C)	Western Asia: Jordan	JOD-name-other	https://st.unicode.org/v#/to//47ca48e2d216024f
‡to	Tongan	Latin	moderate	moderate	n/a	JPY	Currencies	Eastern Asia (C)	Eastern Asia: Japan	JPY-name	https://st.unicode.org/v#/to//28097fc3a5b0526d
‡to	Tongan	Latin	moderate	moderate	n/a	JPY	Currencies	Eastern Asia (C)	Eastern Asia: Japan	JPY-name-other	https://st.unicode.org/v#/to//579f6552c1642b25
‡to	Tongan	Latin	moderate	moderate	n/a	KES	Currencies	Eastern Africa	Eastern Africa: Kenya	KES-name	https://st.unicode.org/v#/to//6628d03d7e5ad22f
‡to	Tongan	Latin	moderate	moderate	n/a	KES	Currencies	Eastern Africa	Eastern Africa: Kenya	KES-name-other	https://st.unicode.org/v#/to//4b09bab87c325994
‡to	Tongan	Latin	moderate	moderate	n/a	KGS	Currencies	Central Asia (C)	Central Asia: Kyrgyzstan	KGS-name	https://st.unicode.org/v#/to//590ea1de0df2302e
‡to	Tongan	Latin	moderate	moderate	n/a	KGS	Currencies	Central Asia (C)	Central Asia: Kyrgyzstan	KGS-name-other	https://st.unicode.org/v#/to//53e03a7c29e209d5
‡to	Tongan	Latin	moderate	moderate	n/a	KHR	Currencies	Southeast Asia (C)	Southeast Asia: Cambodia	KHR-name	https://st.unicode.org/v#/to//4feb7d2ff4565c56
‡to	Tongan	Latin	moderate	moderate	n/a	KHR	Currencies	Southeast Asia (C)	Southeast Asia: Cambodia	KHR-name-other	https://st.unicode.org/v#/to//77a4762bd297d366
‡to	Tongan	Latin	moderate	moderate	n/a	KMF	Currencies	Eastern Africa	Eastern Africa: Comoros	KMF-name	https://st.unicode.org/v#/to//5dd22c68cb39f46
‡to	Tongan	Latin	moderate	moderate	n/a	KMF	Currencies	Eastern Africa	Eastern Africa: Comoros	KMF-name-other	https://st.unicode.org/v#/to//bff036d1b66f27e
‡to	Tongan	Latin	moderate	moderate	n/a	KPW	Currencies	Eastern Asia (C)	Eastern Asia: North Korea	KPW-name	https://st.unicode.org/v#/to//8fc6d3e8e10c119
‡to	Tongan	Latin	moderate	moderate	n/a	KPW	Currencies	Eastern Asia (C)	Eastern Asia: North Korea	KPW-name-other	https://st.unicode.org/v#/to//55d37b5e62cf2c93
‡to	Tongan	Latin	moderate	moderate	n/a	KRW	Currencies	Eastern Asia (C)	Eastern Asia: South Korea	KRW-name	https://st.unicode.org/v#/to//7624afff616fa0df
‡to	Tongan	Latin	moderate	moderate	n/a	KRW	Currencies	Eastern Asia (C)	Eastern Asia: South Korea	KRW-name-other	https://st.unicode.org/v#/to//69c90ea59824eea0
‡to	Tongan	Latin	moderate	moderate	n/a	KWD	Currencies	Western Asia (C)	Western Asia: Kuwait	KWD-name	https://st.unicode.org/v#/to//15db5bad7429d058
‡to	Tongan	Latin	moderate	moderate	n/a	KWD	Currencies	Western Asia (C)	Western Asia: Kuwait	KWD-name-other	https://st.unicode.org/v#/to//6f72fe374efeb352
‡to	Tongan	Latin	moderate	moderate	n/a	KYD	Currencies	North America (C)	Caribbean: Cayman Islands	KYD-name	https://st.unicode.org/v#/to//284e99f3386be848
‡to	Tongan	Latin	moderate	moderate	n/a	KYD	Currencies	North America (C)	Caribbean: Cayman Islands	KYD-name-other	https://st.unicode.org/v#/to//391cb60802a00fb2
‡to	Tongan	Latin	moderate	moderate	n/a	KZT	Currencies	Central Asia (C)	Central Asia: Kazakhstan	KZT-name	https://st.unicode.org/v#/to//2a294328edabbd1d
‡to	Tongan	Latin	moderate	moderate	n/a	KZT	Currencies	Central Asia (C)	Central Asia: Kazakhstan	KZT-name-other	https://st.unicode.org/v#/to//406d7e490e4e1f99
‡to	Tongan	Latin	moderate	moderate	n/a	LAK	Currencies	Southeast Asia (C)	Southeast Asia: Laos	LAK-name	https://st.unicode.org/v#/to//49503a352a7f2bca
‡to	Tongan	Latin	moderate	moderate	n/a	LAK	Currencies	Southeast Asia (C)	Southeast Asia: Laos	LAK-name-other	https://st.unicode.org/v#/to//7d00c8e5501fcd4e
‡to	Tongan	Latin	moderate	moderate	n/a	LBP	Currencies	Western Asia (C)	Western Asia: Lebanon	LBP-name	https://st.unicode.org/v#/to//4b37acbb7cedf75
‡to	Tongan	Latin	moderate	moderate	n/a	LBP	Currencies	Western Asia (C)	Western Asia: Lebanon	LBP-name-other	https://st.unicode.org/v#/to//6935ada2062dad2e
‡to	Tongan	Latin	moderate	moderate	n/a	LKR	Currencies	Southern Asia (C)	Southern Asia: Sri Lanka	LKR-name	https://st.unicode.org/v#/to//6d5dcadb1ae41a98
‡to	Tongan	Latin	moderate	moderate	n/a	LKR	Currencies	Southern Asia (C)	Southern Asia: Sri Lanka	LKR-name-other	https://st.unicode.org/v#/to//2703cb0bf4234bfa
‡to	Tongan	Latin	moderate	moderate	n/a	LRD	Currencies	Western Africa	Western Africa: Liberia	LRD-name	https://st.unicode.org/v#/to//2c2d999d15a87997
‡to	Tongan	Latin	moderate	moderate	n/a	LRD	Currencies	Western Africa	Western Africa: Liberia	LRD-name-other	https://st.unicode.org/v#/to//1a123a7af6de54ee
‡to	Tongan	Latin	moderate	moderate	n/a	LSL	Currencies	Southern Africa	Southern Africa: Lesotho	LSL-name	https://st.unicode.org/v#/to//73cdaa7e87cb07d1
‡to	Tongan	Latin	moderate	moderate	n/a	LSL	Currencies	Southern Africa	Southern Africa: Lesotho	LSL-name-other	https://st.unicode.org/v#/to//18e72d157fb85bce
‡to	Tongan	Latin	moderate	moderate	n/a	LYD	Currencies	Northern Africa	Northern Africa: Libya	LYD-name	https://st.unicode.org/v#/to//6baa4fe199699fcb
‡to	Tongan	Latin	moderate	moderate	n/a	LYD	Currencies	Northern Africa	Northern Africa: Libya	LYD-name-other	https://st.unicode.org/v#/to//4100d9c660331944
‡to	Tongan	Latin	moderate	moderate	n/a	MAD	Currencies	Northern Africa	Northern Africa: Morocco	MAD-name	https://st.unicode.org/v#/to//7af1e63ad53d7d18
‡to	Tongan	Latin	moderate	moderate	n/a	MAD	Currencies	Northern Africa	Northern Africa: Morocco	MAD-name-other	https://st.unicode.org/v#/to//2b0b78db588c0daf
‡to	Tongan	Latin	moderate	moderate	n/a	MDL	Currencies	Southern/Eastern Europe	Eastern Europe: Moldova	MDL-name	https://st.unicode.org/v#/to//f4c028b43d7edc0
‡to	Tongan	Latin	moderate	moderate	n/a	MDL	Currencies	Southern/Eastern Europe	Eastern Europe: Moldova	MDL-name-other	https://st.unicode.org/v#/to//4747a3384deaf2fa
‡to	Tongan	Latin	moderate	moderate	n/a	MGA	Currencies	Eastern Africa	Eastern Africa: Madagascar	MGA-name	https://st.unicode.org/v#/to//7ddc3aa0c2db9b9e
‡to	Tongan	Latin	moderate	moderate	n/a	MGA	Currencies	Eastern Africa	Eastern Africa: Madagascar	MGA-name-other	https://st.unicode.org/v#/to//3b41868091672b21
‡to	Tongan	Latin	moderate	moderate	n/a	MKD	Currencies	Southern/Eastern Europe	Southern Europe: North Macedonia	MKD-name	https://st.unicode.org/v#/to//6f5e12e68785495d
‡to	Tongan	Latin	moderate	moderate	n/a	MKD	Currencies	Southern/Eastern Europe	Southern Europe: North Macedonia	MKD-name-other	https://st.unicode.org/v#/to//7bd6daff663716d5
‡to	Tongan	Latin	moderate	moderate	n/a	MMK	Currencies	Southeast Asia (C)	Southeast Asia: Myanmar (Burma)	MMK-name	https://st.unicode.org/v#/to//4db49f41db2928e4
‡to	Tongan	Latin	moderate	moderate	n/a	MMK	Currencies	Southeast Asia (C)	Southeast Asia: Myanmar (Burma)	MMK-name-other	https://st.unicode.org/v#/to//79b248c7e6bf1b4
‡to	Tongan	Latin	moderate	moderate	n/a	MNT	Currencies	Eastern Asia (C)	Eastern Asia: Mongolia	MNT-name	https://st.unicode.org/v#/to//54da94bcc22a3d01
‡to	Tongan	Latin	moderate	moderate	n/a	MNT	Currencies	Eastern Asia (C)	Eastern Asia: Mongolia	MNT-name-other	https://st.unicode.org/v#/to//843cdec082641e7
‡to	Tongan	Latin	moderate	moderate	n/a	MOP	Currencies	Eastern Asia (C)	Eastern Asia: Macao SAR China	MOP-name	https://st.unicode.org/v#/to//179d04c59e747860
‡to	Tongan	Latin	moderate	moderate	n/a	MOP	Currencies	Eastern Asia (C)	Eastern Asia: Macao SAR China	MOP-name-other	https://st.unicode.org/v#/to//2793ba1099ef0629
‡to	Tongan	Latin	moderate	moderate	n/a	MRU	Currencies	Western Africa	Western Africa: Mauritania	MRU-name	https://st.unicode.org/v#/to//66721da90aee2dfe
‡to	Tongan	Latin	moderate	moderate	n/a	MRU	Currencies	Western Africa	Western Africa: Mauritania	MRU-name-other	https://st.unicode.org/v#/to//1c98e4ca89bad5c7
‡to	Tongan	Latin	moderate	moderate	n/a	MUR	Currencies	Eastern Africa	Eastern Africa: Mauritius	MUR-name	https://st.unicode.org/v#/to//3955735cdcd285dd
‡to	Tongan	Latin	moderate	moderate	n/a	MUR	Currencies	Eastern Africa	Eastern Africa: Mauritius	MUR-name-other	https://st.unicode.org/v#/to//6cc6e3e66c2bcfb0
‡to	Tongan	Latin	moderate	moderate	n/a	MVR	Currencies	Southern Asia (C)	Southern Asia: Maldives	MVR-name	https://st.unicode.org/v#/to//1aa997b592a67c78
‡to	Tongan	Latin	moderate	moderate	n/a	MVR	Currencies	Southern Asia (C)	Southern Asia: Maldives	MVR-name-other	https://st.unicode.org/v#/to//1c686cd10c4711b8
‡to	Tongan	Latin	moderate	moderate	n/a	MWK	Currencies	Eastern Africa	Eastern Africa: Malawi	MWK-name	https://st.unicode.org/v#/to//86eb22e4da2cbd0
‡to	Tongan	Latin	moderate	moderate	n/a	MWK	Currencies	Eastern Africa	Eastern Africa: Malawi	MWK-name-other	https://st.unicode.org/v#/to//3ee41f435d50a841
‡to	Tongan	Latin	moderate	moderate	n/a	MXN	Currencies	North America (C)	Central America: Mexico	MXN-name	https://st.unicode.org/v#/to//7b1066e051631b8a
‡to	Tongan	Latin	moderate	moderate	n/a	MXN	Currencies	North America (C)	Central America: Mexico	MXN-name-other	https://st.unicode.org/v#/to//7c0aae43f2809b94
‡to	Tongan	Latin	moderate	moderate	n/a	MYR	Currencies	Southeast Asia (C)	Southeast Asia: Malaysia	MYR-name	https://st.unicode.org/v#/to//406c9ae9e2a0b83d
‡to	Tongan	Latin	moderate	moderate	n/a	MYR	Currencies	Southeast Asia (C)	Southeast Asia: Malaysia	MYR-name-other	https://st.unicode.org/v#/to//299e0e96d40cb17d
‡to	Tongan	Latin	moderate	moderate	n/a	MZN	Currencies	Eastern Africa	Eastern Africa: Mozambique	MZN-name	https://st.unicode.org/v#/to//4d5e8d9ca37f1cc5
‡to	Tongan	Latin	moderate	moderate	n/a	MZN	Currencies	Eastern Africa	Eastern Africa: Mozambique	MZN-name-other	https://st.unicode.org/v#/to//cda5fb6aa376751
‡to	Tongan	Latin	moderate	moderate	n/a	NAD	Currencies	Southern Africa	Southern Africa: Namibia	NAD-name	https://st.unicode.org/v#/to//383b6ce2460980da
‡to	Tongan	Latin	moderate	moderate	n/a	NAD	Currencies	Southern Africa	Southern Africa: Namibia	NAD-name-other	https://st.unicode.org/v#/to//d97406a6cddac5
‡to	Tongan	Latin	moderate	moderate	n/a	NGN	Currencies	Western Africa	Western Africa: Nigeria	NGN-name	https://st.unicode.org/v#/to//2b24788d128a835a
‡to	Tongan	Latin	moderate	moderate	n/a	NGN	Currencies	Western Africa	Western Africa: Nigeria	NGN-name-other	https://st.unicode.org/v#/to//7ff1ed1e4ee16bf0
‡to	Tongan	Latin	moderate	moderate	n/a	NIO	Currencies	North America (C)	Central America: Nicaragua	NIO-name	https://st.unicode.org/v#/to//15a13ed4ca1341fc
‡to	Tongan	Latin	moderate	moderate	n/a	NIO	Currencies	North America (C)	Central America: Nicaragua	NIO-name-other	https://st.unicode.org/v#/to//3f3d157993e9d13e
‡to	Tongan	Latin	moderate	moderate	n/a	NOK	Currencies	Northern/Western Europe	Northern Europe: Norway	NOK-name	https://st.unicode.org/v#/to//2338e8c92ad9abd9
‡to	Tongan	Latin	moderate	moderate	n/a	NOK	Currencies	Northern/Western Europe	Northern Europe: Norway	NOK-name-other	https://st.unicode.org/v#/to//6d3a128fe61b6b78
‡to	Tongan	Latin	moderate	moderate	n/a	NPR	Currencies	Southern Asia (C)	Southern Asia: Nepal	NPR-name	https://st.unicode.org/v#/to//3d851a77d31434b9
‡to	Tongan	Latin	moderate	moderate	n/a	NPR	Currencies	Southern Asia (C)	Southern Asia: Nepal	NPR-name-other	https://st.unicode.org/v#/to//f80b05969a10413
‡to	Tongan	Latin	moderate	moderate	n/a	OMR	Currencies	Western Asia (C)	Western Asia: Oman	OMR-name	https://st.unicode.org/v#/to//4c819691655e3dc4
‡to	Tongan	Latin	moderate	moderate	n/a	OMR	Currencies	Western Asia (C)	Western Asia: Oman	OMR-name-other	https://st.unicode.org/v#/to//415775c5206e8422
‡to	Tongan	Latin	moderate	moderate	n/a	PAB	Currencies	North America (C)	Central America: Panama	PAB-name	https://st.unicode.org/v#/to//2359bf72d8a955af
‡to	Tongan	Latin	moderate	moderate	n/a	PAB	Currencies	North America (C)	Central America: Panama	PAB-name-other	https://st.unicode.org/v#/to//6d060936d6d1033b
‡to	Tongan	Latin	moderate	moderate	n/a	PEN	Currencies	South America (C)	South America: Peru	PEN-name	https://st.unicode.org/v#/to//44c778f9d12594e3
‡to	Tongan	Latin	moderate	moderate	n/a	PEN	Currencies	South America (C)	South America: Peru	PEN-name-other	https://st.unicode.org/v#/to//45052bb95a7dceed
‡to	Tongan	Latin	moderate	moderate	n/a	PHP	Currencies	Southeast Asia (C)	Southeast Asia: Philippines	PHP-name	https://st.unicode.org/v#/to//2e8116ba8ad3e54f
‡to	Tongan	Latin	moderate	moderate	n/a	PHP	Currencies	Southeast Asia (C)	Southeast Asia: Philippines	PHP-name-other	https://st.unicode.org/v#/to//33557f4baedfc113
‡to	Tongan	Latin	moderate	moderate	n/a	PKR	Currencies	Southern Asia (C)	Southern Asia: Pakistan	PKR-name	https://st.unicode.org/v#/to//1161f505b4d75314
‡to	Tongan	Latin	moderate	moderate	n/a	PKR	Currencies	Southern Asia (C)	Southern Asia: Pakistan	PKR-name-other	https://st.unicode.org/v#/to//756cde33d8f48a04
‡to	Tongan	Latin	moderate	moderate	n/a	PLN	Currencies	Southern/Eastern Europe	Eastern Europe: Poland	PLN-name	https://st.unicode.org/v#/to//1bc46b34391ef925
‡to	Tongan	Latin	moderate	moderate	n/a	PLN	Currencies	Southern/Eastern Europe	Eastern Europe: Poland	PLN-name-other	https://st.unicode.org/v#/to//69d32d366683281
‡to	Tongan	Latin	moderate	moderate	n/a	PYG	Currencies	South America (C)	South America: Paraguay	PYG-name	https://st.unicode.org/v#/to//35733e76807aa082
‡to	Tongan	Latin	moderate	moderate	n/a	PYG	Currencies	South America (C)	South America: Paraguay	PYG-name-other	https://st.unicode.org/v#/to//15e5c1f2e889f607
‡to	Tongan	Latin	moderate	moderate	n/a	QAR	Currencies	Western Asia (C)	Western Asia: Qatar	QAR-name	https://st.unicode.org/v#/to//65dd6541c0827b45
‡to	Tongan	Latin	moderate	moderate	n/a	QAR	Currencies	Western Asia (C)	Western Asia: Qatar	QAR-name-other	https://st.unicode.org/v#/to//68eaa0e959c51cfe
‡to	Tongan	Latin	moderate	moderate	n/a	RON	Currencies	Southern/Eastern Europe	Eastern Europe: Romania	RON-name	https://st.unicode.org/v#/to//6e2485fa6713dccc
‡to	Tongan	Latin	moderate	moderate	n/a	RON	Currencies	Southern/Eastern Europe	Eastern Europe: Romania	RON-name-other	https://st.unicode.org/v#/to//5a813c6de195b2f9
‡to	Tongan	Latin	moderate	moderate	n/a	RSD	Currencies	Southern/Eastern Europe	Southern Europe: Serbia	RSD-name	https://st.unicode.org/v#/to//48b5988916e93881
‡to	Tongan	Latin	moderate	moderate	n/a	RSD	Currencies	Southern/Eastern Europe	Southern Europe: Serbia	RSD-name-other	https://st.unicode.org/v#/to//689650121560be3d
‡to	Tongan	Latin	moderate	moderate	n/a	RUB	Currencies	Southern/Eastern Europe	Eastern Europe: Russia	RUB-name	https://st.unicode.org/v#/to//5204175e28d38353
‡to	Tongan	Latin	moderate	moderate	n/a	RUB	Currencies	Southern/Eastern Europe	Eastern Europe: Russia	RUB-name-other	https://st.unicode.org/v#/to//4b02256ab8a800d4
‡to	Tongan	Latin	moderate	moderate	n/a	RWF	Currencies	Eastern Africa	Eastern Africa: Rwanda	RWF-name	https://st.unicode.org/v#/to//65fee1386950ed50
‡to	Tongan	Latin	moderate	moderate	n/a	RWF	Currencies	Eastern Africa	Eastern Africa: Rwanda	RWF-name-other	https://st.unicode.org/v#/to//105abe7849fa3d81
‡to	Tongan	Latin	moderate	moderate	n/a	SAR	Currencies	Western Asia (C)	Western Asia: Saudi Arabia	SAR-name	https://st.unicode.org/v#/to//2ba04cd66be7e959
‡to	Tongan	Latin	moderate	moderate	n/a	SAR	Currencies	Western Asia (C)	Western Asia: Saudi Arabia	SAR-name-other	https://st.unicode.org/v#/to//2abac275d5ed0bc
‡to	Tongan	Latin	moderate	moderate	n/a	SCR	Currencies	Eastern Africa	Eastern Africa: Seychelles	SCR-name	https://st.unicode.org/v#/to//732d6f8063f1113
‡to	Tongan	Latin	moderate	moderate	n/a	SCR	Currencies	Eastern Africa	Eastern Africa: Seychelles	SCR-name-other	https://st.unicode.org/v#/to//663cea481a3cc5f3
‡to	Tongan	Latin	moderate	moderate	n/a	SDG	Currencies	Northern Africa	Northern Africa: Sudan	SDG-name	https://st.unicode.org/v#/to//54cd69dd09b60c61
‡to	Tongan	Latin	moderate	moderate	n/a	SDG	Currencies	Northern Africa	Northern Africa: Sudan	SDG-name-other	https://st.unicode.org/v#/to//7ef28a8bba78a868
‡to	Tongan	Latin	moderate	moderate	n/a	SEK	Currencies	Northern/Western Europe	Northern Europe: Sweden	SEK-name	https://st.unicode.org/v#/to//6e8fd0d1143af75f
‡to	Tongan	Latin	moderate	moderate	n/a	SEK	Currencies	Northern/Western Europe	Northern Europe: Sweden	SEK-name-other	https://st.unicode.org/v#/to//4a2c70ea05cb8aa4
‡to	Tongan	Latin	moderate	moderate	n/a	SGD	Currencies	Southeast Asia (C)	Southeast Asia: Singapore	SGD-name	https://st.unicode.org/v#/to//70830b3e6f11db5
‡to	Tongan	Latin	moderate	moderate	n/a	SGD	Currencies	Southeast Asia (C)	Southeast Asia: Singapore	SGD-name-other	https://st.unicode.org/v#/to//6428f96675ddacf8
‡to	Tongan	Latin	moderate	moderate	n/a	SHP	Currencies	Western Africa	Western Africa: St. Helena	SHP-name	https://st.unicode.org/v#/to//28151e8a003d50bb
‡to	Tongan	Latin	moderate	moderate	n/a	SHP	Currencies	Western Africa	Western Africa: St. Helena	SHP-name-other	https://st.unicode.org/v#/to//4de57af6d5a20bf8
‡to	Tongan	Latin	moderate	moderate	n/a	SLE	Currencies	Western Africa	Western Africa: Sierra Leone	SLE-name	https://st.unicode.org/v#/to//2c1c6b83758997be
‡to	Tongan	Latin	moderate	moderate	n/a	SLE	Currencies	Western Africa	Western Africa: Sierra Leone	SLE-name-other	https://st.unicode.org/v#/to//418ad404e9160ff5
‡to	Tongan	Latin	moderate	moderate	n/a	SLL	Currencies	Western Africa	Western Africa: Sierra Leone: SLL (old)	SLL-name	https://st.unicode.org/v#/to//770c9302f08cf129
‡to	Tongan	Latin	moderate	moderate	n/a	SLL	Currencies	Western Africa	Western Africa: Sierra Leone: SLL (old)	SLL-name-other	https://st.unicode.org/v#/to//7d9503e5da5eb88
‡to	Tongan	Latin	moderate	moderate	n/a	SOS	Currencies	Eastern Africa	Eastern Africa: Somalia	SOS-name	https://st.unicode.org/v#/to//aee0f2f76a417a2
‡to	Tongan	Latin	moderate	moderate	n/a	SOS	Currencies	Eastern Africa	Eastern Africa: Somalia	SOS-name-other	https://st.unicode.org/v#/to//749f8b496f3484c4
‡to	Tongan	Latin	moderate	moderate	n/a	SRD	Currencies	South America (C)	South America: Suriname	SRD-name	https://st.unicode.org/v#/to//2d5661ebf182ea67
‡to	Tongan	Latin	moderate	moderate	n/a	SRD	Currencies	South America (C)	South America: Suriname	SRD-name-other	https://st.unicode.org/v#/to//366a410afdcfb950
‡to	Tongan	Latin	moderate	moderate	n/a	SSP	Currencies	Eastern Africa	Eastern Africa: South Sudan	SSP-name	https://st.unicode.org/v#/to//1e4c9b46e8332814
‡to	Tongan	Latin	moderate	moderate	n/a	SSP	Currencies	Eastern Africa	Eastern Africa: South Sudan	SSP-name-other	https://st.unicode.org/v#/to//7af581760f38b029
‡to	Tongan	Latin	moderate	moderate	n/a	STN	Currencies	Middle Africa	Middle Africa: São Tomé & Príncipe	STN-name	https://st.unicode.org/v#/to//6c58702da7f5f975
‡to	Tongan	Latin	moderate	moderate	n/a	STN	Currencies	Middle Africa	Middle Africa: São Tomé & Príncipe	STN-name-other	https://st.unicode.org/v#/to//125750abb2fa6f0d
‡to	Tongan	Latin	moderate	moderate	n/a	SYP	Currencies	Western Asia (C)	Western Asia: Syria	SYP-name	https://st.unicode.org/v#/to//1c6ac79009378a3e
‡to	Tongan	Latin	moderate	moderate	n/a	SYP	Currencies	Western Asia (C)	Western Asia: Syria	SYP-name-other	https://st.unicode.org/v#/to//6588bf9738df391b
‡to	Tongan	Latin	moderate	moderate	n/a	SZL	Currencies	Southern Africa	Southern Africa: Eswatini	SZL-name	https://st.unicode.org/v#/to//64d98e6d10652a8f
‡to	Tongan	Latin	moderate	moderate	n/a	SZL	Currencies	Southern Africa	Southern Africa: Eswatini	SZL-name-other	https://st.unicode.org/v#/to//7483a173a3ea8705
‡to	Tongan	Latin	moderate	moderate	n/a	THB	Currencies	Southeast Asia (C)	Southeast Asia: Thailand	THB-name	https://st.unicode.org/v#/to//79ce9b6bb53c155f
‡to	Tongan	Latin	moderate	moderate	n/a	THB	Currencies	Southeast Asia (C)	Southeast Asia: Thailand	THB-name-other	https://st.unicode.org/v#/to//39ec430e6814d4be
‡to	Tongan	Latin	moderate	moderate	n/a	TJS	Currencies	Central Asia (C)	Central Asia: Tajikistan	TJS-name	https://st.unicode.org/v#/to//1ccf83fe883999fa
‡to	Tongan	Latin	moderate	moderate	n/a	TJS	Currencies	Central Asia (C)	Central Asia: Tajikistan	TJS-name-other	https://st.unicode.org/v#/to//5e565de05c2907bd
‡to	Tongan	Latin	moderate	moderate	n/a	TMT	Currencies	Central Asia (C)	Central Asia: Turkmenistan	TMT-name	https://st.unicode.org/v#/to//75860000e92b8b02
‡to	Tongan	Latin	moderate	moderate	n/a	TMT	Currencies	Central Asia (C)	Central Asia: Turkmenistan	TMT-name-other	https://st.unicode.org/v#/to//42a472578581176a
‡to	Tongan	Latin	moderate	moderate	n/a	TND	Currencies	Northern Africa	Northern Africa: Tunisia	TND-name	https://st.unicode.org/v#/to//73a60a5d0bdef125
‡to	Tongan	Latin	moderate	moderate	n/a	TND	Currencies	Northern Africa	Northern Africa: Tunisia	TND-name-other	https://st.unicode.org/v#/to//245ef6da57371757
‡to	Tongan	Latin	moderate	moderate	n/a	TRY	Currencies	Western Asia (C)	Western Asia: Türkiye	TRY-name	https://st.unicode.org/v#/to//6411097bf18d98f4
‡to	Tongan	Latin	moderate	moderate	n/a	TRY	Currencies	Western Asia (C)	Western Asia: Türkiye	TRY-name-other	https://st.unicode.org/v#/to//58b39ea2dc1b0a21
‡to	Tongan	Latin	moderate	moderate	n/a	TTD	Currencies	North America (C)	Caribbean: Trinidad & Tobago	TTD-name	https://st.unicode.org/v#/to//1b35ad5dfa4a275b
‡to	Tongan	Latin	moderate	moderate	n/a	TTD	Currencies	North America (C)	Caribbean: Trinidad & Tobago	TTD-name-other	https://st.unicode.org/v#/to//6266a09bb76629e4
‡to	Tongan	Latin	moderate	moderate	n/a	TWD	Currencies	Eastern Asia (C)	Eastern Asia: Taiwan	TWD-name	https://st.unicode.org/v#/to//5f7acd68757a6f54
‡to	Tongan	Latin	moderate	moderate	n/a	TWD	Currencies	Eastern Asia (C)	Eastern Asia: Taiwan	TWD-name-other	https://st.unicode.org/v#/to//259b54921bcd9b12
‡to	Tongan	Latin	moderate	moderate	n/a	TZS	Currencies	Eastern Africa	Eastern Africa: Tanzania	TZS-name	https://st.unicode.org/v#/to//c06401c2e762cc3
‡to	Tongan	Latin	moderate	moderate	n/a	TZS	Currencies	Eastern Africa	Eastern Africa: Tanzania	TZS-name-other	https://st.unicode.org/v#/to//e0fe70b059b5d70
‡to	Tongan	Latin	moderate	moderate	n/a	UAH	Currencies	Southern/Eastern Europe	Eastern Europe: Ukraine	UAH-name	https://st.unicode.org/v#/to//5b3dc472f0f89855
‡to	Tongan	Latin	moderate	moderate	n/a	UAH	Currencies	Southern/Eastern Europe	Eastern Europe: Ukraine	UAH-name-other	https://st.unicode.org/v#/to//11045d7d4af40497
‡to	Tongan	Latin	moderate	moderate	n/a	UGX	Currencies	Eastern Africa	Eastern Africa: Uganda	UGX-name	https://st.unicode.org/v#/to//70ad1080e10b0c4
‡to	Tongan	Latin	moderate	moderate	n/a	UGX	Currencies	Eastern Africa	Eastern Africa: Uganda	UGX-name-other	https://st.unicode.org/v#/to//233e89b75528a379
‡to	Tongan	Latin	moderate	moderate	n/a	USD	Currencies	North America (C)	Northern America: United States	USD-name	https://st.unicode.org/v#/to//373485933b14a065
‡to	Tongan	Latin	moderate	moderate	n/a	USD	Currencies	North America (C)	Northern America: United States	USD-name-other	https://st.unicode.org/v#/to//d262a61b952e7df
‡to	Tongan	Latin	moderate	moderate	n/a	UYU	Currencies	South America (C)	South America: Uruguay	UYU-name	https://st.unicode.org/v#/to//4b184ef10ba5b933
‡to	Tongan	Latin	moderate	moderate	n/a	UYU	Currencies	South America (C)	South America: Uruguay	UYU-name-other	https://st.unicode.org/v#/to//47653eb433702576
‡to	Tongan	Latin	moderate	moderate	n/a	UZS	Currencies	Central Asia (C)	Central Asia: Uzbekistan	UZS-name	https://st.unicode.org/v#/to//6e2f836249b6bad8
‡to	Tongan	Latin	moderate	moderate	n/a	UZS	Currencies	Central Asia (C)	Central Asia: Uzbekistan	UZS-name-other	https://st.unicode.org/v#/to//3847c97b0e7dc012
‡to	Tongan	Latin	moderate	moderate	n/a	VES	Currencies	South America (C)	South America: Venezuela	VES-name	https://st.unicode.org/v#/to//1fc1d6845d2b7bd8
‡to	Tongan	Latin	moderate	moderate	n/a	VES	Currencies	South America (C)	South America: Venezuela	VES-name-other	https://st.unicode.org/v#/to//1c41a8e6bc4d7e70
‡to	Tongan	Latin	moderate	moderate	n/a	VND	Currencies	Southeast Asia (C)	Southeast Asia: Vietnam	VND-name	https://st.unicode.org/v#/to//23e936abfc604eea
‡to	Tongan	Latin	moderate	moderate	n/a	VND	Currencies	Southeast Asia (C)	Southeast Asia: Vietnam	VND-name-other	https://st.unicode.org/v#/to//24adb55e48861a14
‡to	Tongan	Latin	moderate	moderate	n/a	XAF	Currencies	Middle Africa	Middle Africa: Cameroon	XAF-name	https://st.unicode.org/v#/to//59950f0984422791
‡to	Tongan	Latin	moderate	moderate	n/a	XAF	Currencies	Middle Africa	Middle Africa: Cameroon	XAF-name-other	https://st.unicode.org/v#/to//33a0b90dde75a54d
‡to	Tongan	Latin	moderate	moderate	n/a	XCD	Currencies	North America (C)	Caribbean: St. Lucia	XCD-name	https://st.unicode.org/v#/to//47adb2fb4e385c44
‡to	Tongan	Latin	moderate	moderate	n/a	XCD	Currencies	North America (C)	Caribbean: St. Lucia	XCD-name-other	https://st.unicode.org/v#/to//3dbe7f0262fbca0c
‡to	Tongan	Latin	moderate	moderate	n/a	XCG	Currencies	North America (C)	Caribbean: Curaçao	XCG-name	https://st.unicode.org/v#/to//3dc582eba521f2ed
‡to	Tongan	Latin	moderate	moderate	n/a	XCG	Currencies	North America (C)	Caribbean: Curaçao	XCG-name-other	https://st.unicode.org/v#/to//1d749fe766a5ff6b
‡to	Tongan	Latin	moderate	moderate	n/a	XOF	Currencies	Western Africa	Western Africa: Côte d’Ivoire	XOF-name	https://st.unicode.org/v#/to//4a74ce35a9fa3778
‡to	Tongan	Latin	moderate	moderate	n/a	XOF	Currencies	Western Africa	Western Africa: Côte d’Ivoire	XOF-name-other	https://st.unicode.org/v#/to//65549279c516211c
‡to	Tongan	Latin	moderate	moderate	n/a	YER	Currencies	Western Asia (C)	Western Asia: Yemen	YER-name	https://st.unicode.org/v#/to//75799399ab241bea
‡to	Tongan	Latin	moderate	moderate	n/a	YER	Currencies	Western Asia (C)	Western Asia: Yemen	YER-name-other	https://st.unicode.org/v#/to//322127d1134e2203
‡to	Tongan	Latin	moderate	moderate	n/a	ZAR	Currencies	Southern Africa	Southern Africa: South Africa	ZAR-name	https://st.unicode.org/v#/to//55ded7c3e2119125
‡to	Tongan	Latin	moderate	moderate	n/a	ZAR	Currencies	Southern Africa	Southern Africa: South Africa	ZAR-name-other	https://st.unicode.org/v#/to//79ce671545a1de35
‡to	Tongan	Latin	moderate	moderate	n/a	ZMW	Currencies	Eastern Africa	Eastern Africa: Zambia	ZMW-name	https://st.unicode.org/v#/to//486757ac213b6cd7
‡to	Tongan	Latin	moderate	moderate	n/a	ZMW	Currencies	Eastern Africa	Eastern Africa: Zambia	ZMW-name-other	https://st.unicode.org/v#/to//5b92687755e570b4
‡to	Tongan	Latin	moderate	moderate	n/a	ZWG	Currencies	Eastern Africa	Eastern Africa: Zimbabwe	ZWG-name	https://st.unicode.org/v#/to//597a8bf1d9abe2a5
‡to	Tongan	Latin	moderate	moderate	n/a	ZWG	Currencies	Eastern Africa	Eastern Africa: Zimbabwe	ZWG-name-other	https://st.unicode.org/v#/to//47e96b4285144797
‡to	Tongan	Latin	moderate	moderate	n/a	Saaki	Locale Display Names	Territories (Europe)	Northern Europe	CQ	https://st.unicode.org/v#/to//7df36d3a79aacaf4
‡to	Tongan	Latin	moderate	moderate	n/a	#,##0.00	Numbers	Number Formatting Patterns	Standard Patterns 	standard-currency-noCurrency	https://st.unicode.org/v#/to//5e1a988d076003b6
tr	Turkish	Latin	modern	moderate	n/a	[	Core Data	Alphabetic Information	Symbols	Nested Bracked Replacement: (	https://st.unicode.org/v#/tr//5f07aaec0572deb9
tr	Turkish	Latin	modern	moderate	n/a	［	Core Data	Alphabetic Information	Symbols	Nested Bracked Replacement: （	https://st.unicode.org/v#/tr//6b3f9432b6084428
tr	Turkish	Latin	modern	moderate	n/a	]	Core Data	Alphabetic Information	Symbols	Nested Bracked Replacement: )	https://st.unicode.org/v#/tr//cca9090168552a5
tr	Turkish	Latin	modern	moderate	n/a	］	Core Data	Alphabetic Information	Symbols	Nested Bracked Replacement: ）	https://st.unicode.org/v#/tr//1fead4f36824848a
tt	Tatar	Cyrillic	moderate	moderate	n/a	[	Core Data	Alphabetic Information	Symbols	Nested Bracked Replacement: (	https://st.unicode.org/v#/tt//5f07aaec0572deb9
tt	Tatar	Cyrillic	moderate	moderate	n/a	［	Core Data	Alphabetic Information	Symbols	Nested Bracked Replacement: （	https://st.unicode.org/v#/tt//6b3f9432b6084428
tt	Tatar	Cyrillic	moderate	moderate	n/a	]	Core Data	Alphabetic Information	Symbols	Nested Bracked Replacement: )	https://st.unicode.org/v#/tt//cca9090168552a5
tt	Tatar	Cyrillic	moderate	moderate	n/a	］	Core Data	Alphabetic Information	Symbols	Nested Bracked Replacement: ）	https://st.unicode.org/v#/tt//1fead4f36824848a
uk	Ukrainian	Cyrillic	modern	moderate	n/a	[	Core Data	Alphabetic Information	Symbols	Nested Bracked Replacement: (	https://st.unicode.org/v#/uk//5f07aaec0572deb9
uk	Ukrainian	Cyrillic	modern	moderate	n/a	［	Core Data	Alphabetic Information	Symbols	Nested Bracked Replacement: （	https://st.unicode.org/v#/uk//6b3f9432b6084428
uk	Ukrainian	Cyrillic	modern	moderate	n/a	]	Core Data	Alphabetic Information	Symbols	Nested Bracked Replacement: )	https://st.unicode.org/v#/uk//cca9090168552a5
uk	Ukrainian	Cyrillic	modern	moderate	n/a	］	Core Data	Alphabetic Information	Symbols	Nested Bracked Replacement: ）	https://st.unicode.org/v#/uk//1fead4f36824848a
ur	Urdu	Arabic	modern	moderate	n/a	[	Core Data	Alphabetic Information	Symbols	Nested Bracked Replacement: (	https://st.unicode.org/v#/ur//5f07aaec0572deb9
ur	Urdu	Arabic	modern	moderate	n/a	［	Core Data	Alphabetic Information	Symbols	Nested Bracked Replacement: （	https://st.unicode.org/v#/ur//6b3f9432b6084428
ur	Urdu	Arabic	modern	moderate	n/a	]	Core Data	Alphabetic Information	Symbols	Nested Bracked Replacement: )	https://st.unicode.org/v#/ur//cca9090168552a5
ur	Urdu	Arabic	modern	moderate	n/a	］	Core Data	Alphabetic Information	Symbols	Nested Bracked Replacement: ）	https://st.unicode.org/v#/ur//1fead4f36824848a
uz	Uzbek	Latin	modern	moderate	n/a	[	Core Data	Alphabetic Information	Symbols	Nested Bracked Replacement: (	https://st.unicode.org/v#/uz//5f07aaec0572deb9
uz	Uzbek	Latin	modern	moderate	n/a	［	Core Data	Alphabetic Information	Symbols	Nested Bracked Replacement: （	https://st.unicode.org/v#/uz//6b3f9432b6084428
uz	Uzbek	Latin	modern	moderate	n/a	]	Core Data	Alphabetic Information	Symbols	Nested Bracked Replacement: )	https://st.unicode.org/v#/uz//cca9090168552a5
uz	Uzbek	Latin	modern	moderate	n/a	］	Core Data	Alphabetic Information	Symbols	Nested Bracked Replacement: ）	https://st.unicode.org/v#/uz//1fead4f36824848a
vi	Vietnamese	Latin	modern	moderate	n/a	[	Core Data	Alphabetic Information	Symbols	Nested Bracked Replacement: (	https://st.unicode.org/v#/vi//5f07aaec0572deb9
vi	Vietnamese	Latin	modern	moderate	n/a	［	Core Data	Alphabetic Information	Symbols	Nested Bracked Replacement: （	https://st.unicode.org/v#/vi//6b3f9432b6084428
vi	Vietnamese	Latin	modern	moderate	n/a	]	Core Data	Alphabetic Information	Symbols	Nested Bracked Replacement: )	https://st.unicode.org/v#/vi//cca9090168552a5
vi	Vietnamese	Latin	modern	moderate	n/a	］	Core Data	Alphabetic Information	Symbols	Nested Bracked Replacement: ）	https://st.unicode.org/v#/vi//1fead4f36824848a
wo	Wolof	Latin	moderate	moderate	n/a	[	Core Data	Alphabetic Information	Symbols	Nested Bracked Replacement: (	https://st.unicode.org/v#/wo//5f07aaec0572deb9
wo	Wolof	Latin	moderate	moderate	n/a	［	Core Data	Alphabetic Information	Symbols	Nested Bracked Replacement: （	https://st.unicode.org/v#/wo//6b3f9432b6084428
wo	Wolof	Latin	moderate	moderate	n/a	]	Core Data	Alphabetic Information	Symbols	Nested Bracked Replacement: )	https://st.unicode.org/v#/wo//cca9090168552a5
wo	Wolof	Latin	moderate	moderate	n/a	］	Core Data	Alphabetic Information	Symbols	Nested Bracked Replacement: ）	https://st.unicode.org/v#/wo//1fead4f36824848a
xh	Xhosa	Latin	moderate	moderate	n/a	[	Core Data	Alphabetic Information	Symbols	Nested Bracked Replacement: (	https://st.unicode.org/v#/xh//5f07aaec0572deb9
xh	Xhosa	Latin	moderate	moderate	n/a	［	Core Data	Alphabetic Information	Symbols	Nested Bracked Replacement: （	https://st.unicode.org/v#/xh//6b3f9432b6084428
xh	Xhosa	Latin	moderate	moderate	n/a	]	Core Data	Alphabetic Information	Symbols	Nested Bracked Replacement: )	https://st.unicode.org/v#/xh//cca9090168552a5
xh	Xhosa	Latin	moderate	moderate	n/a	］	Core Data	Alphabetic Information	Symbols	Nested Bracked Replacement: ）	https://st.unicode.org/v#/xh//1fead4f36824848a
yo	Yoruba	Latin	modern	moderate	n/a	[	Core Data	Alphabetic Information	Symbols	Nested Bracked Replacement: (	https://st.unicode.org/v#/yo//5f07aaec0572deb9
yo	Yoruba	Latin	modern	moderate	n/a	［	Core Data	Alphabetic Information	Symbols	Nested Bracked Replacement: （	https://st.unicode.org/v#/yo//6b3f9432b6084428
yo	Yoruba	Latin	modern	moderate	n/a	]	Core Data	Alphabetic Information	Symbols	Nested Bracked Replacement: )	https://st.unicode.org/v#/yo//cca9090168552a5
yo	Yoruba	Latin	modern	moderate	n/a	］	Core Data	Alphabetic Information	Symbols	Nested Bracked Replacement: ）	https://st.unicode.org/v#/yo//1fead4f36824848a
‡yrl	Nheengatu	Latin	moderate	moderate	n/a	null	Locale Display Names	Territories (Europe)	Northern Europe	CQ	https://st.unicode.org/v#/yrl//7df36d3a79aacaf4
‡yrl	Nheengatu	Latin	moderate	moderate	n/a	Biritãniku Usuasawa Useyanu Ĩdiku	Locale Display Names	Territories (Africa)	Eastern Africa	IO-biot	https://st.unicode.org/v#/yrl//5d5fdfb3f9090dae
‡yrl	Nheengatu	Latin	moderate	moderate	n/a	Biritãniku Usuasawa Useyanu Ĩdiku	Locale Display Names	Territories (Africa)	Eastern Africa	IO-chagos	https://st.unicode.org/v#/yrl//417c7a965a4f3421
‡yrl	Nheengatu	Latin	moderate	moderate	n/a	null	Locale Display Names	Keys	calendar	calendar-gregorian-core	https://st.unicode.org/v#/yrl//29c8990b1136ed5d
‡yrl	Nheengatu	Latin	moderate	moderate	n/a	null	Locale Display Names	Keys	collation	collation-standard-core	https://st.unicode.org/v#/yrl//742a5266b9fe2f1
‡yrl	Nheengatu	Latin	moderate	moderate	n/a	[	Core Data	Alphabetic Information	Symbols	Nested Bracked Replacement: (	https://st.unicode.org/v#/yrl//5f07aaec0572deb9
‡yrl	Nheengatu	Latin	moderate	moderate	n/a	［	Core Data	Alphabetic Information	Symbols	Nested Bracked Replacement: （	https://st.unicode.org/v#/yrl//6b3f9432b6084428
‡yrl	Nheengatu	Latin	moderate	moderate	n/a	]	Core Data	Alphabetic Information	Symbols	Nested Bracked Replacement: )	https://st.unicode.org/v#/yrl//cca9090168552a5
‡yrl	Nheengatu	Latin	moderate	moderate	n/a	］	Core Data	Alphabetic Information	Symbols	Nested Bracked Replacement: ）	https://st.unicode.org/v#/yrl//1fead4f36824848a
‡yrl	Nheengatu	Latin	moderate	moderate	n/a	{1} {0}	Date & Time	Generic	Formats - Standard - Date & Time Combination Formats	full-atTime	https://st.unicode.org/v#/yrl//684c7861e871aabd
‡yrl	Nheengatu	Latin	moderate	moderate	n/a	{1} {0}	Date & Time	Generic	Formats - Standard - Date & Time Combination Formats	full-relative	https://st.unicode.org/v#/yrl//b8b55f00b0180a9
‡yrl	Nheengatu	Latin	moderate	moderate	n/a	{1} {0}	Date & Time	Generic	Formats - Standard - Date & Time Combination Formats	long-atTime	https://st.unicode.org/v#/yrl//68d56b9b9ac13d3c
‡yrl	Nheengatu	Latin	moderate	moderate	n/a	{1} {0}	Date & Time	Generic	Formats - Standard - Date & Time Combination Formats	long-relative	https://st.unicode.org/v#/yrl//449809cb91dbb281
‡yrl	Nheengatu	Latin	moderate	moderate	n/a	{1} {0}	Date & Time	Generic	Formats - Standard - Date & Time Combination Formats	medium-atTime	https://st.unicode.org/v#/yrl//2c0d283f4538da0e
‡yrl	Nheengatu	Latin	moderate	moderate	n/a	{1} {0}	Date & Time	Generic	Formats - Standard - Date & Time Combination Formats	medium-relative	https://st.unicode.org/v#/yrl//1c09da19b962fd5f
‡yrl	Nheengatu	Latin	moderate	moderate	n/a	{1} {0}	Date & Time	Generic	Formats - Standard - Date & Time Combination Formats	short-atTime	https://st.unicode.org/v#/yrl//307554bf43a9b71c
‡yrl	Nheengatu	Latin	moderate	moderate	n/a	{1} {0}	Date & Time	Generic	Formats - Standard - Date & Time Combination Formats	short-relative	https://st.unicode.org/v#/yrl//430829513e94c0e5
‡yrl	Nheengatu	Latin	moderate	moderate	n/a	E h a	Date & Time	Generic	Formats - Flexible - 12 Hour Time Formats	Eh	https://st.unicode.org/v#/yrl//80e65b4cca5799
‡yrl	Nheengatu	Latin	moderate	moderate	n/a	G y-MM	Date & Time	Generic	Formats - Flexible - Date Formats	GyM	https://st.unicode.org/v#/yrl//67d2a1ac024cf291
‡yrl	Nheengatu	Latin	moderate	moderate	n/a	G y-MM-dd	Date & Time	Generic	Formats - Flexible - Date Formats	GyMd	https://st.unicode.org/v#/yrl//2460eb0ab964182f
‡yrl	Nheengatu	Latin	moderate	moderate	n/a	G y-MM-dd, E	Date & Time	Generic	Formats - Flexible - Date Formats	GyMEd	https://st.unicode.org/v#/yrl//4304769b5de6924b
‡yrl	Nheengatu	Latin	moderate	moderate	n/a	h a v	Date & Time	Generic	Formats - Flexible - 12 Hour Time Formats	hv	https://st.unicode.org/v#/yrl//3d7f877d23b667e0
‡yrl	Nheengatu	Latin	moderate	moderate	n/a	HH v	Date & Time	Generic	Formats - Flexible - 24 Hour Time Formats	Hv	https://st.unicode.org/v#/yrl//6c886cedf4875d66
‡yrl	Nheengatu	Latin	moderate	moderate	n/a	{1} {0}	Date & Time	Gregorian	Formats - Standard - Date & Time Combination Formats	full-atTime	https://st.unicode.org/v#/yrl//2d13c5d451e3bf53
‡yrl	Nheengatu	Latin	moderate	moderate	n/a	{1} {0}	Date & Time	Gregorian	Formats - Standard - Date & Time Combination Formats	full-relative	https://st.unicode.org/v#/yrl//69aea48d4dcafa1c
‡yrl	Nheengatu	Latin	moderate	moderate	n/a	{1} {0}	Date & Time	Gregorian	Formats - Standard - Date & Time Combination Formats	long-atTime	https://st.unicode.org/v#/yrl//1eb22f6111d66f88
‡yrl	Nheengatu	Latin	moderate	moderate	n/a	{1} {0}	Date & Time	Gregorian	Formats - Standard - Date & Time Combination Formats	long-relative	https://st.unicode.org/v#/yrl//4704ea450f1ac1c7
‡yrl	Nheengatu	Latin	moderate	moderate	n/a	{1} {0}	Date & Time	Gregorian	Formats - Standard - Date & Time Combination Formats	medium-atTime	https://st.unicode.org/v#/yrl//43da060150c3ffc1
‡yrl	Nheengatu	Latin	moderate	moderate	n/a	{1} {0}	Date & Time	Gregorian	Formats - Standard - Date & Time Combination Formats	medium-relative	https://st.unicode.org/v#/yrl//1b31e46c02586a17
‡yrl	Nheengatu	Latin	moderate	moderate	n/a	{1} {0}	Date & Time	Gregorian	Formats - Standard - Date & Time Combination Formats	short-atTime	https://st.unicode.org/v#/yrl//41c6220a73c6b71a
‡yrl	Nheengatu	Latin	moderate	moderate	n/a	{1} {0}	Date & Time	Gregorian	Formats - Standard - Date & Time Combination Formats	short-relative	https://st.unicode.org/v#/yrl//61ddc9a418010f71
‡yrl	Nheengatu	Latin	moderate	moderate	n/a	E h B	Date & Time	Gregorian	Formats - Flexible - 12 Hour Time Formats	EBh	https://st.unicode.org/v#/yrl//2b8bb64fac2acfc3
‡yrl	Nheengatu	Latin	moderate	moderate	n/a	E h a	Date & Time	Gregorian	Formats - Flexible - 12 Hour Time Formats	Eh	https://st.unicode.org/v#/yrl//f3b6f1e799dc395
‡yrl	Nheengatu	Latin	moderate	moderate	n/a	G y-MM	Date & Time	Gregorian	Formats - Flexible - Date Formats	GyM	https://st.unicode.org/v#/yrl//6d3920cb38c6376
‡yrl	Nheengatu	Latin	moderate	moderate	n/a	G y-MM-dd	Date & Time	Gregorian	Formats - Flexible - Date Formats	GyMd	https://st.unicode.org/v#/yrl//720b48090ba506b2
‡yrl	Nheengatu	Latin	moderate	moderate	n/a	G y-MM-dd, E	Date & Time	Gregorian	Formats - Flexible - Date Formats	GyMEd	https://st.unicode.org/v#/yrl//3c9a947bdffca050
‡yrl	Nheengatu	Latin	moderate	moderate	n/a	h a v	Date & Time	Gregorian	Formats - Flexible - 12 Hour Time Formats	hv	https://st.unicode.org/v#/yrl//e119c296a55debd
‡yrl	Nheengatu	Latin	moderate	moderate	n/a	HH v	Date & Time	Gregorian	Formats - Flexible - 24 Hour Time Formats	Hv	https://st.unicode.org/v#/yrl//e9e82d88304c79f
‡yrl	Nheengatu	Latin	moderate	moderate	n/a	GMT+?	Timezones	Timezone Display Patterns	null	GMT Unknown Format	https://st.unicode.org/v#/yrl//bbbadb93fde127
‡yrl	Nheengatu	Latin	moderate	moderate	n/a	null	Timezones	Central Asia	Kazakhstan	standard-long	https://st.unicode.org/v#/yrl//1bac5ed79b7fa428
‡yrl	Nheengatu	Latin	moderate	moderate	n/a	null	Timezones	North America	Yukon	standard-long	https://st.unicode.org/v#/yrl//5a474fd785a80c35
‡yrl	Nheengatu	Latin	moderate	moderate	n/a	~	Numbers	Symbols	Symbols 	approximatelySign	https://st.unicode.org/v#/yrl//69689fb86ae60444
‡yrl	Nheengatu	Latin	moderate	moderate	n/a	¤ #,##0.00	Numbers	Number Formatting Patterns	Standard Patterns 	standard-currency-alphaNextToNumber	https://st.unicode.org/v#/yrl//6154e7673c3829ce
‡yrl	Nheengatu	Latin	moderate	moderate	n/a	¤ #,##0.00	Numbers	Number Formatting Patterns	Standard Patterns 	accounting-currency-alphaNextToNumber	https://st.unicode.org/v#/yrl//7abd37d9426d5dfa
‡yrl	Nheengatu	Latin	moderate	moderate	n/a	XCG	Currencies	North America (C)	Caribbean: Curaçao	XCG-name	https://st.unicode.org/v#/yrl//3dc582eba521f2ed
‡yrl	Nheengatu	Latin	moderate	moderate	n/a	XCG	Currencies	North America (C)	Caribbean: Curaçao	XCG-name-other	https://st.unicode.org/v#/yrl//1d749fe766a5ff6b
‡yrl	Nheengatu	Latin	moderate	moderate	n/a	ZWG	Currencies	Eastern Africa	Eastern Africa: Zimbabwe	ZWG-name	https://st.unicode.org/v#/yrl//597a8bf1d9abe2a5
‡yrl	Nheengatu	Latin	moderate	moderate	n/a	ZWG	Currencies	Eastern Africa	Eastern Africa: Zimbabwe	ZWG-name-other	https://st.unicode.org/v#/yrl//47e96b4285144797
‡yrl	Nheengatu	Latin	moderate	moderate	n/a	Biritãniku Usuasawa Useyanu Ĩdiku	Locale Display Names	Territories (Africa)	Eastern Africa	IO	https://st.unicode.org/v#/yrl//37586518da29ac68
‡yrl	Nheengatu	Latin	moderate	moderate	n/a	#,##0.00	Numbers	Number Formatting Patterns	Standard Patterns 	standard-currency-noCurrency	https://st.unicode.org/v#/yrl//5e1a988d076003b6
‡yrl	Nheengatu	Latin	moderate	moderate	n/a	#,##0.00	Numbers	Number Formatting Patterns	Standard Patterns 	accounting-currency-noCurrency	https://st.unicode.org/v#/yrl//5666b8876422ed2e
yue	Cantonese	Traditional	modern	moderate	n/a	[	Core Data	Alphabetic Information	Symbols	Nested Bracked Replacement: (	https://st.unicode.org/v#/yue//5f07aaec0572deb9
yue	Cantonese	Traditional	modern	moderate	n/a	［	Core Data	Alphabetic Information	Symbols	Nested Bracked Replacement: （	https://st.unicode.org/v#/yue//6b3f9432b6084428
yue	Cantonese	Traditional	modern	moderate	n/a	]	Core Data	Alphabetic Information	Symbols	Nested Bracked Replacement: )	https://st.unicode.org/v#/yue//cca9090168552a5
yue	Cantonese	Traditional	modern	moderate	n/a	］	Core Data	Alphabetic Information	Symbols	Nested Bracked Replacement: ）	https://st.unicode.org/v#/yue//1fead4f36824848a
‡yue_Hans	Cantonese (Simplified)	Simplified	modern	moderate	n/a	[	Core Data	Alphabetic Information	Symbols	Nested Bracked Replacement: (	https://st.unicode.org/v#/yue_Hans//5f07aaec0572deb9
‡yue_Hans	Cantonese (Simplified)	Simplified	modern	moderate	n/a	［	Core Data	Alphabetic Information	Symbols	Nested Bracked Replacement: （	https://st.unicode.org/v#/yue_Hans//6b3f9432b6084428
‡yue_Hans	Cantonese (Simplified)	Simplified	modern	moderate	n/a	]	Core Data	Alphabetic Information	Symbols	Nested Bracked Replacement: )	https://st.unicode.org/v#/yue_Hans//cca9090168552a5
‡yue_Hans	Cantonese (Simplified)	Simplified	modern	moderate	n/a	］	Core Data	Alphabetic Information	Symbols	Nested Bracked Replacement: ）	https://st.unicode.org/v#/yue_Hans//1fead4f36824848a
zh	Chinese	Simplified	modern	moderate	n/a	[	Core Data	Alphabetic Information	Symbols	Nested Bracked Replacement: (	https://st.unicode.org/v#/zh//5f07aaec0572deb9
zh	Chinese	Simplified	modern	moderate	n/a	［	Core Data	Alphabetic Information	Symbols	Nested Bracked Replacement: （	https://st.unicode.org/v#/zh//6b3f9432b6084428
zh	Chinese	Simplified	modern	moderate	n/a	]	Core Data	Alphabetic Information	Symbols	Nested Bracked Replacement: )	https://st.unicode.org/v#/zh//cca9090168552a5
zh	Chinese	Simplified	modern	moderate	n/a	］	Core Data	Alphabetic Information	Symbols	Nested Bracked Replacement: ）	https://st.unicode.org/v#/zh//1fead4f36824848a
zh_Hant	Traditional Chinese	Traditional	modern	moderate	n/a	[	Core Data	Alphabetic Information	Symbols	Nested Bracked Replacement: (	https://st.unicode.org/v#/zh_Hant//5f07aaec0572deb9
zh_Hant	Traditional Chinese	Traditional	modern	moderate	n/a	［	Core Data	Alphabetic Information	Symbols	Nested Bracked Replacement: （	https://st.unicode.org/v#/zh_Hant//6b3f9432b6084428
zh_Hant	Traditional Chinese	Traditional	modern	moderate	n/a	]	Core Data	Alphabetic Information	Symbols	Nested Bracked Replacement: )	https://st.unicode.org/v#/zh_Hant//cca9090168552a5
zh_Hant	Traditional Chinese	Traditional	modern	moderate	n/a	］	Core Data	Alphabetic Information	Symbols	Nested Bracked Replacement: ）	https://st.unicode.org/v#/zh_Hant//1fead4f36824848a
zu	Zulu	Latin	modern	moderate	n/a	[	Core Data	Alphabetic Information	Symbols	Nested Bracked Replacement: (	https://st.unicode.org/v#/zu//5f07aaec0572deb9
zu	Zulu	Latin	modern	moderate	n/a	［	Core Data	Alphabetic Information	Symbols	Nested Bracked Replacement: （	https://st.unicode.org/v#/zu//6b3f9432b6084428
zu	Zulu	Latin	modern	moderate	n/a	]	Core Data	Alphabetic Information	Symbols	Nested Bracked Replacement: )	https://st.unicode.org/v#/zu//cca9090168552a5
zu	Zulu	Latin	modern	moderate	n/a	］	Core Data	Alphabetic Information	Symbols	Nested Bracked Replacement: ）	https://st.unicode.org/v#/zu//1fead4f36824848a
